t,W
1783748087.166861,105.355
1783748087.191873,106.465
1783748087.212009,106.465
1783748087.232133,106.465
1783748087.252276,106.465
1783748087.272416,106.465
1783748087.292557,111.773
1783748087.312697,111.773
1783748087.332881,111.773
1783748087.353014,111.773
1783748087.373151,111.773
1783748087.393281,117.381
1783748087.413418,117.381
1783748087.433558,117.381
1783748087.453690,117.381
1783748087.473828,117.381
1783748087.493976,123.894
1783748087.514112,123.894
1783748087.534247,123.894
1783748087.554385,123.894
1783748087.574532,123.894
1783748087.594670,126.574
1783748087.614806,126.574
1783748087.634944,126.574
1783748087.655093,126.574
1783748087.675236,126.574
1783748087.695372,128.429
1783748087.715508,128.429
1783748087.735655,128.429
1783748087.755795,128.429
1783748087.775935,128.429
1783748087.796073,134.393
1783748087.816216,134.393
1783748087.836364,134.393
1783748087.856507,134.393
1783748087.876646,134.393
1783748087.896785,140.079
1783748087.916938,140.079
1783748087.937078,140.079
1783748087.957212,140.079
1783748087.977351,140.079
1783748087.997506,144.815
1783748088.017648,144.815
1783748088.037783,144.815
1783748088.057921,144.815
1783748088.078077,144.815
1783748088.098219,150.363
1783748088.118354,150.363
1783748088.138489,150.363
1783748088.158637,150.363
1783748088.178779,150.363
1783748088.198917,150.456
1783748088.219056,150.456
1783748088.239202,150.456
1783748088.259344,150.456
1783748088.279480,150.456
1783748088.299619,150.555
1783748088.319793,150.555
1783748088.339941,150.555
1783748088.360079,150.555
1783748088.380217,150.555
1783748088.400359,150.758
1783748088.420505,150.758
1783748088.440647,150.758
1783748088.460781,150.758
1783748088.480923,150.758
1783748088.501078,150.480
1783748088.521219,150.480
1783748088.541354,150.480
1783748088.561492,150.480
1783748088.581646,150.480
1783748088.601788,150.858
1783748088.621906,150.858
1783748088.642046,150.858
1783748088.662198,150.858
1783748088.682335,150.858
1783748088.702471,150.931
1783748088.722612,150.931
1783748088.742760,150.931
1783748088.762902,150.931
1783748088.783039,150.931
1783748088.803179,150.760
1783748088.823322,150.760
1783748088.843467,150.760
1783748088.863621,150.760
1783748088.883759,150.760
1783748088.903900,150.938
1783748088.924050,150.938
1783748088.944192,150.938
1783748088.964327,150.938
1783748088.984468,150.938
1783748089.004622,150.928
1783748089.024762,150.928
1783748089.044896,150.928
1783748089.065031,150.928
1783748089.085183,150.838
1783748089.105323,150.838
1783748089.125489,150.838
1783748089.145628,150.838
1783748089.165776,150.838
1783748089.185918,150.971
1783748089.206054,150.971
1783748089.226194,150.971
1783748089.246342,150.971
1783748089.266483,150.971
1783748089.286620,151.096
1783748089.306762,151.096
1783748089.326904,151.096
1783748089.347032,151.096
1783748089.367175,151.096
1783748089.387313,150.910
1783748089.407459,150.910
1783748089.427610,150.910
1783748089.447753,150.910
1783748089.467889,150.910
1783748089.488000,150.988
1783748089.508157,150.988
1783748089.528299,150.988
1783748089.548418,150.988
1783748089.568557,150.988
1783748089.588714,150.748
1783748089.608928,150.748
1783748089.629067,150.748
1783748089.649210,150.748
1783748089.669366,150.748
1783748089.689511,150.741
1783748089.709645,150.741
1783748089.729767,150.741
1783748089.749918,150.741
1783748089.770079,150.741
1783748089.790213,150.832
1783748089.810351,150.832
1783748089.830492,150.832
1783748089.850640,150.832
1783748089.870781,150.832
1783748089.890917,150.549
1783748089.911058,150.549
1783748089.931206,150.549
1783748089.951346,150.549
1783748089.971478,150.549
1783748089.991617,150.388
1783748090.011758,150.388
1783748090.031890,150.388
1783748090.052021,150.388
1783748090.072158,150.388
1783748090.092301,150.282
1783748090.112442,150.282
1783748090.132579,150.282
1783748090.152717,150.282
1783748090.172905,150.282
1783748090.193046,150.208
1783748090.213181,150.208
1783748090.233328,150.208
1783748090.253476,150.208
1783748090.273615,150.208
1783748090.293753,150.567
1783748090.313893,150.567
1783748090.334033,150.567
1783748090.354167,150.567
1783748090.374302,150.567
1783748090.394411,149.963
1783748090.414574,149.963
1783748090.434718,149.963
1783748090.454894,149.963
1783748090.475029,149.963
1783748090.495170,150.327
1783748090.515319,150.327
1783748090.535455,150.327
1783748090.555586,150.327
1783748090.575722,150.327
1783748090.595925,150.240
1783748090.616066,150.240
1783748090.636203,150.240
1783748090.656344,150.240
1783748090.676473,150.240
1783748090.696615,150.429
1783748090.716752,150.429
1783748090.736886,150.429
1783748090.757036,150.429
1783748090.777181,150.429
1783748090.797316,150.472
1783748090.817456,150.472
1783748090.837599,150.472
1783748090.857792,150.472
1783748090.877959,150.472
1783748090.898096,150.473
1783748090.918235,150.473
1783748090.938382,150.473
1783748090.958521,150.473
1783748090.978656,150.473
1783748090.998796,151.012
1783748091.018942,151.012
1783748091.039081,151.012
1783748091.059214,151.012
1783748091.079353,151.012
1783748091.099506,150.973
1783748091.119645,150.973
1783748091.139779,150.973
1783748091.159918,150.973
1783748091.180066,150.973
1783748091.200204,150.987
1783748091.220339,150.987
1783748091.240477,150.987
1783748091.260626,150.987
1783748091.280768,150.987
1783748091.300902,150.355
1783748091.321040,150.355
1783748091.341186,150.355
1783748091.361332,150.355
1783748091.381471,150.355
1783748091.401609,150.516
1783748091.421752,150.516
1783748091.441899,150.516
1783748091.462039,150.516
1783748091.482174,150.516
1783748091.502315,150.728
1783748091.522467,150.728
1783748091.542604,150.728
1783748091.562778,150.728
1783748091.582918,150.728
1783748091.603059,150.567
1783748091.623201,150.567
1783748091.643337,150.567
1783748091.663479,150.567
1783748091.683631,150.567
1783748091.703802,150.234
1783748091.723938,150.234
1783748091.744077,150.234
1783748091.764226,150.234
1783748091.784367,150.234
1783748091.804504,150.254
1783748091.824642,150.254
1783748091.844786,150.254
1783748091.864934,150.254
1783748091.885075,150.254
1783748091.905212,150.342
1783748091.925359,150.342
1783748091.945508,150.342
1783748091.965650,150.342
1783748091.985788,150.257
1783748092.005929,150.257
1783748092.026087,150.257
1783748092.046227,150.257
1783748092.066363,150.257
1783748092.086506,149.519
1783748092.106664,149.519
1783748092.126805,149.519
1783748092.146942,149.519
1783748092.167110,149.519
1783748092.187267,149.758
1783748092.207407,149.758
1783748092.227545,149.758
1783748092.247687,149.758
1783748092.267841,149.758
1783748092.287984,150.339
1783748092.308125,150.339
1783748092.328267,150.339
1783748092.348418,150.339
1783748092.368565,150.339
1783748092.388702,150.308
1783748092.408891,150.308
1783748092.429037,150.308
1783748092.449186,150.308
1783748092.469326,150.308
1783748092.489463,150.231
1783748092.509603,150.231
1783748092.529760,150.231
1783748092.549897,150.231
1783748092.570033,150.231
1783748092.590175,150.378
1783748092.610307,150.378
1783748092.630445,150.378
1783748092.650580,150.378
1783748092.670717,150.378
1783748092.690913,150.482
1783748092.711052,150.482
1783748092.731190,150.482
1783748092.751331,150.482
1783748092.771484,150.482
1783748092.791630,150.489
1783748092.811767,150.489
1783748092.831909,150.489
1783748092.852058,150.489
1783748092.872194,150.489
1783748092.892334,150.903
1783748092.912476,150.903
1783748092.932623,150.903
1783748092.952776,150.903
1783748092.972949,150.903
1783748092.993086,151.023
1783748093.013229,151.023
1783748093.033373,151.023
1783748093.053516,151.023
1783748093.073652,151.023
1783748093.093794,151.534
1783748093.113951,151.534
1783748093.134093,151.534
1783748093.154229,151.534
1783748093.174370,151.534
1783748093.194527,151.477
1783748093.214664,151.477
1783748093.234801,151.477
1783748093.254942,151.477
1783748093.275092,151.477
1783748093.295231,151.754
1783748093.315370,151.754
1783748093.335509,151.754
1783748093.355657,151.754
1783748093.375801,151.754
1783748093.395908,151.574
1783748093.416013,151.574
1783748093.436163,151.574
1783748093.456339,151.574
1783748093.476479,151.574
1783748093.496618,151.598
1783748093.516757,151.598
1783748093.536896,151.598
1783748093.557038,151.598
1783748093.577174,151.598
1783748093.597315,151.767
1783748093.617467,151.767
1783748093.637606,151.767
1783748093.657783,151.767
1783748093.677925,151.767
1783748093.698081,151.118
1783748093.718222,151.118
1783748093.738359,151.118
1783748093.758501,151.118
1783748093.778656,151.118
1783748093.798802,151.083
1783748093.818939,151.083
1783748093.839081,151.083
1783748093.859233,151.083
1783748093.879376,151.083
1783748093.899516,150.996
1783748093.919658,150.996
1783748093.939805,150.996
1783748093.959956,150.996
1783748093.980098,150.996
1783748094.000237,151.168
1783748094.020380,151.168
1783748094.040524,151.168
1783748094.060666,151.168
1783748094.080804,151.168
1783748094.100948,151.023
1783748094.121104,151.023
1783748094.141240,151.023
1783748094.161378,151.023
1783748094.181518,151.023
1783748094.201674,151.152
1783748094.221815,151.152
1783748094.241952,151.152
1783748094.262120,151.152
1783748094.282272,151.152
1783748094.302413,151.037
1783748094.322549,151.037
1783748094.342690,151.037
1783748094.362842,151.037
1783748094.382983,151.037
1783748094.403123,151.012
1783748094.423265,151.012
1783748094.443409,151.012
1783748094.463560,151.012
1783748094.483697,151.012
1783748094.503884,150.866
1783748094.524029,150.866
1783748094.544169,150.866
1783748094.564310,150.866
1783748094.584447,150.866
1783748094.604591,150.635
1783748094.624786,150.635
1783748094.644926,150.635
1783748094.665061,150.635
1783748094.685202,150.635
1783748094.705355,150.872
1783748094.725497,150.872
1783748094.745661,150.872
1783748094.765805,150.872
1783748094.785959,150.872
1783748094.806100,150.876
1783748094.826235,150.876
1783748094.846378,150.876
1783748094.866529,150.876
1783748094.886675,151.025
1783748094.906813,151.025
1783748094.926955,151.025
1783748094.947100,151.025
1783748094.967251,151.025
1783748094.987393,150.631
1783748095.007534,150.631
1783748095.027678,150.631
1783748095.047827,150.631
1783748095.067969,150.631
1783748095.088103,150.690
1783748095.108247,150.690
1783748095.128398,150.690
1783748095.148535,150.690
1783748095.168672,150.690
1783748095.188812,150.872
1783748095.208961,150.872
1783748095.229103,150.872
1783748095.249241,150.872
1783748095.269447,150.872
1783748095.289599,150.770
1783748095.309783,150.770
1783748095.330040,150.770
1783748095.350182,150.770
1783748095.370331,150.770
1783748095.390475,150.799
1783748095.410611,150.799
1783748095.430755,150.799
1783748095.450902,150.799
1783748095.471049,150.799
1783748095.491189,150.655
1783748095.511327,150.655
1783748095.531474,150.655
1783748095.551619,150.655
1783748095.571760,150.655
1783748095.591873,151.002
1783748095.612017,151.002
1783748095.632174,151.002
1783748095.652318,151.002
1783748095.672456,151.002
1783748095.692597,150.902
1783748095.712945,150.902
1783748095.733087,150.902
1783748095.753227,150.902
1783748095.773371,150.902
1783748095.793527,151.060
1783748095.813673,151.060
1783748095.833812,151.060
1783748095.853956,151.060
1783748095.874111,151.060
1783748095.894258,151.046
1783748095.914395,151.046
1783748095.934538,151.046
1783748095.954721,151.046
1783748095.974917,151.046
1783748095.995056,151.090
1783748096.015225,151.090
1783748096.035372,151.090
1783748096.055525,151.090
1783748096.075668,151.090
1783748096.095806,150.977
1783748096.115950,150.977
1783748096.136104,150.977
1783748096.156248,150.977
1783748096.176384,150.977
1783748096.196529,151.091
1783748096.216674,151.091
1783748096.236816,151.091
1783748096.256955,151.091
1783748096.277098,151.091
1783748096.297250,151.278
1783748096.317392,151.278
1783748096.337529,151.278
1783748096.357672,151.278
1783748096.377828,151.278
1783748096.397969,151.544
1783748096.418108,151.544
1783748096.438251,151.544
1783748096.458393,151.544
1783748096.478532,151.544
1783748096.498669,151.250
1783748096.518810,151.250
1783748096.538922,151.250
1783748096.559036,151.250
1783748096.579139,151.250
1783748096.599246,151.550
1783748096.619388,151.550
1783748096.639542,151.550
1783748096.659649,151.550
1783748096.679752,151.550
1783748096.699884,151.654
1783748096.720033,151.654
1783748096.740174,151.654
1783748096.760310,151.654
1783748096.780448,151.654
1783748096.800600,151.486
1783748096.820711,151.486
1783748096.840836,151.486
1783748096.860928,151.486
1783748096.881068,151.486
1783748096.901212,151.784
1783748096.921318,151.784
1783748096.941415,151.784
1783748096.961507,151.784
1783748096.981644,151.784
1783748097.001789,151.398
1783748097.021924,151.398
1783748097.042060,151.398
1783748097.062169,151.398
1783748097.082271,151.398
1783748097.102393,151.491
1783748097.122533,151.491
1783748097.142647,151.491
1783748097.162787,151.491
1783748097.182924,151.491
1783748097.203032,151.528
1783748097.223129,151.528
1783748097.243254,151.528
1783748097.263347,151.528
1783748097.283438,151.528
1783748097.303600,151.520
1783748097.323710,151.520
1783748097.343858,151.520
1783748097.363962,151.520
1783748097.384097,151.520
1783748097.404234,151.501
1783748097.424373,151.501
1783748097.444513,151.501
1783748097.464657,151.501
1783748097.484752,151.501
1783748097.504889,151.735
1783748097.525024,151.735
1783748097.545164,151.735
1783748097.565302,151.735
1783748097.585439,151.735
1783748097.605576,151.374
1783748097.625714,151.374
1783748097.645867,151.374
1783748097.666008,151.374
1783748097.686140,151.374
1783748097.706277,151.563
1783748097.726426,151.563
1783748097.746564,151.563
1783748097.766697,151.563
1783748097.786878,151.563
1783748097.807030,151.775
1783748097.827166,151.775
1783748097.847301,151.775
1783748097.867440,151.775
1783748097.887584,151.529
1783748097.907756,151.529
1783748097.927893,151.529
1783748097.948033,151.529
1783748097.968176,151.529
1783748097.988318,151.590
1783748098.008456,151.590
1783748098.028592,151.590
1783748098.048766,151.590
1783748098.068901,151.590
1783748098.089004,151.741
1783748098.109137,151.741
1783748098.129274,151.741
1783748098.149414,151.741
1783748098.169549,151.741
1783748098.189684,151.747
1783748098.209822,151.747
1783748098.229933,151.747
1783748098.250074,151.747
1783748098.270208,151.747
1783748098.290344,151.930
1783748098.310486,151.930
1783748098.330608,151.930
1783748098.350775,151.930
1783748098.370908,151.930
1783748098.391049,151.816
1783748098.411191,151.816
1783748098.431327,151.816
1783748098.451462,151.816
1783748098.471602,151.816
1783748098.491782,151.836
1783748098.511950,151.836
1783748098.532088,151.836
1783748098.552228,151.836
1783748098.572356,151.836
1783748098.592520,151.686
1783748098.612624,151.686
1783748098.632696,151.686
1783748098.652835,151.686
1783748098.672929,151.686
1783748098.693020,151.401
1783748098.713152,151.401
1783748098.733300,151.401
1783748098.753438,151.401
1783748098.773575,151.401
1783748098.793712,151.313
1783748098.813904,151.313
1783748098.834043,151.313
1783748098.854181,151.313
1783748098.874321,151.313
1783748098.894461,151.128
1783748098.914597,151.128
1783748098.934772,151.128
1783748098.954914,151.128
1783748098.975071,151.128
1783748098.995211,151.098
1783748099.015352,151.098
1783748099.035487,151.098
1783748099.055635,151.098
1783748099.075791,151.098
1783748099.096272,151.161
1783748099.116394,151.161
1783748099.136525,151.161
1783748099.156679,151.161
1783748099.176826,151.161
1783748099.196964,151.117
1783748099.217102,151.117
1783748099.237258,151.117
1783748099.257384,151.117
1783748099.277521,151.117
1783748099.297662,151.212
1783748099.317816,151.212
1783748099.337957,151.212
1783748099.358093,151.212
1783748099.378231,151.212
1783748099.398374,151.268
1783748099.418519,151.268
1783748099.438654,151.268
1783748099.458791,151.268
1783748099.478936,151.268
1783748099.499073,151.259
1783748099.519208,151.259
1783748099.539340,151.259
1783748099.559496,151.259
1783748099.579638,151.259
1783748099.599772,151.494
1783748099.619908,151.494
1783748099.640044,151.494
1783748099.660196,151.494
1783748099.680340,151.494
1783748099.700472,151.754
1783748099.720607,151.754
1783748099.740759,151.754
1783748099.760900,151.754
1783748099.781035,151.754
1783748099.801200,151.744
1783748099.821353,151.744
1783748099.841495,151.744
1783748099.861630,151.744
1783748099.881794,151.744
1783748099.901943,152.029
1783748099.922087,152.029
1783748099.942223,152.029
1783748099.962363,152.029
1783748099.982509,152.029
1783748100.002651,152.108
1783748100.022789,152.108
1783748100.042927,152.108
1783748100.063070,152.108
1783748100.083217,152.108
1783748100.103356,151.866
1783748100.123490,151.866
1783748100.143625,151.866
1783748100.163772,151.866
1783748100.183912,151.866
1783748100.204046,151.934
1783748100.224181,151.934
1783748100.244330,151.934
1783748100.264474,151.934
1783748100.284611,151.934
1783748100.304750,151.682
1783748100.324906,151.682
1783748100.345046,151.682
1783748100.365181,151.682
1783748100.385320,151.682
1783748100.405469,150.929
1783748100.425610,150.929
1783748100.445751,150.929
1783748100.465888,150.929
1783748100.486037,150.929
1783748100.506181,150.847
1783748100.526315,150.847
1783748100.546452,150.847
1783748100.566575,150.847
1783748100.586808,150.847
1783748100.606948,151.111
1783748100.627085,151.111
1783748100.647226,151.111
1783748100.667377,151.111
1783748100.687518,151.111
1783748100.707653,151.073
1783748100.727791,151.073
1783748100.747943,151.073
1783748100.768086,151.073
1783748100.788222,151.073
1783748100.808362,151.183
1783748100.828511,151.183
1783748100.848653,151.183
1783748100.868789,151.183
1783748100.888929,150.940
1783748100.909078,150.940
1783748100.929219,150.940
1783748100.949356,150.940
1783748100.969495,150.940
1783748100.989645,151.153
1783748101.009789,151.153
1783748101.029931,151.153
1783748101.050070,151.153
1783748101.070213,151.153
1783748101.090391,150.994
1783748101.110528,150.994
1783748101.130663,150.994
1783748101.150823,150.994
1783748101.170974,150.994
1783748101.191113,151.085
1783748101.211249,151.085
1783748101.231382,151.085
1783748101.251534,151.085
1783748101.271676,151.085
1783748101.291813,150.902
1783748101.311953,150.902
1783748101.332107,150.902
1783748101.352246,150.902
1783748101.372382,150.902
1783748101.392521,151.672
1783748101.412672,151.672
1783748101.432814,151.672
1783748101.452950,151.672
1783748101.473087,151.672
1783748101.493234,151.851
1783748101.513375,151.851
1783748101.533509,151.851
1783748101.553646,151.851
1783748101.573791,151.851
1783748101.593927,151.683
1783748101.614063,151.683
1783748101.634204,151.683
1783748101.654350,151.683
1783748101.674500,151.683
1783748101.694643,151.639
1783748101.714779,151.639
1783748101.734919,151.639
1783748101.755076,151.639
1783748101.775218,151.639
1783748101.795356,151.593
1783748101.815497,151.593
1783748101.835642,151.593
1783748101.855781,151.593
1783748101.875921,151.593
1783748101.896065,151.694
1783748101.916220,151.694
1783748101.936365,151.694
1783748101.956504,151.694
1783748101.976645,151.694
1783748101.996793,151.565
1783748102.016937,151.565
1783748102.037072,151.565
1783748102.057214,151.565
1783748102.077363,151.565
1783748102.097510,151.625
1783748102.117652,151.625
1783748102.137793,151.625
1783748102.157939,151.625
1783748102.178092,151.625
1783748102.198235,151.460
1783748102.218373,151.460
1783748102.238512,151.460
1783748102.258647,151.460
1783748102.278789,151.460
1783748102.298926,151.612
1783748102.319068,151.612
1783748102.339219,151.612
1783748102.359360,151.612
1783748102.379525,151.612
1783748102.399667,151.799
1783748102.419817,151.799
1783748102.439986,151.799
1783748102.460122,151.799
1783748102.480264,151.799
1783748102.500415,151.766
1783748102.520555,151.766
1783748102.540686,151.766
1783748102.560829,151.766
1783748102.580976,151.766
1783748102.601123,151.544
1783748102.621263,151.544
1783748102.641371,151.544
1783748102.661515,151.544
1783748102.681668,151.544
1783748102.701808,151.702
1783748102.721945,151.702
1783748102.742088,151.702
1783748102.762244,151.702
1783748102.782386,151.702
1783748102.802524,151.660
1783748102.822660,151.660
1783748102.842816,151.660
1783748102.862957,151.660
1783748102.883095,151.660
1783748102.903233,151.609
1783748102.923389,151.609
1783748102.943533,151.609
1783748102.963671,151.609
1783748102.983814,151.609
1783748103.003967,150.888
1783748103.024113,150.888
1783748103.044249,150.888
1783748103.064387,150.888
1783748103.084533,150.888
1783748103.104671,150.894
1783748103.124810,150.894
1783748103.144948,150.894
1783748103.165094,150.894
1783748103.185246,150.894
1783748103.205389,150.900
1783748103.225525,150.900
1783748103.245668,150.900
1783748103.265824,150.900
1783748103.285966,150.900
1783748103.306103,151.101
1783748103.326243,151.101
1783748103.346402,151.101
1783748103.366543,151.101
1783748103.386682,151.101
1783748103.406821,151.010
1783748103.426972,151.010
1783748103.447114,151.010
1783748103.467252,151.010
1783748103.487393,151.010
1783748103.507545,151.184
1783748103.527689,151.184
1783748103.547825,151.184
1783748103.567965,151.184
1783748103.588112,151.184
1783748103.608253,151.214
1783748103.628389,151.214
1783748103.648554,151.214
1783748103.668699,151.214
1783748103.688915,151.214
1783748103.709052,151.077
1783748103.729236,151.077
1783748103.749378,151.077
1783748103.769529,151.077
1783748103.789672,151.139
1783748103.809808,151.139
1783748103.829927,151.139
1783748103.850077,151.139
1783748103.870221,151.139
1783748103.890359,150.979
1783748103.910501,150.979
1783748103.930653,150.979
1783748103.950798,150.979
1783748103.970937,150.979
1783748103.991079,152.017
1783748104.011233,152.017
1783748104.031379,152.017
1783748104.051514,152.017
1783748104.071653,152.017
1783748104.091802,152.043
1783748104.111941,152.043
1783748104.132078,152.043
1783748104.152215,152.043
1783748104.172364,152.043
1783748104.192516,151.871
1783748104.212656,151.871
1783748104.232794,151.871
1783748104.252938,151.871
1783748104.273092,151.871
1783748104.293229,151.924
1783748104.313365,151.924
1783748104.333508,151.924
1783748104.353665,151.924
1783748104.373809,151.924
1783748104.393948,151.754
1783748104.414089,151.754
1783748104.434237,151.754
1783748104.454381,151.754
1783748104.474519,151.754
1783748104.494660,151.739
1783748104.514814,151.739
1783748104.534958,151.739
1783748104.555066,151.739
1783748104.575207,151.739
1783748104.595355,151.804
1783748104.615504,151.804
1783748104.635642,151.804
1783748104.655784,151.804
1783748104.675930,151.804
1783748104.696079,151.756
1783748104.716222,151.756
1783748104.736360,151.756
1783748104.756503,151.756
1783748104.776660,151.756
1783748104.796802,151.528
1783748104.816938,151.528
1783748104.837077,151.528
1783748104.857224,151.528
1783748104.877365,151.528
1783748104.897503,151.873
1783748104.917645,151.873
1783748104.937820,151.873
1783748104.957966,151.873
1783748104.978103,151.873
1783748104.998241,151.814
1783748105.018419,151.814
1783748105.038557,151.814
1783748105.058697,151.814
1783748105.078882,151.814
1783748105.099033,151.785
1783748105.119179,151.785
1783748105.139318,151.785
1783748105.159457,151.785
1783748105.179602,151.785
1783748105.199790,151.859
1783748105.219926,151.859
1783748105.240062,151.859
1783748105.260206,151.859
1783748105.280351,151.859
1783748105.300489,152.083
1783748105.320626,152.083
1783748105.340768,152.083
1783748105.360920,152.083
1783748105.381058,152.083
1783748105.401165,152.042
1783748105.421306,152.042
1783748105.441462,152.042
1783748105.461603,152.042
1783748105.481778,152.042
1783748105.501920,152.049
1783748105.522064,152.049
1783748105.542203,152.049
1783748105.562341,152.049
1783748105.582482,152.049
1783748105.602632,151.989
1783748105.622776,151.989
1783748105.642912,151.989
1783748105.663053,151.989
1783748105.683201,151.989
1783748105.703348,152.315
1783748105.723482,152.315
1783748105.743620,152.315
1783748105.763762,152.315
1783748105.783916,152.315
1783748105.804055,152.379
1783748105.824192,152.379
1783748105.844332,152.379
1783748105.864486,152.379
1783748105.884626,152.379
1783748105.904768,152.394
1783748105.924909,152.394
1783748105.945064,152.394
1783748105.965206,152.394
1783748105.985344,152.394
1783748106.005486,152.278
1783748106.025639,152.278
1783748106.045778,152.278
1783748106.065916,152.278
1783748106.086057,152.278
1783748106.106210,152.520
1783748106.126355,152.520
1783748106.146488,152.520
1783748106.166628,152.520
1783748106.186774,152.520
1783748106.206922,152.174
1783748106.227086,152.174
1783748106.247222,152.174
1783748106.267365,152.174
1783748106.287537,152.174
1783748106.307680,152.028
1783748106.327816,152.028
1783748106.347957,152.028
1783748106.368110,152.028
1783748106.388249,152.028
1783748106.408385,151.732
1783748106.428522,151.732
1783748106.448674,151.732
1783748106.468809,151.732
1783748106.488925,151.732
1783748106.509059,151.612
1783748106.529202,151.612
1783748106.549338,151.612
1783748106.569473,151.612
1783748106.589611,151.612
1783748106.609758,151.678
1783748106.629897,151.678
1783748106.650037,151.678
1783748106.670153,151.678
1783748106.690293,151.690
1783748106.710433,151.690
1783748106.730567,151.690
1783748106.750701,151.690
1783748106.770883,151.690
1783748106.791033,151.735
1783748106.811174,151.735
1783748106.831310,151.735
1783748106.851449,151.735
1783748106.871595,151.735
1783748106.891774,151.552
1783748106.911908,151.552
1783748106.932045,151.552
1783748106.952198,151.552
1783748106.972332,151.552
1783748106.992464,151.602
1783748107.012599,151.602
1783748107.032787,151.602
1783748107.052927,151.602
1783748107.073060,151.602
1783748107.093198,151.406
1783748107.113346,151.406
1783748107.133486,151.406
1783748107.153621,151.406
1783748107.173760,151.406
1783748107.193901,151.709
1783748107.214049,151.709
1783748107.234186,151.709
1783748107.254321,151.709
1783748107.274460,151.709
1783748107.294580,151.128
1783748107.314685,151.128
1783748107.334810,151.128
1783748107.354946,151.128
1783748107.375099,151.128
1783748107.395236,151.365
1783748107.415373,151.365
1783748107.435512,151.365
1783748107.455674,151.365
1783748107.475811,151.365
1783748107.495947,151.540
1783748107.516116,151.540
1783748107.536265,151.540
1783748107.556408,151.540
1783748107.576570,151.540
1783748107.596682,152.044
1783748107.616833,152.044
1783748107.636975,152.044
1783748107.657114,152.044
1783748107.677253,152.044
1783748107.697396,151.750
1783748107.717532,151.750
1783748107.737670,151.750
1783748107.757806,151.750
1783748107.777951,151.750
1783748107.798099,151.998
1783748107.818242,151.998
1783748107.838377,151.998
1783748107.858514,151.998
1783748107.878664,151.998
1783748107.898806,151.991
1783748107.918942,151.991
1783748107.939082,151.991
1783748107.959237,151.991
1783748107.979374,151.991
1783748107.999511,152.254
1783748108.019651,152.254
1783748108.039792,152.254
1783748108.059934,152.254
1783748108.080072,152.254
1783748108.100210,151.420
1783748108.120359,151.420
1783748108.140497,151.420
1783748108.160632,151.420
1783748108.180770,151.420
1783748108.200914,151.138
1783748108.221052,151.138
1783748108.241192,151.138
1783748108.261331,151.138
1783748108.281475,151.138
1783748108.301626,151.876
1783748108.321767,151.876
1783748108.341902,151.876
1783748108.362042,151.876
1783748108.382191,151.876
1783748108.402333,152.057
1783748108.422470,152.057
1783748108.442609,152.057
1783748108.462764,152.057
1783748108.482904,152.057
1783748108.503042,151.830
1783748108.523180,151.830
1783748108.543321,151.830
1783748108.563440,151.830
1783748108.583578,151.830
1783748108.603720,151.585
1783748108.623945,151.585
1783748108.644087,151.585
1783748108.664225,151.585
1783748108.684366,151.585
1783748108.704510,151.536
1783748108.724652,151.536
1783748108.744793,151.536
1783748108.764932,151.536
1783748108.785085,151.536
1783748108.805238,151.566
1783748108.825379,151.566
1783748108.845516,151.566
1783748108.865684,151.566
1783748108.885840,151.566
1783748108.905980,151.522
1783748108.926119,151.522
1783748108.946256,151.522
1783748108.966407,151.522
1783748108.986550,151.522
1783748109.006687,151.452
1783748109.026829,151.452
1783748109.046973,151.452
1783748109.067115,151.452
1783748109.087252,151.452
1783748109.107391,152.065
1783748109.127537,152.065
1783748109.147672,152.065
1783748109.167806,152.065
1783748109.187943,152.065
1783748109.208083,152.278
1783748109.228219,152.278
1783748109.248359,152.278
1783748109.268496,152.278
1783748109.288635,152.278
1783748109.308773,152.465
1783748109.328915,152.465
1783748109.349075,152.465
1783748109.369215,152.465
1783748109.389364,152.465
1783748109.409507,152.498
1783748109.429672,152.498
1783748109.449752,152.498
1783748109.469905,152.498
1783748109.490047,152.498
1783748109.510185,152.441
1783748109.530322,152.441
1783748109.550471,152.441
1783748109.570612,152.441
1783748109.590751,152.441
1783748109.610871,152.379
1783748109.631014,152.379
1783748109.651155,152.379
1783748109.671293,152.379
1783748109.691433,152.494
1783748109.711579,152.494
1783748109.731718,152.494
1783748109.751900,152.494
1783748109.772035,152.494
1783748109.792180,152.444
1783748109.812327,152.444
1783748109.832468,152.444
1783748109.852603,152.444
1783748109.872780,152.444
1783748109.892932,152.475
1783748109.913071,152.475
1783748109.933205,152.475
1783748109.953343,152.475
1783748109.973491,152.475
1783748109.993633,152.322
1783748110.013772,152.322
1783748110.033911,152.322
1783748110.054060,152.322
1783748110.074229,152.322
1783748110.094369,152.575
1783748110.114510,152.575
1783748110.134660,152.575
1783748110.154831,152.575
1783748110.174968,152.575
1783748110.195104,152.713
1783748110.215328,152.713
1783748110.235470,152.713
1783748110.255609,152.713
1783748110.275750,152.713
1783748110.295891,152.432
1783748110.316041,152.432
1783748110.336181,152.432
1783748110.356318,152.432
1783748110.376459,152.432
1783748110.396603,152.500
1783748110.416786,152.500
1783748110.436922,152.500
1783748110.457062,152.500
1783748110.477215,152.500
1783748110.497358,152.714
1783748110.517495,152.714
1783748110.537634,152.714
1783748110.557787,152.714
1783748110.577929,152.714
1783748110.598066,152.871
1783748110.618205,152.871
1783748110.638355,152.871
1783748110.658499,152.871
1783748110.678604,152.871
1783748110.698788,152.932
1783748110.718927,152.932
1783748110.739067,152.932
1783748110.759211,152.932
1783748110.779351,152.932
1783748110.799496,153.035
1783748110.819642,153.035
1783748110.839784,153.035
1783748110.859921,153.035
1783748110.880063,153.035
1783748110.900216,153.099
1783748110.920358,153.099
1783748110.940492,153.099
1783748110.960630,153.099
1783748110.980778,153.099
1783748111.000920,153.110
1783748111.021056,153.110
1783748111.041193,153.110
1783748111.061345,153.110
1783748111.081489,153.110
1783748111.101623,152.330
1783748111.121764,152.330
1783748111.141873,152.330
1783748111.161979,152.330
1783748111.182115,152.330
1783748111.202216,152.256
1783748111.222333,152.256
1783748111.242475,152.256
1783748111.262617,152.256
1783748111.282757,152.256
1783748111.302904,152.269
1783748111.323053,152.269
1783748111.343192,152.269
1783748111.363360,152.269
1783748111.383503,152.269
1783748111.403655,152.155
1783748111.423820,152.155
1783748111.443955,152.155
1783748111.464098,152.155
1783748111.484251,152.155
1783748111.504395,152.146
1783748111.524534,152.146
1783748111.544671,152.146
1783748111.564826,152.146
1783748111.584969,152.146
1783748111.605106,152.151
1783748111.625248,152.151
1783748111.645400,152.151
1783748111.665540,152.151
1783748111.685679,152.151
1783748111.705821,151.982
1783748111.725971,151.982
1783748111.746120,151.982
1783748111.766259,151.982
1783748111.786398,151.982
1783748111.806547,152.150
1783748111.826695,152.150
1783748111.846880,152.150
1783748111.867018,152.150
1783748111.887160,152.150
1783748111.907304,151.824
1783748111.927444,151.824
1783748111.947582,151.824
1783748111.967776,151.824
1783748111.987932,151.824
1783748112.008072,151.356
1783748112.028208,151.356
1783748112.048321,151.356
1783748112.068428,151.356
1783748112.088518,151.356
1783748112.108612,152.306
1783748112.128768,152.306
1783748112.148905,152.306
1783748112.169045,152.306
1783748112.189185,152.306
1783748112.209328,152.183
1783748112.229480,152.183
1783748112.249628,152.183
1783748112.269770,152.183
1783748112.289912,152.183
1783748112.310061,152.246
1783748112.330214,152.246
1783748112.350355,152.246
1783748112.370493,152.246
1783748112.390637,152.246
1783748112.410791,152.272
1783748112.430934,152.272
1783748112.451074,152.272
1783748112.471215,152.272
1783748112.491371,152.272
1783748112.511515,152.056
1783748112.531655,152.056
1783748112.551795,152.056
1783748112.571951,152.056
1783748112.592092,152.384
1783748112.612230,152.384
1783748112.632373,152.384
1783748112.652557,152.384
1783748112.672702,152.384
1783748112.692892,152.505
1783748112.713056,152.505
1783748112.733208,152.505
1783748112.753349,152.505
1783748112.773491,152.505
1783748112.793633,152.334
1783748112.813779,152.334
1783748112.833928,152.334
1783748112.854069,152.334
1783748112.874210,152.334
1783748112.894347,152.611
1783748112.914498,152.611
1783748112.934641,152.611
1783748112.954780,152.611
1783748112.974920,152.611
1783748112.995073,152.662
1783748113.015215,152.662
1783748113.035353,152.662
1783748113.055496,152.662
1783748113.075652,152.662
1783748113.095797,152.680
1783748113.115936,152.680
1783748113.136078,152.680
1783748113.156228,152.680
1783748113.176369,152.680
1783748113.196508,152.880
1783748113.216651,152.880
1783748113.236807,152.880
1783748113.256953,152.880
1783748113.277094,152.880
1783748113.297239,152.806
1783748113.317386,152.806
1783748113.337537,152.806
1783748113.357678,152.806
1783748113.377818,152.806
1783748113.397960,152.819
1783748113.418115,152.819
1783748113.438259,152.819
1783748113.458397,152.819
1783748113.478538,152.819
1783748113.498697,152.853
1783748113.518895,152.853
1783748113.539037,152.853
1783748113.559181,152.853
1783748113.579336,152.853
1783748113.599479,152.385
1783748113.619617,152.385
1783748113.639762,152.385
1783748113.659911,152.385
1783748113.680057,152.385
1783748113.700195,152.267
1783748113.720306,152.267
1783748113.740455,152.267
1783748113.760598,152.267
1783748113.780775,152.267
1783748113.800919,152.222
1783748113.821064,152.222
1783748113.841214,152.222
1783748113.861355,152.222
1783748113.881495,152.222
1783748113.901642,152.325
1783748113.921833,152.325
1783748113.941975,152.325
1783748113.962114,152.325
1783748113.982256,152.325
1783748114.002437,152.439
1783748114.022581,152.439
1783748114.042720,152.439
1783748114.062903,152.439
1783748114.083057,152.439
1783748114.103201,152.361
1783748114.123340,152.361
1783748114.143481,152.361
1783748114.163637,152.361
1783748114.183784,152.361
1783748114.203923,152.556
1783748114.224064,152.556
1783748114.244217,152.556
1783748114.264364,152.556
1783748114.284499,152.556
1783748114.304641,152.538
1783748114.324785,152.538
1783748114.344932,152.538
1783748114.365068,152.538
1783748114.385209,152.538
1783748114.405348,152.781
1783748114.425493,152.781
1783748114.445634,152.781
1783748114.465772,152.781
1783748114.485913,152.781
1783748114.506070,152.700
1783748114.526214,152.700
1783748114.546351,152.700
1783748114.566489,152.700
1783748114.586641,152.700
1783748114.606778,153.180
1783748114.626915,153.180
1783748114.647034,153.180
1783748114.667132,153.180
1783748114.687258,153.180
1783748114.707397,153.108
1783748114.727536,153.108
1783748114.747683,153.108
1783748114.767804,153.108
1783748114.787942,153.108
1783748114.808084,153.095
1783748114.828224,153.095
1783748114.848365,153.095
1783748114.868500,153.095
1783748114.888634,153.095
1783748114.908778,153.076
1783748114.928925,153.076
1783748114.949065,153.076
1783748114.969204,153.076
1783748114.989345,153.076
1783748115.009501,152.972
1783748115.029643,152.972
1783748115.049773,152.972
1783748115.069913,152.972
1783748115.090070,152.972
1783748115.110213,151.965
1783748115.130352,151.965
1783748115.150492,151.965
1783748115.170639,151.965
1783748115.190785,151.965
1783748115.210956,152.043
1783748115.231102,152.043
1783748115.251251,152.043
1783748115.271400,152.043
1783748115.291566,152.043
1783748115.311709,152.286
1783748115.331902,152.286
1783748115.352044,152.286
1783748115.372182,152.286
1783748115.392322,152.286
1783748115.412468,152.217
1783748115.432620,152.217
1783748115.452759,152.217
1783748115.472900,152.217
1783748115.493039,152.204
1783748115.513196,152.204
1783748115.533339,152.204
1783748115.553475,152.204
1783748115.573614,152.204
1783748115.593760,151.919
1783748115.613901,151.919
1783748115.634040,151.919
1783748115.654180,151.919
1783748115.674332,151.919
1783748115.694474,152.226
1783748115.714613,152.226
1783748115.734756,152.226
1783748115.754905,152.226
1783748115.775051,152.226
1783748115.795188,152.176
1783748115.815332,152.176
1783748115.835471,152.176
1783748115.855611,152.176
1783748115.875751,152.176
1783748115.895894,151.835
1783748115.916039,151.835
1783748115.936188,151.835
1783748115.956325,151.835
1783748115.976462,151.835
1783748115.996601,151.950
1783748116.016795,151.950
1783748116.036936,151.950
1783748116.057070,151.950
1783748116.077200,151.950
1783748116.097336,152.924
1783748116.117474,152.924
1783748116.137610,152.924
1783748116.157748,152.924
1783748116.177887,152.924
1783748116.198027,152.832
1783748116.218166,152.832
1783748116.238306,152.832
1783748116.258451,152.832
1783748116.278596,152.832
1783748116.298778,153.048
1783748116.318918,153.048
1783748116.339058,153.048
1783748116.359199,153.048
1783748116.379339,153.048
1783748116.399475,152.855
1783748116.419616,152.855
1783748116.439767,152.855
1783748116.459908,152.855
1783748116.480044,152.855
1783748116.500209,153.216
1783748116.520360,153.216
1783748116.540497,153.216
1783748116.560656,153.216
1783748116.580791,153.216
1783748116.600942,153.263
1783748116.621083,153.263
1783748116.641219,153.263
1783748116.661357,153.263
1783748116.681503,153.263
1783748116.701646,152.868
1783748116.721753,152.868
1783748116.741887,152.868
1783748116.762036,152.868
1783748116.782178,152.868
1783748116.802297,152.887
1783748116.822432,152.887
1783748116.842571,152.887
1783748116.862713,152.887
1783748116.882904,152.887
1783748116.903039,153.351
1783748116.923182,153.351
1783748116.943323,153.351
1783748116.963463,153.351
1783748116.983598,153.351
1783748117.003777,153.301
1783748117.023925,153.301
1783748117.044062,153.301
1783748117.064194,153.301
1783748117.084331,153.301
1783748117.104478,153.300
1783748117.124620,153.300
1783748117.144757,153.300
1783748117.164896,153.300
1783748117.185048,153.300
1783748117.205191,153.425
1783748117.225328,153.425
1783748117.245468,153.425
1783748117.265619,153.425
1783748117.285758,153.425
1783748117.305893,153.151
1783748117.326028,153.151
1783748117.346174,153.151
1783748117.366314,153.151
1783748117.386456,153.151
1783748117.406595,153.318
1783748117.426777,153.318
1783748117.446924,153.318
1783748117.467066,153.318
1783748117.487201,153.318
1783748117.507341,153.399
1783748117.527495,153.399
1783748117.547633,153.399
1783748117.567768,153.399
1783748117.587907,153.399
1783748117.608053,153.095
1783748117.628196,153.095
1783748117.648332,153.095
1783748117.668472,153.095
1783748117.688616,153.095
1783748117.708757,153.254
1783748117.728893,153.254
1783748117.749032,153.254
1783748117.769177,153.254
1783748117.789349,153.254
1783748117.809484,153.232
1783748117.829620,153.232
1783748117.849791,153.232
1783748117.869933,153.232
1783748117.890068,153.232
1783748117.910171,152.981
1783748117.930309,152.981
1783748117.950455,152.981
1783748117.970593,152.981
1783748117.990778,152.981
1783748118.010920,153.035
1783748118.031074,153.035
1783748118.051210,153.035
1783748118.071346,153.035
1783748118.091482,153.035
1783748118.111631,153.185
1783748118.131770,153.185
1783748118.151902,153.185
1783748118.172036,153.185
1783748118.192187,153.185
1783748118.212325,152.933
1783748118.232464,152.933
1783748118.252605,152.933
1783748118.272757,152.933
1783748118.292896,152.933
1783748118.313034,153.028
1783748118.333176,153.028
1783748118.353326,153.028
1783748118.373474,153.028
1783748118.393613,153.265
1783748118.413755,153.265
1783748118.433899,153.265
1783748118.454051,153.265
1783748118.474188,153.265
1783748118.494327,152.937
1783748118.514468,152.937
1783748118.534591,152.937
1783748118.554781,152.937
1783748118.574918,152.937
1783748118.595060,153.059
1783748118.615213,153.059
1783748118.635350,153.059
1783748118.655486,153.059
1783748118.675624,153.059
1783748118.695774,153.018
1783748118.715912,153.018
1783748118.736048,153.018
1783748118.756184,153.018
1783748118.776327,153.018
1783748118.796468,152.829
1783748118.816604,152.829
1783748118.836783,152.829
1783748118.856928,152.829
1783748118.877071,152.829
1783748118.897209,153.204
1783748118.917345,153.204
1783748118.937486,153.204
1783748118.957642,153.204
1783748118.977782,153.204
1783748118.997917,153.160
1783748119.018056,153.160
1783748119.038202,153.160
1783748119.058368,153.160
1783748119.078503,153.160
1783748119.098660,153.196
1783748119.118809,153.196
1783748119.138968,153.196
1783748119.159106,153.196
1783748119.179240,153.196
1783748119.199391,153.563
1783748119.219533,153.563
1783748119.239671,153.563
1783748119.259812,153.563
1783748119.279957,153.563
1783748119.300102,153.292
1783748119.320238,153.292
1783748119.340378,153.292
1783748119.360529,153.292
1783748119.380670,153.292
1783748119.400809,152.961
1783748119.420949,152.961
1783748119.441092,152.961
1783748119.461229,152.961
1783748119.481369,152.961
1783748119.501508,153.064
1783748119.521615,153.064
1783748119.541752,153.064
1783748119.561888,153.064
1783748119.582023,153.064
1783748119.602159,152.934
1783748119.622313,152.934
1783748119.642449,152.934
1783748119.662585,152.934
1783748119.682776,152.934
1783748119.702931,153.135
1783748119.723037,153.135
1783748119.743170,153.135
1783748119.763313,153.135
1783748119.783463,153.135
1783748119.803607,152.967
1783748119.823782,152.967
1783748119.843920,152.967
1783748119.864066,152.967
1783748119.884209,152.967
1783748119.904349,153.011
1783748119.924488,153.011
1783748119.944626,153.011
1783748119.964756,153.011
1783748119.984892,153.011
1783748120.005030,153.015
1783748120.025167,153.015
1783748120.045307,153.015
1783748120.065447,153.015
1783748120.085582,153.015
1783748120.105766,153.153
1783748120.125920,153.153
1783748120.146058,153.153
1783748120.166194,153.153
1783748120.186333,153.153
1783748120.206481,153.096
1783748120.226619,153.096
1783748120.246756,153.096
1783748120.266894,153.096
1783748120.287044,153.096
1783748120.307188,153.043
1783748120.327323,153.043
1783748120.347486,153.043
1783748120.367632,153.043
1783748120.387774,153.043
1783748120.407913,153.658
1783748120.428080,153.658
1783748120.448221,153.658
1783748120.468361,153.658
1783748120.488500,153.658
1783748120.508636,153.337
1783748120.528779,153.337
1783748120.548921,153.337
1783748120.569062,153.337
1783748120.589197,153.337
1783748120.609339,153.412
1783748120.629492,153.412
1783748120.649635,153.412
1783748120.669772,153.412
1783748120.689910,153.412
1783748120.710063,153.580
1783748120.730203,153.580
1783748120.750340,153.580
1783748120.770479,153.580
1783748120.790629,153.580
1783748120.810771,153.127
1783748120.830871,153.127
1783748120.850965,153.127
1783748120.871096,153.127
1783748120.891239,153.127
1783748120.911381,153.104
1783748120.931523,153.104
1783748120.951668,153.104
1783748120.971812,153.104
1783748120.991948,153.104
1783748121.012089,153.111
1783748121.032234,153.111
1783748121.052358,153.111
1783748121.072498,153.111
1783748121.092636,153.111
1783748121.112779,152.942
1783748121.132903,152.942
1783748121.153045,152.942
1783748121.173162,152.942
1783748121.193298,152.942
1783748121.213441,152.897
1783748121.233582,152.897
1783748121.253722,152.897
1783748121.273910,152.897
1783748121.294064,152.897
1783748121.314210,152.708
1783748121.334348,152.708
1783748121.354493,152.708
1783748121.374647,152.708
1783748121.394793,152.648
1783748121.414936,152.648
1783748121.435081,152.648
1783748121.455229,152.648
1783748121.475376,152.648
1783748121.495514,152.544
1783748121.515656,152.544
1783748121.535804,152.544
1783748121.555953,152.544
1783748121.576088,152.544
1783748121.596228,152.586
1783748121.616372,152.586
1783748121.636562,152.586
1783748121.656706,152.586
1783748121.676888,152.586
1783748121.697050,152.318
1783748121.717209,152.318
1783748121.737352,152.318
1783748121.757488,152.318
1783748121.777629,152.318
1783748121.797782,152.673
1783748121.817926,152.673
1783748121.838065,152.673
1783748121.858207,152.673
1783748121.878356,152.673
1783748121.898499,152.922
1783748121.918638,152.922
1783748121.938783,152.922
1783748121.958928,152.922
1783748121.979069,152.922
1783748121.999206,153.038
1783748122.019345,153.038
1783748122.039493,153.038
1783748122.059641,153.038
1783748122.079779,153.038
1783748122.099887,152.931
1783748122.120026,152.931
1783748122.140170,152.931
1783748122.160313,152.931
1783748122.180448,152.931
1783748122.200588,153.308
1783748122.220776,153.308
1783748122.240920,153.308
1783748122.261059,153.308
1783748122.281199,153.308
1783748122.301352,153.486
1783748122.321496,153.486
1783748122.341635,153.486
1783748122.361778,153.486
1783748122.381933,153.486
1783748122.402080,153.132
1783748122.422215,153.132
1783748122.442356,153.132
1783748122.462498,153.132
1783748122.482646,153.132
1783748122.502787,153.382
1783748122.522930,153.382
1783748122.543069,153.382
1783748122.563223,153.382
1783748122.583366,153.382
1783748122.603506,153.292
1783748122.623646,153.292
1783748122.643803,153.292
1783748122.663948,153.292
1783748122.684085,153.292
1783748122.704228,153.149
1783748122.724339,153.149
1783748122.744481,153.149
1783748122.764620,153.149
1783748122.784761,153.149
1783748122.804913,153.197
1783748122.825056,153.197
1783748122.845195,153.197
1783748122.865335,153.197
1783748122.885488,153.197
1783748122.905631,153.044
1783748122.925794,153.044
1783748122.945939,153.044
1783748122.966086,153.044
1783748122.986252,153.044
1783748123.006393,153.156
1783748123.026534,153.156
1783748123.046679,153.156
1783748123.066828,153.156
1783748123.086969,153.156
1783748123.107109,153.239
1783748123.127253,153.239
1783748123.147397,153.239
1783748123.167538,153.239
1783748123.187673,153.239
1783748123.207863,152.748
1783748123.228010,152.748
1783748123.248154,152.748
1783748123.268293,152.748
1783748123.288435,152.748
1783748123.308586,152.859
1783748123.328773,152.859
1783748123.348913,152.859
1783748123.369055,152.859
1783748123.389209,152.859
1783748123.409334,152.916
1783748123.429471,152.916
1783748123.449611,152.916
1783748123.469760,152.916
1783748123.489910,152.916
1783748123.510054,152.606
1783748123.530223,152.606
1783748123.550370,152.606
1783748123.570515,152.606
1783748123.590656,152.606
1783748123.610794,152.873
1783748123.630936,152.873
1783748123.651093,152.873
1783748123.671235,152.873
1783748123.691371,152.873
1783748123.711515,152.983
1783748123.731666,152.983
1783748123.751809,152.983
1783748123.771948,152.983
1783748123.792089,152.983
1783748123.812240,153.037
1783748123.832383,153.037
1783748123.852522,153.037
1783748123.872664,153.037
1783748123.892817,153.037
1783748123.912943,153.323
1783748123.933081,153.323
1783748123.953222,153.323
1783748123.973367,153.323
1783748123.993505,153.323
1783748124.013645,153.234
1783748124.033787,153.234
1783748124.053932,153.234
1783748124.074080,153.234
1783748124.094221,153.234
1783748124.114357,153.267
1783748124.134501,153.267
1783748124.154652,153.267
1783748124.174794,153.267
1783748124.194960,153.267
1783748124.215100,153.401
1783748124.235249,153.401
1783748124.255391,153.401
1783748124.275553,153.401
1783748124.295694,153.282
1783748124.315901,153.282
1783748124.336044,153.282
1783748124.356182,153.282
1783748124.376326,153.282
1783748124.396481,153.239
1783748124.416626,153.239
1783748124.436768,153.239
1783748124.456912,153.239
1783748124.477031,153.239
1783748124.497136,153.452
1783748124.517264,153.452
1783748124.537405,153.452
1783748124.557548,153.452
1783748124.577698,153.452
1783748124.597908,153.423
1783748124.618047,153.423
1783748124.638191,153.423
1783748124.658348,153.423
1783748124.678485,153.423
1783748124.698623,153.375
1783748124.718770,153.375
1783748124.738926,153.375
1783748124.759070,153.375
1783748124.779210,153.375
1783748124.799353,153.462
1783748124.819507,153.462
1783748124.839645,153.462
1783748124.859786,153.462
1783748124.879927,153.462
1783748124.900076,153.110
1783748124.920214,153.110
1783748124.940353,153.110
1783748124.960496,153.110
1783748124.980649,153.110
1783748125.000794,152.990
1783748125.020934,152.990
1783748125.041075,152.990
1783748125.061220,152.990
1783748125.081367,152.990
1783748125.101507,153.040
1783748125.121648,153.040
1783748125.141788,153.040
1783748125.161931,153.040
1783748125.182069,153.040
1783748125.202206,153.153
1783748125.222345,153.153
1783748125.242480,153.153
1783748125.262621,153.153
1783748125.282760,153.153
1783748125.302900,153.126
1783748125.323059,153.126
1783748125.343199,153.126
1783748125.363341,153.126
1783748125.383483,153.126
1783748125.403638,153.187
1783748125.423779,153.187
1783748125.443918,153.187
1783748125.464060,153.187
1783748125.484244,153.187
1783748125.504387,153.053
1783748125.524529,153.053
1783748125.544665,153.053
1783748125.564835,153.053
1783748125.584982,153.053
1783748125.605122,153.292
1783748125.625258,153.292
1783748125.645394,153.292
1783748125.665538,153.292
1783748125.685676,153.292
1783748125.705809,153.021
1783748125.725914,153.021
1783748125.746063,153.021
1783748125.766205,153.021
1783748125.786342,153.021
1783748125.806480,153.006
1783748125.826630,153.006
1783748125.846771,153.006
1783748125.866905,153.006
1783748125.887043,153.006
1783748125.907187,153.528
1783748125.927330,153.528
1783748125.947465,153.528
1783748125.967602,153.528
1783748125.987798,153.528
1783748126.007935,153.948
1783748126.028070,153.948
1783748126.048206,153.948
1783748126.068350,153.948
1783748126.088477,153.948
1783748126.108617,153.588
1783748126.128757,153.588
1783748126.148898,153.588
1783748126.169048,153.588
1783748126.189184,153.588
1783748126.209320,153.577
1783748126.229457,153.577
1783748126.249605,153.577
1783748126.269786,153.577
1783748126.289922,153.577
1783748126.310057,153.443
1783748126.330208,153.443
1783748126.350349,153.443
1783748126.370485,153.443
1783748126.390620,153.443
1783748126.410772,153.359
1783748126.430915,153.359
1783748126.451051,153.359
1783748126.471191,153.359
1783748126.491340,153.359
1783748126.511481,153.562
1783748126.531620,153.562
1783748126.551759,153.562
1783748126.571899,153.562
1783748126.592047,153.562
1783748126.612188,153.086
1783748126.632326,153.086
1783748126.652466,153.086
1783748126.672610,153.086
1783748126.692752,153.086
1783748126.712886,153.287
1783748126.733023,153.287
1783748126.753175,153.287
1783748126.773348,153.287
1783748126.793484,153.287
1783748126.813623,153.038
1783748126.833799,153.038
1783748126.853939,153.038
1783748126.874075,153.038
1783748126.894217,153.038
1783748126.914364,153.053
1783748126.934508,153.053
1783748126.954644,153.053
1783748126.974783,153.053
1783748126.994933,153.053
1783748127.015075,153.042
1783748127.036013,153.042
1783748127.056177,153.042
1783748127.076319,153.042
1783748127.096455,152.850
1783748127.116596,152.850
1783748127.136776,152.850
1783748127.156918,152.850
1783748127.177067,152.850
1783748127.197211,153.058
1783748127.217319,153.058
1783748127.237456,153.058
1783748127.257608,153.058
1783748127.277754,153.058
1783748127.297889,152.880
1783748127.318031,152.880
1783748127.338187,152.880
1783748127.358331,152.880
1783748127.378470,152.880
1783748127.398610,152.560
1783748127.418766,152.560
1783748127.438904,152.560
1783748127.459043,152.560
1783748127.479184,152.560
1783748127.499333,152.552
1783748127.519480,152.552
1783748127.539620,152.552
1783748127.559762,152.552
1783748127.579909,152.552
1783748127.600060,153.080
1783748127.620202,153.080
1783748127.640340,153.080
1783748127.660480,153.080
1783748127.680629,153.080
1783748127.700772,152.793
1783748127.720906,152.793
1783748127.741046,152.793
1783748127.761201,152.793
1783748127.781343,152.793
1783748127.801516,153.110
1783748127.821656,153.110
1783748127.841801,153.110
1783748127.861946,153.110
1783748127.882086,153.110
1783748127.902230,153.105
1783748127.922388,153.105
1783748127.942530,153.105
1783748127.962669,153.105
1783748127.982810,153.105
1783748128.002960,153.151
1783748128.023107,153.151
1783748128.043247,153.151
1783748128.063418,153.151
1783748128.083567,153.151
1783748128.103719,153.500
1783748128.123945,153.500
1783748128.144086,153.500
1783748128.164234,153.500
1783748128.184385,153.500
1783748128.204527,152.749
1783748128.224662,152.749
1783748128.244801,152.749
1783748128.264954,152.749
1783748128.285096,152.749
1783748128.305231,152.937
1783748128.325371,152.937
1783748128.345525,152.937
1783748128.365667,152.937
1783748128.385804,152.937
1783748128.405942,153.329
1783748128.426089,153.329
1783748128.446230,153.329
1783748128.466366,153.329
1783748128.486505,153.329
1783748128.506654,153.252
1783748128.526795,153.252
1783748128.546935,153.252
1783748128.567074,153.252
1783748128.587223,153.252
1783748128.607368,153.172
1783748128.627511,153.172
1783748128.647651,153.172
1783748128.667795,153.172
1783748128.687948,153.172
1783748128.708090,153.410
1783748128.728225,153.410
1783748128.748325,153.410
1783748128.768420,153.410
1783748128.788546,153.410
1783748128.808653,153.115
1783748128.828748,153.115
1783748128.848835,153.115
1783748128.868927,153.115
1783748128.889053,153.115
1783748128.909199,153.269
1783748128.929344,153.269
1783748128.949488,153.269
1783748128.969626,153.269
1783748128.989755,153.269
1783748129.009907,153.452
1783748129.030051,153.452
1783748129.050169,153.452
1783748129.070304,153.452
1783748129.090455,153.452
1783748129.110602,153.140
1783748129.130787,153.140
1783748129.150926,153.140
1783748129.171068,153.140
1783748129.191223,153.140
1783748129.211330,153.122
1783748129.231433,153.122
1783748129.251560,153.122
1783748129.271717,153.122
1783748129.291907,153.122
1783748129.312046,153.483
1783748129.332218,153.483
1783748129.352374,153.483
1783748129.372519,153.483
1783748129.392657,153.483
1783748129.412825,153.328
1783748129.432981,153.328
1783748129.453125,153.328
1783748129.473263,153.328
1783748129.493402,153.328
1783748129.513556,153.506
1783748129.533703,153.506
1783748129.553890,153.506
1783748129.574031,153.506
1783748129.594183,153.506
1783748129.614329,153.637
1783748129.634471,153.637
1783748129.654614,153.637
1783748129.674760,153.637
1783748129.694912,153.637
1783748129.715053,153.606
1783748129.735193,153.606
1783748129.755334,153.606
1783748129.775489,153.606
1783748129.795633,153.606
1783748129.815770,153.763
1783748129.835911,153.763
1783748129.856065,153.763
1783748129.876207,153.763
1783748129.896348,153.763
1783748129.916487,153.347
1783748129.936644,153.347
1783748129.956788,153.347
1783748129.976925,153.347
1783748129.997061,153.388
1783748130.017210,153.388
1783748130.037353,153.388
1783748130.057490,153.388
1783748130.077626,153.388
1783748130.097775,153.517
1783748130.117924,153.517
1783748130.138067,153.517
1783748130.158207,153.517
1783748130.178349,153.517
1783748130.198500,153.856
1783748130.218643,153.856
1783748130.238781,153.856
1783748130.258919,153.856
1783748130.279069,153.856
1783748130.299214,153.582
1783748130.319350,153.582
1783748130.339490,153.582
1783748130.359643,153.582
1783748130.379786,153.582
1783748130.399925,153.585
1783748130.420067,153.585
1783748130.440215,153.585
1783748130.460358,153.585
1783748130.480498,153.585
1783748130.500642,153.755
1783748130.520799,153.755
1783748130.540945,153.755
1783748130.561087,153.755
1783748130.581231,153.755
1783748130.601386,153.283
1783748130.621564,153.283
1783748130.641709,153.283
1783748130.661900,153.283
1783748130.682048,153.283
1783748130.702224,153.523
1783748130.722347,153.523
1783748130.742490,153.523
1783748130.762637,153.523
1783748130.782794,153.523
1783748130.802940,153.843
1783748130.823080,153.843
1783748130.843217,153.843
1783748130.863373,153.843
1783748130.883519,153.843
1783748130.903659,153.852
1783748130.923800,153.852
1783748130.943960,153.852
1783748130.964099,153.852
1783748130.984239,153.852
1783748131.004379,153.885
1783748131.024528,153.885
1783748131.044670,153.885
1783748131.064807,153.885
1783748131.084916,153.885
1783748131.105024,153.959
1783748131.125134,153.959
1783748131.145232,153.959
1783748131.165358,153.959
1783748131.185508,153.959
1783748131.205659,153.881
1783748131.225800,153.881
1783748131.245939,153.881
1783748131.266086,153.881
1783748131.286228,153.881
1783748131.306368,153.860
1783748131.326505,153.860
1783748131.346648,153.860
1783748131.366796,153.860
1783748131.386938,153.860
1783748131.407075,153.842
1783748131.427219,153.842
1783748131.447374,153.842
1783748131.467514,153.842
1783748131.487654,153.842
1783748131.507800,153.613
1783748131.527956,153.613
1783748131.548129,153.613
1783748131.568268,153.613
1783748131.588413,153.613
1783748131.608567,152.911
1783748131.628706,152.911
1783748131.648889,152.911
1783748131.669033,152.911
1783748131.689183,152.911
1783748131.709337,152.596
1783748131.729455,152.596
1783748131.749547,152.596
1783748131.769667,152.596
1783748131.789813,152.596
1783748131.809957,152.816
1783748131.830096,152.816
1783748131.850238,152.816
1783748131.870391,152.816
1783748131.890537,152.816
1783748131.910711,152.822
1783748131.930897,152.822
1783748131.951052,152.822
1783748131.971220,152.822
1783748131.991359,152.822
1783748132.011505,152.864
1783748132.031658,152.864
1783748132.051800,152.864
1783748132.071939,152.864
1783748132.092081,152.864
1783748132.112229,152.990
1783748132.132367,152.990
1783748132.152509,152.990
1783748132.172655,152.990
1783748132.192805,152.990
1783748132.212947,152.977
1783748132.233085,152.977
1783748132.253226,152.977
1783748132.273373,152.977
1783748132.293524,152.977
1783748132.313664,153.062
1783748132.333803,153.062
1783748132.353947,153.062
1783748132.374099,153.062
1783748132.394243,153.062
1783748132.414382,152.484
1783748132.434524,152.484
1783748132.454685,152.484
1783748132.474827,152.484
1783748132.494967,152.484
1783748132.515113,152.588
1783748132.535271,152.588
1783748132.555417,152.588
1783748132.575557,152.588
1783748132.595701,152.588
1783748132.615905,153.855
1783748132.636050,153.855
1783748132.656187,153.855
1783748132.676332,153.855
1783748132.696480,153.855
1783748132.716629,154.211
1783748132.736769,154.211
1783748132.756911,154.211
1783748132.777057,154.211
1783748132.797209,154.211
1783748132.817351,153.872
1783748132.837489,153.872
1783748132.857631,153.872
1783748132.877788,153.872
1783748132.897931,153.872
1783748132.918069,154.203
1783748132.938211,154.203
1783748132.958368,154.203
1783748132.978510,154.203
1783748132.998650,153.970
1783748133.018794,153.970
1783748133.038952,153.970
1783748133.059096,153.970
1783748133.079236,153.970
1783748133.099378,153.805
1783748133.119533,153.805
1783748133.139678,153.805
1783748133.159816,153.805
1783748133.179940,153.805
1783748133.200119,153.848
1783748133.220267,153.848
1783748133.240405,153.848
1783748133.260571,153.848
1783748133.280720,153.848
1783748133.300880,153.749
1783748133.321021,153.749
1783748133.341161,153.749
1783748133.361306,153.749
1783748133.381460,153.749
1783748133.401600,154.168
1783748133.421789,154.168
1783748133.441930,154.168
1783748133.462088,154.168
1783748133.482231,154.168
1783748133.502372,154.073
1783748133.522512,154.073
1783748133.542666,154.073
1783748133.562807,154.073
1783748133.582947,154.073
1783748133.603093,154.188
1783748133.623248,154.188
1783748133.643393,154.188
1783748133.663534,154.188
1783748133.683677,154.188
1783748133.703830,153.749
1783748133.723982,153.749
1783748133.744124,153.749
1783748133.764269,153.749
1783748133.784413,153.749
1783748133.804560,154.185
1783748133.824703,154.185
1783748133.844883,154.185
1783748133.865027,154.185
1783748133.885187,154.185
1783748133.905331,153.760
1783748133.925469,153.760
1783748133.945613,153.760
1783748133.965760,153.760
1783748133.985903,153.760
1783748134.006042,153.510
1783748134.026186,153.510
1783748134.046344,153.510
1783748134.066490,153.510
1783748134.086630,153.510
1783748134.106776,153.304
1783748134.126930,153.304
1783748134.147075,153.304
1783748134.167213,153.304
1783748134.187354,153.304
1783748134.207508,153.560
1783748134.227648,153.560
1783748134.247786,153.560
1783748134.267926,153.560
1783748134.288074,153.560
1783748134.308225,153.599
1783748134.328366,153.599
1783748134.348505,153.599
1783748134.368649,153.599
1783748134.388803,153.599
1783748134.408946,153.347
1783748134.429085,153.347
1783748134.449224,153.347
1783748134.469398,153.347
1783748134.489540,153.347
1783748134.509678,153.328
1783748134.529823,153.328
1783748134.550009,153.328
1783748134.570153,153.328
1783748134.590293,153.328
1783748134.610437,153.515
1783748134.630593,153.515
1783748134.650793,153.515
1783748134.670932,153.515
1783748134.691077,153.515
1783748134.711231,153.479
1783748134.731371,153.479
1783748134.751513,153.479
1783748134.771656,153.479
1783748134.791803,153.479
1783748134.811956,153.271
1783748134.832098,153.271
1783748134.852237,153.271
1783748134.872382,153.271
1783748134.892528,153.271
1783748134.912671,153.086
1783748134.932811,153.086
1783748134.952957,153.086
1783748134.973100,153.086
1783748134.993236,153.086
1783748135.013375,153.229
1783748135.033519,153.229
1783748135.053668,153.229
1783748135.073806,153.229
1783748135.093943,153.229
1783748135.114085,153.747
1783748135.134235,153.747
1783748135.154380,153.747
1783748135.174517,153.747
1783748135.194654,153.747
1783748135.214803,153.581
1783748135.234938,153.581
1783748135.255078,153.581
1783748135.275216,153.581
1783748135.295357,153.581
1783748135.315509,153.517
1783748135.335651,153.517
1783748135.355790,153.517
1783748135.375927,153.517
1783748135.396080,153.517
1783748135.416220,153.756
1783748135.436353,153.756
1783748135.456491,153.756
1783748135.476637,153.756
1783748135.496779,153.756
1783748135.516916,153.730
1783748135.537057,153.730
1783748135.557211,153.730
1783748135.577353,153.730
1783748135.597489,153.730
1783748135.617632,153.820
1783748135.637782,153.820
1783748135.657924,153.820
1783748135.678062,153.820
1783748135.698202,153.820
1783748135.718352,153.690
1783748135.738491,153.690
1783748135.758661,153.690
1783748135.778801,153.690
1783748135.798949,153.534
1783748135.819099,153.534
1783748135.839266,153.534
1783748135.859403,153.534
1783748135.879540,153.534
1783748135.899693,153.911
1783748135.919886,153.911
1783748135.940020,153.911
1783748135.960161,153.911
1783748135.980313,153.911
1783748136.000458,153.788
1783748136.020596,153.788
1783748136.040781,153.788
1783748136.060936,153.788
1783748136.081078,153.788
1783748136.101216,153.645
1783748136.121355,153.645
1783748136.141507,153.645
1783748136.161650,153.645
1783748136.181788,153.645
1783748136.201928,153.735
1783748136.222079,153.735
1783748136.242215,153.735
1783748136.262355,153.735
1783748136.282493,153.735
1783748136.302635,153.461
1783748136.322786,153.461
1783748136.342925,153.461
1783748136.363063,153.461
1783748136.383207,153.461
1783748136.403357,153.177
1783748136.423496,153.177
1783748136.443633,153.177
1783748136.463776,153.177
1783748136.483929,153.177
1783748136.504071,153.818
1783748136.524207,153.818
1783748136.544346,153.818
1783748136.564503,153.818
1783748136.584644,153.818
1783748136.604782,153.814
1783748136.624924,153.814
1783748136.645073,153.814
1783748136.665220,153.814
1783748136.685358,153.814
1783748136.705500,154.021
1783748136.725649,154.021
1783748136.745793,154.021
1783748136.765934,154.021
1783748136.786072,154.021
1783748136.806211,154.011
1783748136.826350,154.011
1783748136.846490,154.011
1783748136.866626,154.011
1783748136.886770,154.011
1783748136.906915,153.907
1783748136.927058,153.907
1783748136.947191,153.907
1783748136.967328,153.907
1783748136.987480,153.907
1783748137.007617,153.783
1783748137.027753,153.783
1783748137.047920,153.783
1783748137.068076,153.783
1783748137.088218,153.783
1783748137.108382,153.842
1783748137.128525,153.842
1783748137.148675,153.842
1783748137.168821,153.842
1783748137.188958,153.842
1783748137.209119,154.025
1783748137.229258,154.025
1783748137.249398,154.025
1783748137.269538,154.025
1783748137.289679,154.025
1783748137.309822,154.103
1783748137.329920,154.103
1783748137.350037,154.103
1783748137.370172,154.103
1783748137.390316,154.103
1783748137.410460,154.211
1783748137.430604,154.211
1783748137.450787,154.211
1783748137.470929,154.211
1783748137.491079,154.211
1783748137.511224,153.981
1783748137.531364,153.981
1783748137.551504,153.981
1783748137.571655,153.981
1783748137.591799,153.981
1783748137.611937,153.799
1783748137.632107,153.799
1783748137.652260,153.799
1783748137.672408,153.799
1783748137.692548,153.799
1783748137.712689,154.211
1783748137.732865,154.211
1783748137.753007,154.211
1783748137.773148,154.211
1783748137.793288,154.211
1783748137.813433,154.177
1783748137.833576,154.177
1783748137.853713,154.177
1783748137.873893,154.177
1783748137.894031,154.177
1783748137.914178,154.116
1783748137.934321,154.116
1783748137.954456,154.116
1783748137.974591,154.116
1783748137.994795,154.116
1783748138.014933,154.206
1783748138.035069,154.206
1783748138.055207,154.206
1783748138.075354,154.206
1783748138.095493,154.206
1783748138.115631,154.421
1783748138.135774,154.421
1783748138.155926,154.421
1783748138.176069,154.421
1783748138.196206,154.421
1783748138.216348,154.125
1783748138.236491,154.125
1783748138.256635,154.125
1783748138.276773,154.125
1783748138.296914,154.125
1783748138.317038,154.164
1783748138.337218,154.164
1783748138.357358,154.164
1783748138.377499,154.164
1783748138.397666,154.164
1783748138.417817,154.366
1783748138.437958,154.366
1783748138.458094,154.366
1783748138.478232,154.366
1783748138.498385,154.366
1783748138.518525,153.882
1783748138.538660,153.882
1783748138.558802,153.882
1783748138.578959,153.882
1783748138.599100,153.882
1783748138.619238,153.865
1783748138.639380,153.865
1783748138.659532,153.865
1783748138.679673,153.865
1783748138.699811,153.910
1783748138.719953,153.910
1783748138.740101,153.910
1783748138.760277,153.910
1783748138.780415,153.910
1783748138.800555,153.663
1783748138.820703,153.663
1783748138.840898,153.663
1783748138.861035,153.663
1783748138.881174,153.663
1783748138.901320,154.029
1783748138.921469,154.029
1783748138.941610,154.029
1783748138.961751,154.029
1783748138.981891,154.029
1783748139.002046,153.691
1783748139.022189,153.691
1783748139.042323,153.691
1783748139.062467,153.691
1783748139.082611,153.691
1783748139.102753,153.554
1783748139.122890,153.554
1783748139.143030,153.554
1783748139.163185,153.554
1783748139.183326,153.554
1783748139.203465,153.825
1783748139.223604,153.825
1783748139.243790,153.825
1783748139.263935,153.825
1783748139.284073,153.825
1783748139.304211,153.849
1783748139.324363,153.849
1783748139.344506,153.849
1783748139.364646,153.849
1783748139.384786,153.849
1783748139.404932,153.712
1783748139.425074,153.712
1783748139.445215,153.712
1783748139.465351,153.712
1783748139.485492,153.712
1783748139.505645,154.172
1783748139.525768,154.172
1783748139.545902,154.172
1783748139.566042,154.172
1783748139.586198,154.172
1783748139.606370,154.343
1783748139.626508,154.343
1783748139.646651,154.343
1783748139.666802,154.343
1783748139.686973,154.343
1783748139.707112,154.409
1783748139.727255,154.409
1783748139.747398,154.409
1783748139.767539,154.409
1783748139.787677,154.409
1783748139.807814,154.486
1783748139.827962,154.486
1783748139.848109,154.486
1783748139.868247,154.486
1783748139.888389,154.486
1783748139.908536,154.380
1783748139.928680,154.380
1783748139.948817,154.380
1783748139.968953,154.380
1783748139.989090,154.380
1783748140.009232,154.334
1783748140.029377,154.334
1783748140.049515,154.334
1783748140.069653,154.334
1783748140.089801,154.334
1783748140.109943,154.433
1783748140.130082,154.433
1783748140.150225,154.433
1783748140.170375,154.433
1783748140.190514,154.433
1783748140.210653,154.463
1783748140.230796,154.463
1783748140.250949,154.463
1783748140.271089,154.463
1783748140.291227,154.463
1783748140.311370,154.339
1783748140.331521,154.339
1783748140.351666,154.339
1783748140.371806,154.339
1783748140.391951,154.339
1783748140.412100,154.390
1783748140.432251,154.390
1783748140.452391,154.390
1783748140.472533,154.390
1783748140.492676,154.390
1783748140.512824,154.085
1783748140.532969,154.085
1783748140.553107,154.085
1783748140.573251,154.085
1783748140.593390,154.085
1783748140.613529,154.574
1783748140.633667,154.574
1783748140.653811,154.574
1783748140.673970,154.574
1783748140.694114,154.574
1783748140.714255,154.624
1783748140.734365,154.624
1783748140.754519,154.624
1783748140.774664,154.624
1783748140.794805,154.624
1783748140.814949,154.204
1783748140.835104,154.204
1783748140.855251,154.204
1783748140.875385,154.204
1783748140.895544,154.204
1783748140.915690,153.907
1783748140.935875,153.907
1783748140.956017,153.907
1783748140.976187,153.907
1783748140.996331,153.907
1783748141.016476,153.966
1783748141.036619,153.966
1783748141.056759,153.966
1783748141.076903,153.966
1783748141.097061,153.966
1783748141.117201,153.996
1783748141.137340,153.996
1783748141.157485,153.996
1783748141.177637,153.996
1783748141.197778,153.996
1783748141.217917,153.759
1783748141.238059,153.759
1783748141.258204,153.759
1783748141.278349,153.759
1783748141.298486,153.759
1783748141.318630,153.930
1783748141.338787,153.930
1783748141.358934,153.930
1783748141.379075,153.930
1783748141.399217,153.930
1783748141.419367,153.902
1783748141.439523,153.902
1783748141.459635,153.902
1783748141.479777,153.902
1783748141.499920,153.902
1783748141.520077,153.834
1783748141.540221,153.834
1783748141.560359,153.834
1783748141.580503,153.834
1783748141.600662,153.689
1783748141.620805,153.689
1783748141.640946,153.689
1783748141.661090,153.689
1783748141.681246,153.689
1783748141.701389,153.614
1783748141.721525,153.614
1783748141.741663,153.614
1783748141.761817,153.614
1783748141.781961,153.614
1783748141.802102,153.496
1783748141.822246,153.496
1783748141.842401,153.496
1783748141.862540,153.496
1783748141.882681,153.496
1783748141.902826,153.930
1783748141.922974,153.930
1783748141.943125,153.930
1783748141.963266,153.930
1783748141.983409,153.930
1783748142.003550,153.704
1783748142.023664,153.704
1783748142.043808,153.704
1783748142.063947,153.704
1783748142.084091,153.704
1783748142.104246,153.983
1783748142.124385,153.983
1783748142.144522,153.983
1783748142.164665,153.983
1783748142.184900,153.983
1783748142.205047,154.101
1783748142.225188,154.101
1783748142.245352,154.101
1783748142.265506,154.101
1783748142.285655,154.101
1783748142.305792,154.064
1783748142.325935,154.064
1783748142.346087,154.064
1783748142.366234,154.064
1783748142.386376,154.064
1783748142.406519,154.024
1783748142.426669,154.024
1783748142.446822,154.024
1783748142.466929,154.024
1783748142.487071,154.024
1783748142.507219,154.425
1783748142.527372,154.425
1783748142.547513,154.425
1783748142.567652,154.425
1783748142.587791,154.425
1783748142.607931,154.395
1783748142.628071,154.395
1783748142.648208,154.395
1783748142.668348,154.395
1783748142.688493,154.395
1783748142.708631,154.521
1783748142.728769,154.521
1783748142.748914,154.521
1783748142.769070,154.521
1783748142.789213,154.521
1783748142.809351,154.653
1783748142.829494,154.653
1783748142.849648,154.653
1783748142.869788,154.653
1783748142.889925,154.653
1783748142.910069,154.321
1783748142.930218,154.321
1783748142.950367,154.321
1783748142.970504,154.321
1783748142.990645,154.321
1783748143.010793,154.365
1783748143.030949,154.365
1783748143.051089,154.365
1783748143.071227,154.365
1783748143.091371,154.365
1783748143.111528,154.528
1783748143.131666,154.528
1783748143.151803,154.528
1783748143.171945,154.528
1783748143.192098,154.528
1783748143.212242,154.436
1783748143.232383,154.436
1783748143.252526,154.436
1783748143.272685,154.436
1783748143.292831,154.436
1783748143.312973,154.363
1783748143.333114,154.363
1783748143.353266,154.363
1783748143.373415,154.363
1783748143.393557,154.363
1783748143.413701,154.519
1783748143.433902,154.519
1783748143.454044,154.519
1783748143.474213,154.519
1783748143.494354,154.519
1783748143.514499,154.074
1783748143.534672,154.074
1783748143.554814,154.074
1783748143.574953,154.074
1783748143.595098,154.074
1783748143.615253,154.200
1783748143.635396,154.200
1783748143.655530,154.200
1783748143.675674,154.200
1783748143.695830,154.200
1783748143.715968,154.210
1783748143.736074,154.210
1783748143.756217,154.210
1783748143.776371,154.210
1783748143.796517,154.210
1783748143.816657,153.748
1783748143.836802,153.748
1783748143.856955,153.748
1783748143.877100,153.748
1783748143.897238,153.748
1783748143.917382,153.413
1783748143.937531,153.413
1783748143.957685,153.413
1783748143.977825,153.413
1783748143.997961,153.413
1783748144.018103,153.754
1783748144.038253,153.754
1783748144.058397,153.754
1783748144.078536,153.754
1783748144.098681,153.754
1783748144.118840,153.963
1783748144.138986,153.963
1783748144.159124,153.963
1783748144.179267,153.963
1783748144.199418,153.963
1783748144.219532,153.673
1783748144.239671,153.673
1783748144.259813,153.673
1783748144.279965,153.673
1783748144.300110,153.673
1783748144.320251,153.837
1783748144.340391,153.837
1783748144.360546,153.837
1783748144.380688,153.837
1783748144.400856,153.837
1783748144.421001,153.698
1783748144.441147,153.698
1783748144.461290,153.698
1783748144.481431,153.698
1783748144.501577,153.660
1783748144.521767,153.660
1783748144.541917,153.660
1783748144.562057,153.660
1783748144.582196,153.660
1783748144.602337,153.713
1783748144.622487,153.713
1783748144.642632,153.713
1783748144.662769,153.713
1783748144.682906,153.713
1783748144.703045,152.916
1783748144.723189,152.916
1783748144.743357,152.916
1783748144.763496,152.916
1783748144.783646,152.916
1783748144.803791,153.026
1783748144.823960,153.026
1783748144.844095,153.026
1783748144.864240,153.026
1783748144.884381,153.026
1783748144.904518,153.533
1783748144.924658,153.533
1783748144.944806,153.533
1783748144.964946,153.533
1783748144.985080,153.533
1783748145.005198,153.688
1783748145.025336,153.688
1783748145.045475,153.688
1783748145.065614,153.688
1783748145.085752,153.688
1783748145.105889,153.646
1783748145.126031,153.646
1783748145.146172,153.646
1783748145.166307,153.646
1783748145.186444,153.646
1783748145.206585,154.017
1783748145.226769,154.017
1783748145.246906,154.017
1783748145.267045,154.017
1783748145.287228,154.017
1783748145.307369,153.481
1783748145.327505,153.481
1783748145.347642,153.481
1783748145.367786,153.481
1783748145.387926,153.481
1783748145.408063,153.729
1783748145.428202,153.729
1783748145.448349,153.729
1783748145.468488,153.729
1783748145.488625,153.729
1783748145.508769,153.571
1783748145.528907,153.571
1783748145.549048,153.571
1783748145.569185,153.571
1783748145.589318,153.571
1783748145.609454,153.127
1783748145.629598,153.127
1783748145.649784,153.127
1783748145.669922,153.127
1783748145.690057,153.127
1783748145.710213,153.613
1783748145.730357,153.613
1783748145.750494,153.613
1783748145.770630,153.613
1783748145.790775,153.613
1783748145.810911,154.114
1783748145.831049,154.114
1783748145.851189,154.114
1783748145.871334,154.114
1783748145.891476,154.114
1783748145.911612,153.837
1783748145.931749,153.837
1783748145.951895,153.837
1783748145.972035,153.837
1783748145.992171,153.837
1783748146.012307,153.683
1783748146.032474,153.683
1783748146.052614,153.683
1783748146.072752,153.683
1783748146.092854,153.683
1783748146.112957,153.830
1783748146.133041,153.830
1783748146.153164,153.830
1783748146.173303,153.830
1783748146.193441,153.830
1783748146.213585,153.345
1783748146.233768,153.345
1783748146.253907,153.345
1783748146.274046,153.345
1783748146.294192,153.345
1783748146.314330,153.591
1783748146.334469,153.591
1783748146.354607,153.591
1783748146.374756,153.591
1783748146.394894,153.591
1783748146.415032,153.693
1783748146.435172,153.693
1783748146.455314,153.693
1783748146.475452,153.693
1783748146.495589,153.693
1783748146.515768,153.719
1783748146.535909,153.719
1783748146.556050,153.719
1783748146.576188,153.719
1783748146.596325,153.719
1783748146.616466,154.408
1783748146.636611,154.408
1783748146.656752,154.408
1783748146.676890,154.408
1783748146.697028,154.408
1783748146.717173,154.287
1783748146.737315,154.287
1783748146.757455,154.287
1783748146.777595,154.287
1783748146.797783,154.287
1783748146.817924,154.080
1783748146.838063,154.080
1783748146.858203,154.080
1783748146.878345,154.080
1783748146.898488,154.080
1783748146.918627,154.117
1783748146.938769,154.117
1783748146.958915,154.117
1783748146.979052,154.117
1783748146.999191,154.117
1783748147.019302,154.289
1783748147.039444,154.289
1783748147.059587,154.289
1783748147.079769,154.289
1783748147.099908,154.289
1783748147.120048,154.253
1783748147.140193,154.253
1783748147.160331,154.253
1783748147.180470,154.253
1783748147.200612,154.253
1783748147.220760,154.222
1783748147.240872,154.222
1783748147.261010,154.222
1783748147.281146,154.222
1783748147.301289,154.222
1783748147.321460,154.093
1783748147.341595,154.093
1783748147.361773,154.093
1783748147.381932,154.093
1783748147.402068,154.093
1783748147.422202,154.171
1783748147.442338,154.171
1783748147.462477,154.171
1783748147.482615,154.171
1783748147.502752,154.172
1783748147.522888,154.172
1783748147.543029,154.172
1783748147.563172,154.172
1783748147.583310,154.172
1783748147.603448,153.780
1783748147.623584,153.780
1783748147.643776,153.780
1783748147.663915,153.780
1783748147.684052,153.780
1783748147.704191,153.785
1783748147.724346,153.785
1783748147.744485,153.785
1783748147.764622,153.785
1783748147.784759,153.785
1783748147.804901,153.829
1783748147.825040,153.829
1783748147.845178,153.829
1783748147.865313,153.829
1783748147.885456,153.829
1783748147.905595,153.966
1783748147.925774,153.966
1783748147.945912,153.966
1783748147.966054,153.966
1783748147.986192,153.966
1783748148.006330,153.792
1783748148.026468,153.792
1783748148.046612,153.792
1783748148.066752,153.792
1783748148.086889,153.792
1783748148.106998,154.459
1783748148.127107,154.459
1783748148.147216,154.459
1783748148.167327,154.459
1783748148.187436,154.459
1783748148.207547,154.250
1783748148.227690,154.250
1783748148.247826,154.250
1783748148.267936,154.250
1783748148.288073,154.250
1783748148.308188,154.455
1783748148.328299,154.455
1783748148.348408,154.455
1783748148.368519,154.455
1783748148.388629,154.455
1783748148.408787,154.345
1783748148.428894,154.345
1783748148.449002,154.345
1783748148.469143,154.345
1783748148.489281,154.345
1783748148.509416,154.415
1783748148.529556,154.415
1783748148.549668,154.415
1783748148.569810,154.415
1783748148.589947,154.415
1783748148.610114,154.558
1783748148.630253,154.558
1783748148.650406,154.558
1783748148.670573,154.558
1783748148.690710,154.558
1783748148.710890,154.365
1783748148.731029,154.365
1783748148.751138,154.365
1783748148.771248,154.365
1783748148.791355,154.365
1783748148.811471,154.509
1783748148.831582,154.509
1783748148.851690,154.509
1783748148.871816,154.509
1783748148.891965,154.509
1783748148.912104,154.560
1783748148.932240,154.560
1783748148.952377,154.560
1783748148.972521,154.560
1783748148.992661,154.560
1783748149.012797,154.476
1783748149.032938,154.476
1783748149.053078,154.476
1783748149.073217,154.476
1783748149.093354,154.476
1783748149.113494,153.879
1783748149.133635,153.879
1783748149.153786,153.879
1783748149.173923,153.879
1783748149.194058,153.879
1783748149.214195,154.201
1783748149.234336,154.201
1783748149.254473,154.201
1783748149.274609,154.201
1783748149.294789,154.201
1783748149.314933,154.075
1783748149.335072,154.075
1783748149.355208,154.075
1783748149.375346,154.075
1783748149.395487,154.075
1783748149.415628,154.102
1783748149.435767,154.102
1783748149.455882,154.102
1783748149.476029,154.102
1783748149.496169,154.102
1783748149.516307,154.315
1783748149.536445,154.315
1783748149.556590,154.315
1783748149.576802,154.315
1783748149.596942,154.315
1783748149.617052,154.393
1783748149.637195,154.393
1783748149.657338,154.393
1783748149.677477,154.393
1783748149.697613,154.393
1783748149.717753,154.220
1783748149.737870,154.220
1783748149.758014,154.220
1783748149.778125,154.220
1783748149.798262,154.220
1783748149.818411,154.276
1783748149.838550,154.276
1783748149.858662,154.276
1783748149.878889,154.276
1783748149.899035,154.276
1783748149.919176,154.199
1783748149.939313,154.199
1783748149.959478,154.199
1783748149.979627,154.199
1783748149.999777,154.199
1783748150.019887,154.446
1783748150.040001,154.446
1783748150.060143,154.446
1783748150.080286,154.446
1783748150.100421,154.446
1783748150.120559,154.609
1783748150.140702,154.609
1783748150.160892,154.609
1783748150.181004,154.609
1783748150.201114,154.609
1783748150.221253,154.620
1783748150.241399,154.620
1783748150.261538,154.620
1783748150.281649,154.620
1783748150.301787,154.620
1783748150.321933,154.751
1783748150.342075,154.751
1783748150.362213,154.751
1783748150.382326,154.751
1783748150.402473,154.751
1783748150.422614,155.040
1783748150.442752,155.040
1783748150.462891,155.040
1783748150.483009,155.040
1783748150.503119,155.040
1783748150.523231,154.228
1783748150.543343,154.228
1783748150.563458,154.228
1783748150.583575,154.228
1783748150.603713,154.403
1783748150.623904,154.403
1783748150.644047,154.403
1783748150.664191,154.403
1783748150.684330,154.403
1783748150.704466,154.183
1783748150.724607,154.183
1783748150.744755,154.183
1783748150.764896,154.183
1783748150.785036,154.183
1783748150.805173,154.160
1783748150.825322,154.160
1783748150.845463,154.160
1783748150.865601,154.160
1783748150.885785,154.160
1783748150.905931,154.208
1783748150.926072,154.208
1783748150.946212,154.208
1783748150.966351,154.208
1783748150.986496,154.208
1783748151.006637,154.223
1783748151.026773,154.223
1783748151.046914,154.223
1783748151.067058,154.223
1783748151.087199,154.223
1783748151.107338,153.916
1783748151.127480,153.916
1783748151.147626,153.916
1783748151.167797,153.916
1783748151.187934,153.916
1783748151.208073,153.933
1783748151.228214,153.933
1783748151.248385,153.933
1783748151.268524,153.933
1783748151.288661,153.933
1783748151.308800,153.934
1783748151.328948,153.934
1783748151.349087,153.934
1783748151.369226,153.934
1783748151.389366,153.934
1783748151.409513,153.548
1783748151.429653,153.548
1783748151.449792,153.548
1783748151.469932,153.548
1783748151.490079,153.548
1783748151.510221,153.630
1783748151.530360,153.630
1783748151.550502,153.630
1783748151.570647,153.630
1783748151.590788,153.630
1783748151.610927,153.698
1783748151.631064,153.698
1783748151.651183,153.698
1783748151.671327,153.698
1783748151.691466,153.698
1783748151.711604,153.910
1783748151.731775,153.910
1783748151.751920,153.910
1783748151.772059,153.910
1783748151.792196,153.910
1783748151.812336,153.889
1783748151.832483,153.889
1783748151.852622,153.889
1783748151.872759,153.889
1783748151.892899,153.889
1783748151.913046,153.636
1783748151.933186,153.636
1783748151.953325,153.636
1783748151.973464,153.636
1783748151.993607,153.636
1783748152.013793,153.872
1783748152.033931,153.872
1783748152.054072,153.872
1783748152.074216,153.872
1783748152.094357,153.872
1783748152.114495,153.741
1783748152.134636,153.741
1783748152.154783,153.741
1783748152.174928,153.741
1783748152.195068,153.741
1783748152.215206,153.710
1783748152.235346,153.710
1783748152.255489,153.710
1783748152.275630,153.710
1783748152.295767,153.710
1783748152.315906,154.053
1783748152.336051,154.053
1783748152.356190,154.053
1783748152.376330,154.053
1783748152.396470,154.053
1783748152.416618,154.367
1783748152.436759,154.367
1783748152.456926,154.367
1783748152.477063,154.367
1783748152.497209,154.367
1783748152.517374,154.233
1783748152.537509,154.233
1783748152.557650,154.233
1783748152.577794,154.233
1783748152.597934,154.233
1783748152.618072,154.495
1783748152.638214,154.495
1783748152.658360,154.495
1783748152.678503,154.495
1783748152.698641,154.495
1783748152.718780,154.459
1783748152.738919,154.459
1783748152.759065,154.459
1783748152.779207,154.459
1783748152.799344,154.459
1783748152.819483,154.403
1783748152.839629,154.403
1783748152.859770,154.403
1783748152.879908,154.403
1783748152.900048,154.403
1783748152.920195,154.552
1783748152.940336,154.552
1783748152.960476,154.552
1783748152.980613,154.552
1783748153.000764,154.552
1783748153.020907,154.324
1783748153.041043,154.324
1783748153.061183,154.324
1783748153.081327,154.324
1783748153.101468,154.324
1783748153.121604,154.377
1783748153.141783,154.377
1783748153.161927,154.377
1783748153.182070,154.377
1783748153.202209,154.377
1783748153.222348,154.390
1783748153.242487,154.390
1783748153.262631,154.390
1783748153.282771,154.390
1783748153.302909,154.390
1783748153.323050,154.584
1783748153.343197,154.584
1783748153.363338,154.584
1783748153.383474,154.584
1783748153.403613,154.584
1783748153.423758,154.311
1783748153.443899,154.311
1783748153.464037,154.311
1783748153.484177,154.311
1783748153.504327,154.379
1783748153.524469,154.379
1783748153.544608,154.379
1783748153.564753,154.379
1783748153.584904,154.379
1783748153.605044,154.342
1783748153.625186,154.342
1783748153.645325,154.342
1783748153.665475,154.342
1783748153.685617,154.342
1783748153.705758,154.185
1783748153.725898,154.185
1783748153.746072,154.185
1783748153.766219,154.185
1783748153.786360,154.185
1783748153.806520,154.788
1783748153.826661,154.788
1783748153.846800,154.788
1783748153.866940,154.788
1783748153.887078,154.788
1783748153.907220,154.713
1783748153.927378,154.713
1783748153.947522,154.713
1783748153.967661,154.713
1783748153.987807,154.713
1783748154.007962,154.669
1783748154.028097,154.669
1783748154.048236,154.669
1783748154.068374,154.669
1783748154.088527,154.669
1783748154.108671,154.969
1783748154.128808,154.969
1783748154.148948,154.969
1783748154.169091,154.969
1783748154.189229,154.969
1783748154.209363,154.698
1783748154.229498,154.698
1783748154.249603,154.698
1783748154.269782,154.698
1783748154.289921,154.698
1783748154.310057,154.520
1783748154.330191,154.520
1783748154.350329,154.520
1783748154.370470,154.520
1783748154.390607,154.520
1783748154.410793,154.605
1783748154.430932,154.605
1783748154.451069,154.605
1783748154.471174,154.605
1783748154.491310,154.605
1783748154.511451,154.298
1783748154.531592,154.298
1783748154.551711,154.298
1783748154.571892,154.298
1783748154.592041,154.298
1783748154.612183,154.279
1783748154.632321,154.279
1783748154.652457,154.279
1783748154.672601,154.279
1783748154.692798,154.279
1783748154.712937,154.592
1783748154.733074,154.592
1783748154.753210,154.592
1783748154.773354,154.592
1783748154.793495,154.592
1783748154.813630,154.372
1783748154.833766,154.372
1783748154.853906,154.372
1783748154.874044,154.372
1783748154.894180,154.372
1783748154.914317,154.089
1783748154.934460,154.089
1783748154.954597,154.089
1783748154.974775,154.089
1783748154.994913,154.089
1783748155.015091,154.210
1783748155.035232,154.210
1783748155.055368,154.210
1783748155.075507,154.210
1783748155.095685,154.210
1783748155.115823,153.989
1783748155.135958,153.989
1783748155.156096,153.989
1783748155.176238,153.989
1783748155.196377,153.989
1783748155.216514,154.052
1783748155.236650,154.052
1783748155.256760,154.052
1783748155.276913,154.052
1783748155.297052,154.052
1783748155.317187,154.110
1783748155.337324,154.110
1783748155.357467,154.110
1783748155.377609,154.110
1783748155.397786,154.110
1783748155.417906,154.009
1783748155.438054,154.009
1783748155.458192,154.009
1783748155.478332,154.009
1783748155.498468,154.009
1783748155.518610,153.770
1783748155.538755,153.770
1783748155.558891,153.770
1783748155.579032,153.770
1783748155.599179,153.770
1783748155.619319,153.992
1783748155.639454,153.992
1783748155.659565,153.992
1783748155.679709,153.992
1783748155.699890,153.992
1783748155.720028,154.163
1783748155.740167,154.163
1783748155.760303,154.163
1783748155.780452,154.163
1783748155.800596,154.163
1783748155.820773,153.989
1783748155.840915,153.989
1783748155.861059,153.989
1783748155.881199,153.989
1783748155.901336,153.989
1783748155.921476,154.275
1783748155.941631,154.275
1783748155.961774,154.275
1783748155.981912,154.275
1783748156.002049,154.275
1783748156.022203,154.166
1783748156.042347,154.166
1783748156.062484,154.166
1783748156.082624,154.166
1783748156.102770,154.166
1783748156.122909,154.605
1783748156.143045,154.605
1783748156.163181,154.605
1783748156.183321,154.605
1783748156.203462,154.605
1783748156.223601,154.721
1783748156.243784,154.721
1783748156.263925,154.721
1783748156.284066,154.721
1783748156.304233,154.721
1783748156.324369,154.302
1783748156.344504,154.302
1783748156.364649,154.302
1783748156.384815,154.302
1783748156.404956,154.119
1783748156.425094,154.119
1783748156.445244,154.119
1783748156.465353,154.119
1783748156.485490,154.119
1783748156.505631,154.554
1783748156.525776,154.554
1783748156.545894,154.554
1783748156.566032,154.554
1783748156.586175,154.554
1783748156.606327,154.612
1783748156.626472,154.612
1783748156.646614,154.612
1783748156.666755,154.612
1783748156.686900,154.612
1783748156.707038,154.666
1783748156.727175,154.666
1783748156.747310,154.666
1783748156.767449,154.666
1783748156.787591,154.666
1783748156.807771,154.943
1783748156.827910,154.943
1783748156.848046,154.943
1783748156.868181,154.943
1783748156.888320,154.943
1783748156.908458,154.765
1783748156.928594,154.765
1783748156.948787,154.765
1783748156.968928,154.765
1783748156.989067,154.765
1783748157.009205,154.771
1783748157.029311,154.771
1783748157.049410,154.771
1783748157.069503,154.771
1783748157.089635,154.771
1783748157.109777,154.510
1783748157.129913,154.510
1783748157.150048,154.510
1783748157.170182,154.510
1783748157.190321,154.510
1783748157.210460,154.352
1783748157.230597,154.352
1783748157.250784,154.352
1783748157.270928,154.352
1783748157.291075,154.352
1783748157.311219,154.464
1783748157.331355,154.464
1783748157.351494,154.464
1783748157.371636,154.464
1783748157.391774,154.464
1783748157.411911,154.603
1783748157.432049,154.603
1783748157.452192,154.603
1783748157.472332,154.603
1783748157.492467,154.603
1783748157.512605,154.450
1783748157.532783,154.450
1783748157.552922,154.450
1783748157.573057,154.450
1783748157.593224,154.450
1783748157.613372,154.469
1783748157.633511,154.469
1783748157.653673,154.469
1783748157.673810,154.469
1783748157.693954,154.469
1783748157.714100,154.584
1783748157.734239,154.584
1783748157.754377,154.584
1783748157.774520,154.584
1783748157.794663,154.584
1783748157.814802,154.381
1783748157.834938,154.381
1783748157.855076,154.381
1783748157.875213,154.381
1783748157.895352,154.381
1783748157.915489,154.297
1783748157.935624,154.297
1783748157.955766,154.297
1783748157.975902,154.297
1783748157.996036,154.297
1783748158.016175,154.246
1783748158.036319,154.246
1783748158.056458,154.246
1783748158.076595,154.246
1783748158.096772,154.246
1783748158.116916,154.554
1783748158.137055,154.554
1783748158.157193,154.554
1783748158.177334,154.554
1783748158.197472,154.554
1783748158.217612,154.629
1783748158.237752,154.629
1783748158.257857,154.629
1783748158.278001,154.629
1783748158.298144,154.629
1783748158.318284,154.910
1783748158.338421,154.910
1783748158.358560,154.910
1783748158.378704,154.910
1783748158.398894,154.910
1783748158.419032,154.821
1783748158.439170,154.821
1783748158.459315,154.821
1783748158.479453,154.821
1783748158.499588,154.821
1783748158.519776,154.969
1783748158.539932,154.969
1783748158.560073,154.969
1783748158.580213,154.969
1783748158.600351,154.969
1783748158.620499,154.989
1783748158.640640,154.989
1783748158.660778,154.989
1783748158.680915,154.989
1783748158.701057,154.989
1783748158.721196,154.704
1783748158.741333,154.704
1783748158.761470,154.704
1783748158.781612,154.704
1783748158.801753,154.704
1783748158.821891,154.674
1783748158.842026,154.674
1783748158.862123,154.674
1783748158.882239,154.674
1783748158.902380,154.674
1783748158.922515,154.852
1783748158.942673,154.852
1783748158.962817,154.852
1783748158.982955,154.852
1783748159.003760,154.852
1783748159.023861,154.706
1783748159.043992,154.706
1783748159.064107,154.706
1783748159.084217,154.706
1783748159.104319,154.706
1783748159.124410,154.705
1783748159.144492,154.705
1783748159.164602,154.705
1783748159.184753,154.705
1783748159.204903,154.705
1783748159.225056,154.821
1783748159.245200,154.821
1783748159.265342,154.821
1783748159.285488,154.821
1783748159.305629,154.821
1783748159.325766,154.449
1783748159.345906,154.449
1783748159.366046,154.449
1783748159.386198,154.449
1783748159.406344,154.323
1783748159.426481,154.323
1783748159.446619,154.323
1783748159.466769,154.323
1783748159.486907,154.323
1783748159.507047,154.555
1783748159.527192,154.555
1783748159.547341,154.555
1783748159.567482,154.555
1783748159.587621,154.555
1783748159.607765,154.390
1783748159.627915,154.390
1783748159.648029,154.390
1783748159.668167,154.390
1783748159.688308,154.390
1783748159.708458,154.571
1783748159.728596,154.571
1783748159.748716,154.571
1783748159.768897,154.571
1783748159.789046,154.571
1783748159.809199,154.733
1783748159.829341,154.733
1783748159.849480,154.733
1783748159.869624,154.733
1783748159.889770,154.733
1783748159.909913,154.717
1783748159.930050,154.717
1783748159.950195,154.717
1783748159.970353,154.717
1783748159.990497,154.717
1783748160.010633,154.444
1783748160.030772,154.444
1783748160.050929,154.444
1783748160.071074,154.444
1783748160.091215,154.444
1783748160.111358,154.611
1783748160.131513,154.611
1783748160.151693,154.611
1783748160.171879,154.611
1783748160.192024,154.611
1783748160.212176,154.587
1783748160.232350,154.587
1783748160.252491,154.587
1783748160.272635,154.587
1783748160.292776,154.587
1783748160.312925,155.245
1783748160.333067,155.245
1783748160.353207,155.245
1783748160.373350,155.245
1783748160.393507,155.245
1783748160.413652,155.148
1783748160.433790,155.148
1783748160.453935,155.148
1783748160.474079,155.148
1783748160.494224,155.148
1783748160.514361,155.069
1783748160.534505,155.069
1783748160.554662,155.069
1783748160.574805,155.069
1783748160.594944,155.069
1783748160.615088,155.141
1783748160.635241,155.141
1783748160.655387,155.141
1783748160.675526,155.141
1783748160.695671,155.141
1783748160.715825,155.208
1783748160.735971,155.208
1783748160.756079,155.208
1783748160.776221,155.208
1783748160.796367,155.208
1783748160.816521,155.009
1783748160.836657,155.009
1783748160.856794,155.009
1783748160.876936,155.009
1783748160.897089,155.009
1783748160.917261,154.910
1783748160.937398,154.910
1783748160.957539,154.910
1783748160.977684,154.910
1783748160.997828,154.910
1783748161.017967,155.186
1783748161.038107,155.186
1783748161.058263,155.186
1783748161.078408,155.186
1783748161.098547,155.186
1783748161.118685,155.054
1783748161.138835,155.054
1783748161.158980,155.054
1783748161.179101,155.054
1783748161.199244,155.054
1783748161.219396,154.891
1783748161.239545,154.891
1783748161.259681,154.891
1783748161.279825,154.891
1783748161.299972,154.891
1783748161.320123,154.528
1783748161.340264,154.528
1783748161.360406,154.528
1783748161.380550,154.528
1783748161.400669,154.528
1783748161.420811,154.498
1783748161.440973,154.498
1783748161.461075,154.498
1783748161.481182,154.498
1783748161.501323,154.498
1783748161.521485,154.598
1783748161.541629,154.598
1783748161.561784,154.598
1783748161.581929,154.598
1783748161.602070,154.598
1783748161.622214,154.369
1783748161.642368,154.369
1783748161.662512,154.369
1783748161.682652,154.369
1783748161.702792,154.369
1783748161.722945,154.371
1783748161.743088,154.371
1783748161.763206,154.371
1783748161.783329,154.371
1783748161.803455,154.371
1783748161.823609,154.492
1783748161.843754,154.492
1783748161.863896,154.492
1783748161.884036,154.492
1783748161.904190,154.492
1783748161.924326,154.425
1783748161.944465,154.425
1783748161.964609,154.425
1783748161.984751,154.425
1783748162.004893,154.425
1783748162.025030,154.173
1783748162.045167,154.173
1783748162.065317,154.173
1783748162.085451,154.173
1783748162.105585,154.173
1783748162.125767,154.244
1783748162.145917,154.244
1783748162.166064,154.244
1783748162.186200,154.244
1783748162.206346,154.244
1783748162.226501,154.333
1783748162.246648,154.333
1783748162.266784,154.333
1783748162.286927,154.333
1783748162.307072,155.093
1783748162.327211,155.093
1783748162.347351,155.093
1783748162.367494,155.093
1783748162.387638,155.093
1783748162.407790,154.828
1783748162.427934,154.828
1783748162.448072,154.828
1783748162.468217,154.828
1783748162.488369,154.828
1783748162.508515,154.662
1783748162.528654,154.662
1783748162.548772,154.662
1783748162.568922,154.662
1783748162.589067,154.662
1783748162.609206,154.843
1783748162.629351,154.843
1783748162.649505,154.843
1783748162.669650,154.843
1783748162.689785,154.843
1783748162.709930,154.637
1783748162.730111,154.637
1783748162.750258,154.637
1783748162.770396,154.637
1783748162.790565,154.637
1783748162.810681,154.535
1783748162.830818,154.535
1783748162.850955,154.535
1783748162.871095,154.535
1783748162.891239,154.535
1783748162.911390,154.489
1783748162.931533,154.489
1783748162.951669,154.489
1783748162.971809,154.489
1783748162.991952,154.489
1783748163.012092,154.860
1783748163.032230,154.860
1783748163.052376,154.860
1783748163.072521,154.860
1783748163.092662,154.860
1783748163.112799,154.997
1783748163.132940,154.997
1783748163.153090,154.997
1783748163.173234,154.997
1783748163.193373,154.997
1783748163.213517,154.972
1783748163.233669,154.972
1783748163.253814,154.972
1783748163.273952,154.972
1783748163.294096,154.972
1783748163.314243,154.717
1783748163.334399,154.717
1783748163.354540,154.717
1783748163.374682,154.717
1783748163.394829,154.717
1783748163.414985,154.882
1783748163.435126,154.882
1783748163.455267,154.882
1783748163.475408,154.882
1783748163.495564,154.882
1783748163.515709,154.871
1783748163.535894,154.871
1783748163.556035,154.871
1783748163.576190,154.871
1783748163.596330,154.871
1783748163.616471,154.125
1783748163.636615,154.125
1783748163.656761,154.125
1783748163.676906,154.125
1783748163.697042,154.125
1783748163.717182,154.535
1783748163.737331,154.535
1783748163.757476,154.535
1783748163.777615,154.535
1783748163.797778,154.535
1783748163.817920,154.632
1783748163.838066,154.632
1783748163.858206,154.632
1783748163.878346,154.632
1783748163.898484,154.632
1783748163.918622,154.500
1783748163.938761,154.500
1783748163.958894,154.500
1783748163.979031,154.500
1783748163.999184,154.500
1783748164.019356,154.427
1783748164.039490,154.427
1783748164.059609,154.427
1783748164.079784,154.427
1783748164.099923,154.427
1783748164.120061,154.320
1783748164.140198,154.320
1783748164.160349,154.320
1783748164.180493,154.320
1783748164.200629,154.320
1783748164.220768,154.289
1783748164.240913,154.289
1783748164.261050,154.289
1783748164.281186,154.289
1783748164.301324,154.289
1783748164.321467,154.219
1783748164.341612,154.219
1783748164.361753,154.219
1783748164.381889,154.219
1783748164.402033,154.219
1783748164.422180,154.224
1783748164.442322,154.224
1783748164.462456,154.224
1783748164.482591,154.224
1783748164.502785,154.224
1783748164.522928,154.151
1783748164.543063,154.151
1783748164.563204,154.151
1783748164.583334,154.151
1783748164.603476,154.151
1783748164.623613,154.930
1783748164.643752,154.930
1783748164.663904,154.930
1783748164.684047,154.930
1783748164.704184,154.930
1783748164.724324,155.055
1783748164.744472,155.055
1783748164.764609,155.055
1783748164.784787,155.055
1783748164.804924,155.055
1783748164.825063,154.847
1783748164.845188,154.847
1783748164.865324,154.847
1783748164.885458,154.847
1783748164.905599,154.847
1783748164.925789,154.168
1783748164.945928,154.168
1783748164.966065,154.168
1783748164.986202,154.168
1783748165.006350,154.168
1783748165.026492,154.381
1783748165.046624,154.381
1783748165.066762,154.381
1783748165.086916,154.381
1783748165.107058,154.381
1783748165.127193,154.350
1783748165.147335,154.350
1783748165.167489,154.350
1783748165.187630,154.350
1783748165.207769,154.640
1783748165.227910,154.640
1783748165.248061,154.640
1783748165.268199,154.640
1783748165.288365,154.640
1783748165.308503,154.713
1783748165.328649,154.713
1783748165.348799,154.713
1783748165.368965,154.713
1783748165.389105,154.713
1783748165.409250,154.912
1783748165.429400,154.912
1783748165.449541,154.912
1783748165.469676,154.912
1783748165.489815,154.912
1783748165.509970,154.932
1783748165.530114,154.932
1783748165.550248,154.932
1783748165.570388,154.932
1783748165.590540,154.932
1783748165.610682,154.687
1783748165.630818,154.687
1783748165.650957,154.687
1783748165.671109,154.687
1783748165.691253,154.687
1783748165.711389,154.463
1783748165.731530,154.463
1783748165.751681,154.463
1783748165.771822,154.463
1783748165.791961,154.463
1783748165.812101,154.390
1783748165.832277,154.390
1783748165.852425,154.390
1783748165.872564,154.390
1783748165.892702,154.390
1783748165.912889,155.076
1783748165.933038,155.076
1783748165.953175,155.076
1783748165.973311,155.076
1783748165.993449,155.076
1783748166.013599,154.873
1783748166.033785,154.873
1783748166.053921,154.873
1783748166.074063,154.873
1783748166.094219,154.873
1783748166.114361,154.999
1783748166.134498,154.999
1783748166.154638,154.999
1783748166.174792,154.999
1783748166.194935,154.999
1783748166.215074,155.003
1783748166.235214,155.003
1783748166.255354,155.003
1783748166.275489,155.003
1783748166.295607,155.003
1783748166.315753,155.121
1783748166.335905,155.121
1783748166.356054,155.121
1783748166.376197,155.121
1783748166.396342,155.121
1783748166.416487,154.895
1783748166.436633,154.895
1783748166.456775,154.895
1783748166.476915,154.895
1783748166.497053,154.895
1783748166.517207,154.768
1783748166.537355,154.768
1783748166.557470,154.768
1783748166.577644,154.768
1783748166.597802,154.768
1783748166.617943,155.333
1783748166.638079,155.333
1783748166.658242,155.333
1783748166.678397,155.333
1783748166.698539,155.333
1783748166.718677,155.362
1783748166.738817,155.362
1783748166.758960,155.362
1783748166.779102,155.362
1783748166.799221,155.362
1783748166.819357,155.365
1783748166.839502,155.365
1783748166.859645,155.365
1783748166.879786,155.365
1783748166.899923,155.365
1783748166.920065,154.789
1783748166.940214,154.789
1783748166.960350,154.789
1783748166.980484,154.789
1783748167.000624,154.789
1783748167.020775,154.829
1783748167.040912,154.829
1783748167.061048,154.829
1783748167.081185,154.829
1783748167.101319,154.829
1783748167.121462,155.119
1783748167.141599,155.119
1783748167.161786,155.119
1783748167.181937,155.119
1783748167.202079,155.119
1783748167.222216,154.789
1783748167.242357,154.789
1783748167.262497,154.789
1783748167.282632,154.789
1783748167.302774,154.789
1783748167.322888,154.765
1783748167.343002,154.765
1783748167.363134,154.765
1783748167.383271,154.765
1783748167.403413,154.765
1783748167.423552,154.777
1783748167.443700,154.777
1783748167.463901,154.777
1783748167.484040,154.777
1783748167.504179,154.777
1783748167.524334,155.033
1783748167.544479,155.033
1783748167.564613,155.033
1783748167.584765,155.033
1783748167.604930,155.033
1783748167.625072,155.143
1783748167.645208,155.143
1783748167.665345,155.143
1783748167.685494,155.143
1783748167.705636,155.143
1783748167.725777,154.754
1783748167.745918,154.754
1783748167.766062,154.754
1783748167.786206,154.754
1783748167.806343,154.754
1783748167.826484,155.082
1783748167.846637,155.082
1783748167.866815,155.082
1783748167.886952,155.082
1783748167.907091,155.082
1783748167.927259,155.315
1783748167.947412,155.315
1783748167.967552,155.315
1783748167.987673,155.315
1783748168.007813,155.315
1783748168.027965,155.400
1783748168.048103,155.400
1783748168.068240,155.400
1783748168.088378,155.400
1783748168.108534,158.916
1783748168.128678,155.319
1783748168.148816,155.319
1783748168.168957,155.319
1783748168.189115,155.319
1783748168.209256,155.167
1783748168.229394,155.167
1783748168.249537,155.167
1783748168.269683,155.167
1783748168.289826,155.167
1783748168.309966,155.125
1783748168.330109,155.125
1783748168.350261,155.125
1783748168.370406,155.125
1783748168.390546,155.125
1783748168.410688,155.099
1783748168.430835,155.099
1783748168.450987,155.099
1783748168.471128,155.099
1783748168.491266,155.099
1783748168.511412,155.323
1783748168.531568,155.323
1783748168.551713,155.323
1783748168.571892,155.323
1783748168.592034,155.323
1783748168.612189,154.836
1783748168.632314,154.836
1783748168.652452,154.836
1783748168.672592,154.836
1783748168.692794,154.836
1783748168.712937,155.129
1783748168.733078,155.129
1783748168.753221,155.129
1783748168.773368,155.129
1783748168.793513,155.129
1783748168.813650,155.043
1783748168.833790,155.043
1783748168.853940,155.043
1783748168.874086,155.043
1783748168.894223,155.043
1783748168.914361,154.890
1783748168.934507,154.890
1783748168.954652,154.890
1783748168.974787,154.890
1783748168.994925,154.890
1783748169.015072,154.802
1783748169.035222,154.802
1783748169.055364,154.802
1783748169.075500,154.802
1783748169.095646,154.802
1783748169.115801,154.744
1783748169.135946,154.744
1783748169.156115,154.744
1783748169.176257,154.744
1783748169.196418,154.744
1783748169.216586,155.157
1783748169.236775,155.157
1783748169.256921,155.157
1783748169.277069,155.157
1783748169.297216,155.157
1783748169.317355,155.220
1783748169.337502,155.220
1783748169.357655,155.220
1783748169.377803,155.220
1783748169.397947,155.220
1783748169.418090,155.405
1783748169.438238,155.405
1783748169.458392,155.405
1783748169.478530,155.405
1783748169.498673,155.405
1783748169.518823,155.176
1783748169.538975,155.176
1783748169.559116,155.176
1783748169.579259,155.176
1783748169.599403,155.176
1783748169.619561,155.236
1783748169.639705,155.236
1783748169.659890,155.236
1783748169.680032,155.236
1783748169.700182,155.236
1783748169.720321,155.322
1783748169.740460,155.322
1783748169.760605,155.322
1783748169.780791,155.322
1783748169.800933,155.322
1783748169.821071,155.057
1783748169.841216,155.057
1783748169.861369,155.057
1783748169.881512,155.057
1783748169.901650,155.057
1783748169.921794,155.236
1783748169.941936,155.236
1783748169.962077,155.236
1783748169.982212,155.236
1783748170.002350,155.236
1783748170.022495,155.430
1783748170.042636,155.430
1783748170.062775,155.430
1783748170.082915,155.430
1783748170.103057,155.430
1783748170.123206,155.180
1783748170.143348,155.180
1783748170.163486,155.180
1783748170.183629,155.180
1783748170.203778,155.180
1783748170.223920,155.398
1783748170.244059,155.398
1783748170.264230,155.398
1783748170.284378,155.398
1783748170.304518,155.398
1783748170.324658,155.256
1783748170.344800,155.256
1783748170.364948,155.256
1783748170.385089,155.256
1783748170.405229,155.256
1783748170.425409,155.300
1783748170.445558,155.300
1783748170.465703,155.300
1783748170.485897,155.300
1783748170.506062,155.300
1783748170.526209,155.294
1783748170.546355,155.294
1783748170.566495,155.294
1783748170.586633,155.294
1783748170.606776,155.294
1783748170.626928,154.951
1783748170.647074,154.951
1783748170.667213,154.951
1783748170.687355,154.951
1783748170.707510,154.951
1783748170.727655,154.850
1783748170.747795,154.850
1783748170.767937,154.850
1783748170.788095,154.850
1783748170.808240,154.850
1783748170.828380,154.969
1783748170.848519,154.969
1783748170.868678,154.969
1783748170.888817,154.969
1783748170.908952,154.969
1783748170.929096,154.763
1783748170.949250,154.763
1783748170.969398,154.763
1783748170.989536,154.763
1783748171.009677,155.202
1783748171.029827,155.202
1783748171.049950,155.202
1783748171.070090,155.202
1783748171.090227,155.202
1783748171.110421,155.334
1783748171.130575,155.334
1783748171.150720,155.334
1783748171.170906,155.334
1783748171.191051,155.334
1783748171.211211,155.272
1783748171.231356,155.272
1783748171.251494,155.272
1783748171.271631,155.272
1783748171.291778,155.272
1783748171.311921,155.285
1783748171.332060,155.285
1783748171.352199,155.285
1783748171.372349,155.285
1783748171.392494,155.285
1783748171.412635,155.301
1783748171.432773,155.301
1783748171.452922,155.301
1783748171.473070,155.301
1783748171.493210,155.301
1783748171.513350,155.300
1783748171.533493,155.300
1783748171.553645,155.300
1783748171.573785,155.300
1783748171.593921,155.300
1783748171.614061,155.434
1783748171.634211,155.434
1783748171.654350,155.434
1783748171.674487,155.434
1783748171.694626,155.434
1783748171.714815,155.287
1783748171.734957,155.287
1783748171.755095,155.287
1783748171.775235,155.287
1783748171.795420,155.287
1783748171.815562,155.575
1783748171.835702,155.575
1783748171.855888,155.575
1783748171.876045,155.575
1783748171.896186,155.575
1783748171.916323,155.706
1783748171.936468,155.706
1783748171.956624,155.706
1783748171.976773,155.706
1783748171.996914,155.706
1783748172.017056,155.519
1783748172.037167,155.519
1783748172.057280,155.519
1783748172.077396,155.519
1783748172.097500,155.519
1783748172.117637,155.410
1783748172.137793,155.410
1783748172.157942,155.410
1783748172.178079,155.410
1783748172.198226,155.410
1783748172.218385,155.195
1783748172.238532,155.195
1783748172.258672,155.195
1783748172.278813,155.195
1783748172.298971,155.195
1783748172.319113,155.161
1783748172.339255,155.161
1783748172.359399,155.161
1783748172.379556,155.161
1783748172.399704,155.161
1783748172.419891,155.144
1783748172.440036,155.144
1783748172.460190,155.144
1783748172.480331,155.144
1783748172.500473,155.144
1783748172.520618,154.995
1783748172.540770,154.995
1783748172.560925,154.995
1783748172.581068,154.995
1783748172.601208,154.995
1783748172.621352,155.200
1783748172.641510,155.200
1783748172.661654,155.200
1783748172.681794,155.200
1783748172.701940,155.200
1783748172.722099,155.158
1783748172.742245,155.158
1783748172.762385,155.158
1783748172.782530,155.158
1783748172.802688,155.158
1783748172.822834,154.805
1783748172.842973,154.805
1783748172.863119,154.805
1783748172.883271,154.805
1783748172.903415,154.805
1783748172.923554,154.527
1783748172.943699,154.527
1783748172.963906,154.527
1783748172.984046,154.527
1783748173.004216,154.527
1783748173.024360,154.602
1783748173.044511,154.602
1783748173.064690,154.602
1783748173.084836,154.602
1783748173.104977,154.602
1783748173.125124,154.683
1783748173.145279,154.683
1783748173.165425,154.683
1783748173.185564,154.683
1783748173.205711,154.683
1783748173.225915,154.713
1783748173.246061,154.713
1783748173.266200,154.713
1783748173.286340,154.713
1783748173.306501,154.713
1783748173.326646,154.578
1783748173.346785,154.578
1783748173.366931,154.578
1783748173.387090,154.578
1783748173.407238,154.578
1783748173.427377,154.936
1783748173.447523,154.936
1783748173.467678,154.936
1783748173.487818,154.936
1783748173.507961,154.936
1783748173.528105,155.029
1783748173.548255,155.029
1783748173.568405,155.029
1783748173.588550,155.029
1783748173.608692,155.029
1783748173.628902,154.925
1783748173.649056,154.925
1783748173.669200,154.925
1783748173.689339,154.925
1783748173.709485,154.925
1783748173.729644,155.309
1783748173.749790,155.309
1783748173.769928,155.309
1783748173.790073,155.309
1783748173.810209,155.788
1783748173.830354,155.788
1783748173.850495,155.788
1783748173.870640,155.788
1783748173.890798,155.788
1783748173.910944,155.895
1783748173.931086,155.895
1783748173.951231,155.895
1783748173.971387,155.895
1783748173.991531,155.895
1783748174.011673,155.693
1783748174.031817,155.693
1783748174.051965,155.693
1783748174.072109,155.693
1783748174.092252,155.693
1783748174.112396,155.265
1783748174.132543,155.265
1783748174.152701,155.265
1783748174.172895,155.265
1783748174.193033,155.265
1783748174.213177,155.480
1783748174.233336,155.480
1783748174.253480,155.480
1783748174.273619,155.480
1783748174.293795,155.480
1783748174.313956,155.269
1783748174.334098,155.269
1783748174.354265,155.269
1783748174.374410,155.269
1783748174.394565,155.269
1783748174.414710,155.207
1783748174.434905,155.207
1783748174.455050,155.207
1783748174.475206,155.207
1783748174.495350,155.207
1783748174.515491,154.896
1783748174.535635,154.896
1783748174.555781,154.896
1783748174.575933,154.896
1783748174.596076,154.896
1783748174.616217,155.044
1783748174.636366,155.044
1783748174.656537,155.044
1783748174.676682,155.044
1783748174.696821,155.044
1783748174.716965,155.040
1783748174.737126,155.040
1783748174.757272,155.040
1783748174.777410,155.040
1783748174.797554,155.040
1783748174.817715,154.664
1783748174.837912,154.664
1783748174.858051,154.664
1783748174.878196,154.664
1783748174.898341,154.664
1783748174.918484,155.025
1783748174.938624,155.025
1783748174.958773,155.025
1783748174.978918,155.025
1783748174.999065,155.025
1783748175.019208,155.100
1783748175.039350,155.100
1783748175.059499,155.100
1783748175.079649,155.100
1783748175.099793,155.100
1783748175.119933,155.376
1783748175.140079,155.376
1783748175.160230,155.376
1783748175.180373,155.376
1783748175.200514,155.376
1783748175.220659,155.415
1783748175.240813,155.415
1783748175.260958,155.415
1783748175.281097,155.415
1783748175.301243,155.415
1783748175.321402,155.460
1783748175.341547,155.460
1783748175.361688,155.460
1783748175.381860,155.460
1783748175.402019,155.460
1783748175.422164,155.466
1783748175.442306,155.466
1783748175.462451,155.466
1783748175.482600,155.466
1783748175.502798,155.466
1783748175.522939,155.293
1783748175.543039,155.293
1783748175.563151,155.293
1783748175.583268,155.293
1783748175.603404,155.293
1783748175.623546,155.453
1783748175.643703,155.453
1783748175.663886,155.453
1783748175.684030,155.453
1783748175.704170,155.453
1783748175.724311,155.416
1783748175.744460,155.416
1783748175.764604,155.416
1783748175.784783,155.416
1783748175.804925,155.416
1783748175.825078,155.510
1783748175.845221,155.510
1783748175.865358,155.510
1783748175.885501,155.510
1783748175.905654,155.510
1783748175.925797,155.448
1783748175.945936,155.448
1783748175.966081,155.448
1783748175.986229,155.448
1783748176.006377,155.448
1783748176.026517,155.107
1783748176.046657,155.107
1783748176.066811,155.107
1783748176.086958,155.107
1783748176.107102,155.107
1783748176.127242,154.839
1783748176.147389,154.839
1783748176.167539,154.839
1783748176.187682,154.839
1783748176.207821,154.839
1783748176.227946,154.729
1783748176.248075,154.729
1783748176.268218,154.729
1783748176.288356,154.729
1783748176.308480,154.729
1783748176.328642,154.985
1783748176.348784,154.985
1783748176.368923,154.985
1783748176.389067,154.985
1783748176.409227,154.985
1783748176.429372,155.037
1783748176.449510,155.037
1783748176.469654,155.037
1783748176.489803,155.037
1783748176.509950,155.037
1783748176.530092,154.904
1783748176.550232,154.904
1783748176.570383,154.904
1783748176.590533,154.904
1783748176.610676,154.904
1783748176.630820,155.037
1783748176.650969,155.037
1783748176.671123,155.037
1783748176.691265,155.037
1783748176.711405,155.339
1783748176.731548,155.339
1783748176.751698,155.339
1783748176.771888,155.339
1783748176.792028,155.339
1783748176.812171,155.503
1783748176.832325,155.503
1783748176.852496,155.503
1783748176.872635,155.503
1783748176.892780,155.503
1783748176.912933,155.485
1783748176.933104,155.485
1783748176.953244,155.485
1783748176.973387,155.485
1783748176.993538,155.485
1783748177.013685,155.496
1783748177.033826,155.496
1783748177.053967,155.496
1783748177.074113,155.496
1783748177.094256,155.496
1783748177.114397,155.731
1783748177.134541,155.731
1783748177.154688,155.731
1783748177.174839,155.731
1783748177.194981,155.731
1783748177.215121,155.752
1783748177.235263,155.752
1783748177.255412,155.752
1783748177.275548,155.752
1783748177.295686,155.752
1783748177.315830,155.591
1783748177.335987,155.591
1783748177.356130,155.591
1783748177.376271,155.591
1783748177.396417,155.591
1783748177.416577,154.927
1783748177.436722,154.927
1783748177.456908,154.927
1783748177.477054,154.927
1783748177.497205,154.927
1783748177.517345,155.115
1783748177.537484,155.115
1783748177.557628,155.115
1783748177.577783,155.115
1783748177.597930,155.115
1783748177.618073,155.301
1783748177.638216,155.301
1783748177.658367,155.301
1783748177.678522,155.301
1783748177.698663,155.301
1783748177.718806,154.909
1783748177.738954,154.909
1783748177.759110,154.909
1783748177.779250,154.909
1783748177.799388,154.909
1783748177.819535,154.804
1783748177.839694,154.804
1783748177.859885,154.804
1783748177.880025,154.804
1783748177.900164,154.804
1783748177.920319,154.838
1783748177.940445,154.838
1783748177.960582,154.838
1783748177.980768,154.838
1783748178.000922,154.838
1783748178.021067,154.659
1783748178.041207,154.659
1783748178.061350,154.659
1783748178.081504,154.659
1783748178.101650,154.659
1783748178.121787,154.640
1783748178.141952,154.640
1783748178.162103,154.640
1783748178.182245,154.640
1783748178.202411,154.640
1783748178.222554,154.464
1783748178.242695,154.464
1783748178.262891,154.464
1783748178.283029,154.464
1783748178.303167,154.464
1783748178.323313,154.579
1783748178.343457,154.579
1783748178.363602,154.579
1783748178.383785,154.579
1783748178.403931,154.579
1783748178.424091,155.317
1783748178.444229,155.317
1783748178.464368,155.317
1783748178.484510,155.317
1783748178.504666,155.317
1783748178.524811,155.289
1783748178.544950,155.289
1783748178.565094,155.289
1783748178.585246,155.289
1783748178.605396,155.289
1783748178.625538,155.008
1783748178.645679,155.008
1783748178.665830,155.008
1783748178.685983,155.008
1783748178.706127,155.008
1783748178.726269,155.312
1783748178.746414,155.312
1783748178.766562,155.312
1783748178.786701,155.312
1783748178.806885,155.312
1783748178.827029,155.136
1783748178.847178,155.136
1783748178.867320,155.136
1783748178.887459,155.136
1783748178.907599,155.136
1783748178.927760,155.214
1783748178.947900,155.214
1783748178.968038,155.214
1783748178.988179,155.214
1783748179.008335,155.214
1783748179.028481,155.194
1783748179.048620,155.194
1783748179.068765,155.194
1783748179.088921,155.194
1783748179.109072,155.194
1783748179.129210,155.194
1783748179.149353,155.194
1783748179.169504,155.194
1783748179.189655,155.194
1783748179.209778,155.194
1783748179.229919,155.457
1783748179.250067,155.457
1783748179.270216,155.457
1783748179.290356,155.457
1783748179.310493,155.457
1783748179.330639,155.354
1783748179.350756,155.354
1783748179.370873,155.354
1783748179.390968,155.354
1783748179.411087,155.354
1783748179.431248,155.223
1783748179.451365,155.223
1783748179.471479,155.223
1783748179.491751,155.223
1783748179.511885,155.223
1783748179.532004,155.192
1783748179.552117,155.192
1783748179.572236,155.192
1783748179.592343,155.192
1783748179.612468,155.295
1783748179.632584,155.295
1783748179.652698,155.295
1783748179.672846,155.295
1783748179.692946,155.295
1783748179.713064,155.324
1783748179.733181,155.324
1783748179.753302,155.324
1783748179.773431,155.324
1783748179.793528,155.324
1783748179.813646,155.415
1783748179.833766,155.415
1783748179.853899,155.415
1783748179.874018,155.415
1783748179.894114,155.415
1783748179.914230,155.365
1783748179.934383,155.365
1783748179.954500,155.365
1783748179.974616,155.365
1783748179.994712,155.365
1783748180.014901,155.599
1783748180.035020,155.599
1783748180.055134,155.599
1783748180.075251,155.599
1783748180.095352,155.599
1783748180.115476,155.499
1783748180.135590,155.499
1783748180.155708,155.499
1783748180.175863,155.499
1783748180.195961,155.499
1783748180.216078,155.256
1783748180.236192,155.256
1783748180.256311,155.256
1783748180.276438,155.256
1783748180.296534,155.256
1783748180.316650,155.512
1783748180.336767,155.512
1783748180.356885,155.512
1783748180.377003,155.512
1783748180.397099,155.512
1783748180.417218,155.422
1783748180.437353,155.422
1783748180.457471,155.422
1783748180.477587,155.422
1783748180.497687,155.422
1783748180.517818,155.411
1783748180.537938,155.411
1783748180.558053,155.411
1783748180.578172,155.411
1783748180.598279,155.411
1783748180.618402,155.621
1783748180.638520,155.621
1783748180.658639,155.621
1783748180.678763,155.621
1783748180.698887,155.621
1783748180.719007,155.346
1783748180.739142,155.346
1783748180.759264,155.346
1783748180.779397,155.346
1783748180.799495,155.346
1783748180.819609,155.497
1783748180.839761,155.497
1783748180.859895,155.497
1783748180.880014,155.497
1783748180.900130,155.497
1783748180.920247,155.520
1783748180.940379,155.520
1783748180.960497,155.520
1783748180.980609,155.520
1783748181.000757,155.520
1783748181.020881,155.221
1783748181.041001,155.221
1783748181.061113,155.221
1783748181.081232,155.221
1783748181.101359,155.221
1783748181.121478,155.323
1783748181.141596,155.323
1783748181.161713,155.323
1783748181.181876,155.323
1783748181.201996,155.323
1783748181.222113,155.321
1783748181.242229,155.321
1783748181.262347,155.321
1783748181.282464,155.321
1783748181.302562,155.321
1783748181.322672,155.367
1783748181.342791,155.367
1783748181.362916,155.367
1783748181.385746,155.367
1783748181.405861,155.367
1783748181.425979,155.255
1783748181.446111,155.255
1783748181.466229,155.255
1783748181.486325,155.255
1783748181.506443,155.255
1783748181.526575,155.176
1783748181.546694,155.176
1783748181.566810,155.176
1783748181.586908,155.176
1783748181.607037,155.176
1783748181.627159,155.115
1783748181.647275,155.115
1783748181.667394,155.115
1783748181.687500,155.115
1783748181.707620,155.115
1783748181.727771,155.474
1783748181.747890,155.474
1783748181.768015,155.474
1783748181.788114,155.474
1783748181.808230,155.474
1783748181.828345,155.101
1783748181.848466,155.101
1783748181.868600,155.101
1783748181.888697,155.101
1783748181.908812,155.101
1783748181.928932,155.268
1783748181.949066,155.268
1783748181.969184,155.268
1783748181.989300,155.268
1783748182.009420,155.268
1783748182.029552,155.375
1783748182.049647,155.375
1783748182.069779,155.375
1783748182.089877,155.375
1783748182.110010,155.375
1783748182.130131,155.353
1783748182.150244,155.353
1783748182.170363,155.353
1783748182.190474,155.353
1783748182.210599,155.353
1783748182.230775,155.366
1783748182.250919,155.366
1783748182.271065,155.366
1783748182.291171,155.366
1783748182.311286,155.366
1783748182.331401,155.323
1783748182.351521,155.323
1783748182.371650,155.323
1783748182.391753,155.323
1783748182.411869,155.323
1783748182.431988,155.390
1783748182.452120,155.390
1783748182.472239,155.390
1783748182.492332,155.390
1783748182.512454,155.390
1783748182.532586,155.460
1783748182.552706,155.460
1783748182.572861,155.460
1783748182.592961,155.460
1783748182.613094,155.188
1783748182.633216,155.188
1783748182.653332,155.188
1783748182.673450,155.188
1783748182.693558,155.188
1783748182.713682,155.326
1783748182.733817,155.326
1783748182.753959,155.326
1783748182.774109,155.326
1783748182.794270,155.326
1783748182.814387,155.344
1783748182.834500,155.344
1783748182.854618,155.344
1783748182.874752,155.344
1783748182.894847,155.344
1783748182.914960,155.173
1783748182.935080,155.173
1783748182.955214,155.173
1783748182.975334,155.173
1783748182.995428,155.173
1783748183.015546,155.234
1783748183.035677,155.234
1783748183.055789,155.234
1783748183.075905,155.234
1783748183.096002,155.234
1783748183.116132,155.271
1783748183.136253,155.271
1783748183.156369,155.271
1783748183.176485,155.271
1783748183.196588,155.271
1783748183.216712,155.052
1783748183.236868,155.052
1783748183.256984,155.052
1783748183.277132,155.052
1783748183.297235,155.052
1783748183.317326,155.517
1783748183.337436,155.517
1783748183.357554,155.517
1783748183.377687,155.517
1783748183.397786,155.517
1783748183.417900,155.283
1783748183.438017,155.283
1783748183.458150,155.283
1783748183.478269,155.283
1783748183.498365,155.283
1783748183.518484,155.512
1783748183.538614,155.512
1783748183.558775,155.512
1783748183.578890,155.512
1783748183.598993,155.512
1783748183.619123,155.577
1783748183.639245,155.577
1783748183.659358,155.577
1783748183.679476,155.577
1783748183.699581,155.577
1783748183.719710,155.265
1783748183.739862,155.265
1783748183.759978,155.265
1783748183.780100,155.265
1783748183.800203,155.265
1783748183.820319,155.330
1783748183.840434,155.330
1783748183.860553,155.330
1783748183.880687,155.330
1783748183.900803,155.330
1783748183.920915,155.573
1783748183.941034,155.573
1783748183.961167,155.573
1783748183.981286,155.573
1783748184.001400,155.573
1783748184.021517,155.254
1783748184.041648,155.254
1783748184.061765,155.254
1783748184.081879,155.254
1783748184.101980,155.254
1783748184.122125,155.523
1783748184.142273,155.523
1783748184.162414,155.523
1783748184.182559,155.523
1783748184.202709,155.523
1783748184.222907,155.648
1783748184.243048,155.648
1783748184.263188,155.648
1783748184.283327,155.648
1783748184.303472,155.648
1783748184.323613,155.396
1783748184.343751,155.396
1783748184.363891,155.396
1783748184.384044,155.396
1783748184.404188,155.396
1783748184.424323,155.799
1783748184.444462,155.799
1783748184.464614,155.799
1783748184.484754,155.799
1783748184.504892,155.799
1783748184.525028,155.608
1783748184.545177,155.608
1783748184.565344,155.608
1783748184.585483,155.608
1783748184.605619,155.608
1783748184.625786,155.634
1783748184.645930,155.634
1783748184.666069,155.634
1783748184.686209,155.634
1783748184.706351,155.634
1783748184.726496,155.564
1783748184.746640,155.564
1783748184.766779,155.564
1783748184.786922,155.564
1783748184.807073,155.564
1783748184.827216,155.555
1783748184.847354,155.555
1783748184.867496,155.555
1783748184.887650,155.555
1783748184.907789,155.555
1783748184.927924,155.716
1783748184.948067,155.716
1783748184.968223,155.716
1783748184.988363,155.716
1783748185.008501,155.716
1783748185.028644,155.743
1783748185.048797,155.743
1783748185.068938,155.743
1783748185.089077,155.743
1783748185.109217,155.743
1783748185.129367,155.614
1783748185.149514,155.614
1783748185.169655,155.614
1783748185.189797,155.614
1783748185.209942,155.614
1783748185.230088,155.595
1783748185.250230,155.595
1783748185.270369,155.595
1783748185.290508,155.595
1783748185.310655,155.595
1783748185.330798,155.577
1783748185.350937,155.577
1783748185.371078,155.577
1783748185.391229,155.577
1783748185.411370,155.577
1783748185.431507,155.561
1783748185.451647,155.561
1783748185.471803,155.561
1783748185.491943,155.561
1783748185.512082,155.561
1783748185.532223,155.411
1783748185.552377,155.411
1783748185.572520,155.411
1783748185.592659,155.411
1783748185.612802,155.411
1783748185.632955,155.460
1783748185.653099,155.460
1783748185.673239,155.460
1783748185.693378,155.460
1783748185.713529,155.460
1783748185.733676,155.568
1783748185.753818,155.568
1783748185.773958,155.568
1783748185.794104,155.568
1783748185.814254,155.640
1783748185.834424,155.640
1783748185.854561,155.640
1783748185.874702,155.640
1783748185.894938,155.640
1783748185.915106,155.457
1783748185.935242,155.457
1783748185.955383,155.457
1783748185.975536,155.457
1783748185.995679,155.457
1783748186.015817,155.712
1783748186.035958,155.712
1783748186.056108,155.712
1783748186.076251,155.712
1783748186.096392,155.712
1783748186.116534,155.626
1783748186.136687,155.626
1783748186.156829,155.626
1783748186.176970,155.626
1783748186.197110,155.626
1783748186.217262,155.382
1783748186.237407,155.382
1783748186.257550,155.382
1783748186.277690,155.382
1783748186.297862,155.382
1783748186.318009,155.354
1783748186.338153,155.354
1783748186.358289,155.354
1783748186.378398,155.354
1783748186.398544,155.354
1783748186.418688,155.232
1783748186.438828,155.232
1783748186.458966,155.232
1783748186.479116,155.232
1783748186.499253,155.232
1783748186.519391,155.225
1783748186.539531,155.225
1783748186.559686,155.225
1783748186.579829,155.225
1783748186.599967,155.225
1783748186.620110,155.342
1783748186.640264,155.342
1783748186.660411,155.342
1783748186.680550,155.342
1783748186.700691,155.342
1783748186.720840,155.079
1783748186.740958,155.079
1783748186.761090,155.079
1783748186.781229,155.079
1783748186.801378,155.079
1783748186.821526,155.185
1783748186.841671,155.185
1783748186.861812,155.185
1783748186.881955,155.185
1783748186.902109,155.185
1783748186.922255,155.330
1783748186.942394,155.330
1783748186.962520,155.330
1783748186.982660,155.330
1783748187.002805,155.330
1783748187.022966,155.164
1783748187.043103,155.164
1783748187.063217,155.164
1783748187.083318,155.164
1783748187.103413,155.164
1783748187.123554,155.249
1783748187.143710,155.249
1783748187.163896,155.249
1783748187.184034,155.249
1783748187.204203,155.249
1783748187.224356,155.498
1783748187.244501,155.498
1783748187.264621,155.498
1783748187.284759,155.498
1783748187.304904,155.498
1783748187.325048,155.772
1783748187.345185,155.772
1783748187.365323,155.772
1783748187.385465,155.772
1783748187.405619,155.772
1783748187.425761,155.773
1783748187.445899,155.773
1783748187.466040,155.773
1783748187.486183,155.773
1783748187.506322,155.773
1783748187.526458,156.008
1783748187.546599,156.008
1783748187.566820,156.008
1783748187.586964,156.008
1783748187.607101,156.008
1783748187.627246,156.014
1783748187.647399,156.014
1783748187.667541,156.014
1783748187.687680,156.014
1783748187.707825,156.014
1783748187.727971,155.851
1783748187.748112,155.851
1783748187.768262,155.851
1783748187.788401,155.851
1783748187.808549,155.851
1783748187.828703,155.731
1783748187.848893,155.731
1783748187.869033,155.731
1783748187.889180,155.731
1783748187.909322,155.731
1783748187.929466,155.489
1783748187.949600,155.489
1783748187.969789,155.489
1783748187.989935,155.489
1783748188.010074,155.489
1783748188.030213,155.665
1783748188.050356,155.665
1783748188.070508,155.665
1783748188.090642,155.665
1783748188.110777,155.665
1783748188.130920,155.504
1783748188.151070,155.504
1783748188.171215,155.504
1783748188.191351,155.504
1783748188.211492,155.504
1783748188.231641,155.426
1783748188.251781,155.426
1783748188.271920,155.426
1783748188.292059,155.426
1783748188.312209,155.426
1783748188.332359,155.432
1783748188.352502,155.432
1783748188.372643,155.432
1783748188.392788,155.432
1783748188.412965,155.432
1783748188.433101,155.385
1783748188.453239,155.385
1783748188.473397,155.385
1783748188.493537,155.385
1783748188.513679,155.385
1783748188.533817,154.869
1783748188.553960,154.869
1783748188.574119,154.869
1783748188.594261,154.869
1783748188.614400,154.869
1783748188.634544,154.921
1783748188.654696,154.921
1783748188.674902,154.921
1783748188.695041,154.921
1783748188.715182,154.830
1783748188.735335,154.830
1783748188.755481,154.830
1783748188.775623,154.830
1783748188.795767,154.830
1783748188.815915,155.154
1783748188.836063,155.154
1783748188.856199,155.154
1783748188.876339,155.154
1783748188.896484,155.154
1783748188.916590,154.845
1783748188.936680,154.845
1783748188.956758,154.845
1783748188.976862,154.845
1783748188.996955,154.845
1783748189.017077,154.742
1783748189.037220,154.742
1783748189.057362,154.742
1783748189.077525,154.742
1783748189.097667,154.742
1783748189.117807,155.071
1783748189.137953,155.071
1783748189.158106,155.071
1783748189.178252,155.071
1783748189.198392,155.071
1783748189.218533,155.069
1783748189.238680,155.069
1783748189.258822,155.069
1783748189.278964,155.069
1783748189.299106,155.069
1783748189.319253,155.477
1783748189.339401,155.477
1783748189.359545,155.477
1783748189.379686,155.477
1783748189.399832,155.477
1783748189.419984,155.788
1783748189.440125,155.788
1783748189.460264,155.788
1783748189.480408,155.788
1783748189.500521,155.788
1783748189.520665,155.785
1783748189.540806,155.785
1783748189.560945,155.785
1783748189.581103,155.785
1783748189.601244,155.785
1783748189.621387,155.872
1783748189.641529,155.872
1783748189.661682,155.872
1783748189.681828,155.872
1783748189.702024,155.872
1783748189.722168,155.727
1783748189.742322,155.727
1783748189.762494,155.727
1783748189.782635,155.727
1783748189.802780,155.727
1783748189.822931,155.677
1783748189.843079,155.677
1783748189.863220,155.677
1783748189.883363,155.677
1783748189.903510,155.677
1783748189.923657,155.967
1783748189.943801,155.967
1783748189.963942,155.967
1783748189.984079,155.967
1783748190.004228,155.967
1783748190.024373,155.807
1783748190.044513,155.807
1783748190.064654,155.807
1783748190.084810,155.807
1783748190.104956,155.807
1783748190.125098,155.745
1783748190.145242,155.745
1783748190.165394,155.745
1783748190.185539,155.745
1783748190.205681,155.745
1783748190.225826,155.856
1783748190.245982,155.856
1783748190.266128,155.856
1783748190.286266,155.856
1783748190.306410,155.856
1783748190.326558,155.742
1783748190.346711,155.742
1783748190.366864,155.742
1783748190.387002,155.742
1783748190.407149,155.742
1783748190.427301,155.881
1783748190.447445,155.881
1783748190.467583,155.881
1783748190.487776,155.881
1783748190.507922,155.881
1783748190.528068,156.053
1783748190.548206,156.053
1783748190.568347,156.053
1783748190.588506,156.053
1783748190.608652,156.053
1783748190.628794,155.888
1783748190.648938,155.888
1783748190.669093,155.888
1783748190.689240,155.888
1783748190.709381,155.888
1783748190.729522,155.918
1783748190.749678,155.918
1783748190.769827,155.918
1783748190.789966,155.918
1783748190.810108,155.918
1783748190.830258,155.716
1783748190.850408,155.716
1783748190.870553,155.716
1783748190.890696,155.716
1783748190.910892,155.716
1783748190.931046,155.541
1783748190.951189,155.541
1783748190.971354,155.541
1783748190.991494,155.541
1783748191.011639,155.541
1783748191.031784,155.674
1783748191.051946,155.674
1783748191.072083,155.674
1783748191.092241,155.674
1783748191.112386,155.674
1783748191.132527,155.439
1783748191.152672,155.439
1783748191.172830,155.439
1783748191.192975,155.439
1783748191.213115,155.439
1783748191.233256,155.500
1783748191.253404,155.500
1783748191.273550,155.500
1783748191.293687,155.500
1783748191.313831,155.500
1783748191.333984,155.439
1783748191.354130,155.439
1783748191.374274,155.439
1783748191.394416,155.439
1783748191.414560,155.439
1783748191.434711,155.392
1783748191.454907,155.392
1783748191.475046,155.392
1783748191.495194,155.392
1783748191.515340,155.392
1783748191.535483,155.471
1783748191.555649,155.471
1783748191.575782,155.471
1783748191.595940,155.471
1783748191.616085,155.402
1783748191.636224,155.402
1783748191.656362,155.402
1783748191.676506,155.402
1783748191.696644,155.402
1783748191.716781,155.402
1783748191.736926,155.402
1783748191.757080,155.402
1783748191.777227,155.402
1783748191.797367,155.402
1783748191.817511,155.628
1783748191.837667,155.628
1783748191.857816,155.628
1783748191.877960,155.628
1783748191.898106,155.628
1783748191.918250,155.406
1783748191.938401,155.406
1783748191.958542,155.406
1783748191.978681,155.406
1783748191.998825,155.406
1783748192.018982,155.600
1783748192.039128,155.600
1783748192.059268,155.600
1783748192.079412,155.600
1783748192.099570,155.600
1783748192.119714,155.565
1783748192.139901,155.565
1783748192.160040,155.565
1783748192.180193,155.565
1783748192.200338,155.565
1783748192.220480,155.549
1783748192.240624,155.549
1783748192.260813,155.549
1783748192.280955,155.549
1783748192.301094,155.549
1783748192.321235,155.617
1783748192.341408,155.617
1783748192.361548,155.617
1783748192.381686,155.617
1783748192.401828,155.617
1783748192.421979,155.695
1783748192.442127,155.695
1783748192.462270,155.695
1783748192.482413,155.695
1783748192.502584,155.695
1783748192.522774,155.572
1783748192.542919,155.572
1783748192.563058,155.572
1783748192.583201,155.572
1783748192.603354,155.572
1783748192.623497,155.863
1783748192.643637,155.863
1783748192.663777,155.863
1783748192.683935,155.863
1783748192.704078,155.863
1783748192.724215,155.533
1783748192.744361,155.533
1783748192.764509,155.533
1783748192.784655,155.533
1783748192.804793,155.533
1783748192.824934,155.720
1783748192.845088,155.720
1783748192.865227,155.720
1783748192.885371,155.720
1783748192.905512,155.720
1783748192.925661,155.848
1783748192.945870,155.848
1783748192.966011,155.848
1783748192.986152,155.848
1783748193.006299,155.848
1783748193.026450,155.644
1783748193.046590,155.644
1783748193.066772,155.644
1783748193.086914,155.644
1783748193.107068,155.644
1783748193.127208,155.958
1783748193.147348,155.958
1783748193.167488,155.958
1783748193.187643,155.958
1783748193.207752,155.958
1783748193.227888,155.767
1783748193.248033,155.767
1783748193.268182,155.767
1783748193.288323,155.767
1783748193.308460,155.767
1783748193.328596,155.695
1783748193.348783,155.695
1783748193.368925,155.695
1783748193.389062,155.695
1783748193.409200,155.695
1783748193.429343,155.722
1783748193.449488,155.722
1783748193.469625,155.722
1783748193.489761,155.722
1783748193.509899,155.722
1783748193.530043,155.812
1783748193.550210,155.812
1783748193.570345,155.812
1783748193.590482,155.812
1783748193.610648,155.812
1783748193.630787,155.632
1783748193.650924,155.632
1783748193.671061,155.632
1783748193.691209,155.632
1783748193.711350,155.632
1783748193.731491,155.954
1783748193.751632,155.954
1783748193.771779,155.954
1783748193.791922,155.954
1783748193.812059,155.954
1783748193.832201,155.438
1783748193.852346,155.438
1783748193.872491,155.438
1783748193.892597,155.438
1783748193.912704,155.438
1783748193.932836,155.571
1783748193.952990,155.571
1783748193.973134,155.571
1783748193.993274,155.571
1783748194.013416,155.571
1783748194.033598,155.774
1783748194.053782,155.774
1783748194.073921,155.774
1783748194.094060,155.774
1783748194.114202,155.774
1783748194.134345,155.530
1783748194.154481,155.530
1783748194.174621,155.530
1783748194.194779,155.530
1783748194.214919,155.530
1783748194.235058,155.894
1783748194.255203,155.894
1783748194.275357,155.894
1783748194.295466,155.894
1783748194.315605,155.894
1783748194.335785,155.956
1783748194.355933,155.956
1783748194.376081,155.956
1783748194.396221,155.956
1783748194.416363,155.956
1783748194.436505,155.929
1783748194.456653,155.929
1783748194.476749,155.929
1783748194.496842,155.929
1783748194.516934,156.094
1783748194.537060,156.094
1783748194.557203,156.094
1783748194.577342,156.094
1783748194.597482,156.094
1783748194.617631,156.069
1783748194.637772,156.069
1783748194.657910,156.069
1783748194.678050,156.069
1783748194.698201,156.069
1783748194.718344,155.897
1783748194.738482,155.897
1783748194.758624,155.897
1783748194.778781,155.897
1783748194.798923,155.897
1783748194.819063,155.991
1783748194.839236,155.991
1783748194.859383,155.991
1783748194.879533,155.991
1783748194.899699,155.991
1783748194.919880,155.933
1783748194.940026,155.933
1783748194.960172,155.933
1783748194.980315,155.933
1783748195.000453,155.933
1783748195.020600,155.873
1783748195.040794,155.873
1783748195.060934,155.873
1783748195.081069,155.873
1783748195.101210,155.873
1783748195.121354,155.877
1783748195.141500,155.877
1783748195.161637,155.877
1783748195.181778,155.877
1783748195.201936,155.877
1783748195.222080,155.747
1783748195.242219,155.747
1783748195.262358,155.747
1783748195.282510,155.747
1783748195.302645,155.747
1783748195.322782,155.759
1783748195.342921,155.759
1783748195.363063,155.759
1783748195.383201,155.759
1783748195.403339,155.759
1783748195.423478,156.030
1783748195.443624,156.030
1783748195.463771,156.030
1783748195.483915,156.030
1783748195.504053,156.030
1783748195.524197,155.813
1783748195.544345,155.813
1783748195.564487,155.813
1783748195.584623,155.813
1783748195.604763,155.813
1783748195.624901,155.940
1783748195.645042,155.940
1783748195.665176,155.940
1783748195.685315,155.940
1783748195.705464,155.940
1783748195.725608,156.135
1783748195.745804,156.135
1783748195.765943,156.135
1783748195.786094,156.135
1783748195.806237,156.135
1783748195.826378,155.876
1783748195.846519,155.876
1783748195.866668,155.876
1783748195.886811,155.876
1783748195.906951,155.876
1783748195.927091,155.682
1783748195.947240,155.682
1783748195.967391,155.682
1783748195.987528,155.682
1783748196.007668,155.682
1783748196.027814,155.203
1783748196.047961,155.203
1783748196.068105,155.203
1783748196.088241,155.203
1783748196.108412,155.203
1783748196.128569,155.365
1783748196.148711,155.365
1783748196.168889,155.365
1783748196.189053,155.365
1783748196.209200,155.365
1783748196.229343,155.538
1783748196.249481,155.538
1783748196.269621,155.538
1783748196.289777,155.538
1783748196.309917,155.538
1783748196.330057,155.494
1783748196.350195,155.494
1783748196.370347,155.494
1783748196.390490,155.494
1783748196.410625,155.494
1783748196.430766,155.439
1783748196.450916,155.439
1783748196.471063,155.439
1783748196.491202,155.439
1783748196.511342,155.439
1783748196.531490,155.505
1783748196.551643,155.505
1783748196.571785,155.505
1783748196.591921,155.505
1783748196.612062,155.505
1783748196.632217,155.470
1783748196.652359,155.470
1783748196.672497,155.470
1783748196.692638,155.470
1783748196.712790,155.470
1783748196.732936,155.168
1783748196.753078,155.168
1783748196.773226,155.168
1783748196.793387,155.168
1783748196.813531,155.168
1783748196.833675,155.070
1783748196.853823,155.070
1783748196.873981,155.070
1783748196.894119,155.070
1783748196.914255,155.070
1783748196.934401,155.460
1783748196.954553,155.460
1783748196.974690,155.460
1783748196.994828,155.460
1783748197.014965,155.460
1783748197.035107,155.906
1783748197.055246,155.906
1783748197.075382,155.906
1783748197.095524,155.906
1783748197.115666,155.906
1783748197.135818,155.945
1783748197.155959,155.945
1783748197.176094,155.945
1783748197.196233,155.945
1783748197.216383,155.945
1783748197.236524,156.120
1783748197.256662,156.120
1783748197.276799,156.120
1783748197.296940,156.120
1783748197.317080,156.120
1783748197.337217,155.863
1783748197.357354,155.863
1783748197.377499,155.863
1783748197.397669,155.863
1783748197.417807,155.697
1783748197.437946,155.697
1783748197.458095,155.697
1783748197.478266,155.697
1783748197.498405,155.697
1783748197.518542,155.556
1783748197.538688,155.556
1783748197.558837,155.556
1783748197.578977,155.556
1783748197.599116,155.556
1783748197.619258,155.592
1783748197.639409,155.592
1783748197.659554,155.592
1783748197.679694,155.592
1783748197.699880,155.592
1783748197.720024,155.616
1783748197.740163,155.616
1783748197.760302,155.616
1783748197.780443,155.616
1783748197.800590,155.616
1783748197.820770,155.805
1783748197.840910,155.805
1783748197.861051,155.805
1783748197.881200,155.805
1783748197.901349,155.805
1783748197.921486,155.807
1783748197.941630,155.807
1783748197.961778,155.807
1783748197.981924,155.807
1783748198.002061,155.807
1783748198.022204,155.968
1783748198.042355,155.968
1783748198.062509,155.968
1783748198.082648,155.968
1783748198.102791,155.968
1783748198.122935,155.972
1783748198.143093,155.972
1783748198.163237,155.972
1783748198.183377,155.972
1783748198.203522,155.972
1783748198.223672,155.630
1783748198.243817,155.630
1783748198.263957,155.630
1783748198.284098,155.630
1783748198.304243,155.630
1783748198.324367,155.652
1783748198.344506,155.652
1783748198.364651,155.652
1783748198.384802,155.652
1783748198.404947,155.652
1783748198.425087,155.668
1783748198.445230,155.668
1783748198.465380,155.668
1783748198.485521,155.668
1783748198.505659,155.668
1783748198.525801,155.610
1783748198.545950,155.610
1783748198.566101,155.610
1783748198.586240,155.610
1783748198.606379,155.610
1783748198.626523,155.595
1783748198.646671,155.595
1783748198.666810,155.595
1783748198.686969,155.595
1783748198.707109,155.595
1783748198.727263,155.490
1783748198.747430,155.490
1783748198.767565,155.490
1783748198.787707,155.490
1783748198.807907,155.490
1783748198.828048,155.694
1783748198.848185,155.694
1783748198.868326,155.694
1783748198.888476,155.694
1783748198.908618,155.694
1783748198.928754,155.628
1783748198.948894,155.628
1783748198.969043,155.628
1783748198.989180,155.628
1783748199.009317,155.628
1783748199.029459,155.654
1783748199.049602,155.654
1783748199.069782,155.654
1783748199.089921,155.654
1783748199.110060,155.654
1783748199.130201,155.887
1783748199.150351,155.887
1783748199.170494,155.887
1783748199.190617,155.887
1783748199.210756,155.887
1783748199.230913,155.759
1783748199.251056,155.759
1783748199.271192,155.759
1783748199.291332,155.759
1783748199.311475,155.759
1783748199.331616,155.772
1783748199.351755,155.772
1783748199.371898,155.772
1783748199.392046,155.772
1783748199.412190,155.772
1783748199.432325,155.782
1783748199.452464,155.782
1783748199.472614,155.782
1783748199.492752,155.782
1783748199.512889,155.782
1783748199.533030,155.607
1783748199.553172,155.607
1783748199.573316,155.607
1783748199.593457,155.607
1783748199.613597,155.607
1783748199.633783,155.768
1783748199.653899,155.768
1783748199.674040,155.768
1783748199.694177,155.768
1783748199.714319,155.768
1783748199.734463,155.849
1783748199.754602,155.849
1783748199.774777,155.849
1783748199.794916,155.849
1783748199.815061,155.849
1783748199.835203,155.423
1783748199.855343,155.423
1783748199.875486,155.423
1783748199.895642,155.423
1783748199.915789,155.423
1783748199.935926,155.541
1783748199.956068,155.541
1783748199.976242,155.541
1783748199.996380,155.541
1783748200.016519,155.541
1783748200.036682,155.451
1783748200.056829,155.451
1783748200.076968,155.451
1783748200.097108,155.451
1783748200.117247,155.451
1783748200.137392,155.207
1783748200.157542,155.207
1783748200.177680,155.207
1783748200.197816,155.207
1783748200.217957,155.207
1783748200.238101,155.391
1783748200.258242,155.391
1783748200.278378,155.391
1783748200.298517,155.391
1783748200.318663,155.088
1783748200.338803,155.088
1783748200.358940,155.088
1783748200.379079,155.088
1783748200.399225,155.088
1783748200.419367,155.171
1783748200.439503,155.171
1783748200.459643,155.171
1783748200.479785,155.171
1783748200.499923,155.171
1783748200.520041,155.405
1783748200.540178,155.405
1783748200.560321,155.405
1783748200.580461,155.405
1783748200.600600,155.405
1783748200.620795,154.959
1783748200.640937,154.959
1783748200.661078,154.959
1783748200.681216,154.959
1783748200.701354,154.959
1783748200.721473,154.919
1783748200.741624,154.919
1783748200.761771,154.919
1783748200.781909,154.919
1783748200.802044,154.919
1783748200.822200,155.159
1783748200.842345,155.159
1783748200.862482,155.159
1783748200.882623,155.159
1783748200.902780,155.159
1783748200.922918,155.190
1783748200.943053,155.190
1783748200.963194,155.190
1783748200.983344,155.190
1783748201.003485,155.190
1783748201.023580,155.218
1783748201.043670,155.218
1783748201.063798,155.218
1783748201.083939,155.218
1783748201.104080,155.218
1783748201.124223,155.375
1783748201.144372,155.375
1783748201.164526,155.375
1783748201.184669,155.375
1783748201.204809,155.375
1783748201.224955,155.570
1783748201.245144,155.570
1783748201.265290,155.570
1783748201.285426,155.570
1783748201.305567,155.570
1783748201.325783,155.594
1783748201.345928,155.594
1783748201.366067,155.594
1783748201.386188,155.594
1783748201.406330,155.594
1783748201.426473,155.640
1783748201.446611,155.640
1783748201.466755,155.640
1783748201.486902,155.640
1783748201.507048,155.640
1783748201.527185,155.785
1783748201.547327,155.785
1783748201.567477,155.785
1783748201.587626,155.785
1783748201.607769,155.785
1783748201.627910,155.621
1783748201.648060,155.621
1783748201.668209,155.621
1783748201.688352,155.621
1783748201.708492,155.621
1783748201.728634,155.504
1783748201.748792,155.504
1783748201.768920,155.504
1783748201.789050,155.504
1783748201.809188,155.504
1783748201.829347,155.618
1783748201.849492,155.618
1783748201.869632,155.618
1783748201.889774,155.618
1783748201.909931,155.618
1783748201.930052,155.391
1783748201.950193,155.391
1783748201.970338,155.391
1783748201.990483,155.391
1783748202.010631,155.391
1783748202.030769,155.359
1783748202.050877,155.359
1783748202.070987,155.359
1783748202.091114,155.359
1783748202.111256,155.359
1783748202.131399,155.580
1783748202.151543,155.580
1783748202.171690,155.580
1783748202.191832,155.580
1783748202.211973,155.580
1783748202.232117,155.207
1783748202.252277,155.207
1783748202.272420,155.207
1783748202.292557,155.207
1783748202.312698,155.207
1783748202.332904,155.717
1783748202.353049,155.717
1783748202.373188,155.717
1783748202.393330,155.717
1783748202.413487,155.717
1783748202.433632,155.421
1783748202.453773,155.421
1783748202.473914,155.421
1783748202.494060,155.421
1783748202.514197,155.421
1783748202.534365,155.367
1783748202.554502,155.367
1783748202.574651,155.367
1783748202.594796,155.367
1783748202.614962,155.367
1783748202.635102,155.788
1783748202.655250,155.788
1783748202.675401,155.788
1783748202.695541,155.788
1783748202.715679,155.788
1783748202.735823,155.735
1783748202.755974,155.735
1783748202.776119,155.735
1783748202.796257,155.735
1783748202.816400,155.735
1783748202.836558,155.743
1783748202.856699,155.743
1783748202.876885,155.743
1783748202.897029,155.743
1783748202.917173,155.743
1783748202.937310,155.707
1783748202.957449,155.707
1783748202.977595,155.707
1783748202.997793,155.707
1783748203.017937,155.707
1783748203.038077,155.610
1783748203.058218,155.610
1783748203.078372,155.610
1783748203.098521,155.610
1783748203.118663,155.610
1783748203.138806,155.694
1783748203.158954,155.694
1783748203.179105,155.694
1783748203.199246,155.694
1783748203.219386,155.700
1783748203.239531,155.700
1783748203.259687,155.700
1783748203.279827,155.700
1783748203.299962,155.700
1783748203.320101,155.621
1783748203.340258,155.621
1783748203.360396,155.621
1783748203.380533,155.621
1783748203.400676,155.621
1783748203.420835,155.730
1783748203.440978,155.730
1783748203.461118,155.730
1783748203.481260,155.730
1783748203.501414,155.730
1783748203.521555,155.882
1783748203.541694,155.882
1783748203.561881,155.882
1783748203.582032,155.882
1783748203.602173,155.882
1783748203.622292,155.709
1783748203.642438,155.709
1783748203.662575,155.709
1783748203.682713,155.709
1783748203.702894,155.709
1783748203.723036,155.704
1783748203.743178,155.704
1783748203.763332,155.704
1783748203.783478,155.704
1783748203.803613,155.704
1783748203.823782,155.547
1783748203.843936,155.547
1783748203.864078,155.547
1783748203.884243,155.547
1783748203.904385,155.547
1783748203.924541,155.477
1783748203.944682,155.477
1783748203.964820,155.477
1783748203.984963,155.477
1783748204.005118,155.477
1783748204.025263,155.769
1783748204.045398,155.769
1783748204.065539,155.769
1783748204.085689,155.769
1783748204.105827,155.769
1783748204.125982,155.511
1783748204.146124,155.511
1783748204.166273,155.511
1783748204.186424,155.511
1783748204.206561,155.511
1783748204.226701,155.619
1783748204.246904,155.619
1783748204.267058,155.619
1783748204.287200,155.619
1783748204.307310,155.619
1783748204.327451,155.757
1783748204.347608,155.757
1783748204.367754,155.757
1783748204.387895,155.757
1783748204.408035,155.757
1783748204.428185,155.752
1783748204.448326,155.752
1783748204.468467,155.752
1783748204.488611,155.752
1783748204.508768,155.752
1783748204.528910,155.890
1783748204.549047,155.890
1783748204.569187,155.890
1783748204.589337,155.890
1783748204.609479,155.890
1783748204.629615,155.723
1783748204.649759,155.723
1783748204.669908,155.723
1783748204.690054,155.723
1783748204.710199,155.723
1783748204.730341,155.674
1783748204.750486,155.674
1783748204.770638,155.674
1783748204.790774,155.674
1783748204.810910,155.674
1783748204.831050,155.916
1783748204.851200,155.916
1783748204.871344,155.916
1783748204.891485,155.916
1783748204.911628,155.916
1783748204.931777,155.783
1783748204.951920,155.783
1783748204.972060,155.783
1783748204.992200,155.783
1783748205.012354,155.783
1783748205.032502,155.714
1783748205.052642,155.714
1783748205.072785,155.714
1783748205.092938,155.714
1783748205.113116,155.714
1783748205.133259,155.824
1783748205.153397,155.824
1783748205.173558,155.824
1783748205.193704,155.824
1783748205.213891,155.824
1783748205.234033,155.816
1783748205.254179,155.816
1783748205.274329,155.816
1783748205.294473,155.816
1783748205.314612,155.816
1783748205.334755,155.844
1783748205.354902,155.844
1783748205.375045,155.844
1783748205.395184,155.844
1783748205.415326,155.844
1783748205.435482,156.004
1783748205.455622,156.004
1783748205.475760,156.004
1783748205.495901,156.004
1783748205.516057,156.004
1783748205.536198,155.731
1783748205.556336,155.731
1783748205.576478,155.731
1783748205.596632,155.731
1783748205.616775,155.731
1783748205.636915,156.192
1783748205.657056,156.192
1783748205.677204,156.192
1783748205.697351,156.192
1783748205.717493,156.192
1783748205.737636,156.038
1783748205.757782,156.038
1783748205.777932,156.038
1783748205.798099,156.038
1783748205.818239,156.038
1783748205.838379,155.982
1783748205.858532,155.982
1783748205.878676,155.982
1783748205.898813,155.982
1783748205.918955,155.982
1783748205.939110,155.994
1783748205.959255,155.994
1783748205.979395,155.994
1783748205.999535,155.994
1783748206.019691,155.994
1783748206.039866,155.868
1783748206.060006,155.868
1783748206.080148,155.868
1783748206.100305,155.868
1783748206.120452,155.810
1783748206.140593,155.810
1783748206.160781,155.810
1783748206.180931,155.810
1783748206.201082,155.810
1783748206.221226,155.935
1783748206.241369,155.935
1783748206.261513,155.935
1783748206.281661,155.935
1783748206.301804,155.935
1783748206.321943,155.824
1783748206.342086,155.824
1783748206.362244,155.824
1783748206.382412,155.824
1783748206.402550,155.824
1783748206.422693,155.925
1783748206.442854,155.925
1783748206.463021,155.925
1783748206.483163,155.925
1783748206.503305,155.925
1783748206.523452,156.117
1783748206.543598,156.117
1783748206.563780,156.117
1783748206.583923,156.117
1783748206.604075,156.117
1783748206.624221,155.852
1783748206.644359,155.852
1783748206.664502,155.852
1783748206.684653,155.852
1783748206.704803,155.852
1783748206.724943,155.998
1783748206.745086,155.998
1783748206.765235,155.998
1783748206.785385,155.998
1783748206.805524,155.998
1783748206.825664,156.071
1783748206.845809,156.071
1783748206.865963,156.071
1783748206.886107,156.071
1783748206.906245,156.071
1783748206.926389,156.218
1783748206.946546,156.218
1783748206.966691,156.218
1783748206.986859,156.218
1783748207.007001,156.218
1783748207.027160,156.120
1783748207.047304,156.120
1783748207.067446,156.120
1783748207.087583,156.120
1783748207.107769,156.120
1783748207.127918,156.106
1783748207.148058,156.106
1783748207.168201,156.106
1783748207.188346,156.106
1783748207.208486,156.106
1783748207.228628,156.013
1783748207.248769,156.013
1783748207.268910,156.013
1783748207.289052,156.013
1783748207.309188,156.013
1783748207.329325,156.084
1783748207.349462,156.084
1783748207.369611,156.084
1783748207.389755,156.084
1783748207.409891,156.084
1783748207.430029,155.862
1783748207.450177,155.862
1783748207.470315,155.862
1783748207.490449,155.862
1783748207.510586,155.862
1783748207.530779,155.952
1783748207.550921,155.952
1783748207.571060,155.952
1783748207.591199,155.952
1783748207.611345,155.952
1783748207.631486,155.862
1783748207.651597,155.862
1783748207.671760,155.862
1783748207.691905,155.862
1783748207.712044,155.862
1783748207.732182,156.060
1783748207.752345,156.060
1783748207.772489,156.060
1783748207.792635,156.060
1783748207.812772,156.060
1783748207.832909,156.312
1783748207.853050,156.312
1783748207.873204,156.312
1783748207.893348,156.312
1783748207.913483,156.312
1783748207.933620,156.024
1783748207.953776,156.024
1783748207.973921,156.024
1783748207.994058,156.024
1783748208.014197,156.024
1783748208.034352,155.791
1783748208.054496,155.791
1783748208.074636,155.791
1783748208.094778,155.791
1783748208.114928,155.791
1783748208.135105,155.765
1783748208.155245,155.765
1783748208.175386,155.765
1783748208.195536,155.765
1783748208.215681,155.765
1783748208.235823,155.754
1783748208.255963,155.754
1783748208.276109,155.754
1783748208.296258,155.754
1783748208.316394,155.754
1783748208.336531,155.917
1783748208.356673,155.917
1783748208.376827,155.917
1783748208.396971,155.917
1783748208.417108,155.917
1783748208.437251,155.961
1783748208.457407,155.961
1783748208.477551,155.961
1783748208.497687,155.961
1783748208.517828,155.961
1783748208.537980,155.971
1783748208.558125,155.971
1783748208.578262,155.971
1783748208.598403,155.971
1783748208.618562,155.971
1783748208.638703,156.300
1783748208.658886,156.300
1783748208.679024,156.300
1783748208.699176,156.300
1783748208.719322,156.300
1783748208.739463,155.926
1783748208.759603,155.926
1783748208.779790,155.926
1783748208.799936,155.926
1783748208.820075,155.926
1783748208.840211,155.972
1783748208.860353,155.972
1783748208.880497,155.972
1783748208.900639,155.972
1783748208.920775,156.023
1783748208.940912,156.023
1783748208.961093,156.023
1783748208.981237,156.023
1783748209.001375,156.023
1783748209.021539,156.087
1783748209.041696,156.087
1783748209.061883,156.087
1783748209.082023,156.087
1783748209.102165,156.087
1783748209.122318,156.054
1783748209.142462,156.054
1783748209.162601,156.054
1783748209.182791,156.054
1783748209.202940,156.054
1783748209.223086,156.036
1783748209.243224,156.036
1783748209.263364,156.036
1783748209.283511,156.036
1783748209.303654,156.036
1783748209.323792,155.865
1783748209.343930,155.865
1783748209.364074,155.865
1783748209.384226,155.865
1783748209.404364,155.865
1783748209.424500,156.284
1783748209.444641,156.284
1783748209.464795,156.284
1783748209.484940,156.284
1783748209.505077,156.284
1783748209.525213,156.215
1783748209.545369,156.215
1783748209.565509,156.215
1783748209.585645,156.215
1783748209.605788,156.215
1783748209.625937,156.156
1783748209.646085,156.156
1783748209.666223,156.156
1783748209.686363,156.156
1783748209.706506,156.156
1783748209.726646,156.121
1783748209.746787,156.121
1783748209.766927,156.121
1783748209.787071,156.121
1783748209.807220,156.121
1783748209.827359,156.180
1783748209.847500,156.180
1783748209.867644,156.180
1783748209.887794,156.180
1783748209.907937,156.180
1783748209.928072,156.080
1783748209.948211,156.080
1783748209.968354,156.080
1783748209.988499,156.080
1783748210.008637,156.080
1783748210.028775,155.873
1783748210.048931,155.873
1783748210.069074,155.873
1783748210.089211,155.873
1783748210.109353,155.873
1783748210.129493,155.609
1783748210.149625,155.609
1783748210.169760,155.609
1783748210.189897,155.609
1783748210.210033,155.609
1783748210.230165,155.927
1783748210.250322,155.927
1783748210.270460,155.927
1783748210.290597,155.927
1783748210.310751,155.927
1783748210.330889,155.778
1783748210.351027,155.778
1783748210.371167,155.778
1783748210.391306,155.778
1783748210.411444,155.778
1783748210.431579,155.652
1783748210.451717,155.652
1783748210.471895,155.652
1783748210.492035,155.652
1783748210.512176,155.652
1783748210.532317,156.129
1783748210.552475,156.129
1783748210.572621,156.129
1783748210.592769,156.129
1783748210.612878,156.129
1783748210.632984,156.057
1783748210.653115,156.057
1783748210.673254,156.057
1783748210.693397,156.057
1783748210.713547,156.057
1783748210.733691,155.614
1783748210.753861,155.614
1783748210.774007,155.614
1783748210.794160,155.614
1783748210.814307,155.614
1783748210.834449,155.255
1783748210.854591,155.255
1783748210.874773,155.255
1783748210.894923,155.255
1783748210.915068,155.255
1783748210.935209,155.293
1783748210.955353,155.293
1783748210.975505,155.293
1783748210.995646,155.293
1783748211.015784,155.293
1783748211.035924,155.542
1783748211.056071,155.542
1783748211.076211,155.542
1783748211.096349,155.542
1783748211.116486,155.542
1783748211.136630,155.710
1783748211.156774,155.710
1783748211.176908,155.710
1783748211.197047,155.710
1783748211.217198,155.710
1783748211.237311,155.691
1783748211.257411,155.691
1783748211.277541,155.691
1783748211.297688,155.691
1783748211.317828,155.691
1783748211.337970,155.782
1783748211.358110,155.782
1783748211.378254,155.782
1783748211.398405,155.782
1783748211.418547,155.782
1783748211.438685,155.803
1783748211.458824,155.803
1783748211.478979,155.803
1783748211.499118,155.803
1783748211.519287,155.803
1783748211.539424,155.507
1783748211.559577,155.507
1783748211.579721,155.507
1783748211.599936,155.507
1783748211.620078,155.507
1783748211.640233,155.722
1783748211.660372,155.722
1783748211.680511,155.722
1783748211.700650,155.722
1783748211.720802,155.722
1783748211.740948,155.855
1783748211.761088,155.855
1783748211.781229,155.855
1783748211.801376,155.855
1783748211.821516,155.855
1783748211.841655,156.167
1783748211.861794,156.167
1783748211.881939,156.167
1783748211.902079,156.167
1783748211.922218,156.318
1783748211.942355,156.318
1783748211.962496,156.318
1783748211.982646,156.318
1783748212.002785,156.318
1783748212.022921,155.707
1783748212.043064,155.707
1783748212.063221,155.707
1783748212.083364,155.707
1783748212.103501,155.707
1783748212.123641,155.970
1783748212.143795,155.970
1783748212.163940,155.970
1783748212.184080,155.970
1783748212.204219,155.970
1783748212.224370,155.996
1783748212.244517,155.996
1783748212.264656,155.996
1783748212.284796,155.996
1783748212.304941,155.996
1783748212.325078,155.825
1783748212.345220,155.825
1783748212.365359,155.825
1783748212.385505,155.825
1783748212.405657,155.825
1783748212.425797,155.854
1783748212.445933,155.854
1783748212.466077,155.854
1783748212.486229,155.854
1783748212.506371,155.854
1783748212.526508,155.993
1783748212.546649,155.993
1783748212.566805,155.993
1783748212.586947,155.993
1783748212.607085,155.993
1783748212.627225,156.035
1783748212.647380,156.035
1783748212.667525,156.035
1783748212.687660,156.035
1783748212.707797,156.035
1783748212.727945,155.976
1783748212.748085,155.976
1783748212.768225,155.976
1783748212.788366,155.976
1783748212.808542,155.976
1783748212.828688,156.167
1783748212.848826,156.167
1783748212.868965,156.167
1783748212.889136,156.167
1783748212.909287,156.167
1783748212.929429,155.923
1783748212.949565,155.923
1783748212.969706,155.923
1783748212.989907,155.923
1783748213.010050,155.923
1783748213.030186,156.581
1783748213.050327,156.581
1783748213.070481,156.581
1783748213.090618,156.581
1783748213.110757,156.581
1783748213.130898,156.700
1783748213.151055,156.700
1783748213.171200,156.700
1783748213.191338,156.700
1783748213.211480,156.700
1783748213.231633,156.546
1783748213.251780,156.546
1783748213.271919,156.546
1783748213.292057,156.546
1783748213.312208,156.546
1783748213.332347,156.440
1783748213.352488,156.440
1783748213.372629,156.440
1783748213.392776,156.440
1783748213.412924,156.440
1783748213.433065,156.410
1783748213.453202,156.410
1783748213.473343,156.410
1783748213.493485,156.410
1783748213.513628,156.410
1783748213.533764,156.323
1783748213.553901,156.323
1783748213.574056,156.323
1783748213.594198,156.323
1783748213.614335,156.323
1783748213.634438,156.265
1783748213.654571,156.265
1783748213.674706,156.265
1783748213.694888,156.265
1783748213.715029,156.265
1783748213.735182,156.024
1783748213.755327,156.024
1783748213.775466,156.024
1783748213.795610,156.024
1783748213.815756,156.024
1783748213.835903,155.796
1783748213.856045,155.796
1783748213.876188,155.796
1783748213.896336,155.796
1783748213.916484,155.796
1783748213.936621,155.976
1783748213.956759,155.976
1783748213.976903,155.976
1783748213.997044,155.976
1783748214.017188,155.976
1783748214.037327,156.124
1783748214.057469,156.124
1783748214.077612,156.124
1783748214.097770,156.124
1783748214.117910,156.124
1783748214.138054,155.914
1783748214.158237,155.914
1783748214.178382,155.914
1783748214.198523,155.914
1783748214.218666,155.914
1783748214.238823,156.058
1783748214.258970,156.058
1783748214.279107,156.058
1783748214.299251,156.058
1783748214.319400,156.058
1783748214.339545,155.941
1783748214.359687,155.941
1783748214.379858,155.941
1783748214.400006,155.941
1783748214.420160,155.941
1783748214.440296,155.953
1783748214.460434,155.953
1783748214.480577,155.953
1783748214.500722,155.953
1783748214.520972,155.953
1783748214.541111,155.969
1783748214.561257,155.969
1783748214.581415,155.969
1783748214.601559,155.969
1783748214.621700,155.969
1783748214.641890,155.806
1783748214.662050,155.806
1783748214.682193,155.806
1783748214.702333,155.806
1783748214.722477,155.806
1783748214.742634,155.824
1783748214.762778,155.824
1783748214.782918,155.824
1783748214.803058,155.824
1783748214.823209,155.799
1783748214.843359,155.799
1783748214.863504,155.799
1783748214.883650,155.799
1783748214.903796,155.799
1783748214.923945,155.709
1783748214.944082,155.709
1783748214.964224,155.709
1783748214.984370,155.709
1783748215.004519,155.709
1783748215.024659,155.609
1783748215.044797,155.609
1783748215.064940,155.609
1783748215.085099,155.609
1783748215.105240,155.609
1783748215.125379,155.355
1783748215.145519,155.355
1783748215.165660,155.355
1783748215.185798,155.355
1783748215.205938,155.355
1783748215.226082,155.305
1783748215.246238,155.305
1783748215.266384,155.305
1783748215.286523,155.305
1783748215.306668,155.305
1783748215.326817,155.314
1783748215.346961,155.314
1783748215.367104,155.314
1783748215.387280,155.314
1783748215.407431,155.314
1783748215.427586,155.441
1783748215.447754,155.441
1783748215.467896,155.441
1783748215.488043,155.441
1783748215.508192,155.441
1783748215.528329,155.492
1783748215.548466,155.492
1783748215.568611,155.492
1783748215.588769,155.492
1783748215.608914,155.492
1783748215.629055,155.390
1783748215.649195,155.390
1783748215.669351,155.390
1783748215.689493,155.390
1783748215.709634,155.390
1783748215.729778,155.427
1783748215.749936,155.427
1783748215.770079,155.427
1783748215.790218,155.427
1783748215.810361,155.427
1783748215.830512,155.460
1783748215.850661,155.460
1783748215.870801,155.460
1783748215.890943,155.460
1783748215.911090,155.460
1783748215.931241,155.414
1783748215.951381,155.414
1783748215.971520,155.414
1783748215.991671,155.414
1783748216.011821,155.414
1783748216.031964,155.621
1783748216.052104,155.621
1783748216.072248,155.621
1783748216.092403,155.621
1783748216.112547,155.621
1783748216.132687,155.510
1783748216.152830,155.510
1783748216.172989,155.510
1783748216.193132,155.510
1783748216.213273,155.510
1783748216.233416,155.760
1783748216.253567,155.760
1783748216.273709,155.760
1783748216.293886,155.760
1783748216.314028,155.760
1783748216.334177,155.875
1783748216.354323,155.875
1783748216.374463,155.875
1783748216.394607,155.875
1783748216.414755,155.875
1783748216.434905,155.671
1783748216.455046,155.671
1783748216.475188,155.671
1783748216.495333,155.671
1783748216.515487,155.671
1783748216.535625,155.782
1783748216.555764,155.782
1783748216.575908,155.782
1783748216.596066,155.782
1783748216.616206,155.782
1783748216.636344,155.774
1783748216.656504,155.774
1783748216.676664,155.774
1783748216.696808,155.774
1783748216.716950,155.774
1783748216.737118,155.870
1783748216.757272,155.870
1783748216.777416,155.870
1783748216.797556,155.870
1783748216.817698,155.870
1783748216.837898,155.996
1783748216.858042,155.996
1783748216.878182,155.996
1783748216.898326,155.996
1783748216.918473,155.996
1783748216.938619,155.932
1783748216.958763,155.932
1783748216.978904,155.932
1783748216.999046,155.932
1783748217.019195,155.932
1783748217.039350,155.670
1783748217.059488,155.670
1783748217.079631,155.670
1783748217.099774,155.670
1783748217.119919,155.670
1783748217.140055,155.860
1783748217.160200,155.860
1783748217.180358,155.860
1783748217.200503,155.860
1783748217.220641,155.860
1783748217.240785,155.832
1783748217.260942,155.832
1783748217.281087,155.832
1783748217.301225,155.832
1783748217.321365,155.832
1783748217.341506,155.669
1783748217.361646,155.669
1783748217.381783,155.669
1783748217.401927,155.669
1783748217.422078,155.669
1783748217.442226,155.905
1783748217.462369,155.905
1783748217.482511,155.905
1783748217.502658,155.905
1783748217.522811,155.905
1783748217.542949,156.084
1783748217.563086,156.084
1783748217.583232,156.084
1783748217.603390,156.084
1783748217.623530,156.091
1783748217.643668,156.091
1783748217.663813,156.091
1783748217.683966,156.091
1783748217.704103,156.091
1783748217.724238,155.896
1783748217.744379,155.896
1783748217.764533,155.896
1783748217.784675,155.896
1783748217.804812,155.896
1783748217.824951,155.757
1783748217.845102,155.757
1783748217.865247,155.757
1783748217.885387,155.757
1783748217.905528,155.757
1783748217.925681,155.824
1783748217.945897,155.824
1783748217.966036,155.824
1783748217.986178,155.824
1783748218.006325,155.824
1783748218.026501,156.041
1783748218.046643,156.041
1783748218.066782,156.041
1783748218.086920,156.041
1783748218.107069,156.041
1783748218.127213,156.011
1783748218.147353,156.011
1783748218.167497,156.011
1783748218.187653,156.011
1783748218.207798,156.011
1783748218.227936,156.051
1783748218.248080,156.051
1783748218.268239,156.051
1783748218.288381,156.051
1783748218.308521,156.051
1783748218.328660,156.232
1783748218.348814,156.232
1783748218.368961,156.232
1783748218.389101,156.232
1783748218.409245,156.232
1783748218.429399,156.155
1783748218.449533,156.155
1783748218.469669,156.155
1783748218.489812,156.155
1783748218.509962,156.155
1783748218.530116,156.331
1783748218.550337,156.331
1783748218.570476,156.331
1783748218.590623,156.331
1783748218.610773,156.331
1783748218.630918,155.993
1783748218.651056,155.993
1783748218.671199,155.993
1783748218.691355,155.993
1783748218.711498,155.993
1783748218.731637,156.154
1783748218.751781,156.154
1783748218.771939,156.154
1783748218.792084,156.154
1783748218.812220,156.154
1783748218.832358,156.061
1783748218.852513,156.061
1783748218.872660,156.061
1783748218.892797,156.061
1783748218.912940,156.061
1783748218.933107,155.875
1783748218.953250,155.875
1783748218.973352,155.875
1783748218.993446,155.875
1783748219.013541,155.875
1783748219.033642,155.872
1783748219.053790,155.872
1783748219.073932,155.872
1783748219.094044,155.872
1783748219.114171,155.872
1783748219.134293,155.917
1783748219.154423,155.917
1783748219.174562,155.917
1783748219.194669,155.917
1783748219.214791,155.917
1783748219.234948,155.928
1783748219.255090,155.928
1783748219.275249,155.928
1783748219.295418,155.928
1783748219.315559,155.928
1783748219.335700,155.994
1783748219.355909,155.994
1783748219.376056,155.994
1783748219.396197,155.994
1783748219.416339,155.994
1783748219.436492,155.914
1783748219.456638,155.914
1783748219.476781,155.914
1783748219.496921,155.914
1783748219.517069,155.914
1783748219.537173,155.870
1783748219.557309,155.870
1783748219.577453,155.870
1783748219.597593,155.870
1783748219.617797,155.870
1783748219.637940,156.225
1783748219.658076,156.225
1783748219.678216,156.225
1783748219.698361,156.225
1783748219.718501,156.225
1783748219.738639,155.829
1783748219.758777,155.829
1783748219.778921,155.829
1783748219.799061,155.829
1783748219.819199,155.829
1783748219.839339,155.600
1783748219.859483,155.600
1783748219.879623,155.600
1783748219.899760,155.600
1783748219.919898,155.600
1783748219.940044,155.959
1783748219.960184,155.959
1783748219.980322,155.959
1783748220.000461,155.959
1783748220.020603,155.959
1783748220.040792,155.760
1783748220.060933,155.760
1783748220.081073,155.760
1783748220.101213,155.760
1783748220.121354,155.760
1783748220.141497,155.764
1783748220.161604,155.764
1783748220.181708,155.764
1783748220.201833,155.764
1783748220.221962,155.764
1783748220.242102,156.059
1783748220.262243,156.059
1783748220.282400,156.059
1783748220.302544,156.059
1783748220.322680,156.059
1783748220.342820,155.903
1783748220.362972,155.903
1783748220.383119,155.903
1783748220.403256,155.903
1783748220.423395,155.903
1783748220.443546,155.944
1783748220.463692,155.944
1783748220.483861,155.944
1783748220.504004,155.944
1783748220.524183,155.944
1783748220.544322,156.225
1783748220.564464,156.225
1783748220.584627,156.225
1783748220.604772,156.225
1783748220.624923,155.983
1783748220.645066,155.983
1783748220.665203,155.983
1783748220.685344,155.983
1783748220.705528,155.983
1783748220.725672,155.974
1783748220.745808,155.974
1783748220.765947,155.974
1783748220.786100,155.974
1783748220.806244,155.974
1783748220.826382,155.710
1783748220.846524,155.710
1783748220.866678,155.710
1783748220.886822,155.710
1783748220.906960,155.710
1783748220.927100,155.960
1783748220.947247,155.960
1783748220.967389,155.960
1783748220.987530,155.960
1783748221.007669,155.960
1783748221.027814,155.963
1783748221.047961,155.963
1783748221.068103,155.963
1783748221.088243,155.963
1783748221.108386,155.963
1783748221.128539,156.023
1783748221.148678,156.023
1783748221.168816,156.023
1783748221.188956,156.023
1783748221.209110,156.023
1783748221.229255,156.237
1783748221.249394,156.237
1783748221.269534,156.237
1783748221.289691,156.237
1783748221.309833,156.237
1783748221.329971,156.343
1783748221.350112,156.343
1783748221.370264,156.343
1783748221.390407,156.343
1783748221.410547,156.343
1783748221.430689,156.029
1783748221.450870,156.029
1783748221.471016,156.029
1783748221.491155,156.029
1783748221.511297,156.029
1783748221.531443,155.780
1783748221.551588,155.780
1783748221.571776,155.780
1783748221.591915,155.780
1783748221.612062,155.780
1783748221.632204,155.607
1783748221.652343,155.607
1783748221.672482,155.607
1783748221.692624,155.607
1783748221.712784,155.607
1783748221.732929,155.543
1783748221.753065,155.543
1783748221.773204,155.543
1783748221.793383,155.543
1783748221.813524,155.543
1783748221.833660,155.798
1783748221.853798,155.798
1783748221.873982,155.798
1783748221.894122,155.798
1783748221.914260,155.798
1783748221.934400,155.827
1783748221.954541,155.827
1783748221.974687,155.827
1783748221.994825,155.827
1783748222.014965,155.827
1783748222.035109,155.879
1783748222.055259,155.879
1783748222.075398,155.879
1783748222.095534,155.879
1783748222.115677,155.879
1783748222.135825,155.818
1783748222.155965,155.818
1783748222.176100,155.818
1783748222.196240,155.818
1783748222.216389,155.818
1783748222.236562,155.948
1783748222.256697,155.948
1783748222.276882,155.948
1783748222.297034,155.948
1783748222.317173,155.948
1783748222.337309,155.967
1783748222.357449,155.967
1783748222.377604,155.967
1783748222.397790,155.967
1783748222.417929,155.967
1783748222.438070,155.964
1783748222.458221,155.964
1783748222.478367,155.964
1783748222.498468,155.964
1783748222.518577,155.964
1783748222.538707,155.951
1783748222.558893,155.951
1783748222.579034,155.951
1783748222.599178,155.951
1783748222.619327,155.951
1783748222.639449,156.081
1783748222.659580,156.081
1783748222.679718,156.081
1783748222.699904,156.081
1783748222.720057,156.081
1783748222.740188,155.997
1783748222.760319,155.997
1783748222.780462,155.997
1783748222.800604,155.997
1783748222.820784,155.997
1783748222.840921,156.194
1783748222.861065,156.194
1783748222.881219,156.194
1783748222.901364,156.194
1783748222.921503,156.194
1783748222.941647,156.250
1783748222.961774,156.250
1783748222.981914,156.250
1783748223.002051,156.250
1783748223.022193,156.250
1783748223.042318,156.178
1783748223.062463,156.178
1783748223.082632,156.178
1783748223.102778,156.178
1783748223.122915,156.178
1783748223.143059,156.450
1783748223.163223,156.450
1783748223.183359,156.450
1783748223.203497,156.450
1783748223.223644,156.450
1783748223.243786,156.490
1783748223.263919,156.490
1783748223.284057,156.490
1783748223.304202,156.490
1783748223.324341,156.490
1783748223.344476,156.465
1783748223.364615,156.465
1783748223.384760,156.465
1783748223.404902,156.465
1783748223.425040,156.465
1783748223.445178,156.130
1783748223.465323,156.130
1783748223.485465,156.130
1783748223.505602,156.130
1783748223.525786,155.820
1783748223.545932,155.820
1783748223.566077,155.820
1783748223.586214,155.820
1783748223.606354,155.820
1783748223.626498,155.857
1783748223.646648,155.857
1783748223.666789,155.857
1783748223.686924,155.857
1783748223.707066,155.857
1783748223.727221,155.979
1783748223.747364,155.979
1783748223.767500,155.979
1783748223.787641,155.979
1783748223.807791,155.979
1783748223.827929,155.709
1783748223.848063,155.709
1783748223.868207,155.709
1783748223.888377,155.709
1783748223.908522,155.709
1783748223.928658,155.991
1783748223.948796,155.991
1783748223.968946,155.991
1783748223.989087,155.991
1783748224.009225,155.991
1783748224.029364,156.180
1783748224.049515,156.180
1783748224.069658,156.180
1783748224.089799,156.180
1783748224.109938,156.180
1783748224.130084,155.788
1783748224.150231,155.788
1783748224.170370,155.788
1783748224.190508,155.788
1783748224.210649,155.788
1783748224.230804,155.879
1783748224.250946,155.879
1783748224.271085,155.879
1783748224.291227,155.879
1783748224.311381,155.879
1783748224.331520,155.784
1783748224.351656,155.784
1783748224.371826,155.784
1783748224.391979,155.784
1783748224.412118,155.784
1783748224.432281,155.785
1783748224.452422,155.785
1783748224.472573,155.785
1783748224.492717,155.785
1783748224.512904,155.785
1783748224.533045,155.775
1783748224.553194,155.775
1783748224.573338,155.775
1783748224.593477,155.775
1783748224.613618,155.775
1783748224.633763,155.685
1783748224.653913,155.685
1783748224.674054,155.685
1783748224.694190,155.685
1783748224.714329,155.685
1783748224.734481,155.894
1783748224.754623,155.894
1783748224.774760,155.894
1783748224.794901,155.894
1783748224.815057,155.894
1783748224.835197,156.095
1783748224.855334,156.095
1783748224.875476,156.095
1783748224.895630,156.095
1783748224.915771,156.095
1783748224.935909,155.860
1783748224.956048,155.860
1783748224.976200,155.860
1783748224.996344,155.860
1783748225.016482,155.860
1783748225.036622,156.315
1783748225.056747,156.315
1783748225.076838,156.315
1783748225.096936,156.315
1783748225.117056,156.315
1783748225.137193,156.074
1783748225.157334,156.074
1783748225.177476,156.074
1783748225.197616,156.074
1783748225.217757,156.074
1783748225.237907,155.984
1783748225.258049,155.984
1783748225.278185,155.984
1783748225.298324,155.984
1783748225.318474,155.984
1783748225.338612,156.146
1783748225.358750,156.146
1783748225.378891,156.146
1783748225.399044,156.146
1783748225.419186,156.146
1783748225.439325,155.903
1783748225.459465,155.903
1783748225.479618,155.903
1783748225.499758,155.903
1783748225.519896,155.903
1783748225.540038,155.941
1783748225.560187,155.941
1783748225.580332,155.941
1783748225.600472,155.941
1783748225.620614,155.941
1783748225.640759,156.235
1783748225.660943,156.235
1783748225.681085,156.235
1783748225.701226,156.235
1783748225.721389,156.235
1783748225.741543,156.214
1783748225.761687,156.214
1783748225.781825,156.214
1783748225.801965,156.214
1783748225.822120,156.214
1783748225.842244,156.414
1783748225.862380,156.414
1783748225.882522,156.414
1783748225.902677,156.414
1783748225.922817,156.414
1783748225.942935,156.416
1783748225.963061,156.416
1783748225.983207,156.416
1783748226.003345,156.416
1783748226.023462,156.416
1783748226.043597,156.137
1783748226.063796,156.137
1783748226.083942,156.137
1783748226.104084,156.137
1783748226.124229,156.137
1783748226.144375,156.301
1783748226.164525,156.301
1783748226.184666,156.301
1783748226.204807,156.301
1783748226.224952,156.301
1783748226.245103,156.169
1783748226.265245,156.169
1783748226.285382,156.169
1783748226.305526,156.169
1783748226.325683,156.169
1783748226.345824,155.994
1783748226.365963,155.994
1783748226.386105,155.994
1783748226.406263,155.994
1783748226.426368,156.124
1783748226.446501,156.124
1783748226.466644,156.124
1783748226.486799,156.124
1783748226.506939,156.124
1783748226.527077,156.078
1783748226.547217,156.078
1783748226.567369,156.078
1783748226.587514,156.078
1783748226.607654,156.078
1783748226.627799,156.041
1783748226.647947,156.041
1783748226.668100,156.041
1783748226.688241,156.041
1783748226.708382,156.041
1783748226.728528,156.161
1783748226.748682,156.161
1783748226.768827,156.161
1783748226.788963,156.161
1783748226.809103,156.161
1783748226.829246,155.961
1783748226.849390,155.961
1783748226.869529,155.961
1783748226.889672,155.961
1783748226.909829,155.961
1783748226.930016,155.999
1783748226.950154,155.999
1783748226.970298,155.999
1783748226.990448,155.999
1783748227.010613,155.999
1783748227.030752,155.819
1783748227.050894,155.819
1783748227.071045,155.819
1783748227.091189,155.819
1783748227.111326,155.819
1783748227.131469,155.890
1783748227.151613,155.890
1783748227.171760,155.890
1783748227.191870,155.890
1783748227.212013,155.890
1783748227.232157,156.260
1783748227.252311,156.260
1783748227.272447,156.260
1783748227.292588,156.260
1783748227.312776,156.260
1783748227.332921,156.180
1783748227.353061,156.180
1783748227.373198,156.180
1783748227.393337,156.180
1783748227.413487,156.180
1783748227.433626,156.261
1783748227.453767,156.261
1783748227.473911,156.261
1783748227.494053,156.261
1783748227.514190,156.261
1783748227.534328,156.147
1783748227.554472,156.147
1783748227.574626,156.147
1783748227.594774,156.147
1783748227.614912,156.147
1783748227.635056,155.913
1783748227.655199,155.913
1783748227.675347,155.913
1783748227.695489,155.913
1783748227.715631,155.913
1783748227.735779,156.123
1783748227.755930,156.123
1783748227.776073,156.123
1783748227.796212,156.123
1783748227.816357,156.123
1783748227.836500,156.235
1783748227.856637,156.235
1783748227.876754,156.235
1783748227.896894,156.235
1783748227.917051,156.235
1783748227.937192,156.165
1783748227.957332,156.165
1783748227.977452,156.165
1783748227.997579,156.165
1783748228.017710,156.165
1783748228.037888,156.374
1783748228.058031,156.374
1783748228.078180,156.374
1783748228.098331,156.374
1783748228.118469,156.374
1783748228.138593,156.315
1783748228.158692,156.315
1783748228.178764,156.315
1783748228.198852,156.315
1783748228.218953,156.315
1783748228.239058,156.344
1783748228.259198,156.344
1783748228.279345,156.344
1783748228.299515,156.344
1783748228.319656,156.344
1783748228.339801,156.277
1783748228.359948,156.277
1783748228.380087,156.277
1783748228.400230,156.277
1783748228.420388,156.277
1783748228.440534,156.087
1783748228.460676,156.087
1783748228.480820,156.087
1783748228.500968,156.087
1783748228.521113,156.087
1783748228.541256,156.284
1783748228.561394,156.284
1783748228.581512,156.284
1783748228.601656,156.284
1783748228.621799,156.284
1783748228.641943,156.470
1783748228.662093,156.470
1783748228.682248,156.470
1783748228.702389,156.470
1783748228.722532,156.470
1783748228.742681,156.100
1783748228.762836,156.100
1783748228.782980,156.100
1783748228.803121,156.100
1783748228.823265,156.100
1783748228.843415,156.362
1783748228.863559,156.362
1783748228.883697,156.362
1783748228.903887,156.362
1783748228.923998,156.362
1783748228.944102,156.469
1783748228.964226,156.469
1783748228.984371,156.469
1783748229.004520,156.469
1783748229.024664,156.469
1783748229.044806,156.399
1783748229.064949,156.399
1783748229.085102,156.399
1783748229.105247,156.399
1783748229.125388,156.399
1783748229.145533,156.362
1783748229.165681,156.362
1783748229.185830,156.362
1783748229.205974,156.362
1783748229.226117,156.362
1783748229.246262,156.231
1783748229.266413,156.231
1783748229.286522,156.231
1783748229.306656,156.231
1783748229.326799,156.231
1783748229.346948,156.297
1783748229.367091,156.297
1783748229.387230,156.297
1783748229.407373,156.297
1783748229.427530,156.446
1783748229.447674,156.446
1783748229.467815,156.446
1783748229.487957,156.446
1783748229.508143,156.446
1783748229.528286,156.162
1783748229.548425,156.162
1783748229.568587,156.162
1783748229.588790,156.162
1783748229.608937,156.162
1783748229.629074,156.159
1783748229.649180,156.159
1783748229.669320,156.159
1783748229.689464,156.159
1783748229.709604,156.159
1783748229.729782,156.217
1783748229.749929,156.217
1783748229.770074,156.217
1783748229.790215,156.217
1783748229.810355,156.217
1783748229.830497,156.219
1783748229.850647,156.219
1783748229.870792,156.219
1783748229.890929,156.219
1783748229.911071,156.219
1783748229.931217,156.214
1783748229.951357,156.214
1783748229.971496,156.214
1783748229.991633,156.214
1783748230.011762,156.214
1783748230.031896,156.341
1783748230.052033,156.341
1783748230.072176,156.341
1783748230.092326,156.341
1783748230.112466,156.341
1783748230.132606,156.511
1783748230.152785,156.511
1783748230.172937,156.511
1783748230.193078,156.511
1783748230.213218,156.511
1783748230.233356,156.461
1783748230.253504,156.461
1783748230.273648,156.461
1783748230.293787,156.461
1783748230.313926,156.461
1783748230.334065,156.441
1783748230.354211,156.441
1783748230.374318,156.441
1783748230.394418,156.441
1783748230.414541,156.441
1783748230.434686,156.412
1783748230.454825,156.412
1783748230.474967,156.412
1783748230.495105,156.412
1783748230.515249,156.412
1783748230.535389,156.438
1783748230.555527,156.438
1783748230.575668,156.438
1783748230.595816,156.438
1783748230.615955,156.438
1783748230.636093,156.526
1783748230.656238,156.526
1783748230.676390,156.526
1783748230.696538,156.526
1783748230.716682,156.526
1783748230.736749,156.646
1783748230.756851,156.646
1783748230.776985,156.646
1783748230.797157,156.646
1783748230.817295,156.646
1783748230.837434,156.451
1783748230.857609,156.451
1783748230.877753,156.451
1783748230.897892,156.451
1783748230.918033,156.451
1783748230.938187,156.410
1783748230.958327,156.410
1783748230.978466,156.410
1783748230.998608,156.410
1783748231.018763,156.410
1783748231.038907,156.469
1783748231.059047,156.469
1783748231.079190,156.469
1783748231.099302,156.469
1783748231.119403,156.469
1783748231.139529,156.072
1783748231.159673,156.072
1783748231.179827,156.072
1783748231.199970,156.072
1783748231.220112,156.072
1783748231.240256,156.381
1783748231.260403,156.381
1783748231.280553,156.381
1783748231.300694,156.381
1783748231.320887,156.381
1783748231.341030,156.416
1783748231.361187,156.416
1783748231.381329,156.416
1783748231.401468,156.416
1783748231.421610,156.416
1783748231.441768,156.106
1783748231.461913,156.106
1783748231.482053,156.106
1783748231.502193,156.106
1783748231.522350,156.106
1783748231.542495,156.382
1783748231.562635,156.382
1783748231.582778,156.382
1783748231.602933,156.382
1783748231.623080,156.382
1783748231.643219,156.260
1783748231.663359,156.260
1783748231.683514,156.260
1783748231.703660,156.260
1783748231.723801,156.260
1783748231.743944,156.204
1783748231.764054,156.204
1783748231.784154,156.204
1783748231.804244,156.204
1783748231.824369,156.204
1783748231.844515,156.374
1783748231.864671,156.374
1783748231.884824,156.374
1783748231.904972,156.374
1783748231.925115,156.374
1783748231.945261,156.226
1783748231.965402,156.226
1783748231.985539,156.226
1783748232.005676,156.226
1783748232.025758,156.226
1783748232.045857,156.224
1783748232.065965,156.224
1783748232.086054,156.224
1783748232.106141,156.224
1783748232.126222,156.224
1783748232.146364,156.445
1783748232.166508,156.445
1783748232.186653,156.445
1783748232.206794,156.445
1783748232.226935,156.445
1783748232.247072,156.346
1783748232.267215,156.346
1783748232.287363,156.346
1783748232.307502,156.346
1783748232.327638,156.346
1783748232.347775,156.514
1783748232.367925,156.514
1783748232.388071,156.514
1783748232.408207,156.514
1783748232.428342,156.886
1783748232.448496,156.886
1783748232.468641,156.886
1783748232.488779,156.886
1783748232.508917,156.886
1783748232.529072,156.365
1783748232.549210,156.365
1783748232.569350,156.365
1783748232.589490,156.365
1783748232.609643,156.365
1783748232.629789,156.373
1783748232.649928,156.373
1783748232.670070,156.373
1783748232.690219,156.373
1783748232.710366,156.373
1783748232.730507,156.352
1783748232.750648,156.352
1783748232.770794,156.352
1783748232.790944,156.352
1783748232.811087,156.352
1783748232.831228,156.380
1783748232.851370,156.380
1783748232.871525,156.380
1783748232.891670,156.380
1783748232.911807,156.380
1783748232.931949,156.473
1783748232.952105,156.473
1783748232.972246,156.473
1783748232.992384,156.473
1783748233.012521,156.473
1783748233.032676,156.610
1783748233.052818,156.610
1783748233.072956,156.610
1783748233.093099,156.610
1783748233.113250,156.610
1783748233.133394,156.649
1783748233.153534,156.649
1783748233.173676,156.649
1783748233.193827,156.649
1783748233.213970,156.649
1783748233.234110,156.994
1783748233.254251,156.994
1783748233.274396,156.994
1783748233.294547,156.994
1783748233.314649,156.994
1783748233.334765,156.816
1783748233.354915,156.816
1783748233.375065,156.816
1783748233.395207,156.816
1783748233.415344,156.816
1783748233.435513,156.542
1783748233.455668,156.542
1783748233.475811,156.542
1783748233.495950,156.542
1783748233.516091,156.542
1783748233.536247,156.469
1783748233.556384,156.469
1783748233.576521,156.469
1783748233.596660,156.469
1783748233.616814,156.469
1783748233.636958,156.267
1783748233.657099,156.267
1783748233.677241,156.267
1783748233.697393,156.267
1783748233.717538,156.267
1783748233.737680,156.472
1783748233.757820,156.472
1783748233.777965,156.472
1783748233.798116,156.472
1783748233.818258,156.472
1783748233.838395,156.393
1783748233.858539,156.393
1783748233.878690,156.393
1783748233.898834,156.393
1783748233.918972,156.393
1783748233.939115,156.325
1783748233.959260,156.325
1783748233.979401,156.325
1783748233.999540,156.325
1783748234.019680,156.325
1783748234.039838,156.562
1783748234.059982,156.562
1783748234.080120,156.562
1783748234.100261,156.562
1783748234.120405,156.562
1783748234.140547,156.629
1783748234.160686,156.629
1783748234.180827,156.629
1783748234.200979,156.629
1783748234.221125,156.629
1783748234.241267,156.456
1783748234.261407,156.456
1783748234.281552,156.456
1783748234.301701,156.456
1783748234.321890,156.456
1783748234.342028,156.542
1783748234.362173,156.542
1783748234.382324,156.542
1783748234.402463,156.542
1783748234.422599,156.542
1783748234.442782,156.289
1783748234.462939,156.289
1783748234.483083,156.289
1783748234.503221,156.289
1783748234.523361,156.289
1783748234.543519,156.182
1783748234.563661,156.182
1783748234.583801,156.182
1783748234.603944,156.182
1783748234.624094,156.182
1783748234.644270,156.256
1783748234.664409,156.256
1783748234.684549,156.256
1783748234.704768,156.256
1783748234.724911,156.256
1783748234.745052,156.314
1783748234.765193,156.314
1783748234.785312,156.314
1783748234.805425,156.314
1783748234.825560,156.314
1783748234.845701,156.405
1783748234.865892,156.405
1783748234.886047,156.405
1783748234.906191,156.405
1783748234.926310,156.405
1783748234.946445,156.373
1783748234.966588,156.373
1783748234.986775,156.373
1783748235.006913,156.373
1783748235.027028,156.373
1783748235.047176,156.367
1783748235.067323,156.367
1783748235.087468,156.367
1783748235.107617,156.367
1783748235.127773,156.367
1783748235.147913,156.562
1783748235.168055,156.562
1783748235.188195,156.562
1783748235.208346,156.562
1783748235.228495,156.562
1783748235.248599,156.369
1783748235.268770,156.369
1783748235.288921,156.369
1783748235.309069,156.369
1783748235.329211,156.297
1783748235.349348,156.297
1783748235.369491,156.297
1783748235.389638,156.297
1783748235.409779,156.297
1783748235.429915,156.287
1783748235.450054,156.287
1783748235.470202,156.287
1783748235.490343,156.287
1783748235.510478,156.287
1783748235.530617,156.352
1783748235.550761,156.352
1783748235.570900,156.352
1783748235.591038,156.352
1783748235.611176,156.352
1783748235.631322,156.404
1783748235.651436,156.404
1783748235.671574,156.404
1783748235.691713,156.404
1783748235.711912,156.404
1783748235.732058,156.322
1783748235.752197,156.322
1783748235.772336,156.322
1783748235.792480,156.322
1783748235.812626,156.322
1783748235.832770,156.169
1783748235.852910,156.169
1783748235.873022,156.169
1783748235.893177,156.169
1783748235.913320,156.169
1783748235.933489,156.389
1783748235.953632,156.389
1783748235.973779,156.389
1783748235.993949,156.389
1783748236.014086,156.389
1783748236.034227,156.475
1783748236.054385,156.475
1783748236.074530,156.475
1783748236.094670,156.475
1783748236.114814,156.475
1783748236.134964,156.371
1783748236.155111,156.371
1783748236.175251,156.371
1783748236.195395,156.371
1783748236.215551,156.371
1783748236.235698,156.690
1783748236.255888,156.690
1783748236.276034,156.690
1783748236.296179,156.690
1783748236.316327,156.690
1783748236.336776,156.276
1783748236.356918,156.276
1783748236.377063,156.276
1783748236.397215,156.276
1783748236.417357,156.276
1783748236.437495,156.288
1783748236.457637,156.288
1783748236.477793,156.288
1783748236.497938,156.288
1783748236.518075,156.288
1783748236.538218,156.154
1783748236.558364,156.154
1783748236.578510,156.154
1783748236.598651,156.154
1783748236.618794,156.154
1783748236.638950,155.819
1783748236.659095,155.819
1783748236.679236,155.819
1783748236.699378,155.819
1783748236.719534,155.819
1783748236.739682,156.039
1783748236.759823,156.039
1783748236.779965,156.039
1783748236.800118,156.039
1783748236.820264,156.039
1783748236.840407,156.297
1783748236.860553,156.297
1783748236.880701,156.297
1783748236.900900,156.297
1783748236.921041,156.297
1783748236.941182,156.316
1783748236.961327,156.316
1783748236.981482,156.316
1783748237.001620,156.316
1783748237.021757,156.316
1783748237.041898,156.455
1783748237.062052,156.455
1783748237.082198,156.455
1783748237.102337,156.455
1783748237.122477,156.455
1783748237.142634,156.359
1783748237.162754,156.359
1783748237.182894,156.359
1783748237.203061,156.359
1783748237.223213,156.359
1783748237.243358,156.015
1783748237.263499,156.015
1783748237.283669,156.015
1783748237.303822,156.015
1783748237.323966,156.015
1783748237.344103,156.047
1783748237.364245,156.047
1783748237.384393,156.047
1783748237.404536,156.047
1783748237.424677,156.047
1783748237.444816,155.897
1783748237.464988,155.897
1783748237.485141,155.897
1783748237.505280,155.897
1783748237.525418,155.897
1783748237.545561,156.019
1783748237.565709,156.019
1783748237.585904,156.019
1783748237.606046,156.019
1783748237.626190,156.019
1783748237.646346,156.361
1783748237.666487,156.361
1783748237.686630,156.361
1783748237.706773,156.361
1783748237.726929,156.361
1783748237.747076,156.188
1783748237.767215,156.188
1783748237.787357,156.188
1783748237.807512,156.188
1783748237.827659,156.188
1783748237.847797,156.273
1783748237.867941,156.273
1783748237.888089,156.273
1783748237.908242,156.273
1783748237.928386,156.273
1783748237.948525,156.423
1783748237.968666,156.423
1783748237.988822,156.423
1783748238.008963,156.423
1783748238.029101,156.423
1783748238.049245,156.275
1783748238.069396,156.275
1783748238.089540,156.275
1783748238.109680,156.275
1783748238.129820,156.355
1783748238.149981,156.355
1783748238.170123,156.355
1783748238.190264,156.355
1783748238.210407,156.355
1783748238.230561,156.203
1783748238.250707,156.203
1783748238.270894,156.203
1783748238.291038,156.203
1783748238.311189,156.203
1783748238.331333,156.041
1783748238.351470,156.041
1783748238.371614,156.041
1783748238.391761,156.041
1783748238.411903,156.041
1783748238.432042,156.319
1783748238.452182,156.319
1783748238.472328,156.319
1783748238.492505,156.319
1783748238.512645,156.319
1783748238.532782,155.986
1783748238.552925,155.986
1783748238.573101,155.986
1783748238.593246,155.986
1783748238.613384,155.986
1783748238.633524,156.210
1783748238.653680,156.210
1783748238.673824,156.210
1783748238.693962,156.210
1783748238.714102,156.210
1783748238.734251,156.404
1783748238.754398,156.404
1783748238.774538,156.404
1783748238.794678,156.404
1783748238.814831,156.404
1783748238.834976,156.404
1783748238.855115,156.404
1783748238.875256,156.404
1783748238.895401,156.404
1783748238.915548,156.404
1783748238.935690,156.348
1783748238.955831,156.348
1783748238.975974,156.348
1783748238.996127,156.348
1783748239.016270,156.348
1783748239.036409,156.140
1783748239.056552,156.140
1783748239.076704,156.140
1783748239.096890,156.140
1783748239.117029,156.140
1783748239.137169,156.043
1783748239.157328,156.043
1783748239.177470,156.043
1783748239.197606,156.043
1783748239.217752,156.043
1783748239.237903,156.164
1783748239.258048,156.164
1783748239.278187,156.164
1783748239.298328,156.164
1783748239.318478,156.164
1783748239.338621,155.901
1783748239.358758,155.901
1783748239.378899,155.901
1783748239.399047,155.901
1783748239.419194,155.901
1783748239.439332,156.007
1783748239.459471,156.007
1783748239.479615,156.007
1783748239.499764,156.007
1783748239.519907,156.007
1783748239.540041,156.417
1783748239.560178,156.417
1783748239.580333,156.417
1783748239.600477,156.417
1783748239.620615,156.417
1783748239.640755,156.091
1783748239.660903,156.091
1783748239.681045,156.091
1783748239.701183,156.091
1783748239.721323,156.091
1783748239.741475,156.283
1783748239.761619,156.283
1783748239.781786,156.283
1783748239.801928,156.283
1783748239.822080,156.283
1783748239.842251,156.287
1783748239.862389,156.287
1783748239.882529,156.287
1783748239.902676,156.287
1783748239.922828,156.287
1783748239.942969,156.465
1783748239.963109,156.465
1783748239.983253,156.465
1783748240.003393,156.465
1783748240.023536,156.465
1783748240.043672,156.652
1783748240.063815,156.652
1783748240.083971,156.652
1783748240.104116,156.652
1783748240.124253,156.652
1783748240.144393,156.325
1783748240.164550,156.325
1783748240.184695,156.325
1783748240.204879,156.325
1783748240.225021,156.325
1783748240.245174,156.407
1783748240.265317,156.407
1783748240.285457,156.407
1783748240.305597,156.407
1783748240.325790,156.407
1783748240.345926,156.436
1783748240.366064,156.436
1783748240.386206,156.436
1783748240.406354,156.436
1783748240.426501,156.436
1783748240.446643,156.216
1783748240.466783,156.216
1783748240.486927,156.216
1783748240.507068,156.216
1783748240.527210,156.216
1783748240.547348,156.336
1783748240.567484,156.336
1783748240.587638,156.336
1783748240.607782,156.336
1783748240.627920,156.336
1783748240.648062,156.458
1783748240.668218,156.458
1783748240.688362,156.458
1783748240.708498,156.458
1783748240.728639,156.458
1783748240.748791,156.416
1783748240.768911,156.416
1783748240.789037,156.416
1783748240.809174,156.416
1783748240.829326,156.416
1783748240.849466,156.655
1783748240.869609,156.655
1783748240.889754,156.655
1783748240.909905,156.655
1783748240.930059,156.655
1783748240.950203,156.522
1783748240.970344,156.522
1783748240.990475,156.522
1783748241.010608,156.522
1783748241.030754,156.048
1783748241.050894,156.048
1783748241.071070,156.048
1783748241.091229,156.048
1783748241.111372,156.048
1783748241.131538,156.316
1783748241.151680,156.316
1783748241.171840,156.316
1783748241.191984,156.316
1783748241.212124,156.316
1783748241.232267,156.180
1783748241.252429,156.180
1783748241.272575,156.180
1783748241.292717,156.180
1783748241.312910,156.180
1783748241.333066,156.250
1783748241.353197,156.250
1783748241.373331,156.250
1783748241.393476,156.250
1783748241.413630,156.250
1783748241.433782,156.652
1783748241.453927,156.652
1783748241.474067,156.652
1783748241.494215,156.652
1783748241.514359,156.652
1783748241.534502,156.714
1783748241.554641,156.714
1783748241.574782,156.714
1783748241.594937,156.714
1783748241.615080,156.714
1783748241.635218,156.755
1783748241.655360,156.755
1783748241.675519,156.755
1783748241.695662,156.755
1783748241.715797,156.755
1783748241.735937,156.418
1783748241.756093,156.418
1783748241.776236,156.418
1783748241.796378,156.418
1783748241.816521,156.418
1783748241.836677,156.192
1783748241.856821,156.192
1783748241.876961,156.192
1783748241.897104,156.192
1783748241.917258,156.192
1783748241.937403,155.896
1783748241.957542,155.896
1783748241.977683,155.896
1783748241.997832,155.896
1783748242.017983,155.896
1783748242.038121,155.838
1783748242.058260,155.838
1783748242.078398,155.838
1783748242.098547,155.838
1783748242.118692,155.838
1783748242.138832,156.133
1783748242.158973,156.133
1783748242.179131,156.133
1783748242.199276,156.133
1783748242.219416,156.133
1783748242.239559,156.288
1783748242.259712,156.288
1783748242.279902,156.288
1783748242.300040,156.288
1783748242.320181,156.288
1783748242.340353,156.338
1783748242.360495,156.338
1783748242.380635,156.338
1783748242.400779,156.338
1783748242.420956,156.338
1783748242.441094,156.091
1783748242.461233,156.091
1783748242.481374,156.091
1783748242.501519,156.091
1783748242.521671,156.091
1783748242.541814,156.190
1783748242.561954,156.190
1783748242.582095,156.190
1783748242.602246,156.190
1783748242.622392,156.190
1783748242.642531,155.810
1783748242.662677,155.810
1783748242.682822,155.810
1783748242.702963,155.810
1783748242.723105,155.810
1783748242.743249,155.831
1783748242.763407,155.831
1783748242.783548,155.831
1783748242.803656,155.831
1783748242.823777,155.831
1783748242.843930,155.834
1783748242.864074,155.834
1783748242.884213,155.834
1783748242.904355,155.834
1783748242.924510,155.834
1783748242.944656,156.459
1783748242.964799,156.459
1783748242.984943,156.459
1783748243.005085,156.459
1783748243.025238,156.459
1783748243.045374,156.445
1783748243.065513,156.445
1783748243.085654,156.445
1783748243.105811,156.445
1783748243.125951,156.445
1783748243.146087,155.941
1783748243.166233,155.941
1783748243.186375,155.941
1783748243.206515,155.941
1783748243.226656,155.941
1783748243.246799,156.376
1783748243.266951,156.376
1783748243.287096,156.376
1783748243.307236,156.376
1783748243.327379,156.376
1783748243.347533,156.047
1783748243.367676,156.047
1783748243.387816,156.047
1783748243.407959,156.047
1783748243.428104,156.047
1783748243.448242,155.877
1783748243.468384,155.877
1783748243.488528,155.877
1783748243.508673,155.877
1783748243.528822,155.877
1783748243.548960,155.933
1783748243.569098,155.933
1783748243.589242,155.933
1783748243.609396,155.933
1783748243.629567,155.933
1783748243.649706,155.714
1783748243.669893,155.714
1783748243.690051,155.714
1783748243.710223,155.714
1783748243.730363,155.714
1783748243.750506,155.791
1783748243.770667,155.791
1783748243.790803,155.791
1783748243.810941,155.791
1783748243.831079,155.791
1783748243.851218,155.984
1783748243.871361,155.984
1783748243.891501,155.984
1783748243.911607,155.984
1783748243.931758,156.044
1783748243.951903,156.044
1783748243.972040,156.044
1783748243.992184,156.044
1783748244.012331,156.044
1783748244.032484,156.029
1783748244.052628,156.029
1783748244.072772,156.029
1783748244.092919,156.029
1783748244.113070,156.029
1783748244.133210,156.077
1783748244.153345,156.077
1783748244.173485,156.077
1783748244.193628,156.077
1783748244.213772,156.077
1783748244.233914,156.069
1783748244.254056,156.069
1783748244.274217,156.069
1783748244.294357,156.069
1783748244.314493,156.069
1783748244.334639,156.280
1783748244.354790,156.280
1783748244.374934,156.280
1783748244.395075,156.280
1783748244.415217,156.280
1783748244.435368,155.356
1783748244.455511,155.356
1783748244.475652,155.356
1783748244.495796,155.356
1783748244.515964,155.356
1783748244.536108,155.673
1783748244.556252,155.673
1783748244.576396,155.673
1783748244.596543,155.673
1783748244.616692,155.673
1783748244.636859,156.055
1783748244.656997,156.055
1783748244.677136,156.055
1783748244.697284,156.055
1783748244.717428,156.055
1783748244.737567,155.946
1783748244.757710,155.946
1783748244.777911,155.946
1783748244.798054,155.946
1783748244.818191,155.946
1783748244.838335,156.045
1783748244.858489,156.045
1783748244.878628,156.045
1783748244.898766,156.045
1783748244.918926,156.045
1783748244.939080,156.027
1783748244.959229,156.027
1783748244.979404,156.027
1783748244.999546,156.027
1783748245.019692,156.027
1783748245.039863,156.326
1783748245.060006,156.326
1783748245.080148,156.326
1783748245.100292,156.326
1783748245.120444,156.326
1783748245.140585,156.458
1783748245.160722,156.458
1783748245.180907,156.458
1783748245.201060,156.458
1783748245.221205,156.458
1783748245.241338,156.182
1783748245.261475,156.182
1783748245.281632,156.182
1783748245.301777,156.182
1783748245.321917,156.182
1783748245.342059,156.205
1783748245.362205,156.205
1783748245.382349,156.205
1783748245.402487,156.205
1783748245.422631,156.205
1783748245.442787,156.866
1783748245.462933,156.866
1783748245.483072,156.866
1783748245.503216,156.866
1783748245.523365,156.866
1783748245.543514,156.361
1783748245.563656,156.361
1783748245.583798,156.361
1783748245.603936,156.361
1783748245.624081,156.361
1783748245.644223,156.305
1783748245.664363,156.305
1783748245.684508,156.305
1783748245.704665,156.305
1783748245.724757,156.305
1783748245.744891,156.151
1783748245.765033,156.151
1783748245.785191,156.151
1783748245.805337,156.151
1783748245.825474,156.151
1783748245.845616,156.131
1783748245.865774,156.131
1783748245.885920,156.131
1783748245.906059,156.131
1783748245.926202,156.131
1783748245.946358,156.151
1783748245.966494,156.151
1783748245.986630,156.151
1783748246.006767,156.151
1783748246.026911,156.151
1783748246.047062,156.073
1783748246.067203,156.073
1783748246.087345,156.073
1783748246.107492,156.073
1783748246.127642,156.073
1783748246.147787,155.890
1783748246.167927,155.890
1783748246.188071,155.890
1783748246.208256,155.890
1783748246.228399,155.890
1783748246.248538,155.885
1783748246.268704,155.885
1783748246.288908,155.885
1783748246.309053,155.885
1783748246.329191,155.885
1783748246.349334,155.657
1783748246.369486,155.657
1783748246.389630,155.657
1783748246.409770,155.657
1783748246.429914,155.657
1783748246.450069,155.644
1783748246.470215,155.644
1783748246.490356,155.644
1783748246.510495,155.644
1783748246.530650,155.644
1783748246.550798,155.716
1783748246.570935,155.716
1783748246.591076,155.716
1783748246.611226,155.716
1783748246.631375,155.716
1783748246.651517,155.688
1783748246.671627,155.688
1783748246.691771,155.688
1783748246.711917,155.688
1783748246.732061,155.688
1783748246.752199,156.092
1783748246.772339,156.092
1783748246.792488,156.092
1783748246.812630,156.092
1783748246.832769,155.819
1783748246.852873,155.819
1783748246.873019,155.819
1783748246.893157,155.819
1783748246.913294,155.819
1783748246.933432,156.384
1783748246.953577,156.384
1783748246.973719,156.384
1783748246.993913,156.384
1783748247.014049,156.384
1783748247.034203,156.144
1783748247.054340,156.144
1783748247.074447,156.144
1783748247.094544,156.144
1783748247.114641,156.144
1783748247.134779,156.062
1783748247.154920,156.062
1783748247.175058,156.062
1783748247.195195,156.062
1783748247.215344,156.062
1783748247.235485,156.388
1783748247.255622,156.388
1783748247.275761,156.388
1783748247.295871,156.388
1783748247.315972,156.388
1783748247.336054,156.302
1783748247.356134,156.302
1783748247.376223,156.302
1783748247.396311,156.302
1783748247.416396,156.302
1783748247.436526,156.503
1783748247.456684,156.503
1783748247.476917,156.503
1783748247.497056,156.503
1783748247.517196,156.503
1783748247.537347,156.820
1783748247.557518,156.820
1783748247.577656,156.820
1783748247.597794,156.820
1783748247.617940,156.820
1783748247.638092,156.086
1783748247.658228,156.086
1783748247.678366,156.086
1783748247.698508,156.086
1783748247.718664,156.086
1783748247.738807,156.205
1783748247.758945,156.205
1783748247.779087,156.205
1783748247.799240,156.205
1783748247.819385,156.205
1783748247.839521,156.470
1783748247.859657,156.470
1783748247.879813,156.470
1783748247.899957,156.470
1783748247.920098,156.470
1783748247.940241,156.514
1783748247.960396,156.514
1783748247.980536,156.514
1783748248.000675,156.514
1783748248.020816,156.514
1783748248.040967,156.222
1783748248.061111,156.222
1783748248.081255,156.222
1783748248.101393,156.222
1783748248.121540,156.222
1783748248.141684,156.279
1783748248.161826,156.279
1783748248.181964,156.279
1783748248.202103,156.279
1783748248.222261,156.279
1783748248.242406,156.311
1783748248.262542,156.311
1783748248.282686,156.311
1783748248.302837,156.311
1783748248.322979,156.311
1783748248.343117,155.898
1783748248.363260,155.898
1783748248.383410,155.898
1783748248.403553,155.898
1783748248.423690,155.898
1783748248.443858,155.738
1783748248.464011,155.738
1783748248.484156,155.738
1783748248.504295,155.738
1783748248.524436,155.738
1783748248.544588,155.836
1783748248.564775,155.836
1783748248.584916,155.836
1783748248.605053,155.836
1783748248.625199,155.836
1783748248.645346,156.623
1783748248.665486,156.623
1783748248.685624,156.623
1783748248.705768,156.623
1783748248.725919,156.623
1783748248.746063,156.512
1783748248.766229,156.512
1783748248.786372,156.512
1783748248.806528,156.512
1783748248.826672,156.512
1783748248.846880,156.395
1783748248.867018,156.395
1783748248.887173,156.395
1783748248.907311,156.395
1783748248.927449,156.395
1783748248.947592,156.288
1783748248.967793,156.288
1783748248.987935,156.288
1783748249.008072,156.288
1783748249.028213,156.288
1783748249.048321,156.216
1783748249.068409,156.216
1783748249.088490,156.216
1783748249.108576,156.216
1783748249.128670,156.216
1783748249.148746,156.018
1783748249.168829,156.018
1783748249.188920,156.018
1783748249.208998,156.018
1783748249.229080,156.018
1783748249.249166,156.164
1783748249.269251,156.164
1783748249.289348,156.164
1783748249.309489,156.164
1783748249.329634,156.164
1783748249.349771,156.500
1783748249.369910,156.500
1783748249.390062,156.500
1783748249.410205,156.500
1783748249.430343,156.500
1783748249.450484,156.661
1783748249.470635,156.661
1783748249.490781,156.661
1783748249.510918,156.661
1783748249.531057,156.661
1783748249.551203,156.690
1783748249.571310,156.690
1783748249.591449,156.690
1783748249.611590,156.690
1783748249.631774,156.690
1783748249.651897,156.422
1783748249.672020,156.422
1783748249.692155,156.422
1783748249.712295,156.422
1783748249.732446,156.422
1783748249.752591,156.455
1783748249.772773,156.455
1783748249.792895,156.455
1783748249.813023,156.455
1783748249.833161,156.345
1783748249.853300,156.345
1783748249.873447,156.345
1783748249.893592,156.345
1783748249.913769,156.345
1783748249.933911,156.034
1783748249.954050,156.034
1783748249.974204,156.034
1783748249.994345,156.034
1783748250.014484,156.034
1783748250.034626,156.432
1783748250.054812,156.432
1783748250.074958,156.432
1783748250.095101,156.432
1783748250.115266,156.432
1783748250.135406,156.446
1783748250.155558,156.446
1783748250.175701,156.446
1783748250.195880,156.446
1783748250.216020,156.446
1783748250.236169,156.419
1783748250.256311,156.419
1783748250.276452,156.419
1783748250.296595,156.419
1783748250.316784,156.419
1783748250.336926,156.316
1783748250.357063,156.316
1783748250.377196,156.316
1783748250.397340,156.316
1783748250.417481,156.316
1783748250.437649,156.192
1783748250.457789,156.192
1783748250.477933,156.192
1783748250.498076,156.192
1783748250.518214,156.192
1783748250.538354,156.482
1783748250.558499,156.482
1783748250.578637,156.482
1783748250.598774,156.482
1783748250.618914,156.482
1783748250.639055,156.474
1783748250.659197,156.474
1783748250.679338,156.474
1783748250.699479,156.474
1783748250.719628,156.474
1783748250.739777,156.628
1783748250.759918,156.628
1783748250.780055,156.628
1783748250.800198,156.628
1783748250.820352,156.628
1783748250.840497,156.538
1783748250.860603,156.538
1783748250.880783,156.538
1783748250.900938,156.538
1783748250.921081,156.538
1783748250.941221,156.633
1783748250.961362,156.633
1783748250.981504,156.633
1783748251.001650,156.633
1783748251.021788,156.633
1783748251.041929,156.482
1783748251.062079,156.482
1783748251.082225,156.482
1783748251.102366,156.482
1783748251.122508,156.482
1783748251.142652,156.459
1783748251.162803,156.459
1783748251.182942,156.459
1783748251.203082,156.459
1783748251.223225,156.459
1783748251.243377,156.567
1783748251.263518,156.567
1783748251.283653,156.567
1783748251.303794,156.567
1783748251.323948,156.567
1783748251.344129,156.703
1783748251.364270,156.703
1783748251.384378,156.703
1783748251.404499,156.703
1783748251.424585,156.703
1783748251.444663,156.848
1783748251.464743,156.848
1783748251.484853,156.848
1783748251.504946,156.848
1783748251.525020,156.848
1783748251.545095,156.763
1783748251.565175,156.763
1783748251.585254,156.763
1783748251.605382,156.763
1783748251.625525,156.763
1783748251.645668,156.995
1783748251.665811,156.995
1783748251.685949,156.995
1783748251.706087,156.995
1783748251.726232,156.995
1783748251.746383,156.485
1783748251.766528,156.485
1783748251.786664,156.485
1783748251.806807,156.485
1783748251.826957,156.485
1783748251.847100,156.514
1783748251.867236,156.514
1783748251.887376,156.514
1783748251.907531,156.514
1783748251.927674,156.514
1783748251.947813,156.533
1783748251.967956,156.533
1783748251.988104,156.533
1783748252.008242,156.533
1783748252.028382,156.533
1783748252.048524,156.432
1783748252.068678,156.432
1783748252.088822,156.432
1783748252.108963,156.432
1783748252.129106,156.432
1783748252.149252,156.648
1783748252.169401,156.648
1783748252.189544,156.648
1783748252.209686,156.648
1783748252.229751,156.648
1783748252.249845,156.433
1783748252.269924,156.433
1783748252.289996,156.433
1783748252.310075,156.433
1783748252.330219,156.433
1783748252.350367,156.116
1783748252.370506,156.116
1783748252.390646,156.116
1783748252.410796,156.116
1783748252.430939,156.116
1783748252.451079,156.353
1783748252.471220,156.353
1783748252.491369,156.353
1783748252.511511,156.353
1783748252.531648,156.353
1783748252.551791,156.135
1783748252.571944,156.135
1783748252.592087,156.135
1783748252.612259,156.135
1783748252.632400,156.135
1783748252.652545,156.112
1783748252.672694,156.112
1783748252.692906,156.112
1783748252.713046,156.112
1783748252.733189,156.112
1783748252.753333,156.206
1783748252.773475,156.206
1783748252.793613,156.206
1783748252.813756,156.206
1783748252.833907,156.460
1783748252.854051,156.460
1783748252.874190,156.460
1783748252.894330,156.460
1783748252.914486,156.460
1783748252.934629,156.176
1783748252.954767,156.176
1783748252.974907,156.176
1783748252.995057,156.176
1783748253.015194,156.176
1783748253.035331,156.175
1783748253.055472,156.175
1783748253.075591,156.175
1783748253.095715,156.175
1783748253.115891,156.175
1783748253.136034,156.082
1783748253.156180,156.082
1783748253.176328,156.082
1783748253.196467,156.082
1783748253.216610,156.082
1783748253.236715,156.380
1783748253.256858,156.380
1783748253.276978,156.380
1783748253.297108,156.380
1783748253.317254,156.380
1783748253.337408,156.171
1783748253.357552,156.171
1783748253.377691,156.171
1783748253.397835,156.171
1783748253.417994,156.171
1783748253.438137,156.566
1783748253.458277,156.566
1783748253.478422,156.566
1783748253.498570,156.566
1783748253.518712,156.566
1783748253.538894,156.683
1783748253.559037,156.683
1783748253.579187,156.683
1783748253.599333,156.683
1783748253.619469,156.683
1783748253.639609,156.336
1783748253.659757,156.336
1783748253.679910,156.336
1783748253.700052,156.336
1783748253.720194,156.336
1783748253.740341,156.498
1783748253.760495,156.498
1783748253.780636,156.498
1783748253.800776,156.498
1783748253.820921,156.498
1783748253.841078,156.141
1783748253.861217,156.141
1783748253.881356,156.141
1783748253.901530,156.141
1783748253.921689,156.141
1783748253.941832,156.196
1783748253.961936,156.196
1783748253.982089,156.196
1783748254.002239,156.196
1783748254.022383,156.196
1783748254.042525,156.348
1783748254.062668,156.348
1783748254.082823,156.348
1783748254.102963,156.348
1783748254.123101,156.348
1783748254.143240,156.306
1783748254.163390,156.306
1783748254.183543,156.306
1783748254.203688,156.306
1783748254.223830,156.306
1783748254.243975,156.486
1783748254.264128,156.486
1783748254.284270,156.486
1783748254.304409,156.486
1783748254.324515,156.486
1783748254.344651,156.485
1783748254.364788,156.485
1783748254.384926,156.485
1783748254.405068,156.485
1783748254.425226,156.485
1783748254.445370,156.361
1783748254.465513,156.361
1783748254.485652,156.361
1783748254.505805,156.361
1783748254.525947,156.361
1783748254.546086,156.416
1783748254.566229,156.416
1783748254.586383,156.416
1783748254.606531,156.416
1783748254.626670,156.416
1783748254.646814,156.584
1783748254.666963,156.584
1783748254.687099,156.584
1783748254.707235,156.584
1783748254.727375,156.584
1783748254.747520,156.537
1783748254.767671,156.537
1783748254.787814,156.537
1783748254.807956,156.537
1783748254.828099,156.537
1783748254.848257,156.623
1783748254.868397,156.623
1783748254.888536,156.623
1783748254.908680,156.623
1783748254.928841,156.623
1783748254.948985,156.873
1783748254.969124,156.873
1783748254.989264,156.873
1783748255.009411,156.873
1783748255.029555,156.873
1783748255.049692,157.056
1783748255.069852,157.056
1783748255.090007,157.056
1783748255.110152,157.056
1783748255.130296,157.056
1783748255.150438,157.029
1783748255.170588,157.029
1783748255.190771,157.029
1783748255.210915,157.029
1783748255.231057,157.029
1783748255.251228,156.901
1783748255.271380,156.901
1783748255.291522,156.901
1783748255.311661,156.901
1783748255.331804,156.901
1783748255.351962,156.778
1783748255.372100,156.778
1783748255.392238,156.778
1783748255.412375,156.778
1783748255.432523,156.778
1783748255.452664,156.621
1783748255.472804,156.621
1783748255.492947,156.621
1783748255.513093,156.621
1783748255.533238,156.621
1783748255.553378,156.650
1783748255.573521,156.650
1783748255.593674,156.650
1783748255.613820,156.650
1783748255.633961,156.650
1783748255.654101,156.692
1783748255.674252,156.692
1783748255.694399,156.692
1783748255.714539,156.692
1783748255.734682,156.692
1783748255.754830,156.400
1783748255.774969,156.400
1783748255.795107,156.400
1783748255.815246,156.400
1783748255.835389,156.513
1783748255.855545,156.513
1783748255.875688,156.513
1783748255.895827,156.513
1783748255.915970,156.513
1783748255.936127,156.281
1783748255.956272,156.281
1783748255.976413,156.281
1783748255.996552,156.281
1783748256.016706,156.281
1783748256.036897,156.307
1783748256.057037,156.307
1783748256.077180,156.307
1783748256.097336,156.307
1783748256.117482,156.307
1783748256.137620,156.513
1783748256.157763,156.513
1783748256.177916,156.513
1783748256.198063,156.513
1783748256.218207,156.513
1783748256.238351,156.439
1783748256.258498,156.439
1783748256.278648,156.439
1783748256.298791,156.439
1783748256.318960,156.439
1783748256.339103,156.430
1783748256.359260,156.430
1783748256.379402,156.430
1783748256.399539,156.430
1783748256.419682,156.430
1783748256.439837,156.499
1783748256.459982,156.499
1783748256.480149,156.499
1783748256.500287,156.499
1783748256.520436,156.499
1783748256.540601,156.452
1783748256.560782,156.452
1783748256.580922,156.452
1783748256.601074,156.452
1783748256.621220,156.452
1783748256.641361,156.497
1783748256.661502,156.497
1783748256.681653,156.497
1783748256.701797,156.497
1783748256.721936,156.497
1783748256.742079,156.531
1783748256.762225,156.531
1783748256.782374,156.531
1783748256.802516,156.531
1783748256.822657,156.531
1783748256.842799,156.494
1783748256.862919,156.494
1783748256.883060,156.494
1783748256.903196,156.494
1783748256.923334,156.494
1783748256.943488,156.767
1783748256.963632,156.767
1783748256.983772,156.767
1783748257.003915,156.767
1783748257.024071,156.767
1783748257.044215,156.518
1783748257.064356,156.518
1783748257.084501,156.518
1783748257.104658,156.518
1783748257.124803,156.518
1783748257.144911,156.638
1783748257.165054,156.638
1783748257.185209,156.638
1783748257.205356,156.638
1783748257.225472,156.638
1783748257.245613,156.584
1783748257.265763,156.584
1783748257.285913,156.584
1783748257.306055,156.584
1783748257.326198,156.584
1783748257.346341,156.447
1783748257.366453,156.447
1783748257.386597,156.447
1783748257.406784,156.447
1783748257.426928,156.447
1783748257.447080,156.564
1783748257.467225,156.564
1783748257.487364,156.564
1783748257.507506,156.564
1783748257.527665,156.564
1783748257.547807,156.579
1783748257.567945,156.579
1783748257.588083,156.579
1783748257.608232,156.579
1783748257.628379,156.579
1783748257.648516,156.481
1783748257.668661,156.481
1783748257.688814,156.481
1783748257.708952,156.481
1783748257.729092,156.481
1783748257.749263,156.716
1783748257.769412,156.716
1783748257.789561,156.716
1783748257.809703,156.716
1783748257.829915,156.716
1783748257.850061,156.716
1783748257.870204,156.716
1783748257.890347,156.716
1783748257.910486,156.716
1783748257.930630,156.716
1783748257.950755,156.968
1783748257.970896,156.968
1783748257.991034,156.968
1783748258.011172,156.968
1783748258.031326,156.968
1783748258.051470,156.944
1783748258.071611,156.944
1783748258.091754,156.944
1783748258.111911,156.944
1783748258.132056,156.944
1783748258.152194,156.830
1783748258.172336,156.830
1783748258.192492,156.830
1783748258.212638,156.830
1783748258.232782,156.830
1783748258.252928,156.606
1783748258.273077,156.606
1783748258.293224,156.606
1783748258.313365,156.606
1783748258.333505,156.606
1783748258.353652,156.457
1783748258.373795,156.457
1783748258.393939,156.457
1783748258.414079,156.457
1783748258.434225,156.457
1783748258.454384,156.358
1783748258.474528,156.358
1783748258.494668,156.358
1783748258.514807,156.358
1783748258.534966,156.358
1783748258.555109,156.477
1783748258.575248,156.477
1783748258.595393,156.477
1783748258.615547,156.477
1783748258.635691,156.486
1783748258.655914,156.486
1783748258.676057,156.486
1783748258.696210,156.486
1783748258.716357,156.486
1783748258.736497,156.518
1783748258.756640,156.518
1783748258.776789,156.518
1783748258.796940,156.518
1783748258.817078,156.518
1783748258.837220,156.700
1783748258.857368,156.700
1783748258.877514,156.700
1783748258.897654,156.700
1783748258.917792,156.700
1783748258.937932,156.287
1783748258.958080,156.287
1783748258.978227,156.287
1783748258.998366,156.287
1783748259.018504,156.287
1783748259.038681,156.156
1783748259.058824,156.156
1783748259.078963,156.156
1783748259.099104,156.156
1783748259.119285,156.156
1783748259.139429,156.288
1783748259.159566,156.288
1783748259.179704,156.288
1783748259.199887,156.288
1783748259.220029,156.288
1783748259.240169,156.157
1783748259.260309,156.157
1783748259.280451,156.157
1783748259.300594,156.157
1783748259.320780,156.157
1783748259.340919,156.576
1783748259.361059,156.576
1783748259.381197,156.576
1783748259.401338,156.576
1783748259.421474,156.576
1783748259.441613,156.683
1783748259.461766,156.683
1783748259.481910,156.683
1783748259.502045,156.683
1783748259.522180,156.683
1783748259.542321,156.639
1783748259.562460,156.639
1783748259.582566,156.639
1783748259.602669,156.639
1783748259.622754,156.639
1783748259.642846,156.742
1783748259.662927,156.742
1783748259.683006,156.742
1783748259.703086,156.742
1783748259.723173,156.742
1783748259.743301,156.576
1783748259.763447,156.576
1783748259.783558,156.576
1783748259.803660,156.576
1783748259.823753,156.576
1783748259.843876,156.315
1783748259.864022,156.315
1783748259.884175,156.315
1783748259.904318,156.315
1783748259.924455,156.315
1783748259.944598,156.472
1783748259.964797,156.472
1783748259.984942,156.472
1783748260.005080,156.472
1783748260.025217,156.472
1783748260.045372,156.184
1783748260.065516,156.184
1783748260.085655,156.184
1783748260.105795,156.184
1783748260.125935,156.184
1783748260.146071,156.385
1783748260.166209,156.385
1783748260.186343,156.385
1783748260.206486,156.385
1783748260.226626,156.385
1783748260.246760,156.562
1783748260.266899,156.562
1783748260.287042,156.562
1783748260.307182,156.562
1783748260.327348,156.562
1783748260.347483,156.307
1783748260.367622,156.307
1783748260.387784,156.307
1783748260.407920,156.307
1783748260.428055,156.307
1783748260.448190,156.504
1783748260.468330,156.504
1783748260.488468,156.504
1783748260.508605,156.504
1783748260.528780,156.504
1783748260.548922,156.352
1783748260.569061,156.352
1783748260.589199,156.352
1783748260.609336,156.352
1783748260.629481,156.352
1783748260.649619,156.550
1783748260.669758,156.550
1783748260.689896,156.550
1783748260.710048,156.550
1783748260.730188,156.550
1783748260.750325,156.432
1783748260.770464,156.432
1783748260.790611,156.432
1783748260.810761,156.432
1783748260.830904,156.432
1783748260.851043,156.316
1783748260.871186,156.316
1783748260.891336,156.316
1783748260.911478,156.316
1783748260.931614,156.316
1783748260.951755,156.240
1783748260.971910,156.240
1783748260.992048,156.240
1783748261.012183,156.240
1783748261.032324,156.240
1783748261.052480,156.523
1783748261.072623,156.523
1783748261.092762,156.523
1783748261.112905,156.523
1783748261.133055,156.523
1783748261.153194,156.201
1783748261.173333,156.201
1783748261.193475,156.201
1783748261.213628,156.201
1783748261.233776,156.201
1783748261.253915,156.457
1783748261.274056,156.457
1783748261.294202,156.457
1783748261.314352,156.457
1783748261.334494,156.457
1783748261.354634,156.473
1783748261.374777,156.473
1783748261.394927,156.473
1783748261.415069,156.473
1783748261.435208,156.473
1783748261.455350,156.504
1783748261.475507,156.504
1783748261.495651,156.504
1783748261.515786,156.504
1783748261.535927,156.504
1783748261.556084,156.749
1783748261.576228,156.749
1783748261.596365,156.749
1783748261.616534,156.749
1783748261.636686,156.696
1783748261.656832,156.696
1783748261.676995,156.696
1783748261.697138,156.696
1783748261.717289,156.696
1783748261.737434,156.529
1783748261.757573,156.529
1783748261.777716,156.529
1783748261.797907,156.529
1783748261.818054,156.529
1783748261.838197,156.676
1783748261.858335,156.676
1783748261.878478,156.676
1783748261.898626,156.676
1783748261.918770,156.676
1783748261.938910,156.335
1783748261.959043,156.335
1783748261.979179,156.335
1783748261.999316,156.335
1783748262.019453,156.335
1783748262.039590,156.457
1783748262.059716,156.457
1783748262.079867,156.457
1783748262.099999,156.457
1783748262.120134,156.457
1783748262.140274,156.563
1783748262.160407,156.563
1783748262.180542,156.563
1783748262.200644,156.563
1783748262.220758,156.563
1783748262.240888,156.295
1783748262.261026,156.295
1783748262.281130,156.295
1783748262.301235,156.295
1783748262.321368,156.295
1783748262.341512,156.590
1783748262.361653,156.590
1783748262.381801,156.590
1783748262.401953,156.590
1783748262.422097,156.590
1783748262.442236,156.599
1783748262.462377,156.599
1783748262.482531,156.599
1783748262.502674,156.599
1783748262.522812,156.599
1783748262.542953,156.650
1783748262.563102,156.650
1783748262.583244,156.650
1783748262.603382,156.650
1783748262.623519,156.650
1783748262.643662,156.617
1783748262.663805,156.617
1783748262.683942,156.617
1783748262.704080,156.617
1783748262.724224,156.617
1783748262.744366,156.448
1783748262.764506,156.448
1783748262.784644,156.448
1783748262.804787,156.448
1783748262.824929,156.448
1783748262.845069,156.287
1783748262.865206,156.287
1783748262.885375,156.287
1783748262.905518,156.287
1783748262.925654,156.287
1783748262.945790,156.425
1783748262.965951,156.425
1783748262.986098,156.425
1783748263.006238,156.425
1783748263.026376,156.425
1783748263.046481,156.286
1783748263.066589,156.286
1783748263.086684,156.286
1783748263.106811,156.286
1783748263.126955,156.286
1783748263.147113,156.357
1783748263.167257,156.357
1783748263.187398,156.357
1783748263.207539,156.357
1783748263.227689,156.357
1783748263.247836,156.323
1783748263.267976,156.323
1783748263.288118,156.323
1783748263.308270,156.323
1783748263.328416,156.323
1783748263.348558,156.069
1783748263.368700,156.069
1783748263.388891,156.069
1783748263.409042,156.069
1783748263.429186,156.069
1783748263.449323,156.174
1783748263.469466,156.174
1783748263.489622,156.174
1783748263.509767,156.174
1783748263.529905,156.174
1783748263.550045,155.961
1783748263.570197,155.961
1783748263.590335,155.961
1783748263.610472,155.961
1783748263.630612,155.961
1783748263.650757,155.773
1783748263.670923,155.773
1783748263.691061,155.773
1783748263.711202,155.773
1783748263.731354,155.773
1783748263.751499,155.873
1783748263.771639,155.873
1783748263.791780,155.873
1783748263.811929,155.873
1783748263.832070,155.873
1783748263.852207,155.967
1783748263.872348,155.967
1783748263.892492,155.967
1783748263.912644,155.967
1783748263.932779,155.967
1783748263.952917,156.185
1783748263.973060,156.185
1783748263.993210,156.185
1783748264.013347,156.185
1783748264.033486,156.185
1783748264.053629,156.447
1783748264.073782,156.447
1783748264.093922,156.447
1783748264.114056,156.447
1783748264.134195,156.447
1783748264.154343,156.584
1783748264.174515,156.584
1783748264.194654,156.584
1783748264.214797,156.584
1783748264.234948,156.584
1783748264.255123,155.867
1783748264.275262,155.867
1783748264.295403,155.867
1783748264.315555,155.867
1783748264.335701,155.867
1783748264.355893,155.652
1783748264.376033,155.652
1783748264.396176,155.652
1783748264.416328,155.652
1783748264.436469,155.652
1783748264.456608,155.660
1783748264.476752,155.660
1783748264.496906,155.660
1783748264.517046,155.660
1783748264.537210,155.660
1783748264.557352,155.813
1783748264.577508,155.813
1783748264.597649,155.813
1783748264.617787,155.813
1783748264.637928,156.060
1783748264.658082,156.060
1783748264.678226,156.060
1783748264.698364,156.060
1783748264.718504,156.060
1783748264.738656,156.263
1783748264.758799,156.263
1783748264.778935,156.263
1783748264.799073,156.263
1783748264.819224,156.263
1783748264.839368,156.134
1783748264.859505,156.134
1783748264.879644,156.134
1783748264.899790,156.134
1783748264.919938,156.134
1783748264.940077,155.987
1783748264.960216,155.987
1783748264.980361,155.987
1783748265.000499,155.987
1783748265.020636,155.987
1783748265.040771,155.903
1783748265.060911,155.903
1783748265.081065,155.903
1783748265.101208,155.903
1783748265.121345,155.903
1783748265.141511,155.511
1783748265.161664,155.511
1783748265.181806,155.511
1783748265.201944,155.511
1783748265.222086,155.511
1783748265.242236,156.313
1783748265.262381,156.313
1783748265.282517,156.313
1783748265.302658,156.313
1783748265.322810,156.313
1783748265.342954,156.374
1783748265.363094,156.374
1783748265.383230,156.374
1783748265.403374,156.374
1783748265.423509,156.374
1783748265.443647,156.178
1783748265.463811,156.178
1783748265.483959,156.178
1783748265.504114,156.178
1783748265.524279,156.178
1783748265.544419,156.310
1783748265.564561,156.310
1783748265.584711,156.310
1783748265.604914,156.310
1783748265.625052,156.310
1783748265.645196,156.405
1783748265.665355,156.405
1783748265.685500,156.405
1783748265.705637,156.405
1783748265.725781,156.405
1783748265.745932,156.149
1783748265.766075,156.149
1783748265.786214,156.149
1783748265.806355,156.149
1783748265.826509,156.149
1783748265.846652,156.062
1783748265.866776,156.062
1783748265.886902,156.062
1783748265.907051,156.062
1783748265.927189,156.062
1783748265.947329,155.899
1783748265.967473,155.899
1783748265.987623,155.899
1783748266.007774,155.899
1783748266.027920,155.899
1783748266.048063,155.960
1783748266.068210,155.960
1783748266.088370,155.960
1783748266.108518,155.960
1783748266.128660,155.960
1783748266.148806,156.301
1783748266.168964,156.301
1783748266.189112,156.301
1783748266.209257,156.301
1783748266.229405,156.301
1783748266.249566,156.369
1783748266.269713,156.369
1783748266.289899,156.369
1783748266.310040,156.369
1783748266.330194,156.369
1783748266.350342,156.546
1783748266.370482,156.546
1783748266.390623,156.546
1783748266.410774,156.546
1783748266.430922,156.546
1783748266.451065,156.534
1783748266.471206,156.534
1783748266.491354,156.534
1783748266.511507,156.534
1783748266.531649,156.534
1783748266.551789,156.728
1783748266.571931,156.728
1783748266.592075,156.728
1783748266.612219,156.728
1783748266.632339,156.728
1783748266.652479,156.834
1783748266.672611,156.834
1783748266.692756,156.834
1783748266.712897,156.834
1783748266.733036,156.834
1783748266.753221,156.388
1783748266.773365,156.388
1783748266.793506,156.388
1783748266.813672,156.388
1783748266.833823,156.388
1783748266.853969,156.565
1783748266.874107,156.565
1783748266.894248,156.565
1783748266.914396,156.565
1783748266.934548,156.565
1783748266.954690,156.313
1783748266.974860,156.313
1783748266.995003,156.313
1783748267.015139,156.313
1783748267.035277,156.313
1783748267.055416,156.362
1783748267.075560,156.362
1783748267.095714,156.362
1783748267.115901,156.362
1783748267.136039,156.362
1783748267.156179,156.385
1783748267.176338,156.385
1783748267.196483,156.385
1783748267.216621,156.385
1783748267.236765,156.385
1783748267.256920,156.236
1783748267.277065,156.236
1783748267.297204,156.236
1783748267.317345,156.236
1783748267.337499,156.236
1783748267.357639,156.540
1783748267.377774,156.540
1783748267.397918,156.540
1783748267.418069,156.540
1783748267.438220,156.540
1783748267.458363,155.968
1783748267.478505,155.968
1783748267.498654,155.968
1783748267.518796,155.968
1783748267.538940,155.911
1783748267.559079,155.911
1783748267.579223,155.911
1783748267.599370,155.911
1783748267.619514,155.911
1783748267.639652,155.875
1783748267.659790,155.875
1783748267.679949,155.875
1783748267.700086,155.875
1783748267.720221,155.875
1783748267.740364,155.855
1783748267.760520,155.855
1783748267.780660,155.855
1783748267.800798,155.855
1783748267.820942,155.855
1783748267.841095,155.922
1783748267.861239,155.922
1783748267.881347,155.922
1783748267.901490,155.922
1783748267.921643,155.922
1783748267.941790,156.276
1783748267.961932,156.276
1783748267.982075,156.276
1783748268.002221,156.276
1783748268.022388,156.276
1783748268.042528,156.582
1783748268.062663,156.582
1783748268.082803,156.582
1783748268.102974,156.582
1783748268.123118,156.582
1783748268.143256,156.276
1783748268.163395,156.276
1783748268.183553,156.276
1783748268.203698,156.276
1783748268.223892,156.276
1783748268.244037,156.477
1783748268.264196,156.477
1783748268.284340,156.477
1783748268.304481,156.477
1783748268.324626,156.477
1783748268.344778,156.475
1783748268.364924,156.475
1783748268.385063,156.475
1783748268.405206,156.475
1783748268.425348,156.475
1783748268.445486,156.643
1783748268.465625,156.643
1783748268.485770,156.643
1783748268.505917,156.643
1783748268.526063,156.643
1783748268.546203,156.651
1783748268.566342,156.651
1783748268.586486,156.651
1783748268.606639,156.651
1783748268.626783,156.651
1783748268.646921,156.841
1783748268.667045,156.841
1783748268.687201,156.841
1783748268.707345,156.841
1783748268.727485,156.841
1783748268.747628,156.767
1783748268.767783,156.767
1783748268.787920,156.767
1783748268.808055,156.767
1783748268.828198,156.767
1783748268.848352,156.622
1783748268.868497,156.622
1783748268.888634,156.622
1783748268.908776,156.622
1783748268.928926,156.622
1783748268.949071,156.847
1783748268.969212,156.847
1783748268.989356,156.847
1783748269.009501,156.847
1783748269.029644,156.847
1783748269.049786,157.061
1783748269.069927,157.061
1783748269.090070,157.061
1783748269.110220,157.061
1783748269.130366,157.061
1783748269.150500,156.852
1783748269.170640,156.852
1783748269.190798,156.852
1783748269.210942,156.852
1783748269.231081,156.852
1783748269.251226,157.113
1783748269.271383,157.113
1783748269.291526,157.113
1783748269.311694,157.113
1783748269.331887,157.113
1783748269.352042,157.016
1783748269.372190,157.016
1783748269.392354,157.016
1783748269.412498,157.016
1783748269.432652,157.016
1783748269.452799,156.933
1783748269.472940,156.933
1783748269.493084,156.933
1783748269.513223,156.933
1783748269.533363,156.933
1783748269.553504,157.031
1783748269.573646,157.031
1783748269.593788,157.031
1783748269.613943,157.031
1783748269.634088,157.031
1783748269.654228,156.687
1783748269.674373,156.687
1783748269.694525,156.687
1783748269.714669,156.687
1783748269.734808,156.687
1783748269.754952,156.594
1783748269.775107,156.594
1783748269.795252,156.594
1783748269.815390,156.594
1783748269.835534,156.594
1783748269.855684,156.844
1783748269.875820,156.844
1783748269.895955,156.844
1783748269.916098,156.844
1783748269.936251,156.844
1783748269.956393,156.702
1783748269.976530,156.702
1783748269.996673,156.702
1783748270.016816,156.702
1783748270.036963,156.702
1783748270.057104,156.517
1783748270.077246,156.517
1783748270.097392,156.517
1783748270.117544,156.517
1783748270.137686,156.517
1783748270.157825,156.624
1783748270.177970,156.624
1783748270.198123,156.624
1783748270.218268,156.624
1783748270.238403,156.624
1783748270.258541,156.409
1783748270.278693,156.409
1783748270.298858,156.409
1783748270.318995,156.409
1783748270.339141,156.409
1783748270.359289,156.558
1783748270.379427,156.558
1783748270.399564,156.558
1783748270.419707,156.558
1783748270.439905,156.405
1783748270.460050,156.405
1783748270.480192,156.405
1783748270.500336,156.405
1783748270.520483,156.405
1783748270.540635,156.412
1783748270.560779,156.412
1783748270.580922,156.412
1783748270.601096,156.412
1783748270.621227,156.412
1783748270.641369,156.442
1783748270.661533,156.442
1783748270.681677,156.442
1783748270.701834,156.442
1783748270.721976,156.442
1783748270.742114,156.510
1783748270.762255,156.510
1783748270.782408,156.510
1783748270.802552,156.510
1783748270.822692,156.510
1783748270.842877,156.557
1783748270.863030,156.557
1783748270.883170,156.557
1783748270.903308,156.557
1783748270.923450,156.557
1783748270.943602,156.849
1783748270.963789,156.849
1783748270.983929,156.849
1783748271.004067,156.849
1783748271.024214,156.849
1783748271.044359,156.712
1783748271.064496,156.712
1783748271.084637,156.712
1783748271.104785,156.712
1783748271.124936,156.712
1783748271.145076,156.699
1783748271.165213,156.699
1783748271.185357,156.699
1783748271.205513,156.699
1783748271.225652,156.699
1783748271.245787,156.752
1783748271.265928,156.752
1783748271.286079,156.752
1783748271.306221,156.752
1783748271.326360,156.752
1783748271.346500,156.414
1783748271.366650,156.414
1783748271.386788,156.414
1783748271.406925,156.414
1783748271.427065,156.414
1783748271.447209,156.084
1783748271.467352,156.084
1783748271.487490,156.084
1783748271.507627,156.084
1783748271.527772,156.084
1783748271.547917,156.248
1783748271.568055,156.248
1783748271.588194,156.248
1783748271.608333,156.248
1783748271.628478,156.248
1783748271.648590,156.194
1783748271.668768,156.194
1783748271.688906,156.194
1783748271.709052,156.194
1783748271.729194,156.194
1783748271.749331,156.379
1783748271.769470,156.379
1783748271.789618,156.379
1783748271.809762,156.379
1783748271.829901,156.379
1783748271.850039,156.092
1783748271.870184,156.092
1783748271.890349,156.092
1783748271.910489,156.092
1783748271.930631,156.092
1783748271.950802,156.109
1783748271.970947,156.109
1783748271.991085,156.109
1783748272.011224,156.109
1783748272.031369,156.109
1783748272.051517,156.111
1783748272.071655,156.111
1783748272.091791,156.111
1783748272.111935,156.111
1783748272.132083,156.111
1783748272.152221,155.937
1783748272.172358,155.937
1783748272.192499,155.937
1783748272.212654,155.937
1783748272.232797,155.937
1783748272.252934,156.074
1783748272.273077,156.074
1783748272.293228,156.074
1783748272.313371,156.074
1783748272.333510,156.074
1783748272.353652,156.104
1783748272.373806,156.104
1783748272.393947,156.104
1783748272.414086,156.104
1783748272.434228,156.104
1783748272.454379,156.585
1783748272.474524,156.585
1783748272.494665,156.585
1783748272.514808,156.585
1783748272.534956,156.585
1783748272.555109,156.732
1783748272.575254,156.732
1783748272.595392,156.732
1783748272.615532,156.732
1783748272.635683,156.732
1783748272.655824,156.366
1783748272.675960,156.366
1783748272.696101,156.366
1783748272.716255,156.366
1783748272.736398,156.366
1783748272.756532,156.225
1783748272.776672,156.225
1783748272.796829,156.225
1783748272.816975,156.225
1783748272.837111,156.225
1783748272.857253,156.374
1783748272.877408,156.374
1783748272.897549,156.374
1783748272.917688,156.374
1783748272.937829,156.374
1783748272.957981,156.419
1783748272.978127,156.419
1783748272.998262,156.419
1783748273.018397,156.419
1783748273.038545,156.419
1783748273.058693,156.581
1783748273.078861,156.581
1783748273.099002,156.581
1783748273.119144,156.581
1783748273.139293,156.581
1783748273.159460,156.890
1783748273.179598,156.890
1783748273.199786,156.890
1783748273.219941,156.890
1783748273.240110,156.706
1783748273.260244,156.706
1783748273.280384,156.706
1783748273.300538,156.706
1783748273.320681,156.706
1783748273.340818,156.166
1783748273.360958,156.166
1783748273.381111,156.166
1783748273.401252,156.166
1783748273.421391,156.166
1783748273.441533,156.503
1783748273.461684,156.503
1783748273.481830,156.503
1783748273.501969,156.503
1783748273.522108,156.503
1783748273.542258,156.391
1783748273.562400,156.391
1783748273.582539,156.391
1783748273.602677,156.391
1783748273.622821,156.391
1783748273.642972,156.318
1783748273.663113,156.318
1783748273.683250,156.318
1783748273.703392,156.318
1783748273.723549,156.318
1783748273.743692,156.506
1783748273.763829,156.506
1783748273.783968,156.506
1783748273.804123,156.506
1783748273.824266,156.506
1783748273.844402,156.527
1783748273.864544,156.527
1783748273.884684,156.527
1783748273.904824,156.527
1783748273.924962,156.527
1783748273.945102,156.523
1783748273.965251,156.523
1783748273.985397,156.523
1783748274.005536,156.523
1783748274.025675,156.523
1783748274.045823,156.411
1783748274.065969,156.411
1783748274.086106,156.411
1783748274.106246,156.411
1783748274.126387,156.411
1783748274.146535,156.403
1783748274.166671,156.403
1783748274.186806,156.403
1783748274.206904,156.403
1783748274.227015,156.403
1783748274.247150,156.695
1783748274.267288,156.695
1783748274.287430,156.695
1783748274.307587,156.695
1783748274.327777,156.695
1783748274.347917,157.015
1783748274.368038,157.015
1783748274.388159,157.015
1783748274.408295,157.015
1783748274.428437,157.015
1783748274.448569,157.053
1783748274.468701,157.053
1783748274.488870,157.053
1783748274.509009,157.053
1783748274.529179,157.053
1783748274.549332,156.876
1783748274.569476,156.876
1783748274.589618,156.876
1783748274.609761,156.876
1783748274.629908,156.876
1783748274.650061,156.793
1783748274.670199,156.793
1783748274.690338,156.793
1783748274.710481,156.793
1783748274.730633,156.793
1783748274.750776,156.778
1783748274.770912,156.778
1783748274.791053,156.778
1783748274.811202,156.778
1783748274.831342,156.778
1783748274.851479,156.905
1783748274.871618,156.905
1783748274.891761,156.905
1783748274.911902,156.905
1783748274.932037,156.905
1783748274.952176,156.757
1783748274.972322,156.757
1783748274.992464,156.757
1783748275.012601,156.757
1783748275.032785,156.757
1783748275.052910,156.701
1783748275.073050,156.701
1783748275.093188,156.701
1783748275.113325,156.701
1783748275.133466,156.701
1783748275.153607,156.743
1783748275.173789,156.743
1783748275.193926,156.743
1783748275.214061,156.743
1783748275.234209,156.743
1783748275.254317,156.598
1783748275.274420,156.598
1783748275.294548,156.598
1783748275.314704,156.598
1783748275.334899,156.598
1783748275.355036,156.300
1783748275.375176,156.300
1783748275.395321,156.300
1783748275.415463,156.300
1783748275.435600,156.300
1783748275.455791,156.528
1783748275.475942,156.528
1783748275.496088,156.528
1783748275.516222,156.528
1783748275.536364,156.528
1783748275.556515,156.588
1783748275.576656,156.588
1783748275.596799,156.588
1783748275.616944,156.588
1783748275.637089,156.588
1783748275.657228,156.503
1783748275.677370,156.503
1783748275.697510,156.503
1783748275.717653,156.503
1783748275.737836,156.503
1783748275.757979,156.288
1783748275.778115,156.288
1783748275.798279,156.288
1783748275.818424,156.288
1783748275.838569,156.288
1783748275.858706,156.169
1783748275.878898,156.169
1783748275.899053,156.169
1783748275.919196,156.169
1783748275.939335,156.169
1783748275.959477,156.245
1783748275.979627,156.245
1783748275.999777,156.245
1783748276.019913,156.245
1783748276.040052,156.245
1783748276.060203,156.035
1783748276.080343,156.035
1783748276.100484,156.035
1783748276.120626,156.035
1783748276.140774,156.035
1783748276.160919,156.055
1783748276.181061,156.055
1783748276.201201,156.055
1783748276.221344,156.055
1783748276.241493,156.021
1783748276.261634,156.021
1783748276.281769,156.021
1783748276.301909,156.021
1783748276.322061,156.021
1783748276.342200,156.332
1783748276.362339,156.332
1783748276.382479,156.332
1783748276.402628,156.332
1783748276.422772,156.332
1783748276.442909,156.308
1783748276.463051,156.308
1783748276.483204,156.308
1783748276.503351,156.308
1783748276.523487,156.308
1783748276.543626,156.097
1783748276.563776,156.097
1783748276.583921,156.097
1783748276.604056,156.097
1783748276.624197,156.097
1783748276.644344,155.883
1783748276.664495,155.883
1783748276.684635,155.883
1783748276.704774,155.883
1783748276.724916,155.883
1783748276.745068,155.953
1783748276.765208,155.953
1783748276.785346,155.953
1783748276.805489,155.953
1783748276.825643,155.953
1783748276.845787,155.981
1783748276.865922,155.981
1783748276.886062,155.981
1783748276.906216,155.981
1783748276.926357,155.981
1783748276.946494,156.035
1783748276.966632,156.035
1783748276.986784,156.035
1783748277.006928,156.035
1783748277.027093,156.035
1783748277.047233,156.144
1783748277.067376,156.144
1783748277.087508,156.144
1783748277.107627,156.144
1783748277.127769,156.144
1783748277.147912,156.345
1783748277.168051,156.345
1783748277.188193,156.345
1783748277.208333,156.345
1783748277.228475,156.345
1783748277.248625,156.329
1783748277.268766,156.329
1783748277.288901,156.329
1783748277.309035,156.329
1783748277.329187,156.329
1783748277.349331,156.283
1783748277.369467,156.283
1783748277.389604,156.283
1783748277.409759,156.283
1783748277.429903,156.283
1783748277.450042,156.289
1783748277.470181,156.289
1783748277.490334,156.289
1783748277.510477,156.289
1783748277.530615,156.289
1783748277.550756,156.419
1783748277.570907,156.419
1783748277.591037,156.419
1783748277.611148,156.419
1783748277.631274,156.419
1783748277.651421,156.666
1783748277.671574,156.666
1783748277.691717,156.666
1783748277.711904,156.666
1783748277.732051,156.666
1783748277.752202,156.400
1783748277.772346,156.400
1783748277.792485,156.400
1783748277.812628,156.400
1783748277.832781,156.400
1783748277.852920,156.924
1783748277.873059,156.924
1783748277.893203,156.924
1783748277.913363,156.924
1783748277.933511,156.924
1783748277.953654,156.995
1783748277.973801,156.995
1783748277.993961,156.995
1783748278.014106,156.995
1783748278.034250,156.995
1783748278.054397,156.966
1783748278.074555,156.966
1783748278.094700,156.966
1783748278.114889,156.966
1783748278.135033,156.966
1783748278.155182,156.943
1783748278.175324,156.943
1783748278.195461,156.943
1783748278.215599,156.943
1783748278.235785,156.943
1783748278.255937,156.983
1783748278.276081,156.983
1783748278.296253,156.983
1783748278.316401,156.983
1783748278.336561,156.983
1783748278.356707,156.984
1783748278.376987,156.984
1783748278.397131,156.984
1783748278.417293,156.984
1783748278.437441,156.984
1783748278.457583,156.932
1783748278.477776,156.932
1783748278.497938,156.932
1783748278.518079,156.932
1783748278.538222,156.932
1783748278.558370,156.764
1783748278.578516,156.764
1783748278.598657,156.764
1783748278.618777,156.764
1783748278.638949,156.764
1783748278.659102,156.998
1783748278.679251,156.998
1783748278.699393,156.998
1783748278.719536,156.998
1783748278.739682,156.998
1783748278.759835,156.861
1783748278.779975,156.861
1783748278.800114,156.861
1783748278.820258,156.861
1783748278.840416,156.861
1783748278.860560,156.373
1783748278.880697,156.373
1783748278.900888,156.373
1783748278.921042,156.373
1783748278.941185,156.373
1783748278.961321,156.397
1783748278.981464,156.397
1783748279.001614,156.397
1783748279.021755,156.397
1783748279.041894,156.319
1783748279.062035,156.319
1783748279.082179,156.319
1783748279.102320,156.319
1783748279.122459,156.319
1783748279.142567,156.340
1783748279.162670,156.340
1783748279.182762,156.340
1783748279.202852,156.340
1783748279.222977,156.340
1783748279.243125,156.435
1783748279.263280,156.435
1783748279.283421,156.435
1783748279.303557,156.435
1783748279.323698,156.435
1783748279.343894,156.440
1783748279.364039,156.440
1783748279.384179,156.440
1783748279.404320,156.440
1783748279.424477,156.440
1783748279.444624,156.609
1783748279.464767,156.609
1783748279.484872,156.609
1783748279.505021,156.609
1783748279.525163,156.609
1783748279.545305,156.407
1783748279.565452,156.407
1783748279.585637,156.407
1783748279.605777,156.407
1783748279.625918,156.407
1783748279.646056,156.532
1783748279.666224,156.532
1783748279.686368,156.532
1783748279.706510,156.532
1783748279.726653,156.532
1783748279.746800,156.528
1783748279.766951,156.528
1783748279.787091,156.528
1783748279.807231,156.528
1783748279.827375,156.528
1783748279.847531,156.431
1783748279.867674,156.431
1783748279.887810,156.431
1783748279.907954,156.431
1783748279.928108,156.431
1783748279.948253,156.753
1783748279.968392,156.753
1783748279.988532,156.753
1783748280.008671,156.753
1783748280.028807,156.753
1783748280.048944,156.948
1783748280.069089,156.948
1783748280.089244,156.948
1783748280.109390,156.948
1783748280.129531,156.948
1783748280.149671,157.124
1783748280.169818,157.124
1783748280.189964,157.124
1783748280.210104,157.124
1783748280.230249,157.124
1783748280.250395,157.000
1783748280.270546,157.000
1783748280.290686,157.000
1783748280.310827,157.000
1783748280.330968,157.000
1783748280.351125,157.135
1783748280.371259,157.135
1783748280.391394,157.135
1783748280.411536,157.135
1783748280.431694,157.135
1783748280.451917,157.193
1783748280.472057,157.193
1783748280.492201,157.193
1783748280.512357,157.193
1783748280.532500,157.193
1783748280.552639,157.151
1783748280.572784,157.151
1783748280.592940,157.151
1783748280.613082,157.151
1783748280.633220,157.151
1783748280.653363,156.937
1783748280.673515,156.937
1783748280.693662,156.937
1783748280.713805,156.937
1783748280.733943,156.937
1783748280.754086,157.055
1783748280.774239,157.055
1783748280.794382,157.055
1783748280.814524,157.055
1783748280.834671,157.055
1783748280.854825,156.976
1783748280.874998,156.976
1783748280.895136,156.976
1783748280.915276,156.976
1783748280.935453,156.976
1783748280.955598,156.951
1783748280.975777,156.951
1783748280.995921,156.951
1783748281.016066,156.951
1783748281.036206,156.951
1783748281.056346,157.051
1783748281.076490,157.051
1783748281.096634,157.051
1783748281.116775,157.051
1783748281.136912,157.051
1783748281.157056,156.913
1783748281.177208,156.913
1783748281.197350,156.913
1783748281.217492,156.913
1783748281.237637,156.913
1783748281.257783,156.751
1783748281.277923,156.751
1783748281.298059,156.751
1783748281.318198,156.751
1783748281.338343,156.751
1783748281.358486,156.673
1783748281.378626,156.673
1783748281.398768,156.673
1783748281.418910,156.673
1783748281.439047,156.673
1783748281.459185,156.648
1783748281.479323,156.648
1783748281.499467,156.648
1783748281.519612,156.648
1783748281.539756,156.648
1783748281.559896,156.763
1783748281.580042,156.763
1783748281.600197,156.763
1783748281.620338,156.763
1783748281.640476,156.763
1783748281.660620,156.788
1783748281.680781,156.788
1783748281.700922,156.788
1783748281.721062,156.788
1783748281.741204,156.788
1783748281.761354,156.423
1783748281.781507,156.423
1783748281.801642,156.423
1783748281.821781,156.423
1783748281.841928,156.423
1783748281.862084,156.557
1783748281.882226,156.557
1783748281.902366,156.557
1783748281.922491,156.557
1783748281.942646,156.842
1783748281.962788,156.842
1783748281.982925,156.842
1783748282.003069,156.842
1783748282.023216,156.842
1783748282.043359,156.617
1783748282.063496,156.617
1783748282.083640,156.617
1783748282.103795,156.617
1783748282.123937,156.617
1783748282.144077,156.641
1783748282.164243,156.641
1783748282.184359,156.641
1783748282.204503,156.641
1783748282.224663,156.641
1783748282.244805,156.628
1783748282.264949,156.628
1783748282.285093,156.628
1783748282.305213,156.628
1783748282.325354,156.628
1783748282.345497,156.525
1783748282.365648,156.525
1783748282.385791,156.525
1783748282.405930,156.525
1783748282.426074,156.525
1783748282.446231,156.663
1783748282.466375,156.663
1783748282.486513,156.663
1783748282.506658,156.663
1783748282.526802,156.663
1783748282.546942,156.471
1783748282.567083,156.471
1783748282.587227,156.471
1783748282.607372,156.471
1783748282.627516,156.471
1783748282.647656,156.716
1783748282.667800,156.716
1783748282.687953,156.716
1783748282.708101,156.716
1783748282.728240,156.716
1783748282.748382,156.715
1783748282.768532,156.715
1783748282.788683,156.715
1783748282.808827,156.715
1783748282.828968,156.715
1783748282.849116,156.572
1783748282.869268,156.572
1783748282.889410,156.572
1783748282.909548,156.572
1783748282.929691,156.572
1783748282.949885,156.481
1783748282.970029,156.481
1783748282.990165,156.481
1783748283.010309,156.481
1783748283.030463,156.481
1783748283.050609,156.400
1783748283.070753,156.400
1783748283.090897,156.400
1783748283.111029,156.400
1783748283.131173,156.400
1783748283.151313,156.452
1783748283.171422,156.452
1783748283.191571,156.452
1783748283.211715,156.452
1783748283.231893,156.452
1783748283.252039,156.313
1783748283.272185,156.313
1783748283.292331,156.313
1783748283.312469,156.313
1783748283.332610,156.313
1783748283.352757,156.356
1783748283.372903,156.356
1783748283.393044,156.356
1783748283.413181,156.356
1783748283.433346,156.356
1783748283.453498,156.500
1783748283.473639,156.500
1783748283.493773,156.500
1783748283.513940,156.500
1783748283.534089,156.500
1783748283.554231,156.610
1783748283.574369,156.610
1783748283.594509,156.610
1783748283.614650,156.610
1783748283.634789,156.610
1783748283.654925,156.668
1783748283.675063,156.668
1783748283.695206,156.668
1783748283.715348,156.668
1783748283.735485,156.668
1783748283.755623,156.503
1783748283.775763,156.503
1783748283.795908,156.503
1783748283.816049,156.503
1783748283.836185,156.503
1783748283.856324,156.642
1783748283.876469,156.642
1783748283.896606,156.642
1783748283.916799,156.642
1783748283.936940,156.642
1783748283.957088,156.597
1783748283.977230,156.597
1783748283.997366,156.597
1783748284.017504,156.597
1783748284.037651,156.597
1783748284.057792,156.592
1783748284.077929,156.592
1783748284.098071,156.592
1783748284.118222,156.592
1783748284.138365,156.592
1783748284.158502,156.804
1783748284.178640,156.804
1783748284.198792,156.804
1783748284.218934,156.804
1783748284.239072,156.804
1783748284.259213,156.648
1783748284.279362,156.648
1783748284.299506,156.648
1783748284.319649,156.648
1783748284.339788,156.648
1783748284.359932,156.580
1783748284.380082,156.580
1783748284.400219,156.580
1783748284.420355,156.580
1783748284.440497,156.580
1783748284.460651,156.892
1783748284.480794,156.892
1783748284.500931,156.892
1783748284.521067,156.892
1783748284.541207,156.892
1783748284.561347,156.897
1783748284.581482,156.897
1783748284.601618,156.897
1783748284.621763,156.897
1783748284.641903,156.897
1783748284.662043,156.849
1783748284.682185,156.849
1783748284.702336,156.849
1783748284.722511,156.849
1783748284.742650,156.849
1783748284.762791,157.024
1783748284.782936,157.024
1783748284.803106,157.024
1783748284.823245,157.024
1783748284.843383,157.024
1783748284.863527,156.967
1783748284.883678,156.967
1783748284.903814,156.967
1783748284.923949,156.967
1783748284.944089,157.274
1783748284.964244,157.274
1783748284.984380,157.274
1783748285.004514,157.274
1783748285.024649,157.274
1783748285.044804,157.210
1783748285.064945,157.210
1783748285.085081,157.210
1783748285.105224,157.210
1783748285.125377,157.210
1783748285.145518,157.129
1783748285.165657,157.129
1783748285.185797,157.129
1783748285.205949,157.129
1783748285.226095,157.129
1783748285.246231,157.176
1783748285.266371,157.176
1783748285.286520,157.176
1783748285.306659,157.176
1783748285.326799,157.176
1783748285.346938,157.283
1783748285.367079,157.283
1783748285.387227,157.283
1783748285.407362,157.283
1783748285.427498,157.283
1783748285.447639,157.049
1783748285.467794,157.049
1783748285.487936,157.049
1783748285.508073,157.049
1783748285.528210,157.049
1783748285.548363,157.087
1783748285.568508,157.087
1783748285.588645,157.087
1783748285.608786,157.087
1783748285.628943,157.087
1783748285.649084,156.457
1783748285.669222,156.457
1783748285.689364,156.457
1783748285.709517,156.457
1783748285.729663,156.457
1783748285.749799,156.531
1783748285.769968,156.531
1783748285.790119,156.531
1783748285.810264,156.531
1783748285.830405,156.531
1783748285.850545,156.587
1783748285.870690,156.587
1783748285.890867,156.587
1783748285.911007,156.587
1783748285.931145,156.587
1783748285.951285,156.450
1783748285.971437,156.450
1783748285.991580,156.450
1783748286.011787,156.450
1783748286.031924,156.450
1783748286.052078,156.618
1783748286.072246,156.618
1783748286.092384,156.618
1783748286.112527,156.618
1783748286.132683,156.618
1783748286.152824,156.654
1783748286.172961,156.654
1783748286.193103,156.654
1783748286.213255,156.654
1783748286.233401,156.654
1783748286.253538,156.648
1783748286.273676,156.648
1783748286.293826,156.648
1783748286.313968,156.648
1783748286.334104,156.648
1783748286.354245,156.693
1783748286.374365,156.693
1783748286.394490,156.693
1783748286.414626,156.693
1783748286.434773,156.693
1783748286.454914,156.563
1783748286.475069,156.563
1783748286.495209,156.563
1783748286.515345,156.563
1783748286.535486,156.563
1783748286.555639,156.531
1783748286.575785,156.531
1783748286.595926,156.531
1783748286.616061,156.531
1783748286.636209,156.531
1783748286.656353,157.098
1783748286.676495,157.098
1783748286.696640,157.098
1783748286.716794,157.098
1783748286.736943,157.098
1783748286.757083,157.206
1783748286.777224,157.206
1783748286.797372,157.206
1783748286.817513,157.206
1783748286.837653,157.206
1783748286.857794,157.159
1783748286.877938,157.159
1783748286.898085,157.159
1783748286.918226,157.159
1783748286.938367,157.159
1783748286.958510,156.913
1783748286.978657,156.913
1783748286.998798,156.913
1783748287.018933,156.913
1783748287.039073,156.913
1783748287.059218,157.059
1783748287.079358,157.059
1783748287.099494,157.059
1783748287.119633,157.059
1783748287.139779,157.059
1783748287.159919,156.859
1783748287.180056,156.859
1783748287.200195,156.859
1783748287.220338,156.859
1783748287.240482,156.859
1783748287.260618,157.077
1783748287.280759,157.077
1783748287.300932,157.077
1783748287.321073,157.077
1783748287.341211,157.077
1783748287.361372,156.945
1783748287.381510,156.945
1783748287.401646,156.945
1783748287.421788,156.945
1783748287.441929,156.945
1783748287.462070,156.874
1783748287.482219,156.874
1783748287.502363,156.874
1783748287.522497,156.874
1783748287.542639,156.874
1783748287.562796,156.282
1783748287.582940,156.282
1783748287.603079,156.282
1783748287.623216,156.282
1783748287.643376,156.282
1783748287.663517,156.408
1783748287.683657,156.408
1783748287.703802,156.408
1783748287.723958,156.408
1783748287.744100,156.408
1783748287.764238,156.499
1783748287.784381,156.499
1783748287.804536,156.499
1783748287.824685,156.499
1783748287.844824,156.260
1783748287.864970,156.260
1783748287.885120,156.260
1783748287.905262,156.260
1783748287.925405,156.260
1783748287.945545,156.323
1783748287.965690,156.323
1783748287.985868,156.323
1783748288.006011,156.323
1783748288.026152,156.323
1783748288.046296,156.073
1783748288.066455,156.073
1783748288.086599,156.073
1783748288.106787,156.073
1783748288.126927,156.073
1783748288.147084,156.290
1783748288.167223,156.290
1783748288.187360,156.290
1783748288.207500,156.290
1783748288.227646,156.290
1783748288.247788,156.287
1783748288.267927,156.287
1783748288.288067,156.287
1783748288.308216,156.287
1783748288.328356,156.287
1783748288.348497,156.312
1783748288.368644,156.312
1783748288.388793,156.312
1783748288.408933,156.312
1783748288.429072,156.312
1783748288.449214,156.393
1783748288.469362,156.393
1783748288.489508,156.393
1783748288.509646,156.393
1783748288.529784,156.393
1783748288.549926,157.062
1783748288.570112,157.062
1783748288.590254,157.062
1783748288.610392,157.062
1783748288.630532,157.062
1783748288.650719,156.726
1783748288.670908,156.726
1783748288.691049,156.726
1783748288.711192,156.726
1783748288.731346,156.726
1783748288.751492,156.757
1783748288.771632,156.757
1783748288.791775,156.757
1783748288.811931,156.757
1783748288.832078,156.757
1783748288.852220,157.047
1783748288.872363,157.047
1783748288.892512,157.047
1783748288.912655,157.047
1783748288.932800,157.047
1783748288.952941,157.157
1783748288.973089,157.157
1783748288.993238,157.157
1783748289.013382,157.157
1783748289.033521,157.157
1783748289.053667,157.165
1783748289.073820,157.165
1783748289.093965,157.165
1783748289.114101,157.165
1783748289.134242,157.165
1783748289.154397,157.201
1783748289.174541,157.201
1783748289.194678,157.201
1783748289.214753,157.201
1783748289.234864,157.201
1783748289.254953,157.133
1783748289.275037,157.133
1783748289.295168,157.133
1783748289.315325,157.133
1783748289.335470,157.133
1783748289.355607,157.134
1783748289.375753,157.134
1783748289.395900,157.134
1783748289.416042,157.134
1783748289.436184,157.134
1783748289.456323,156.979
1783748289.476466,156.979
1783748289.496612,156.979
1783748289.516757,156.979
1783748289.536893,156.979
1783748289.557033,157.125
1783748289.577172,157.125
1783748289.597309,157.125
1783748289.617415,157.125
1783748289.637556,157.125
1783748289.657699,156.999
1783748289.677885,156.999
1783748289.698022,156.999
1783748289.718164,156.999
1783748289.738307,156.999
1783748289.758446,156.923
1783748289.778587,156.923
1783748289.798764,156.923
1783748289.818914,156.923
1783748289.839052,156.923
1783748289.859222,156.613
1783748289.879360,156.613
1783748289.899508,156.613
1783748289.919648,156.613
1783748289.939820,156.613
1783748289.959961,156.902
1783748289.980106,156.902
1783748290.000254,156.902
1783748290.020397,156.902
1783748290.040504,156.902
1783748290.060611,156.688
1783748290.080753,156.688
1783748290.100860,156.688
1783748290.121008,156.688
1783748290.141145,156.688
1783748290.161299,156.762
1783748290.181437,156.762
1783748290.201573,156.762
1783748290.221715,156.762
1783748290.241930,156.762
1783748290.262066,156.548
1783748290.282204,156.548
1783748290.302344,156.548
1783748290.322489,156.548
1783748290.342625,156.548
1783748290.362768,156.611
1783748290.382905,156.611
1783748290.403018,156.611
1783748290.423115,156.611
1783748290.443228,156.611
1783748290.463367,156.807
1783748290.483506,156.807
1783748290.503645,156.807
1783748290.523783,156.807
1783748290.543920,156.807
1783748290.564057,156.797
1783748290.584200,156.797
1783748290.604339,156.797
1783748290.624475,156.797
1783748290.644612,156.797
1783748290.664756,156.481
1783748290.684898,156.481
1783748290.705034,156.481
1783748290.725170,156.481
1783748290.745311,159.399
1783748290.765450,156.609
1783748290.785588,156.609
1783748290.805780,156.609
1783748290.825921,156.609
1783748290.846059,156.511
1783748290.866197,156.511
1783748290.886335,156.511
1783748290.906478,156.511
1783748290.926617,156.511
1783748290.946754,156.369
1783748290.966863,156.369
1783748290.987005,156.369
1783748291.007148,156.369
1783748291.027283,156.369
1783748291.047417,156.391
1783748291.067554,156.391
1783748291.087702,156.391
1783748291.107891,156.391
1783748291.128029,156.391
1783748291.148193,156.270
1783748291.168350,156.270
1783748291.188495,156.270
1783748291.208657,156.270
1783748291.228798,156.270
1783748291.248954,156.487
1783748291.269099,156.487
1783748291.289238,156.487
1783748291.309379,156.487
1783748291.329529,156.487
1783748291.349677,156.618
1783748291.369743,156.618
1783748291.389853,156.618
1783748291.409986,156.618
1783748291.430129,156.618
1783748291.450267,156.421
1783748291.470407,156.421
1783748291.490557,156.421
1783748291.510707,156.421
1783748291.530889,156.421
1783748291.551029,156.620
1783748291.571173,156.620
1783748291.591330,156.620
1783748291.611476,156.620
1783748291.631615,156.620
1783748291.651775,156.467
1783748291.671935,156.467
1783748291.692077,156.467
1783748291.712219,156.467
1783748291.732362,156.467
1783748291.752520,156.724
1783748291.772665,156.724
1783748291.792807,156.724
1783748291.812949,156.724
1783748291.833108,156.724
1783748291.853240,156.767
1783748291.873375,156.767
1783748291.893516,156.767
1783748291.913668,156.767
1783748291.933816,156.767
1783748291.953959,156.860
1783748291.974102,156.860
1783748291.994251,156.860
1783748292.014405,156.860
1783748292.034545,156.860
1783748292.054686,156.917
1783748292.074829,156.917
1783748292.094985,156.917
1783748292.115128,156.917
1783748292.135264,156.917
1783748292.155411,156.672
1783748292.175561,156.672
1783748292.195702,156.672
1783748292.215887,156.672
1783748292.236030,156.672
1783748292.256176,156.806
1783748292.276285,156.806
1783748292.296394,156.806
1783748292.316534,156.806
1783748292.336690,156.806
1783748292.356867,156.903
1783748292.376977,156.903
1783748292.397085,156.903
1783748292.417236,156.903
1783748292.437415,156.903
1783748292.457554,156.943
1783748292.477697,156.943
1783748292.497915,156.943
1783748292.518062,156.943
1783748292.538199,156.943
1783748292.558342,156.962
1783748292.578483,156.962
1783748292.598634,156.962
1783748292.618773,156.962
1783748292.638913,156.962
1783748292.659055,156.909
1783748292.679214,156.909
1783748292.699358,156.909
1783748292.719497,156.909
1783748292.739669,156.909
1783748292.759826,156.985
1783748292.779972,156.985
1783748292.800110,156.985
1783748292.820255,156.985
1783748292.840410,156.985
1783748292.860554,156.731
1783748292.880695,156.731
1783748292.900881,156.731
1783748292.921035,156.731
1783748292.941174,156.731
1783748292.961316,156.767
1783748292.981460,156.767
1783748293.001608,156.767
1783748293.021761,156.767
1783748293.041899,156.767
1783748293.062042,156.931
1783748293.082188,156.931
1783748293.102340,156.931
1783748293.122484,156.931
1783748293.142622,156.931
1783748293.162771,156.612
1783748293.182914,156.612
1783748293.203060,156.612
1783748293.223203,156.612
1783748293.243342,156.612
1783748293.263493,156.445
1783748293.283596,156.445
1783748293.303771,156.445
1783748293.323915,156.445
1783748293.344069,156.445
1783748293.364213,156.198
1783748293.384352,156.198
1783748293.404492,156.198
1783748293.424642,156.198
1783748293.444788,156.198
1783748293.464929,156.257
1783748293.485069,156.257
1783748293.505215,156.257
1783748293.525355,156.257
1783748293.545500,156.257
1783748293.565641,156.149
1783748293.585786,156.149
1783748293.605925,156.149
1783748293.626060,156.149
1783748293.646196,156.176
1783748293.666334,156.176
1783748293.686488,156.176
1783748293.706658,156.176
1783748293.726798,156.176
1783748293.746941,156.341
1783748293.767100,156.341
1783748293.787274,156.341
1783748293.807414,156.341
1783748293.827559,156.341
1783748293.847717,156.445
1783748293.867919,156.445
1783748293.888061,156.445
1783748293.908201,156.445
1783748293.928356,156.445
1783748293.948506,156.543
1783748293.968643,156.543
1783748293.988782,156.543
1783748294.008923,156.543
1783748294.029056,156.543
1783748294.049200,156.303
1783748294.069342,156.303
1783748294.089489,156.303
1783748294.109643,156.303
1783748294.129782,156.303
1783748294.149894,156.647
1783748294.170034,156.647
1783748294.190180,156.647
1783748294.210325,156.647
1783748294.230466,156.647
1783748294.250610,156.613
1783748294.270769,156.613
1783748294.290913,156.613
1783748294.311056,156.613
1783748294.331193,156.613
1783748294.351340,156.815
1783748294.371479,156.815
1783748294.391616,156.815
1783748294.411755,156.815
1783748294.431906,156.815
1783748294.452047,156.671
1783748294.472187,156.671
1783748294.492330,156.671
1783748294.512477,156.671
1783748294.532620,156.671
1783748294.552763,156.524
1783748294.572905,156.524
1783748294.593050,156.524
1783748294.613200,156.524
1783748294.633343,156.524
1783748294.653482,156.605
1783748294.673625,156.605
1783748294.693767,156.605
1783748294.713909,156.605
1783748294.734045,156.605
1783748294.754187,156.452
1783748294.774343,156.452
1783748294.794490,156.452
1783748294.814631,156.452
1783748294.834774,156.452
1783748294.854931,156.536
1783748294.875078,156.536
1783748294.895218,156.536
1783748294.915357,156.536
1783748294.935510,156.536
1783748294.955658,156.290
1783748294.975798,156.290
1783748294.995970,156.290
1783748295.016121,156.290
1783748295.036260,156.290
1783748295.056398,156.320
1783748295.076600,156.320
1783748295.096783,156.320
1783748295.116932,156.320
1783748295.137075,156.320
1783748295.157216,156.424
1783748295.177360,156.424
1783748295.197508,156.424
1783748295.217651,156.424
1783748295.237790,156.424
1783748295.257932,156.342
1783748295.278091,156.342
1783748295.298233,156.342
1783748295.318370,156.342
1783748295.338512,156.342
1783748295.358666,156.411
1783748295.378811,156.411
1783748295.398952,156.411
1783748295.419088,156.411
1783748295.439240,156.411
1783748295.459365,156.235
1783748295.479503,156.235
1783748295.499646,156.235
1783748295.519793,156.235
1783748295.539937,156.235
1783748295.560079,156.285
1783748295.580220,156.285
1783748295.600366,156.285
1783748295.620515,156.285
1783748295.640658,156.285
1783748295.660795,156.348
1783748295.680938,156.348
1783748295.701097,156.348
1783748295.721243,156.348
1783748295.741382,156.348
1783748295.761524,156.448
1783748295.781669,156.448
1783748295.801808,156.448
1783748295.821931,156.448
1783748295.842074,156.448
1783748295.862233,156.213
1783748295.882379,156.213
1783748295.902520,156.213
1783748295.922664,156.213
1783748295.942820,156.213
1783748295.962968,156.651
1783748295.983110,156.651
1783748296.003253,156.651
1783748296.023400,156.651
1783748296.043513,156.651
1783748296.063649,156.889
1783748296.083792,156.889
1783748296.103940,156.889
1783748296.124053,156.889
1783748296.144191,156.889
1783748296.164290,156.814
1783748296.184425,156.814
1783748296.204577,156.814
1783748296.224721,156.814
1783748296.244899,156.814
1783748296.265043,156.911
1783748296.285230,156.911
1783748296.305374,156.911
1783748296.325513,156.911
1783748296.345680,156.911
1783748296.365831,156.913
1783748296.385977,156.913
1783748296.406115,156.913
1783748296.426257,156.913
1783748296.446411,156.913
1783748296.466519,156.874
1783748296.486624,156.874
1783748296.506762,156.874
1783748296.526873,156.874
1783748296.547008,156.874
1783748296.567144,156.924
1783748296.587283,156.924
1783748296.607428,156.924
1783748296.627569,156.924
1783748296.647711,156.894
1783748296.667892,156.894
1783748296.688036,156.894
1783748296.708193,156.894
1783748296.728339,156.894
1783748296.748478,156.771
1783748296.768622,156.771
1783748296.788784,156.771
1783748296.808929,156.771
1783748296.829069,156.771
1783748296.849211,157.025
1783748296.869369,157.025
1783748296.889516,157.025
1783748296.909654,157.025
1783748296.929801,157.025
1783748296.949958,156.446
1783748296.970103,156.446
1783748296.990244,156.446
1783748297.010388,156.446
1783748297.030541,156.446
1783748297.050688,156.185
1783748297.070827,156.185
1783748297.090970,156.185
1783748297.111118,156.185
1783748297.131268,156.185
1783748297.151412,156.231
1783748297.171551,156.231
1783748297.191692,156.231
1783748297.211853,156.231
1783748297.231992,156.231
1783748297.252134,156.309
1783748297.272277,156.309
1783748297.292424,156.309
1783748297.312566,156.309
1783748297.332705,156.309
1783748297.352886,156.239
1783748297.373036,156.239
1783748297.393179,156.239
1783748297.413318,156.239
1783748297.433457,156.239
1783748297.453602,156.692
1783748297.473787,156.692
1783748297.493925,156.692
1783748297.514063,156.692
1783748297.534207,156.692
1783748297.554316,156.451
1783748297.574483,156.451
1783748297.594619,156.451
1783748297.614762,156.451
1783748297.634923,156.451
1783748297.655060,156.606
1783748297.675199,156.606
1783748297.695336,156.606
1783748297.715480,156.606
1783748297.735622,156.606
1783748297.755757,156.644
1783748297.775895,156.644
1783748297.796003,156.644
1783748297.816145,156.644
1783748297.836284,156.644
1783748297.856389,156.664
1783748297.876489,156.664
1783748297.896623,156.664
1783748297.916759,156.664
1783748297.936900,156.664
1783748297.957053,156.224
1783748297.977200,156.224
1783748297.997338,156.224
1783748298.017479,156.224
1783748298.037623,156.224
1783748298.057768,156.339
1783748298.077908,156.339
1783748298.098049,156.339
1783748298.118195,156.339
1783748298.138343,156.339
1783748298.158485,156.250
1783748298.178625,156.250
1783748298.198767,156.250
1783748298.218922,156.250
1783748298.239064,156.250
1783748298.259199,156.199
1783748298.279341,156.199
1783748298.299497,156.199
1783748298.319641,156.199
1783748298.339780,156.199
1783748298.359922,156.358
1783748298.380073,156.358
1783748298.400216,156.358
1783748298.420352,156.358
1783748298.440493,156.358
1783748298.460645,156.074
1783748298.480788,156.074
1783748298.500926,156.074
1783748298.521066,156.074
1783748298.541219,156.074
1783748298.561364,156.076
1783748298.581503,156.076
1783748298.601640,156.076
1783748298.621784,156.076
1783748298.641933,156.076
1783748298.662074,156.225
1783748298.682211,156.225
1783748298.702354,156.225
1783748298.722506,156.225
1783748298.742646,156.225
1783748298.762783,155.750
1783748298.782926,155.750
1783748298.803078,155.750
1783748298.823222,155.750
1783748298.843394,155.750
1783748298.863533,155.935
1783748298.883688,155.935
1783748298.903833,155.935
1783748298.923998,155.935
1783748298.944139,155.935
1783748298.964292,156.541
1783748298.984437,156.541
1783748299.004574,156.541
1783748299.024709,156.541
1783748299.044906,156.541
1783748299.065053,156.507
1783748299.085195,156.507
1783748299.105337,156.507
1783748299.125483,156.507
1783748299.145633,156.507
1783748299.165776,156.695
1783748299.185915,156.695
1783748299.206058,156.695
1783748299.226208,156.695
1783748299.246351,156.695
1783748299.266488,156.714
1783748299.286628,156.714
1783748299.306777,156.714
1783748299.326919,156.714
1783748299.347058,156.714
1783748299.367195,156.864
1783748299.387351,156.864
1783748299.407494,156.864
1783748299.427630,156.864
1783748299.447772,156.864
1783748299.467926,156.889
1783748299.488071,156.889
1783748299.508210,156.889
1783748299.528345,156.889
1783748299.548495,156.716
1783748299.568637,156.716
1783748299.588778,156.716
1783748299.608916,156.716
1783748299.629027,156.716
1783748299.649168,157.042
1783748299.669306,157.042
1783748299.689445,157.042
1783748299.709589,157.042
1783748299.729785,157.042
1783748299.749928,157.010
1783748299.770065,157.010
1783748299.790206,157.010
1783748299.810357,157.010
1783748299.830502,157.010
1783748299.850639,156.776
1783748299.870779,156.776
1783748299.890936,156.776
1783748299.911078,156.776
1783748299.931217,156.776
1783748299.951359,156.876
1783748299.971513,156.876
1783748299.991617,156.876
1783748300.011707,156.876
1783748300.031826,156.876
1783748300.051908,157.006
1783748300.071986,157.006
1783748300.092067,157.006
1783748300.112196,157.006
1783748300.132382,157.006
1783748300.152535,156.790
1783748300.172679,156.790
1783748300.192813,156.790
1783748300.212948,156.790
1783748300.233071,156.790
1783748300.253171,156.770
1783748300.273268,156.770
1783748300.293388,156.770
1783748300.313520,156.770
1783748300.333622,156.770
1783748300.353757,156.528
1783748300.373887,156.528
1783748300.394044,156.528
1783748300.414180,156.528
1783748300.434320,156.528
1783748300.454462,156.645
1783748300.474615,156.645
1783748300.494765,156.645
1783748300.514909,156.645
1783748300.535054,156.645
1783748300.555212,156.823
1783748300.575364,156.823
1783748300.595511,156.823
1783748300.615653,156.823
1783748300.635802,156.823
1783748300.655953,156.827
1783748300.676095,156.827
1783748300.696241,156.827
1783748300.716357,156.827
1783748300.736470,156.827
1783748300.756598,156.784
1783748300.776778,156.784
1783748300.796918,156.784
1783748300.817069,156.784
1783748300.837211,156.784
1783748300.857348,156.864
1783748300.877486,156.864
1783748300.897634,156.864
1783748300.917769,156.864
1783748300.937904,156.864
1783748300.958041,156.924
1783748300.978184,156.924
1783748300.998326,156.924
1783748301.018463,156.924
1783748301.038598,156.924
1783748301.058713,156.136
1783748301.078899,156.136
1783748301.099036,156.136
1783748301.119175,156.136
1783748301.139317,156.136
1783748301.159461,156.348
1783748301.179601,156.348
1783748301.199781,156.348
1783748301.219923,156.348
1783748301.240066,156.348
1783748301.260207,156.417
1783748301.280343,156.417
1783748301.300481,156.417
1783748301.320629,156.417
1783748301.340773,156.417
1783748301.360908,156.646
1783748301.381044,156.646
1783748301.401195,156.646
1783748301.421363,156.646
1783748301.441501,156.646
1783748301.461645,156.476
1783748301.481822,156.476
1783748301.501966,156.476
1783748301.522130,156.476
1783748301.542236,156.476
1783748301.562380,156.325
1783748301.582523,156.325
1783748301.602658,156.325
1783748301.622799,156.325
1783748301.642943,156.325
1783748301.663083,156.270
1783748301.683226,156.270
1783748301.703329,156.270
1783748301.723426,156.270
1783748301.743517,156.270
1783748301.763601,156.404
1783748301.783685,156.404
1783748301.803818,156.404
1783748301.823980,156.404
1783748301.844124,156.404
1783748301.864266,156.172
1783748301.884408,156.172
1783748301.904567,156.172
1783748301.924711,156.172
1783748301.944889,156.172
1783748301.965030,156.311
1783748301.985180,156.311
1783748302.005324,156.311
1783748302.025466,156.311
1783748302.045606,156.311
1783748302.065758,156.630
1783748302.085904,156.630
1783748302.106045,156.630
1783748302.126186,156.630
1783748302.146335,156.630
1783748302.166486,156.341
1783748302.186626,156.341
1783748302.206767,156.341
1783748302.226912,156.341
1783748302.247064,156.341
1783748302.267206,156.494
1783748302.287344,156.494
1783748302.307487,156.494
1783748302.327640,156.494
1783748302.347786,156.494
1783748302.367924,156.769
1783748302.388066,156.769
1783748302.408224,156.769
1783748302.428365,156.769
1783748302.448501,156.769
1783748302.468642,156.738
1783748302.488794,156.738
1783748302.508937,156.738
1783748302.529075,156.738
1783748302.549216,156.939
1783748302.569367,156.939
1783748302.589511,156.939
1783748302.609652,156.939
1783748302.629791,156.939
1783748302.649938,156.894
1783748302.670084,156.894
1783748302.690225,156.894
1783748302.710397,156.894
1783748302.730539,156.894
1783748302.750687,156.821
1783748302.770912,156.821
1783748302.791049,156.821
1783748302.811191,156.821
1783748302.831344,156.821
1783748302.851488,156.896
1783748302.871624,156.896
1783748302.891769,156.896
1783748302.911926,156.896
1783748302.932069,156.896
1783748302.952208,157.059
1783748302.972348,157.059
1783748302.992500,157.059
1783748303.012644,157.059
1783748303.032781,157.059
1783748303.052922,156.874
1783748303.073076,156.874
1783748303.093223,156.874
1783748303.113361,156.874
1783748303.133502,156.874
1783748303.153648,156.853
1783748303.173795,156.853
1783748303.193938,156.853
1783748303.214076,156.853
1783748303.234223,156.853
1783748303.254374,156.801
1783748303.274516,156.801
1783748303.294652,156.801
1783748303.314793,156.801
1783748303.334946,156.801
1783748303.355086,156.523
1783748303.375228,156.523
1783748303.395370,156.523
1783748303.415519,156.523
1783748303.435660,156.523
1783748303.455797,156.405
1783748303.475936,156.405
1783748303.496091,156.405
1783748303.516234,156.405
1783748303.536373,156.405
1783748303.556514,156.578
1783748303.576665,156.578
1783748303.596803,156.578
1783748303.616940,156.578
1783748303.637076,156.578
1783748303.657224,156.333
1783748303.677365,156.333
1783748303.697502,156.333
1783748303.717643,156.333
1783748303.737764,156.333
1783748303.757891,156.362
1783748303.778031,156.362
1783748303.798171,156.362
1783748303.818316,156.362
1783748303.838475,156.362
1783748303.858622,156.508
1783748303.878762,156.508
1783748303.898907,156.508
1783748303.919050,156.508
1783748303.939196,156.508
1783748303.959336,156.377
1783748303.979490,156.377
1783748303.999634,156.377
1783748304.019778,156.377
1783748304.039917,156.377
1783748304.060096,156.435
1783748304.080252,156.435
1783748304.100398,156.435
1783748304.120536,156.435
1783748304.140680,156.435
1783748304.160833,156.259
1783748304.180980,156.259
1783748304.201118,156.259
1783748304.221262,156.259
1783748304.241410,156.259
1783748304.261564,156.124
1783748304.281706,156.124
1783748304.301898,156.124
1783748304.322042,156.124
1783748304.342144,156.124
1783748304.362268,156.448
1783748304.382403,156.448
1783748304.402546,156.448
1783748304.422689,156.448
1783748304.442833,156.448
1783748304.462973,156.324
1783748304.483115,156.324
1783748304.503271,156.324
1783748304.523412,156.324
1783748304.543551,156.324
1783748304.563693,156.246
1783748304.583894,156.246
1783748304.604041,156.246
1783748304.624180,156.246
1783748304.644324,156.246
1783748304.664478,156.510
1783748304.684625,156.510
1783748304.704758,156.510
1783748304.724896,156.510
1783748304.745044,156.510
1783748304.765194,156.443
1783748304.785336,156.443
1783748304.805477,156.443
1783748304.825619,156.443
1783748304.845776,156.443
1783748304.865922,156.459
1783748304.886061,156.459
1783748304.906206,156.459
1783748304.926355,156.459
1783748304.946498,156.459
1783748304.966638,156.657
1783748304.986782,156.657
1783748305.006940,156.657
1783748305.027078,156.657
1783748305.047217,156.657
1783748305.067355,156.438
1783748305.087504,156.438
1783748305.107650,156.438
1783748305.127790,156.438
1783748305.147933,156.438
1783748305.168087,156.492
1783748305.188235,156.492
1783748305.208373,156.492
1783748305.228516,156.492
1783748305.248664,156.492
1783748305.268886,156.861
1783748305.289029,156.861
1783748305.309170,156.861
1783748305.329316,156.861
1783748305.349498,156.861
1783748305.369641,156.781
1783748305.389780,156.781
1783748305.409926,156.781
1783748305.430066,156.781
1783748305.450207,156.850
1783748305.470346,156.850
1783748305.490488,156.850
1783748305.510637,156.850
1783748305.530777,156.850
1783748305.550915,156.996
1783748305.571059,156.996
1783748305.591215,156.996
1783748305.611362,156.996
1783748305.631500,156.996
1783748305.651643,156.944
1783748305.671795,156.944
1783748305.691941,156.944
1783748305.712082,156.944
1783748305.732223,156.944
1783748305.752370,156.867
1783748305.772518,156.867
1783748305.792657,156.867
1783748305.812797,156.867
1783748305.832941,156.867
1783748305.853095,157.035
1783748305.873239,157.035
1783748305.893376,157.035
1783748305.913521,157.035
1783748305.933677,157.035
1783748305.953821,156.718
1783748305.973959,156.718
1783748305.994101,156.718
1783748306.014261,156.718
1783748306.034403,156.718
1783748306.054540,156.868
1783748306.074685,156.868
1783748306.094841,156.868
1783748306.114989,156.868
1783748306.135128,156.868
1783748306.155274,156.930
1783748306.175428,156.930
1783748306.195569,156.930
1783748306.215711,156.930
1783748306.235901,156.930
1783748306.256051,156.842
1783748306.276205,156.842
1783748306.296347,156.842
1783748306.316489,156.842
1783748306.336637,156.842
1783748306.356787,156.779
1783748306.376931,156.779
1783748306.397105,156.779
1783748306.417248,156.779
1783748306.437401,156.779
1783748306.457546,156.825
1783748306.477685,156.825
1783748306.497749,156.825
1783748306.517899,156.825
1783748306.538038,156.825
1783748306.558202,156.867
1783748306.578346,156.867
1783748306.598504,156.867
1783748306.618675,156.867
1783748306.638813,156.867
1783748306.658954,156.540
1783748306.679107,156.540
1783748306.699254,156.540
1783748306.719393,156.540
1783748306.739506,156.540
1783748306.759618,156.539
1783748306.779791,156.539
1783748306.799936,156.539
1783748306.820078,156.539
1783748306.840255,156.539
1783748306.860395,156.580
1783748306.880536,156.580
1783748306.900675,156.580
1783748306.920820,156.580
1783748306.940979,156.580
1783748306.961122,156.554
1783748306.981261,156.554
1783748307.001401,156.554
1783748307.021561,156.554
1783748307.041703,156.554
1783748307.061888,156.500
1783748307.082028,156.500
1783748307.102182,156.500
1783748307.122329,156.500
1783748307.142441,156.500
1783748307.162577,156.752
1783748307.182774,156.752
1783748307.202914,156.752
1783748307.223053,156.752
1783748307.243194,156.752
1783748307.263340,156.663
1783748307.283495,156.663
1783748307.303638,156.663
1783748307.323783,156.663
1783748307.343930,156.663
1783748307.364084,156.724
1783748307.384226,156.724
1783748307.404366,156.724
1783748307.424505,156.724
1783748307.444660,156.724
1783748307.464806,156.589
1783748307.484944,156.589
1783748307.505086,156.589
1783748307.525244,156.589
1783748307.545388,156.589
1783748307.565530,156.762
1783748307.585672,156.762
1783748307.605816,156.762
1783748307.625957,156.762
1783748307.646093,156.762
1783748307.666233,156.691
1783748307.686388,156.691
1783748307.706533,156.691
1783748307.726676,156.691
1783748307.746817,156.691
1783748307.766966,156.732
1783748307.787113,156.732
1783748307.807256,156.732
1783748307.827397,156.732
1783748307.847578,156.732
1783748307.867777,157.083
1783748307.887923,157.083
1783748307.908086,157.083
1783748307.928225,157.083
1783748307.948384,157.083
1783748307.968523,157.076
1783748307.988659,157.076
1783748308.008802,157.076
1783748308.028947,157.076
1783748308.049086,157.076
1783748308.069226,156.818
1783748308.089368,156.818
1783748308.109526,156.818
1783748308.129672,156.818
1783748308.149813,156.818
1783748308.169956,156.616
1783748308.190113,156.616
1783748308.210253,156.616
1783748308.230394,156.616
1783748308.250537,156.616
1783748308.270689,156.784
1783748308.290869,156.784
1783748308.311013,156.784
1783748308.331152,156.784
1783748308.351299,156.631
1783748308.371448,156.631
1783748308.391590,156.631
1783748308.411784,156.631
1783748308.431926,156.631
1783748308.452082,156.843
1783748308.472226,156.843
1783748308.492366,156.843
1783748308.512508,156.843
1783748308.532654,156.843
1783748308.552801,156.866
1783748308.572941,156.866
1783748308.593082,156.866
1783748308.613238,156.866
1783748308.633382,156.866
1783748308.653524,156.566
1783748308.673669,156.566
1783748308.693813,156.566
1783748308.713954,156.566
1783748308.734096,156.566
1783748308.754237,156.614
1783748308.774385,156.614
1783748308.794528,156.614
1783748308.814670,156.614
1783748308.834812,156.614
1783748308.854959,155.848
1783748308.875105,155.848
1783748308.895248,155.848
1783748308.915388,155.848
1783748308.935529,155.848
1783748308.955688,156.241
1783748308.975795,156.241
1783748308.995933,156.241
1783748309.016073,156.241
1783748309.036221,156.241
1783748309.056362,156.193
1783748309.076500,156.193
1783748309.096644,156.193
1783748309.116832,156.193
1783748309.136977,156.193
1783748309.157119,156.406
1783748309.177258,156.406
1783748309.197425,156.406
1783748309.217567,156.406
1783748309.237706,156.406
1783748309.259369,156.304
1783748309.279543,156.304
1783748309.299678,156.304
1783748309.319819,156.304
1783748309.339963,156.304
1783748309.360112,156.117
1783748309.380263,156.117
1783748309.400406,156.117
1783748309.420549,156.117
1783748309.440697,156.117
1783748309.460892,155.993
1783748309.481035,155.993
1783748309.501176,155.993
1783748309.521321,155.993
1783748309.541465,155.993
1783748309.561604,155.876
1783748309.581782,155.876
1783748309.601923,155.876
1783748309.622074,155.876
1783748309.642210,155.876
1783748309.662349,156.032
1783748309.682491,156.032
1783748309.702639,156.032
1783748309.722783,156.032
1783748309.742921,156.032
1783748309.763061,156.060
1783748309.783206,156.060
1783748309.803344,156.060
1783748309.823481,156.060
1783748309.843620,156.060
1783748309.863761,156.806
1783748309.883904,156.806
1783748309.904044,156.806
1783748309.924182,156.806
1783748309.944324,156.806
1783748309.964470,156.672
1783748309.984609,156.672
1783748310.004786,156.672
1783748310.024923,156.672
1783748310.045069,156.672
1783748310.065206,156.612
1783748310.085342,156.612
1783748310.105483,156.612
1783748310.125638,156.612
1783748310.145779,156.612
1783748310.165916,156.604
1783748310.186059,156.604
1783748310.206203,156.604
1783748310.226348,156.604
1783748310.246488,156.604
1783748310.266630,156.603
1783748310.286780,156.603
1783748310.306924,156.603
1783748310.327061,156.603
1783748310.347199,156.603
1783748310.367345,156.655
1783748310.387495,156.655
1783748310.407674,156.655
1783748310.427812,156.655
1783748310.447956,156.655
1783748310.468096,156.821
1783748310.488274,156.821
1783748310.508411,156.821
1783748310.528549,156.821
1783748310.548700,156.821
1783748310.568904,156.734
1783748310.589041,156.734
1783748310.609177,156.734
1783748310.629329,156.734
1783748310.649474,156.734
1783748310.669611,156.720
1783748310.689753,156.720
1783748310.709908,156.720
1783748310.730053,156.720
1783748310.750190,156.720
1783748310.770331,156.608
1783748310.790484,156.608
1783748310.810622,156.608
1783748310.830761,156.608
1783748310.850900,156.608
1783748310.871047,156.555
1783748310.891186,156.555
1783748310.911329,156.555
1783748310.931466,156.555
1783748310.951613,156.219
1783748310.971763,156.219
1783748310.991902,156.219
1783748311.012039,156.219
1783748311.032175,156.219
1783748311.052315,156.576
1783748311.072457,156.576
1783748311.092593,156.576
1783748311.112780,156.576
1783748311.132936,156.576
1783748311.153080,156.621
1783748311.173217,156.621
1783748311.193358,156.621
1783748311.213508,156.621
1783748311.233651,156.621
1783748311.253789,156.544
1783748311.273929,156.544
1783748311.294080,156.544
1783748311.314225,156.544
1783748311.334362,156.544
1783748311.354502,156.510
1783748311.374652,156.510
1783748311.394797,156.510
1783748311.414939,156.510
1783748311.435081,156.510
1783748311.455224,156.483
1783748311.475372,156.483
1783748311.495512,156.483
1783748311.515648,156.483
1783748311.535786,156.483
1783748311.555938,156.625
1783748311.576079,156.625
1783748311.596215,156.625
1783748311.616312,156.625
1783748311.636438,156.625
1783748311.656566,156.580
1783748311.676704,156.580
1783748311.696914,156.580
1783748311.717070,156.580
1783748311.737212,156.580
1783748311.757374,156.536
1783748311.777514,156.536
1783748311.797666,156.536
1783748311.817810,156.536
1783748311.837946,156.536
1783748311.858086,156.686
1783748311.878237,156.686
1783748311.898379,156.686
1783748311.918519,156.686
1783748311.938661,156.686
1783748311.958807,156.403
1783748311.978951,156.403
1783748311.999090,156.403
1783748312.019228,156.403
1783748312.039366,156.403
1783748312.059512,156.391
1783748312.079655,156.391
1783748312.099791,156.391
1783748312.119932,156.391
1783748312.140089,156.391
1783748312.160233,156.558
1783748312.180369,156.558
1783748312.200509,156.558
1783748312.220663,156.558
1783748312.240807,156.558
1783748312.260945,156.391
1783748312.281087,156.391
1783748312.301239,156.391
1783748312.321385,156.391
1783748312.341525,156.391
1783748312.361668,156.849
1783748312.381819,156.849
1783748312.401963,156.849
1783748312.422103,156.849
1783748312.442240,156.849
1783748312.462386,156.625
1783748312.482532,156.625
1783748312.502654,156.625
1783748312.522777,156.625
1783748312.542913,156.625
1783748312.563068,156.790
1783748312.583210,156.790
1783748312.603349,156.790
1783748312.623492,156.790
1783748312.643617,156.790
1783748312.663718,156.828
1783748312.683861,156.828
1783748312.704001,156.828
1783748312.724155,156.828
1783748312.744295,156.828
1783748312.764434,156.744
1783748312.784567,156.744
1783748312.804710,156.744
1783748312.824897,156.744
1783748312.845033,156.744
1783748312.865176,156.997
1783748312.885326,156.997
1783748312.905472,156.997
1783748312.925613,156.997
1783748312.945755,156.997
1783748312.965899,156.931
1783748312.986066,156.931
1783748313.006208,156.931
1783748313.026350,156.931
1783748313.046513,156.931
1783748313.066660,157.039
1783748313.086801,157.039
1783748313.106938,157.039
1783748313.127079,157.039
1783748313.147226,157.039
1783748313.167366,157.031
1783748313.187502,157.031
1783748313.207608,157.031
1783748313.227757,157.031
1783748313.247897,157.031
1783748313.268034,156.945
1783748313.288169,156.945
1783748313.308315,156.945
1783748313.328459,156.945
1783748313.348597,156.945
1783748313.368776,156.922
1783748313.388919,156.922
1783748313.409058,156.922
1783748313.429193,156.922
1783748313.449331,156.922
1783748313.469471,156.967
1783748313.489616,156.967
1783748313.509755,156.967
1783748313.529895,156.967
1783748313.550034,156.967
1783748313.570182,156.832
1783748313.590293,156.832
1783748313.610391,156.832
1783748313.630475,156.832
1783748313.650570,156.832
1783748313.670697,156.813
1783748313.690886,156.813
1783748313.711024,156.813
1783748313.731178,156.813
1783748313.751320,156.813
1783748313.771459,156.679
1783748313.791601,156.679
1783748313.811790,156.679
1783748313.831934,156.679
1783748313.852073,156.679
1783748313.872213,156.488
1783748313.892359,156.488
1783748313.912500,156.488
1783748313.932636,156.488
1783748313.952777,156.827
1783748313.972922,156.827
1783748313.993070,156.827
1783748314.013211,156.827
1783748314.033348,156.827
1783748314.053491,156.657
1783748314.073643,156.657
1783748314.093788,156.657
1783748314.113923,156.657
1783748314.134065,156.657
1783748314.154219,156.567
1783748314.174362,156.567
1783748314.194500,156.567
1783748314.214638,156.567
1783748314.234792,156.567
1783748314.254966,156.675
1783748314.275105,156.675
1783748314.295245,156.675
1783748314.315395,156.675
1783748314.335566,156.675
1783748314.355704,156.541
1783748314.375887,156.541
1783748314.396038,156.541
1783748314.416183,156.541
1783748314.436289,156.541
1783748314.456428,156.832
1783748314.476569,156.832
1783748314.496720,156.832
1783748314.516911,156.832
1783748314.537049,156.832
1783748314.557193,156.723
1783748314.577344,156.723
1783748314.597485,156.723
1783748314.617621,156.723
1783748314.637763,156.723
1783748314.657909,156.790
1783748314.678052,156.790
1783748314.698187,156.790
1783748314.718326,156.790
1783748314.738479,156.790
1783748314.758622,156.911
1783748314.778761,156.911
1783748314.798903,156.911
1783748314.819033,156.911
1783748314.839177,156.911
1783748314.859314,156.913
1783748314.879456,156.913
1783748314.899602,156.913
1783748314.919788,156.913
1783748314.939922,156.913
1783748314.960061,157.091
1783748314.980206,157.091
1783748315.000351,157.091
1783748315.020493,157.091
1783748315.040631,157.091
1783748315.060773,156.983
1783748315.080925,156.983
1783748315.101067,156.983
1783748315.121202,156.983
1783748315.141344,156.983
1783748315.161500,156.958
1783748315.181643,156.958
1783748315.201779,156.958
1783748315.221916,156.958
1783748315.242074,156.958
1783748315.262216,157.091
1783748315.282354,157.091
1783748315.302494,157.091
1783748315.322647,157.091
1783748315.342787,157.091
1783748315.362926,157.049
1783748315.383068,157.049
1783748315.403216,157.049
1783748315.423364,157.049
1783748315.443499,157.049
1783748315.463640,156.849
1783748315.483782,156.849
1783748315.503930,156.849
1783748315.524066,156.849
1783748315.544233,156.849
1783748315.564376,156.752
1783748315.584523,156.752
1783748315.604664,156.752
1783748315.624857,156.752
1783748315.644965,156.752
1783748315.665112,156.633
1783748315.685255,156.633
1783748315.705390,156.633
1783748315.725532,156.633
1783748315.745681,156.633
1783748315.765825,156.403
1783748315.785964,156.403
1783748315.806106,156.403
1783748315.826260,156.403
1783748315.846402,156.403
1783748315.866539,156.360
1783748315.886680,156.360
1783748315.906831,156.360
1783748315.926965,156.360
1783748315.947099,156.360
1783748315.967236,156.181
1783748315.987384,156.181
1783748316.007532,156.181
1783748316.027676,156.181
1783748316.047820,156.181
1783748316.067967,156.325
1783748316.088116,156.325
1783748316.108255,156.325
1783748316.128395,156.325
1783748316.148537,156.325
1783748316.168693,156.246
1783748316.188858,156.246
1783748316.208995,156.246
1783748316.229134,156.246
1783748316.249286,156.246
1783748316.269424,156.115
1783748316.289560,156.115
1783748316.309703,156.115
1783748316.329897,156.115
1783748316.350038,156.115
1783748316.370176,156.262
1783748316.390317,156.262
1783748316.410458,156.262
1783748316.430597,156.262
1783748316.450766,156.262
1783748316.470905,156.110
1783748316.491051,156.110
1783748316.511189,156.110
1783748316.531325,156.110
1783748316.551462,156.110
1783748316.571609,156.319
1783748316.591751,156.319
1783748316.611889,156.319
1783748316.632026,156.319
1783748316.652164,156.319
1783748316.672305,156.271
1783748316.692443,156.271
1783748316.712602,156.271
1783748316.732779,156.271
1783748316.752936,156.271
1783748316.773074,156.298
1783748316.793210,156.298
1783748316.813345,156.298
1783748316.833514,156.298
1783748316.853650,156.520
1783748316.873784,156.520
1783748316.893941,156.520
1783748316.914086,156.520
1783748316.934197,156.520
1783748316.954334,156.404
1783748316.974475,156.404
1783748316.994617,156.404
1783748317.014761,156.404
1783748317.034900,156.404
1783748317.055035,156.629
1783748317.075175,156.629
1783748317.095319,156.629
1783748317.115457,156.629
1783748317.135594,156.629
1783748317.155761,156.855
1783748317.175903,156.855
1783748317.196045,156.855
1783748317.216181,156.855
1783748317.236321,156.855
1783748317.256462,156.714
1783748317.276600,156.714
1783748317.296781,156.714
1783748317.316919,156.714
1783748317.337075,156.714
1783748317.357215,156.812
1783748317.377354,156.812
1783748317.397494,156.812
1783748317.417644,156.812
1783748317.437782,156.812
1783748317.457919,156.864
1783748317.478056,156.864
1783748317.498205,156.864
1783748317.518342,156.864
1783748317.538478,156.864
1783748317.558614,156.874
1783748317.578762,156.874
1783748317.598909,156.874
1783748317.619048,156.874
1783748317.639186,156.874
1783748317.659325,156.831
1783748317.679480,156.831
1783748317.699618,156.831
1783748317.719754,156.831
1783748317.739891,156.831
1783748317.760040,156.818
1783748317.780174,156.818
1783748317.800312,156.818
1783748317.820454,156.818
1783748317.840604,156.818
1783748317.860804,156.818
1783748317.880940,156.818
1783748317.901081,156.818
1783748317.921222,156.818
1783748317.941359,156.818
1783748317.961495,156.839
1783748317.981633,156.839
1783748318.001787,156.839
1783748318.021932,156.839
1783748318.042072,156.839
1783748318.062212,156.764
1783748318.082361,156.764
1783748318.102514,156.764
1783748318.122687,156.764
1783748318.142828,156.764
1783748318.162971,156.732
1783748318.183153,156.732
1783748318.203299,156.732
1783748318.223433,156.732
1783748318.243570,156.732
1783748318.263765,156.634
1783748318.283904,156.634
1783748318.304043,156.634
1783748318.324186,156.634
1783748318.344339,156.634
1783748318.364485,156.942
1783748318.384626,156.942
1783748318.404771,156.942
1783748318.424926,156.942
1783748318.445066,156.942
1783748318.465207,156.787
1783748318.485351,156.787
1783748318.505508,156.787
1783748318.525656,156.787
1783748318.545796,156.787
1783748318.565939,156.977
1783748318.586078,156.977
1783748318.606222,156.977
1783748318.626359,156.977
1783748318.646465,156.977
1783748318.666608,156.668
1783748318.686761,156.668
1783748318.706906,156.668
1783748318.727045,156.668
1783748318.747186,156.668
1783748318.767337,156.664
1783748318.787481,156.664
1783748318.807621,156.664
1783748318.827764,156.664
1783748318.847922,156.664
1783748318.868067,156.469
1783748318.888207,156.469
1783748318.908350,156.469
1783748318.928490,156.469
1783748318.948624,156.469
1783748318.968760,157.116
1783748318.988898,157.116
1783748319.009046,157.116
1783748319.029191,157.116
1783748319.049329,157.116
1783748319.069471,157.159
1783748319.089617,157.159
1783748319.109769,157.159
1783748319.129912,157.159
1783748319.150054,157.159
1783748319.170197,156.879
1783748319.190353,156.879
1783748319.210458,156.879
1783748319.230547,156.879
1783748319.250677,156.879
1783748319.270837,157.087
1783748319.290971,157.087
1783748319.311105,157.087
1783748319.331247,157.087
1783748319.351405,157.087
1783748319.371547,156.677
1783748319.391720,156.677
1783748319.411909,156.677
1783748319.432062,156.677
1783748319.452207,156.677
1783748319.472376,156.776
1783748319.492519,156.776
1783748319.512675,156.776
1783748319.532815,156.776
1783748319.552922,156.776
1783748319.573068,156.795
1783748319.593184,156.795
1783748319.613333,156.795
1783748319.633474,156.795
1783748319.653580,156.795
1783748319.673689,156.813
1783748319.693758,156.813
1783748319.713865,156.813
1783748319.733972,156.813
1783748319.754085,156.813
1783748319.774230,156.987
1783748319.794368,156.987
1783748319.814505,156.987
1783748319.834642,156.987
1783748319.854791,156.862
1783748319.874928,156.862
1783748319.895066,156.862
1783748319.915206,156.862
1783748319.935359,156.862
1783748319.955505,156.780
1783748319.975643,156.780
1783748319.995781,156.780
1783748320.015927,156.780
1783748320.036059,156.780
1783748320.056195,156.832
1783748320.076335,156.832
1783748320.096477,156.832
1783748320.116618,156.832
1783748320.136757,156.832
1783748320.156893,156.890
1783748320.177036,156.890
1783748320.197178,156.890
1783748320.217315,156.890
1783748320.237453,156.890
1783748320.257591,156.908
1783748320.277774,156.908
1783748320.297913,156.908
1783748320.318051,156.908
1783748320.338190,156.908
1783748320.358331,156.927
1783748320.378435,156.927
1783748320.398540,156.927
1783748320.418679,156.927
1783748320.438755,156.927
1783748320.458863,156.802
1783748320.478969,156.802
1783748320.499076,156.802
1783748320.519187,156.802
1783748320.539296,156.802
1783748320.559400,156.833
1783748320.579511,156.833
1783748320.599622,156.833
1783748320.619767,156.833
1783748320.639905,156.833
1783748320.660043,156.741
1783748320.680181,156.741
1783748320.700323,156.741
1783748320.720460,156.741
1783748320.740563,156.741
1783748320.760690,156.732
1783748320.780862,156.732
1783748320.800971,156.732
1783748320.821110,156.732
1783748320.841216,156.732
1783748320.861372,156.413
1783748320.881515,156.413
1783748320.901655,156.413
1783748320.921798,156.413
1783748320.942008,156.413
1783748320.962154,156.648
1783748320.982294,156.648
1783748321.002438,156.648
1783748321.022590,156.648
1783748321.042772,156.648
1783748321.062910,156.463
1783748321.083055,156.463
1783748321.103203,156.463
1783748321.123352,156.463
1783748321.143497,156.463
1783748321.163639,156.353
1783748321.183785,156.353
1783748321.203938,156.353
1783748321.224079,156.353
1783748321.244216,156.353
1783748321.264361,156.341
1783748321.284520,156.341
1783748321.304664,156.341
1783748321.324805,156.341
1783748321.344947,156.341
1783748321.365108,156.404
1783748321.385251,156.404
1783748321.405391,156.404
1783748321.425535,156.404
1783748321.445680,156.404
1783748321.465827,156.196
1783748321.485965,156.196
1783748321.506107,156.196
1783748321.526262,156.196
1783748321.546404,156.196
1783748321.566549,156.310
1783748321.586692,156.310
1783748321.606907,156.310
1783748321.627062,156.310
1783748321.647204,156.310
1783748321.667346,156.356
1783748321.687493,156.356
1783748321.707633,156.356
1783748321.727772,156.356
1783748321.747914,156.356
1783748321.768055,156.395
1783748321.788206,156.395
1783748321.808348,156.395
1783748321.828486,156.395
1783748321.848625,156.395
1783748321.868776,157.007
1783748321.888916,157.007
1783748321.909053,157.007
1783748321.929194,157.007
1783748321.949339,157.007
1783748321.969511,156.721
1783748321.989649,156.721
1783748322.009786,156.721
1783748322.029951,156.721
1783748322.050087,156.721
1783748322.070221,156.734
1783748322.090357,156.734
1783748322.110498,156.734
1783748322.130643,156.734
1783748322.150781,156.734
1783748322.170919,157.233
1783748322.191058,157.233
1783748322.211204,157.233
1783748322.231345,157.233
1783748322.251483,157.233
1783748322.271623,156.995
1783748322.291760,156.995
1783748322.311902,156.995
1783748322.332041,156.995
1783748322.352180,156.995
1783748322.372335,156.938
1783748322.392478,156.938
1783748322.412618,156.938
1783748322.432760,156.938
1783748322.452911,156.938
1783748322.473054,157.005
1783748322.493193,157.005
1783748322.513335,157.005
1783748322.533477,157.005
1783748322.553624,157.005
1783748322.573763,157.047
1783748322.593906,157.047
1783748322.614021,157.047
1783748322.634139,157.047
1783748322.654261,157.047
1783748322.674397,157.042
1783748322.694540,157.042
1783748322.714689,157.042
1783748322.734834,157.042
1783748322.754972,157.042
1783748322.775115,157.003
1783748322.795270,157.003
1783748322.815412,157.003
1783748322.835550,157.003
1783748322.855687,156.947
1783748322.875845,156.947
1783748322.895989,156.947
1783748322.916128,156.947
1783748322.936270,156.947
1783748322.956423,157.166
1783748322.976565,157.166
1783748322.996706,157.166
1783748323.016888,157.166
1783748323.037035,157.166
1783748323.057178,157.223
1783748323.077317,157.223
1783748323.097459,157.223
1783748323.117605,157.223
1783748323.137800,157.223
1783748323.157937,156.448
1783748323.178076,156.448
1783748323.198220,156.448
1783748323.218360,156.448
1783748323.238499,156.448
1783748323.258670,156.492
1783748323.278814,156.492
1783748323.298971,156.492
1783748323.319141,156.492
1783748323.339278,156.492
1783748323.359418,157.036
1783748323.379576,157.036
1783748323.399719,157.036
1783748323.419904,157.036
1783748323.440042,157.036
1783748323.460195,156.892
1783748323.480340,156.892
1783748323.500479,156.892
1783748323.520622,156.892
1783748323.540771,156.892
1783748323.560919,156.950
1783748323.581058,156.950
1783748323.601198,156.950
1783748323.621343,156.950
1783748323.641494,156.950
1783748323.661633,156.763
1783748323.681774,156.763
1783748323.701918,156.763
1783748323.722068,156.763
1783748323.742209,156.763
1783748323.762345,156.832
1783748323.782486,156.832
1783748323.802641,156.832
1783748323.822784,156.832
1783748323.842920,156.832
1783748323.863062,156.762
1783748323.883218,156.762
1783748323.903359,156.762
1783748323.923497,156.762
1783748323.943635,156.762
1783748323.963790,156.773
1783748323.983935,156.773
1783748324.004078,156.773
1783748324.024216,156.773
1783748324.044367,156.773
1783748324.064507,156.821
1783748324.084645,156.821
1783748324.104786,156.821
1783748324.124933,156.821
1783748324.145077,156.821
1783748324.165220,156.770
1783748324.185360,156.770
1783748324.205500,156.770
1783748324.225638,156.770
1783748324.245780,156.770
1783748324.265916,156.895
1783748324.286058,156.895
1783748324.306211,156.895
1783748324.326355,156.895
1783748324.346489,156.895
1783748324.366631,156.498
1783748324.386789,156.498
1783748324.406934,156.498
1783748324.427072,156.498
1783748324.447180,156.498
1783748324.467330,156.919
1783748324.487475,156.919
1783748324.507614,156.919
1783748324.527789,156.919
1783748324.547938,156.919
1783748324.568083,156.980
1783748324.588222,156.980
1783748324.608388,156.980
1783748324.628538,156.980
1783748324.648636,156.980
1783748324.668746,156.931
1783748324.688874,156.931
1783748324.709023,156.931
1783748324.729172,156.931
1783748324.749317,156.931
1783748324.769455,156.989
1783748324.789594,156.989
1783748324.809800,156.989
1783748324.829945,156.989
1783748324.850082,156.989
1783748324.870188,157.364
1783748324.890332,157.364
1783748324.910475,157.364
1783748324.930613,157.364
1783748324.950754,157.364
1783748324.970912,157.130
1783748324.991052,157.130
1783748325.011192,157.130
1783748325.031420,157.130
1783748325.051575,157.130
1783748325.071716,157.651
1783748325.091895,157.651
1783748325.112037,157.651
1783748325.132191,157.651
1783748325.152337,157.651
1783748325.172477,157.408
1783748325.192620,157.408
1783748325.212763,157.408
1783748325.232907,157.408
1783748325.253046,157.408
1783748325.273184,157.658
1783748325.293322,157.658
1783748325.313471,157.658
1783748325.333612,157.658
1783748325.353790,157.658
1783748325.373926,157.355
1783748325.394073,157.355
1783748325.414214,157.355
1783748325.434350,157.355
1783748325.454486,157.355
1783748325.474630,157.175
1783748325.494773,157.175
1783748325.514909,157.175
1783748325.535044,157.175
1783748325.555189,157.175
1783748325.575332,157.107
1783748325.595470,157.107
1783748325.615609,157.107
1783748325.635755,157.107
1783748325.655860,157.107
1783748325.675998,156.893
1783748325.696136,156.893
1783748325.716280,156.893
1783748325.736427,156.893
1783748325.756533,156.800
1783748325.776643,156.800
1783748325.796761,156.800
1783748325.816880,156.800
1783748325.837008,156.800
1783748325.857151,156.560
1783748325.877291,156.560
1783748325.897477,156.560
1783748325.917620,156.560
1783748325.937757,156.560
1783748325.957896,156.798
1783748325.978050,156.798
1783748325.998194,156.798
1783748326.018331,156.798
1783748326.038467,156.798
1783748326.058617,156.290
1783748326.078759,156.290
1783748326.098898,156.290
1783748326.119037,156.290
1783748326.139188,156.290
1783748326.159332,156.498
1783748326.179472,156.498
1783748326.199612,156.498
1783748326.219754,156.498
1783748326.239904,156.498
1783748326.260046,156.357
1783748326.280186,156.357
1783748326.300327,156.357
1783748326.320480,156.357
1783748326.340624,156.357
1783748326.360760,156.464
1783748326.380901,156.464
1783748326.401053,156.464
1783748326.421196,156.464
1783748326.441334,156.464
1783748326.461470,156.594
1783748326.481623,156.594
1783748326.501765,156.594
1783748326.521903,156.594
1783748326.542042,156.594
1783748326.562194,156.668
1783748326.582341,156.668
1783748326.602478,156.668
1783748326.622619,156.668
1783748326.642771,156.668
1783748326.662910,156.354
1783748326.683050,156.354
1783748326.703194,156.354
1783748326.723340,156.354
1783748326.743485,156.354
1783748326.763628,156.447
1783748326.783768,156.447
1783748326.803906,156.447
1783748326.824059,156.447
1783748326.844203,156.447
1783748326.864338,156.647
1783748326.884481,156.647
1783748326.904633,156.647
1783748326.924773,156.647
1783748326.944911,156.647
1783748326.965054,156.788
1783748326.985204,156.788
1783748327.005347,156.788
1783748327.025502,156.788
1783748327.045642,156.788
1783748327.065791,156.817
1783748327.085936,156.817
1783748327.106100,156.817
1783748327.126243,156.817
1783748327.146388,156.817
1783748327.166553,156.751
1783748327.186694,156.751
1783748327.206882,156.751
1783748327.227023,156.751
1783748327.247170,156.751
1783748327.267307,156.828
1783748327.287447,156.828
1783748327.307592,156.828
1783748327.327785,156.828
1783748327.347927,156.828
1783748327.368062,156.549
1783748327.388202,156.549
1783748327.408356,156.549
1783748327.428500,156.549
1783748327.448636,156.549
1783748327.468775,156.644
1783748327.488930,156.644
1783748327.509072,156.644
1783748327.529207,156.644
1783748327.549350,156.644
1783748327.569499,156.771
1783748327.589644,156.771
1783748327.609781,156.771
1783748327.629922,156.771
1783748327.650035,156.771
1783748327.670174,156.971
1783748327.690315,156.971
1783748327.710456,156.971
1783748327.730602,156.971
1783748327.750793,156.971
1783748327.770931,156.847
1783748327.791070,156.847
1783748327.811213,156.847
1783748327.831364,156.847
1783748327.851506,156.847
1783748327.871641,157.039
1783748327.891783,157.039
1783748327.911933,157.039
1783748327.932075,157.039
1783748327.952213,157.039
1783748327.972353,156.803
1783748327.992506,156.803
1783748328.012646,156.803
1783748328.032782,156.803
1783748328.052922,156.803
1783748328.073043,156.909
1783748328.093143,156.909
1783748328.113248,156.909
1783748328.133378,156.909
1783748328.153527,156.909
1783748328.173672,156.812
1783748328.193814,156.812
1783748328.213956,156.812
1783748328.234104,156.812
1783748328.254258,156.812
1783748328.274402,156.793
1783748328.294545,156.793
1783748328.314690,156.793
1783748328.334872,156.793
1783748328.354990,156.793
1783748328.375119,156.912
1783748328.395283,156.912
1783748328.415434,156.912
1783748328.435617,156.912
1783748328.455773,156.912
1783748328.475916,156.708
1783748328.496074,156.708
1783748328.516218,156.708
1783748328.536354,156.708
1783748328.556499,156.708
1783748328.576653,156.741
1783748328.596796,156.741
1783748328.616937,156.741
1783748328.637081,156.741
1783748328.657220,156.373
1783748328.677367,156.373
1783748328.697504,156.373
1783748328.717640,156.373
1783748328.737785,156.373
1783748328.757936,156.394
1783748328.778081,156.394
1783748328.798221,156.394
1783748328.818368,156.394
1783748328.838499,156.394
1783748328.858642,156.430
1783748328.878780,156.430
1783748328.898925,156.430
1783748328.919082,156.430
1783748328.939224,156.430
1783748328.959380,156.088
1783748328.979522,156.088
1783748328.999680,156.088
1783748329.019825,156.088
1783748329.039963,156.088
1783748329.060107,156.117
1783748329.080251,156.117
1783748329.100391,156.117
1783748329.120529,156.117
1783748329.140674,156.117
1783748329.160827,156.219
1783748329.180972,156.219
1783748329.201110,156.219
1783748329.221253,156.219
1783748329.241399,156.219
1783748329.261548,156.331
1783748329.281686,156.331
1783748329.301828,156.331
1783748329.321943,156.331
1783748329.342098,156.331
1783748329.362236,156.428
1783748329.382375,156.428
1783748329.402520,156.428
1783748329.422626,156.428
1783748329.442759,156.428
1783748329.462895,156.185
1783748329.483039,156.185
1783748329.503198,156.185
1783748329.523340,156.185
1783748329.543478,156.185
1783748329.563620,156.539
1783748329.583776,156.539
1783748329.603922,156.539
1783748329.624063,156.539
1783748329.644205,156.539
1783748329.664382,156.908
1783748329.684526,156.908
1783748329.704665,156.908
1783748329.724809,156.908
1783748329.744985,156.908
1783748329.765138,157.027
1783748329.785275,157.027
1783748329.805414,157.027
1783748329.825562,157.027
1783748329.845710,157.027
1783748329.865896,157.015
1783748329.886034,157.015
1783748329.906177,157.015
1783748329.926331,157.015
1783748329.946473,157.015
1783748329.966610,156.968
1783748329.986754,156.968
1783748330.006912,156.968
1783748330.027055,156.968
1783748330.047192,156.968
1783748330.067334,156.720
1783748330.087487,156.720
1783748330.107632,156.720
1783748330.127771,156.720
1783748330.147909,156.720
1783748330.168057,156.592
1783748330.188204,156.592
1783748330.208342,156.592
1783748330.228482,156.592
1783748330.248633,156.592
1783748330.268780,156.311
1783748330.288918,156.311
1783748330.309060,156.311
1783748330.329207,156.311
1783748330.349337,156.311
1783748330.369476,156.290
1783748330.389615,156.290
1783748330.409759,156.290
1783748330.429915,156.290
1783748330.450054,156.290
1783748330.470192,156.589
1783748330.490335,156.589
1783748330.510477,156.589
1783748330.530616,156.589
1783748330.550753,156.589
1783748330.570897,156.481
1783748330.591053,156.481
1783748330.611178,156.481
1783748330.631319,156.481
1783748330.651463,156.481
1783748330.671616,156.361
1783748330.691762,156.361
1783748330.711899,156.361
1783748330.732044,156.361
1783748330.752195,156.361
1783748330.772344,156.425
1783748330.792485,156.425
1783748330.812625,156.425
1783748330.832774,156.425
1783748330.852922,156.425
1783748330.873039,156.271
1783748330.893174,156.271
1783748330.913318,156.271
1783748330.933461,156.271
1783748330.953620,156.271
1783748330.973758,156.289
1783748330.993902,156.289
1783748331.014056,156.289
1783748331.034229,156.289
1783748331.054367,156.289
1783748331.074506,156.434
1783748331.094661,156.434
1783748331.114806,156.434
1783748331.134944,156.434
1783748331.155085,156.434
1783748331.175239,156.298
1783748331.195385,156.298
1783748331.215523,156.298
1783748331.235661,156.298
1783748331.255806,156.298
1783748331.275950,156.485
1783748331.296091,156.485
1783748331.316232,156.485
1783748331.336378,156.485
1783748331.356531,156.485
1783748331.376672,156.489
1783748331.396812,156.489
1783748331.416954,156.489
1783748331.437112,156.489
1783748331.457249,156.489
1783748331.477387,156.517
1783748331.497530,156.517
1783748331.517685,156.517
1783748331.537825,156.517
1783748331.557964,156.841
1783748331.578107,156.841
1783748331.598249,156.841
1783748331.618384,156.841
1783748331.638523,156.841
1783748331.658663,156.675
1783748331.678817,156.675
1783748331.698965,156.675
1783748331.719105,156.675
1783748331.739249,156.675
1783748331.759402,156.605
1783748331.779548,156.605
1783748331.799689,156.605
1783748331.819862,156.605
1783748331.840009,156.605
1783748331.860163,156.079
1783748331.880306,156.079
1783748331.900443,156.079
1783748331.920588,156.079
1783748331.940786,156.079
1783748331.960923,156.050
1783748331.981055,156.050
1783748332.001198,156.050
1783748332.021353,156.050
1783748332.041490,156.050
1783748332.061627,156.101
1783748332.081767,156.101
1783748332.101925,156.101
1783748332.122067,156.101
1783748332.142207,156.101
1783748332.162349,155.994
1783748332.182504,155.994
1783748332.202651,155.994
1783748332.222790,155.994
1783748332.242961,155.994
1783748332.263112,156.047
1783748332.283256,156.047
1783748332.303423,156.047
1783748332.323543,156.047
1783748332.343663,156.047
1783748332.363794,155.957
1783748332.383934,155.957
1783748332.404074,155.957
1783748332.424218,155.957
1783748332.444374,155.957
1783748332.464514,156.107
1783748332.484653,156.107
1783748332.504798,156.107
1783748332.524956,156.107
1783748332.545096,156.107
1783748332.565238,155.855
1783748332.585381,155.855
1783748332.605538,155.855
1783748332.625683,155.855
1783748332.645825,155.855
1783748332.665934,156.079
1783748332.686083,156.079
1783748332.706229,156.079
1783748332.726370,156.079
1783748332.746513,156.079
1783748332.766668,156.018
1783748332.786814,156.018
1783748332.806957,156.018
1783748332.827101,156.018
1783748332.847249,156.018
1783748332.867402,156.656
1783748332.887546,156.656
1783748332.907686,156.656
1783748332.927831,156.656
1783748332.947984,156.656
1783748332.968127,156.676
1783748332.988265,156.676
1783748333.008402,156.676
1783748333.028512,156.676
1783748333.048650,156.676
1783748333.068790,156.890
1783748333.088931,156.890
1783748333.109087,156.890
1783748333.129232,156.890
1783748333.149371,156.890
1783748333.169513,156.924
1783748333.189668,156.924
1783748333.209815,156.924
1783748333.229953,156.924
1783748333.250096,156.924
1783748333.270247,156.990
1783748333.290389,156.990
1783748333.310530,156.990
1783748333.330675,156.990
1783748333.350821,156.990
1783748333.370971,156.899
1783748333.391116,156.899
1783748333.411258,156.899
1783748333.431406,156.899
1783748333.451548,156.899
1783748333.471691,157.053
1783748333.491858,157.053
1783748333.512002,157.053
1783748333.532194,157.053
1783748333.552335,157.053
1783748333.572475,156.990
1783748333.592641,156.990
1783748333.612799,156.990
1783748333.632941,156.990
1783748333.653082,156.990
1783748333.673223,157.184
1783748333.693380,157.184
1783748333.713525,157.184
1783748333.733662,157.184
1783748333.753805,157.184
1783748333.773961,157.157
1783748333.794105,157.157
1783748333.814248,157.157
1783748333.834392,157.157
1783748333.854542,157.157
1783748333.874695,156.957
1783748333.894886,156.957
1783748333.914998,156.957
1783748333.935135,156.957
1783748333.955279,156.957
1783748333.975422,156.913
1783748333.995559,156.913
1783748334.015700,156.913
1783748334.035871,156.913
1783748334.056013,156.913
1783748334.076147,156.868
1783748334.096287,156.868
1783748334.116434,156.868
1783748334.136573,156.868
1783748334.156714,156.868
1783748334.176907,156.530
1783748334.197051,156.530
1783748334.217190,156.530
1783748334.237327,156.530
1783748334.257465,156.530
1783748334.277609,156.613
1783748334.297798,156.613
1783748334.317935,156.613
1783748334.338069,156.613
1783748334.358209,156.613
1783748334.378350,156.596
1783748334.398491,156.596
1783748334.418628,156.596
1783748334.438770,156.596
1783748334.458878,156.544
1783748334.479015,156.544
1783748334.499115,156.544
1783748334.519204,156.544
1783748334.539288,156.544
1783748334.559392,156.730
1783748334.579477,156.730
1783748334.599609,156.730
1783748334.619767,156.730
1783748334.639909,156.730
1783748334.660049,156.376
1783748334.680189,156.376
1783748334.700340,156.376
1783748334.720484,156.376
1783748334.740623,156.376
1783748334.760771,156.631
1783748334.780923,156.631
1783748334.801104,156.631
1783748334.821243,156.631
1783748334.841382,156.631
1783748334.861529,156.539
1783748334.881708,156.539
1783748334.901894,156.539
1783748334.922035,156.539
1783748334.942180,156.539
1783748334.962322,156.584
1783748334.982464,156.584
1783748335.002599,156.584
1783748335.022783,156.584
1783748335.042955,156.584
1783748335.063098,156.753
1783748335.083236,156.753
1783748335.103374,156.753
1783748335.123517,156.753
1783748335.143659,156.753
1783748335.163796,156.968
1783748335.183937,156.968
1783748335.204090,156.968
1783748335.224232,156.968
1783748335.244370,156.968
1783748335.264512,156.941
1783748335.284662,156.941
1783748335.304805,156.941
1783748335.324943,156.941
1783748335.345083,156.941
1783748335.365195,157.037
1783748335.385334,157.037
1783748335.405471,157.037
1783748335.425611,157.037
1783748335.445754,157.037
1783748335.465896,156.977
1783748335.486034,156.977
1783748335.506170,156.977
1783748335.526312,156.977
1783748335.546454,156.977
1783748335.566597,156.896
1783748335.586776,156.896
1783748335.606917,156.896
1783748335.627071,156.896
1783748335.647208,156.896
1783748335.667313,156.819
1783748335.687452,156.819
1783748335.707601,156.819
1783748335.727786,156.819
1783748335.747921,156.819
1783748335.768062,156.747
1783748335.788213,156.747
1783748335.808357,156.747
1783748335.828497,156.747
1783748335.848637,156.747
1783748335.868783,156.625
1783748335.888932,156.625
1783748335.909074,156.625
1783748335.929211,156.625
1783748335.949355,156.625
1783748335.969500,156.269
1783748335.989642,156.269
1783748336.009778,156.269
1783748336.029917,156.269
1783748336.050061,156.269
1783748336.070202,156.399
1783748336.090371,156.399
1783748336.110509,156.399
1783748336.130661,156.399
1783748336.150803,156.399
1783748336.170968,156.527
1783748336.191108,156.527
1783748336.211263,156.527
1783748336.231406,156.527
1783748336.251542,156.527
1783748336.271680,156.409
1783748336.291825,156.409
1783748336.311966,156.409
1783748336.332103,156.409
1783748336.352243,156.409
1783748336.372395,156.725
1783748336.392540,156.725
1783748336.412682,156.725
1783748336.432822,156.725
1783748336.452967,156.725
1783748336.473110,156.624
1783748336.493251,156.624
1783748336.513387,156.624
1783748336.533527,156.624
1783748336.553678,156.624
1783748336.573818,156.983
1783748336.593953,156.983
1783748336.614075,156.983
1783748336.634232,156.983
1783748336.654376,156.983
1783748336.674512,157.215
1783748336.694651,157.215
1783748336.714805,157.215
1783748336.734949,157.215
1783748336.755087,157.215
1783748336.775227,156.967
1783748336.795379,156.967
1783748336.815524,156.967
1783748336.835661,156.967
1783748336.855800,156.967
1783748336.875949,157.035
1783748336.896046,157.035
1783748336.916153,157.035
1783748336.936271,157.035
1783748336.956405,157.035
1783748336.976559,157.231
1783748336.996700,157.231
1783748337.016885,157.231
1783748337.036996,157.231
1783748337.057147,157.231
1783748337.077281,157.122
1783748337.097390,157.122
1783748337.117523,157.122
1783748337.137669,157.122
1783748337.157809,157.122
1783748337.177946,157.230
1783748337.198088,157.230
1783748337.218242,157.230
1783748337.238380,157.230
1783748337.258530,157.230
1783748337.278672,157.001
1783748337.298826,157.001
1783748337.318974,157.001
1783748337.339145,157.001
1783748337.359283,157.001
1783748337.379466,156.840
1783748337.399611,156.840
1783748337.419753,156.840
1783748337.439914,156.840
1783748337.460056,157.082
1783748337.480202,157.082
1783748337.500341,157.082
1783748337.520477,157.082
1783748337.540612,157.082
1783748337.560761,156.817
1783748337.580904,156.817
1783748337.601037,156.817
1783748337.621176,156.817
1783748337.641324,156.817
1783748337.661464,156.814
1783748337.681600,156.814
1783748337.701783,156.814
1783748337.721930,156.814
1783748337.742068,156.814
1783748337.762205,156.854
1783748337.782342,156.854
1783748337.802484,156.854
1783748337.822626,156.854
1783748337.842768,156.854
1783748337.862904,156.688
1783748337.883051,156.688
1783748337.903192,156.688
1783748337.923331,156.688
1783748337.943470,156.688
1783748337.963582,157.065
1783748337.983775,157.065
1783748338.003919,157.065
1783748338.024055,157.065
1783748338.044192,157.065
1783748338.064345,156.914
1783748338.084482,156.914
1783748338.104619,156.914
1783748338.124759,156.914
1783748338.144913,156.914
1783748338.165055,157.210
1783748338.185192,157.210
1783748338.205331,157.210
1783748338.225485,157.210
1783748338.245624,157.210
1783748338.265769,157.157
1783748338.285908,157.157
1783748338.306060,157.157
1783748338.326203,157.157
1783748338.346342,157.157
1783748338.366484,157.070
1783748338.386631,157.070
1783748338.406779,157.070
1783748338.426918,157.070
1783748338.447059,157.070
1783748338.467201,157.323
1783748338.487350,157.323
1783748338.507492,157.323
1783748338.527631,157.323
1783748338.547768,157.323
1783748338.567918,157.316
1783748338.588061,157.316
1783748338.608199,157.316
1783748338.628343,157.316
1783748338.648497,157.316
1783748338.668673,157.102
1783748338.688813,157.102
1783748338.708955,157.102
1783748338.729130,157.102
1783748338.749272,157.102
1783748338.769412,157.137
1783748338.789551,157.137
1783748338.809704,157.137
1783748338.829895,157.137
1783748338.850033,157.137
1783748338.870174,156.910
1783748338.890326,156.910
1783748338.910471,156.910
1783748338.930610,156.910
1783748338.950751,156.910
1783748338.970897,156.954
1783748338.991047,156.954
1783748339.011190,156.954
1783748339.031330,156.954
1783748339.051473,156.954
1783748339.071613,156.906
1783748339.091750,156.906
1783748339.111885,156.906
1783748339.132025,156.906
1783748339.152175,156.906
1783748339.172315,156.743
1783748339.192453,156.743
1783748339.212592,156.743
1783748339.232792,156.743
1783748339.252932,156.743
1783748339.273039,156.563
1783748339.293139,156.563
1783748339.313224,156.563
1783748339.333304,156.563
1783748339.353377,156.563
1783748339.373460,156.542
1783748339.393559,156.542
1783748339.413656,156.542
1783748339.433776,156.542
1783748339.453921,156.542
1783748339.474068,156.559
1783748339.494215,156.559
1783748339.514358,156.559
1783748339.534497,156.559
1783748339.554636,156.559
1783748339.574784,156.652
1783748339.594925,156.652
1783748339.615061,156.652
1783748339.635203,156.652
1783748339.655344,156.652
1783748339.675481,156.524
1783748339.695616,156.524
1783748339.715756,156.524
1783748339.735891,156.524
1783748339.756033,156.524
1783748339.776173,156.597
1783748339.796318,156.597
1783748339.816471,156.597
1783748339.836616,156.597
1783748339.856755,156.597
1783748339.876896,157.003
1783748339.897047,157.003
1783748339.917193,157.003
1783748339.937367,157.003
1783748339.957509,157.003
1783748339.977654,156.761
1783748339.997804,156.761
1783748340.017968,156.761
1783748340.038109,156.761
1783748340.058233,156.761
1783748340.078384,157.680
1783748340.098525,157.680
1783748340.118659,157.680
1783748340.138801,157.680
1783748340.158950,157.680
1783748340.179094,157.821
1783748340.199230,157.821
1783748340.219371,157.821
1783748340.239514,157.821
1783748340.259657,157.821
1783748340.279795,157.669
1783748340.299891,157.669
1783748340.319980,157.669
1783748340.340097,157.669
1783748340.360233,157.669
1783748340.380374,157.655
1783748340.400522,157.655
1783748340.420665,157.655
1783748340.440807,157.655
1783748340.460947,157.696
1783748340.481095,157.696
1783748340.501245,157.696
1783748340.521385,157.696
1783748340.541524,157.696
1783748340.561671,157.628
1783748340.581825,157.628
1783748340.601949,157.628
1783748340.622097,157.628
1783748340.642237,157.628
1783748340.662385,157.575
1783748340.682496,157.575
1783748340.702633,157.575
1783748340.722775,157.575
1783748340.742935,157.575
1783748340.763076,157.430
1783748340.783217,157.430
1783748340.803363,157.430
1783748340.823519,157.430
1783748340.843641,157.430
1783748340.863776,157.512
1783748340.883887,157.512
1783748340.903986,157.512
1783748340.924120,157.512
1783748340.944259,157.512
1783748340.964371,157.495
1783748340.984517,157.495
1783748341.004665,157.495
1783748341.024800,157.495
1783748341.044937,157.495
1783748341.065051,156.553
1783748341.085194,156.553
1783748341.105334,156.553
1783748341.125475,156.553
1783748341.145619,156.553
1783748341.165756,156.664
1783748341.185875,156.664
1783748341.206008,156.664
1783748341.226177,156.664
1783748341.246325,156.664
1783748341.266469,157.166
1783748341.286609,157.166
1783748341.306779,157.166
1783748341.326935,157.166
1783748341.347074,157.166
1783748341.367177,157.010
1783748341.387314,157.010
1783748341.407460,157.010
1783748341.427603,157.010
1783748341.447780,157.010
1783748341.467920,156.916
1783748341.488068,156.916
1783748341.508219,156.916
1783748341.528361,156.916
1783748341.548503,156.916
1783748341.568651,157.022
1783748341.588801,157.022
1783748341.608944,157.022
1783748341.629083,157.022
1783748341.649224,157.022
1783748341.669381,156.837
1783748341.689524,156.837
1783748341.709662,156.837
1783748341.729797,156.837
1783748341.749939,156.837
1783748341.770079,156.845
1783748341.790219,156.845
1783748341.810363,156.845
1783748341.830519,156.845
1783748341.850661,156.845
1783748341.870800,156.817
1783748341.890943,156.817
1783748341.911093,156.817
1783748341.931233,156.817
1783748341.951368,156.817
1783748341.971506,156.882
1783748341.991656,156.882
1783748342.011807,156.882
1783748342.031950,156.882
1783748342.052090,156.882
1783748342.072237,156.977
1783748342.092359,156.977
1783748342.112499,156.977
1783748342.132636,156.977
1783748342.152778,156.977
1783748342.172932,156.947
1783748342.193076,156.947
1783748342.213211,156.947
1783748342.233353,156.947
1783748342.253506,156.947
1783748342.273647,156.362
1783748342.293788,156.362
1783748342.313932,156.362
1783748342.334087,156.362
1783748342.354210,156.362
1783748342.374331,156.839
1783748342.394470,156.839
1783748342.414621,156.839
1783748342.434766,156.839
1783748342.454903,156.839
1783748342.475043,156.844
1783748342.495192,156.844
1783748342.515368,156.844
1783748342.535505,156.844
1783748342.555646,156.844
1783748342.575814,156.042
1783748342.595965,156.042
1783748342.616108,156.042
1783748342.636248,156.042
1783748342.656387,156.042
1783748342.676530,156.095
1783748342.696675,156.095
1783748342.716811,156.095
1783748342.736952,156.095
1783748342.757107,156.095
1783748342.777251,156.161
1783748342.797392,156.161
1783748342.817531,156.161
1783748342.837682,156.161
1783748342.857821,156.161
1783748342.877962,156.358
1783748342.898105,156.358
1783748342.918256,156.358
1783748342.938400,156.358
1783748342.958538,156.358
1783748342.978682,156.406
1783748342.998831,156.406
1783748343.018983,156.406
1783748343.039126,156.406
1783748343.059268,156.406
1783748343.079414,156.404
1783748343.099563,156.404
1783748343.119701,156.404
1783748343.139884,156.404
1783748343.160026,156.404
1783748343.180149,156.382
1783748343.200289,156.382
1783748343.220427,156.382
1783748343.240571,156.382
1783748343.260767,156.382
1783748343.280911,156.394
1783748343.301051,156.394
1783748343.321194,156.394
1783748343.341351,156.394
1783748343.361495,156.534
1783748343.381633,156.534
1783748343.401775,156.534
1783748343.421918,156.534
1783748343.442056,156.534
1783748343.462195,156.494
1783748343.482340,156.494
1783748343.502489,156.494
1783748343.522636,156.494
1783748343.542774,156.494
1783748343.562911,157.225
1783748343.583058,157.225
1783748343.603210,157.225
1783748343.623352,157.225
1783748343.643491,157.225
1783748343.663630,157.226
1783748343.683778,157.226
1783748343.703922,157.226
1783748343.724059,157.226
1783748343.744199,157.226
1783748343.764357,157.098
1783748343.784503,157.098
1783748343.804672,157.098
1783748343.824816,157.098
1783748343.844963,157.098
1783748343.865133,157.228
1783748343.885274,157.228
1783748343.905411,157.228
1783748343.925560,157.228
1783748343.945701,157.228
1783748343.965881,157.121
1783748343.986021,157.121
1783748344.006172,157.121
1783748344.026321,157.121
1783748344.046456,157.121
1783748344.066597,156.945
1783748344.086783,156.945
1783748344.106936,156.945
1783748344.127074,156.945
1783748344.147211,156.945
1783748344.167355,157.182
1783748344.187505,157.182
1783748344.207648,157.182
1783748344.227786,157.182
1783748344.247926,157.182
1783748344.268069,156.901
1783748344.288211,156.901
1783748344.308349,156.901
1783748344.328491,156.901
1783748344.348640,156.901
1783748344.368786,156.793
1783748344.388926,156.793
1783748344.409069,156.793
1783748344.429222,156.793
1783748344.449360,156.793
1783748344.469497,157.145
1783748344.489640,157.145
1783748344.509789,157.145
1783748344.529936,157.145
1783748344.550071,157.145
1783748344.570214,157.230
1783748344.590361,157.230
1783748344.610514,157.230
1783748344.630653,157.230
1783748344.650790,157.230
1783748344.670934,157.073
1783748344.691089,157.073
1783748344.711232,157.073
1783748344.731368,157.073
1783748344.751510,157.073
1783748344.771666,157.145
1783748344.791811,157.145
1783748344.811949,157.145
1783748344.832093,157.145
1783748344.852244,157.145
1783748344.872387,157.175
1783748344.892526,157.175
1783748344.912670,157.175
1783748344.932825,157.175
1783748344.952964,157.175
1783748344.973102,157.290
1783748344.993246,157.290
1783748345.013397,157.290
1783748345.033536,157.290
1783748345.053673,157.290
1783748345.073879,157.129
1783748345.094005,157.129
1783748345.114159,157.129
1783748345.134299,157.129
1783748345.154462,157.129
1783748345.174605,157.158
1783748345.194784,157.158
1783748345.214921,157.158
1783748345.235059,157.158
1783748345.255199,157.158
1783748345.275357,157.260
1783748345.295499,157.260
1783748345.315638,157.260
1783748345.335752,157.260
1783748345.355896,157.260
1783748345.376037,157.425
1783748345.396177,157.425
1783748345.416289,157.425
1783748345.436440,157.425
1783748345.456583,157.425
1783748345.476720,157.047
1783748345.496907,157.047
1783748345.517058,157.047
1783748345.537203,157.047
1783748345.557342,157.047
1783748345.577484,156.970
1783748345.597630,156.970
1783748345.617780,156.970
1783748345.637924,156.970
1783748345.658065,156.970
1783748345.678174,156.837
1783748345.698330,156.837
1783748345.718472,156.837
1783748345.738610,156.837
1783748345.758753,156.837
1783748345.778907,156.778
1783748345.799052,156.778
1783748345.819191,156.778
1783748345.839336,156.778
1783748345.859492,156.778
1783748345.879636,156.865
1783748345.899773,156.865
1783748345.919918,156.865
1783748345.940071,156.865
1783748345.960216,156.865
1783748345.980355,156.728
1783748346.000498,156.728
1783748346.020653,156.728
1783748346.040800,156.728
1783748346.060938,156.728
1783748346.081082,156.636
1783748346.101230,156.636
1783748346.121372,156.636
1783748346.141478,156.636
1783748346.161616,156.636
1783748346.181761,156.306
1783748346.201910,156.306
1783748346.222053,156.306
1783748346.242190,156.306
1783748346.262328,156.310
1783748346.282477,156.310
1783748346.302618,156.310
1783748346.322754,156.310
1783748346.342891,156.310
1783748346.363063,156.238
1783748346.383204,156.238
1783748346.403338,156.238
1783748346.423477,156.238
1783748346.443645,156.238
1783748346.463784,156.856
1783748346.483919,156.856
1783748346.504056,156.856
1783748346.524198,156.856
1783748346.544332,156.856
1783748346.564471,156.926
1783748346.584609,156.926
1783748346.604792,156.926
1783748346.624935,156.926
1783748346.645076,156.926
1783748346.665213,156.714
1783748346.685353,156.714
1783748346.705496,156.714
1783748346.725636,156.714
1783748346.745771,156.714
1783748346.765907,156.848
1783748346.786024,156.848
1783748346.806126,156.848
1783748346.826206,156.848
1783748346.846294,156.848
1783748346.866438,156.890
1783748346.886586,156.890
1783748346.906778,156.890
1783748346.926920,156.890
1783748346.947070,156.890
1783748346.967215,156.826
1783748346.987352,156.826
1783748347.007494,156.826
1783748347.027645,156.826
1783748347.047781,156.826
1783748347.067920,156.911
1783748347.088063,156.911
1783748347.108208,156.911
1783748347.128355,156.911
1783748347.148497,156.911
1783748347.168637,157.003
1783748347.188779,157.003
1783748347.208928,157.003
1783748347.229069,157.003
1783748347.249203,157.003
1783748347.269348,157.038
1783748347.289491,157.038
1783748347.309629,157.038
1783748347.329763,157.038
1783748347.349899,157.038
1783748347.370044,156.872
1783748347.390178,156.872
1783748347.410311,156.872
1783748347.430449,156.872
1783748347.450601,156.872
1783748347.470783,156.555
1783748347.490918,156.555
1783748347.511091,156.555
1783748347.531273,156.555
1783748347.551446,156.555
1783748347.571597,156.556
1783748347.591776,156.556
1783748347.611918,156.556
1783748347.632055,156.556
1783748347.652228,156.556
1783748347.672365,156.575
1783748347.692508,156.575
1783748347.712672,156.575
1783748347.732810,156.575
1783748347.752945,156.575
1783748347.773084,156.631
1783748347.793223,156.631
1783748347.813363,156.631
1783748347.833498,156.631
1783748347.853654,156.631
1783748347.873817,156.556
1783748347.893962,156.556
1783748347.914100,156.556
1783748347.934244,156.556
1783748347.954397,156.556
1783748347.974537,156.642
1783748347.994678,156.642
1783748348.014752,156.642
1783748348.034895,156.642
1783748348.055035,156.642
1783748348.075171,156.584
1783748348.095308,156.584
1783748348.115454,156.584
1783748348.135601,156.584
1783748348.155783,156.584
1783748348.175922,156.880
1783748348.196067,156.880
1783748348.216216,156.880
1783748348.236358,156.880
1783748348.256495,156.880
1783748348.276635,156.751
1783748348.296785,156.751
1783748348.316929,156.751
1783748348.337066,156.751
1783748348.357204,156.751
1783748348.377353,156.687
1783748348.397496,156.687
1783748348.417636,156.687
1783748348.437777,156.687
1783748348.457931,156.687
1783748348.478072,156.834
1783748348.498208,156.834
1783748348.518348,156.834
1783748348.538501,156.834
1783748348.558642,156.834
1783748348.578780,156.643
1783748348.598923,156.643
1783748348.619066,156.643
1783748348.639214,156.643
1783748348.659349,156.643
1783748348.679487,156.558
1783748348.699633,156.558
1783748348.719763,156.558
1783748348.739906,156.558
1783748348.760043,156.558
1783748348.780185,156.602
1783748348.800335,156.602
1783748348.820478,156.602
1783748348.840614,156.602
1783748348.860756,156.602
1783748348.880909,156.309
1783748348.901053,156.309
1783748348.921191,156.309
1783748348.941368,156.309
1783748348.961523,156.309
1783748348.981663,156.432
1783748349.001855,156.432
1783748349.021997,156.432
1783748349.042149,156.432
1783748349.062293,156.432
1783748349.082432,156.308
1783748349.102571,156.308
1783748349.122668,156.308
1783748349.142798,156.308
1783748349.162928,156.308
1783748349.183068,156.265
1783748349.203213,156.265
1783748349.223364,156.265
1783748349.243506,156.265
1783748349.263646,156.419
1783748349.283771,156.419
1783748349.303916,156.419
1783748349.324062,156.419
1783748349.344201,156.419
1783748349.364346,156.481
1783748349.384497,156.481
1783748349.404637,156.481
1783748349.424774,156.481
1783748349.444915,156.481
1783748349.465058,156.622
1783748349.485199,156.622
1783748349.505337,156.622
1783748349.525480,156.622
1783748349.545578,156.622
1783748349.565680,156.702
1783748349.585766,156.702
1783748349.605908,156.702
1783748349.626057,156.702
1783748349.646196,156.702
1783748349.666301,156.551
1783748349.686402,156.551
1783748349.706531,156.551
1783748349.726673,156.551
1783748349.746813,156.551
1783748349.766932,157.019
1783748349.787077,157.019
1783748349.807219,157.019
1783748349.827360,157.019
1783748349.847494,157.019
1783748349.867632,157.140
1783748349.887778,157.140
1783748349.907919,157.140
1783748349.928055,157.140
1783748349.948193,157.140
1783748349.968338,157.175
1783748349.988477,157.175
1783748350.008615,157.175
1783748350.028753,157.175
1783748350.048890,157.175
1783748350.069023,157.214
1783748350.089156,157.214
1783748350.109258,157.214
1783748350.129357,157.214
1783748350.149479,157.214
1783748350.169616,157.247
1783748350.189752,157.247
1783748350.209890,157.247
1783748350.229989,157.247
1783748350.250081,157.247
1783748350.270177,157.225
1783748350.290286,157.225
1783748350.310370,157.225
1783748350.330496,157.225
1783748350.350636,157.225
1783748350.370773,157.251
1783748350.390913,157.251
1783748350.411050,157.251
1783748350.431185,157.251
1783748350.451322,157.251
1783748350.471461,157.219
1783748350.491554,157.219
1783748350.511678,157.219
1783748350.531788,157.219
1783748350.551900,157.219
1783748350.572008,157.130
1783748350.592103,157.130
1783748350.612184,157.130
1783748350.632266,157.130
1783748350.652344,157.130
1783748350.672419,157.229
1783748350.692495,157.229
1783748350.712584,157.229
1783748350.732678,157.229
1783748350.752804,157.229
1783748350.772947,156.834
1783748350.793089,156.834
1783748350.813241,156.834
1783748350.833386,156.834
1783748350.853522,156.834
1783748350.873663,156.674
1783748350.893818,156.674
1783748350.913960,156.674
1783748350.934101,156.674
1783748350.954241,156.674
1783748350.974383,156.672
1783748350.994527,156.672
1783748351.014668,156.672
1783748351.034810,156.672
1783748351.054957,156.672
1783748351.075104,156.480
1783748351.095240,156.480
1783748351.115382,156.480
1783748351.135530,156.480
1783748351.155671,156.480
1783748351.175813,156.644
1783748351.195955,156.644
1783748351.216099,156.644
1783748351.236252,156.644
1783748351.256388,156.644
1783748351.276525,156.790
1783748351.296667,156.790
1783748351.316823,156.790
1783748351.336967,156.790
1783748351.357101,156.790
1783748351.377238,156.764
1783748351.397389,156.764
1783748351.417531,156.764
1783748351.437670,156.764
1783748351.457811,156.764
1783748351.477952,156.837
1783748351.498126,156.837
1783748351.518265,156.837
1783748351.538405,156.837
1783748351.558553,156.837
1783748351.578767,156.689
1783748351.598905,156.689
1783748351.619044,156.689
1783748351.639188,156.689
1783748351.659328,156.689
1783748351.679471,156.668
1783748351.699611,156.668
1783748351.719755,156.668
1783748351.739903,156.668
1783748351.760047,156.668
1783748351.780186,156.891
1783748351.800328,156.891
1783748351.820485,156.891
1783748351.840630,156.891
1783748351.860765,156.891
1783748351.880906,156.856
1783748351.901063,156.856
1783748351.921207,156.856
1783748351.941347,156.856
1783748351.961489,156.856
1783748351.981640,156.843
1783748352.001783,156.843
1783748352.021919,156.843
1783748352.042058,156.843
1783748352.062203,156.843
1783748352.082307,157.061
1783748352.102411,157.061
1783748352.122540,157.061
1783748352.142688,157.061
1783748352.162838,157.061
1783748352.182982,156.809
1783748352.203124,156.809
1783748352.223273,156.809
1783748352.243428,156.809
1783748352.263573,156.809
1783748352.283714,156.968
1783748352.303912,156.968
1783748352.324072,156.968
1783748352.344218,156.968
1783748352.364359,156.810
1783748352.384504,156.810
1783748352.404662,156.810
1783748352.424811,156.810
1783748352.444952,156.810
1783748352.465062,156.823
1783748352.485175,156.823
1783748352.505284,156.823
1783748352.525424,156.823
1783748352.545523,156.823
1783748352.565646,156.767
1783748352.585780,156.767
1783748352.605917,156.767
1783748352.626060,156.767
1783748352.646209,156.767
1783748352.666353,156.571
1783748352.686493,156.571
1783748352.706634,156.571
1783748352.726784,156.571
1783748352.746933,156.571
1783748352.767078,156.731
1783748352.787218,156.731
1783748352.807358,156.731
1783748352.827492,156.731
1783748352.847644,156.731
1783748352.867755,156.703
1783748352.887900,156.703
1783748352.908062,156.703
1783748352.928209,156.703
1783748352.948353,156.703
1783748352.968498,156.119
1783748352.988659,156.119
1783748353.008805,156.119
1783748353.028950,156.119
1783748353.049091,156.119
1783748353.069251,156.106
1783748353.089402,156.106
1783748353.109545,156.106
1783748353.129657,156.106
1783748353.149809,156.106
1783748353.169957,156.367
1783748353.190100,156.367
1783748353.210228,156.367
1783748353.230368,156.367
1783748353.250520,156.367
1783748353.270663,156.146
1783748353.290802,156.146
1783748353.310947,156.146
1783748353.331104,156.146
1783748353.351247,156.146
1783748353.371386,156.183
1783748353.391529,156.183
1783748353.411682,156.183
1783748353.431826,156.183
1783748353.451961,156.183
1783748353.472104,156.124
1783748353.492256,156.124
1783748353.512400,156.124
1783748353.532540,156.124
1783748353.552653,156.124
1783748353.572801,156.269
1783748353.592939,156.269
1783748353.613078,156.269
1783748353.633221,156.269
1783748353.653373,156.269
1783748353.673515,156.281
1783748353.693655,156.281
1783748353.713798,156.281
1783748353.733946,156.281
1783748353.754098,156.281
1783748353.774241,156.095
1783748353.794380,156.095
1783748353.814522,156.095
1783748353.834680,156.095
1783748353.854825,156.095
1783748353.874964,156.149
1783748353.895108,156.149
1783748353.915267,156.149
1783748353.935412,156.149
1783748353.955552,156.149
1783748353.975672,156.735
1783748353.995828,156.735
1783748354.015963,156.735
1783748354.036103,156.735
1783748354.056244,156.735
1783748354.076428,156.550
1783748354.096575,156.550
1783748354.116714,156.550
1783748354.136928,156.550
1783748354.157077,156.550
1783748354.177224,156.809
1783748354.197368,156.809
1783748354.217511,156.809
1783748354.237661,156.809
1783748354.257802,156.809
1783748354.277946,156.276
1783748354.298085,156.276
1783748354.318227,156.276
1783748354.338366,156.276
1783748354.358506,156.276
1783748354.378644,156.378
1783748354.398789,156.378
1783748354.418940,156.378
1783748354.439081,156.378
1783748354.459221,156.378
1783748354.479361,156.382
1783748354.499517,156.382
1783748354.519660,156.382
1783748354.539801,156.382
1783748354.559943,156.382
1783748354.580100,156.629
1783748354.600244,156.629
1783748354.620384,156.629
1783748354.640528,156.629
1783748354.660684,156.629
1783748354.680828,156.666
1783748354.700967,156.666
1783748354.721107,156.666
1783748354.741252,156.666
1783748354.761402,156.666
1783748354.781544,156.748
1783748354.801683,156.748
1783748354.821827,156.748
1783748354.841984,156.748
1783748354.862124,156.748
1783748354.882263,156.474
1783748354.902406,156.474
1783748354.922564,156.474
1783748354.942708,156.474
1783748354.962898,156.474
1783748354.983037,156.637
1783748355.003195,156.637
1783748355.023339,156.637
1783748355.043479,156.637
1783748355.063623,156.637
1783748355.083766,156.667
1783748355.103901,156.667
1783748355.124040,156.667
1783748355.144183,156.667
1783748355.164339,156.667
1783748355.184487,156.627
1783748355.204629,156.627
1783748355.224773,156.627
1783748355.244920,156.627
1783748355.265062,156.764
1783748355.285205,156.764
1783748355.305347,156.764
1783748355.325495,156.764
1783748355.345683,156.764
1783748355.365827,156.802
1783748355.385966,156.802
1783748355.406110,156.802
1783748355.426296,156.802
1783748355.446398,156.802
1783748355.466534,156.573
1783748355.486672,156.573
1783748355.506831,156.573
1783748355.526973,156.573
1783748355.547112,156.573
1783748355.567256,156.385
1783748355.587411,156.385
1783748355.607559,156.385
1783748355.627698,156.385
1783748355.647885,156.385
1783748355.668036,156.482
1783748355.688173,156.482
1783748355.708313,156.482
1783748355.728454,156.482
1783748355.748603,156.482
1783748355.768758,156.517
1783748355.788902,156.517
1783748355.809043,156.517
1783748355.829187,156.517
1783748355.849334,156.517
1783748355.869480,156.383
1783748355.889619,156.383
1783748355.909762,156.383
1783748355.929919,156.383
1783748355.950061,156.383
1783748355.970200,156.298
1783748355.990338,156.298
1783748356.010495,156.298
1783748356.030639,156.298
1783748356.050776,156.298
1783748356.070921,157.053
1783748356.091076,157.053
1783748356.111217,157.053
1783748356.131357,157.053
1783748356.151500,157.053
1783748356.171655,156.793
1783748356.191793,156.793
1783748356.211931,156.793
1783748356.232074,156.793
1783748356.252221,156.793
1783748356.272369,156.762
1783748356.292513,156.762
1783748356.312654,156.762
1783748356.332803,156.762
1783748356.352957,156.762
1783748356.373100,157.044
1783748356.393239,157.044
1783748356.413383,157.044
1783748356.433541,157.044
1783748356.453684,157.044
1783748356.473822,156.927
1783748356.493962,156.927
1783748356.514112,156.927
1783748356.534257,156.927
1783748356.554397,156.927
1783748356.574538,157.032
1783748356.594694,157.032
1783748356.614889,157.032
1783748356.635056,157.032
1783748356.655199,157.032
1783748356.675352,156.882
1783748356.695493,156.882
1783748356.715659,156.882
1783748356.735802,156.882
1783748356.755953,156.882
1783748356.776100,157.312
1783748356.796219,157.312
1783748356.816335,157.312
1783748356.836473,157.312
1783748356.856618,157.312
1783748356.876760,157.622
1783748356.896899,157.622
1783748356.917040,157.622
1783748356.937185,157.622
1783748356.957332,157.622
1783748356.977471,157.565
1783748356.997613,157.565
1783748357.017771,157.565
1783748357.037916,157.565
1783748357.058036,157.565
1783748357.078132,156.914
1783748357.098273,156.914
1783748357.118419,156.914
1783748357.138559,156.914
1783748357.158700,156.914
1783748357.178902,157.238
1783748357.199045,157.238
1783748357.219184,157.238
1783748357.239327,157.238
1783748357.259434,157.238
1783748357.279571,156.987
1783748357.299713,156.987
1783748357.319890,156.987
1783748357.340038,156.987
1783748357.360187,156.987
1783748357.380330,157.081
1783748357.400469,157.081
1783748357.420614,157.081
1783748357.440772,157.081
1783748357.460918,157.081
1783748357.481053,156.790
1783748357.501196,156.790
1783748357.521356,156.790
1783748357.541498,156.790
1783748357.561637,156.790
1783748357.581779,156.847
1783748357.601937,156.847
1783748357.622075,156.847
1783748357.642212,156.847
1783748357.662354,156.847
1783748357.682510,156.990
1783748357.702652,156.990
1783748357.722794,156.990
1783748357.742936,156.990
1783748357.763084,156.990
1783748357.783235,156.352
1783748357.803377,156.352
1783748357.823519,156.352
1783748357.843661,156.352
1783748357.863814,156.352
1783748357.883957,156.254
1783748357.904095,156.254
1783748357.924244,156.254
1783748357.944391,156.254
1783748357.964534,156.254
1783748357.984700,156.228
1783748358.004885,156.228
1783748358.025046,156.228
1783748358.045186,156.228
1783748358.065325,156.228
1783748358.085469,156.603
1783748358.105615,156.603
1783748358.125755,156.603
1783748358.145892,156.603
1783748358.166035,156.307
1783748358.186189,156.307
1783748358.206335,156.307
1783748358.226475,156.307
1783748358.246614,156.307
1783748358.266765,156.542
1783748358.286916,156.542
1783748358.307060,156.542
1783748358.327200,156.542
1783748358.347347,156.542
1783748358.367499,156.494
1783748358.387640,156.494
1783748358.407778,156.494
1783748358.427922,156.494
1783748358.448065,156.494
1783748358.468210,156.457
1783748358.488349,156.457
1783748358.508492,156.457
1783748358.528633,156.457
1783748358.548770,156.457
1783748358.568910,156.364
1783748358.589052,156.364
1783748358.609203,156.364
1783748358.629345,156.364
1783748358.649483,156.364
1783748358.669622,156.530
1783748358.689767,156.530
1783748358.709909,156.530
1783748358.730075,156.530
1783748358.750211,156.530
1783748358.770358,156.572
1783748358.790503,156.572
1783748358.810644,156.572
1783748358.830782,156.572
1783748358.850921,156.572
1783748358.871065,156.486
1783748358.891205,156.486
1783748358.911340,156.486
1783748358.931481,156.486
1783748358.951624,156.486
1783748358.971766,156.792
1783748358.991900,156.792
1783748359.012038,156.792
1783748359.032185,156.792
1783748359.052322,156.792
1783748359.072458,156.331
1783748359.092593,156.331
1783748359.112777,156.331
1783748359.132914,156.331
1783748359.153060,156.331
1783748359.173200,156.454
1783748359.193351,156.454
1783748359.213527,156.454
1783748359.233665,156.454
1783748359.253805,156.454
1783748359.273977,156.478
1783748359.294116,156.478
1783748359.314258,156.478
1783748359.334399,156.478
1783748359.354541,156.478
1783748359.374692,156.081
1783748359.394857,156.081
1783748359.414995,156.081
1783748359.435106,156.081
1783748359.455251,156.081
1783748359.475389,156.330
1783748359.495527,156.330
1783748359.515669,156.330
1783748359.535813,156.330
1783748359.555954,156.330
1783748359.576090,156.119
1783748359.596231,156.119
1783748359.616381,156.119
1783748359.636522,156.119
1783748359.656658,156.119
1783748359.676797,156.491
1783748359.696942,156.491
1783748359.717082,156.491
1783748359.737219,156.491
1783748359.757360,156.491
1783748359.777507,156.515
1783748359.797644,156.515
1783748359.817780,156.515
1783748359.837918,156.515
1783748359.858061,156.515
1783748359.878202,156.515
1783748359.898341,156.515
1783748359.918480,156.515
1783748359.938622,156.515
1783748359.958771,156.515
1783748359.978911,156.663
1783748359.999045,156.663
1783748360.019186,156.663
1783748360.039335,156.663
1783748360.059475,156.663
1783748360.079612,156.598
1783748360.099755,156.598
1783748360.119898,156.598
1783748360.140046,156.598
1783748360.160181,156.598
1783748360.180323,156.957
1783748360.200474,156.957
1783748360.220616,156.957
1783748360.240755,156.957
1783748360.260895,156.957
1783748360.281046,157.023
1783748360.301188,157.023
1783748360.321328,157.023
1783748360.341469,157.023
1783748360.361614,157.023
1783748360.381766,157.479
1783748360.401904,157.479
1783748360.422043,157.479
1783748360.442182,157.479
1783748360.462330,157.479
1783748360.482493,157.451
1783748360.502628,157.451
1783748360.522769,157.451
1783748360.542918,157.451
1783748360.563086,157.451
1783748360.583221,157.413
1783748360.603360,157.413
1783748360.623512,157.413
1783748360.643648,157.413
1783748360.663786,157.413
1783748360.683929,157.138
1783748360.704082,157.138
1783748360.724225,157.138
1783748360.744360,157.138
1783748360.764501,157.138
1783748360.784649,157.150
1783748360.804790,157.150
1783748360.824928,157.150
1783748360.845065,157.150
1783748360.865208,157.150
1783748360.885356,157.241
1783748360.905497,157.241
1783748360.925633,157.241
1783748360.945775,157.241
1783748360.965926,157.241
1783748360.986063,156.884
1783748361.006197,156.884
1783748361.026339,156.884
1783748361.046480,156.884
1783748361.066623,156.884
1783748361.086760,156.936
1783748361.106895,156.936
1783748361.127045,156.936
1783748361.147183,156.936
1783748361.167320,157.012
1783748361.187461,157.012
1783748361.207611,157.012
1783748361.227756,157.012
1783748361.247893,157.012
1783748361.268032,156.850
1783748361.288184,156.850
1783748361.308327,156.850
1783748361.328469,156.850
1783748361.348608,156.850
1783748361.368753,156.930
1783748361.388895,156.930
1783748361.409036,156.930
1783748361.429174,156.930
1783748361.449318,156.930
1783748361.469470,156.629
1783748361.489606,156.629
1783748361.509703,156.629
1783748361.529837,156.629
1783748361.549970,156.629
1783748361.570109,156.775
1783748361.590249,156.775
1783748361.610389,156.775
1783748361.630545,156.775
1783748361.650688,156.775
1783748361.670807,157.125
1783748361.690940,157.125
1783748361.711092,157.125
1783748361.731238,157.125
1783748361.751375,157.125
1783748361.771549,156.931
1783748361.791680,156.931
1783748361.811812,156.931
1783748361.831952,156.931
1783748361.852117,156.931
1783748361.872263,156.766
1783748361.892413,156.766
1783748361.912556,156.766
1783748361.932698,156.766
1783748361.952890,156.766
1783748361.973042,156.942
1783748361.993181,156.942
1783748362.013319,156.942
1783748362.033460,156.942
1783748362.053604,156.942
1783748362.073785,156.969
1783748362.093927,156.969
1783748362.114069,156.969
1783748362.134221,156.969
1783748362.154364,156.969
1783748362.174503,156.587
1783748362.194643,156.587
1783748362.214790,156.587
1783748362.234929,156.587
1783748362.255068,156.587
1783748362.275207,156.657
1783748362.295352,156.657
1783748362.315498,156.657
1783748362.335636,156.657
1783748362.355773,156.657
1783748362.375916,156.756
1783748362.396059,156.756
1783748362.416197,156.756
1783748362.436334,156.756
1783748362.456476,156.756
1783748362.476626,156.426
1783748362.496764,156.426
1783748362.516896,156.426
1783748362.537035,156.426
1783748362.557178,156.426
1783748362.577320,156.572
1783748362.597424,156.572
1783748362.617522,156.572
1783748362.637617,156.572
1783748362.657701,156.572
1783748362.677785,156.460
1783748362.697911,156.460
1783748362.718069,156.460
1783748362.738206,156.460
1783748362.758343,156.460
1783748362.778479,156.458
1783748362.798631,156.458
1783748362.818777,156.458
1783748362.838917,156.458
1783748362.859058,156.458
1783748362.879205,156.455
1783748362.899353,156.455
1783748362.919494,156.455
1783748362.939635,156.455
1783748362.959780,156.455
1783748362.979931,156.650
1783748363.000073,156.650
1783748363.020208,156.650
1783748363.040348,156.650
1783748363.060529,156.650
1783748363.080670,156.683
1783748363.100806,156.683
1783748363.120965,156.683
1783748363.141121,156.683
1783748363.161261,156.683
1783748363.181400,156.654
1783748363.201520,156.654
1783748363.221673,156.654
1783748363.241889,156.654
1783748363.262025,156.654
1783748363.282167,156.544
1783748363.302317,156.544
1783748363.322465,156.544
1783748363.342603,156.544
1783748363.362785,156.544
1783748363.382931,157.013
1783748363.403082,157.013
1783748363.423223,157.013
1783748363.443363,157.013
1783748363.463506,157.013
1783748363.483657,156.848
1783748363.503796,156.848
1783748363.523931,156.848
1783748363.544072,156.848
1783748363.564224,156.848
1783748363.584368,157.046
1783748363.604503,157.046
1783748363.624640,157.046
1783748363.644797,157.046
1783748363.664938,157.046
1783748363.685075,157.178
1783748363.705213,157.178
1783748363.725367,157.178
1783748363.745510,157.178
1783748363.765648,157.178
1783748363.785786,157.171
1783748363.805935,157.171
1783748363.826078,157.171
1783748363.846216,157.171
1783748363.866357,157.171
1783748363.886503,157.506
1783748363.906652,157.506
1783748363.926791,157.506
1783748363.946931,157.506
1783748363.967077,157.506
1783748363.987214,157.224
1783748364.007355,157.224
1783748364.027490,157.224
1783748364.047631,157.224
1783748364.067785,157.391
1783748364.087929,157.391
1783748364.108063,157.391
1783748364.128206,157.391
1783748364.148364,157.391
1783748364.168508,157.146
1783748364.188647,157.146
1783748364.208807,157.146
1783748364.228959,157.146
1783748364.249099,157.146
1783748364.269238,157.207
1783748364.289380,157.207
1783748364.309532,157.207
1783748364.329679,157.207
1783748364.349930,157.207
1783748364.370070,157.024
1783748364.390221,157.024
1783748364.410395,157.024
1783748364.430538,157.024
1783748364.450679,157.024
1783748364.470826,156.965
1783748364.490965,156.965
1783748364.511107,156.965
1783748364.531243,156.965
1783748364.551380,156.965
1783748364.571536,156.698
1783748364.591678,156.698
1783748364.611814,156.698
1783748364.631951,156.698
1783748364.652106,156.698
1783748364.672246,156.879
1783748364.692385,156.879
1783748364.712524,156.879
1783748364.732677,156.879
1783748364.752822,156.879
1783748364.772960,156.381
1783748364.793099,156.381
1783748364.813251,156.381
1783748364.833396,156.381
1783748364.853535,156.381
1783748364.873673,156.588
1783748364.893820,156.588
1783748364.913963,156.588
1783748364.934103,156.588
1783748364.954221,156.588
1783748364.974353,156.586
1783748364.994489,156.586
1783748365.014628,156.586
1783748365.034766,156.586
1783748365.054888,156.586
1783748365.075035,156.457
1783748365.095183,156.457
1783748365.115325,156.457
1783748365.135470,156.457
1783748365.155633,156.457
1783748365.175779,156.602
1783748365.195919,156.602
1783748365.216057,156.602
1783748365.236213,156.602
1783748365.256360,156.602
1783748365.276497,156.540
1783748365.296640,156.540
1783748365.316792,156.540
1783748365.336940,156.540
1783748365.357080,156.540
1783748365.377221,156.792
1783748365.397375,156.792
1783748365.417522,156.792
1783748365.437666,156.792
1783748365.457746,156.792
1783748365.477877,156.769
1783748365.498015,156.769
1783748365.518159,156.769
1783748365.538298,156.769
1783748365.558438,156.769
1783748365.578596,156.911
1783748365.598783,156.911
1783748365.618954,156.911
1783748365.639096,156.911
1783748365.659250,156.911
1783748365.679394,156.985
1783748365.699560,156.985
1783748365.719702,156.985
1783748365.739899,156.985
1783748365.760043,156.985
1783748365.780184,157.143
1783748365.800328,157.143
1783748365.820472,157.143
1783748365.840611,157.143
1783748365.860752,157.143
1783748365.880895,156.924
1783748365.901047,156.924
1783748365.921191,156.924
1783748365.941333,156.924
1783748365.961474,156.924
1783748365.981621,157.107
1783748366.001765,157.107
1783748366.021908,157.107
1783748366.042049,157.107
1783748366.062191,157.107
1783748366.082347,156.887
1783748366.102492,156.887
1783748366.122630,156.887
1783748366.142776,156.887
1783748366.162932,156.887
1783748366.183069,156.781
1783748366.203205,156.781
1783748366.223349,156.781
1783748366.243506,156.781
1783748366.263651,156.781
1783748366.283793,156.912
1783748366.303936,156.912
1783748366.324092,156.912
1783748366.344239,156.912
1783748366.364377,156.912
1783748366.384520,156.681
1783748366.404676,156.681
1783748366.424824,156.681
1783748366.444968,156.681
1783748366.465111,156.681
1783748366.485260,156.760
1783748366.505405,156.760
1783748366.525541,156.760
1783748366.545676,156.760
1783748366.565819,156.760
1783748366.585968,156.498
1783748366.606113,156.498
1783748366.626249,156.498
1783748366.646394,156.498
1783748366.666552,156.498
1783748366.686697,156.488
1783748366.706880,156.488
1783748366.727023,156.488
1783748366.747178,156.488
1783748366.767322,156.488
1783748366.787460,156.683
1783748366.807605,156.683
1783748366.827761,156.683
1783748366.847907,156.683
1783748366.868045,156.683
1783748366.888180,156.464
1783748366.908348,156.464
1783748366.928492,156.464
1783748366.948631,156.464
1783748366.968775,156.591
1783748366.988950,156.591
1783748367.009103,156.591
1783748367.029241,156.591
1783748367.049385,156.591
1783748367.069531,156.646
1783748367.089683,156.646
1783748367.109828,156.646
1783748367.129968,156.646
1783748367.150111,156.646
1783748367.170266,156.495
1783748367.190411,156.495
1783748367.210552,156.495
1783748367.230694,156.495
1783748367.250890,156.495
1783748367.270995,156.726
1783748367.291134,156.726
1783748367.311274,156.726
1783748367.331430,156.726
1783748367.351578,156.726
1783748367.371717,156.794
1783748367.391914,156.794
1783748367.412066,156.794
1783748367.432211,156.794
1783748367.452352,156.794
1783748367.472496,156.904
1783748367.492640,156.904
1783748367.512788,156.904
1783748367.532933,156.904
1783748367.553073,156.904
1783748367.573218,156.790
1783748367.593369,156.790
1783748367.613474,156.790
1783748367.633608,156.790
1783748367.653752,156.790
1783748367.673907,156.722
1783748367.694051,156.722
1783748367.714191,156.722
1783748367.734333,156.722
1783748367.754492,156.722
1783748367.774636,156.890
1783748367.794775,156.890
1783748367.814920,156.890
1783748367.835075,156.890
1783748367.855217,156.890
1783748367.875358,157.010
1783748367.895502,157.010
1783748367.915658,157.010
1783748367.935803,157.010
1783748367.955943,157.010
1783748367.976047,156.878
1783748367.996188,156.878
1783748368.016335,156.878
1783748368.036479,156.878
1783748368.056620,156.878
1783748368.076766,156.941
1783748368.096922,156.941
1783748368.117061,156.941
1783748368.137198,156.941
1783748368.157342,156.941
1783748368.177500,156.863
1783748368.197687,156.863
1783748368.217826,156.863
1783748368.237970,156.863
1783748368.258153,156.863
1783748368.278316,156.917
1783748368.298457,156.917
1783748368.318600,156.917
1783748368.338772,156.917
1783748368.358909,156.917
1783748368.379049,156.870
1783748368.399191,156.870
1783748368.419344,156.870
1783748368.439493,156.870
1783748368.459634,156.870
1783748368.479778,156.523
1783748368.499923,156.523
1783748368.520073,156.523
1783748368.540215,156.523
1783748368.560357,156.523
1783748368.580505,156.658
1783748368.600658,156.658
1783748368.620800,156.658
1783748368.640938,156.658
1783748368.661079,156.658
1783748368.681238,156.677
1783748368.701376,156.677
1783748368.721512,156.677
1783748368.741653,156.677
1783748368.761809,156.677
1783748368.781954,156.444
1783748368.802096,156.444
1783748368.822241,156.444
1783748368.842398,156.444
1783748368.862545,156.444
1783748368.882684,157.055
1783748368.902827,157.055
1783748368.922979,157.055
1783748368.943126,157.055
1783748368.963266,157.055
1783748368.983409,156.910
1783748369.003555,156.910
1783748369.023703,156.910
1783748369.043887,156.910
1783748369.064023,156.910
1783748369.084165,156.948
1783748369.104313,156.948
1783748369.124454,156.948
1783748369.144594,156.948
1783748369.164788,156.948
1783748369.184938,156.976
1783748369.205086,156.976
1783748369.225222,156.976
1783748369.245364,156.976
1783748369.265523,156.976
1783748369.285663,157.104
1783748369.305801,157.104
1783748369.325943,157.104
1783748369.346101,157.104
1783748369.366241,157.104
1783748369.386380,156.963
1783748369.406483,156.963
1783748369.426579,156.963
1783748369.446667,156.963
1783748369.466750,156.963
1783748369.486857,157.242
1783748369.506952,157.242
1783748369.527092,157.242
1783748369.547272,157.242
1783748369.567415,157.242
1783748369.587562,157.190
1783748369.607716,157.190
1783748369.627907,157.190
1783748369.648048,157.190
1783748369.668192,157.190
1783748369.688350,157.114
1783748369.708490,157.114
1783748369.728629,157.114
1783748369.748772,157.114
1783748369.768911,157.114
1783748369.789048,157.262
1783748369.809186,157.262
1783748369.829325,157.262
1783748369.849476,157.262
1783748369.869620,156.828
1783748369.889760,156.828
1783748369.909904,156.828
1783748369.930059,156.828
1783748369.950204,156.828
1783748369.970346,157.043
1783748369.990487,157.043
1783748370.010637,157.043
1783748370.030787,157.043
1783748370.050924,157.043
1783748370.071061,157.026
1783748370.091208,157.026
1783748370.111357,157.026
1783748370.131493,157.026
1783748370.151629,157.026
1783748370.171772,156.655
1783748370.191930,156.655
1783748370.212075,156.655
1783748370.232214,156.655
1783748370.252357,156.655
1783748370.272511,156.618
1783748370.292654,156.618
1783748370.312795,156.618
1783748370.332937,156.618
1783748370.353094,156.618
1783748370.373239,156.458
1783748370.393380,156.458
1783748370.413522,156.458
1783748370.433677,156.458
1783748370.453825,156.458
1783748370.473964,156.539
1783748370.494106,156.539
1783748370.514261,156.539
1783748370.534411,156.539
1783748370.554549,156.539
1783748370.574692,156.333
1783748370.594884,156.333
1783748370.615037,156.333
1783748370.635181,156.333
1783748370.655319,156.333
1783748370.675463,156.307
1783748370.695621,156.307
1783748370.715763,156.307
1783748370.735900,156.307
1783748370.756069,156.307
1783748370.776227,156.293
1783748370.796371,156.293
1783748370.816508,156.293
1783748370.836668,156.293
1783748370.856820,156.293
1783748370.876963,156.327
1783748370.897103,156.327
1783748370.917241,156.327
1783748370.937386,156.327
1783748370.957529,156.327
1783748370.977669,156.404
1783748370.997804,156.404
1783748371.017948,156.404
1783748371.038090,156.404
1783748371.058228,156.404
1783748371.078365,156.387
1783748371.098504,156.387
1783748371.118640,156.387
1783748371.138781,156.387
1783748371.158916,156.387
1783748371.179054,156.537
1783748371.199203,156.537
1783748371.219344,156.537
1783748371.239481,156.537
1783748371.259619,156.537
1783748371.279761,156.725
1783748371.299901,156.725
1783748371.320039,156.725
1783748371.340176,156.725
1783748371.360321,156.725
1783748371.380461,156.947
1783748371.400565,156.947
1783748371.420703,156.947
1783748371.440898,156.947
1783748371.461037,156.947
1783748371.481175,156.700
1783748371.501312,156.700
1783748371.521458,156.700
1783748371.541602,156.700
1783748371.561780,156.700
1783748371.581918,156.897
1783748371.602061,156.897
1783748371.622207,156.897
1783748371.642348,156.897
1783748371.662485,156.897
1783748371.682600,156.917
1783748371.702688,156.917
1783748371.722773,156.917
1783748371.742893,156.917
1783748371.763038,156.917
1783748371.783194,156.920
1783748371.803336,156.920
1783748371.823477,156.920
1783748371.843616,156.920
1783748371.863766,156.920
1783748371.883910,156.885
1783748371.904049,156.885
1783748371.924191,156.885
1783748371.944339,156.885
1783748371.964483,156.885
1783748371.984622,156.853
1783748372.004762,156.853
1783748372.024913,156.853
1783748372.045087,156.853
1783748372.065223,156.853
1783748372.085363,157.169
1783748372.105506,157.169
1783748372.125672,157.169
1783748372.145814,157.169
1783748372.165952,157.169
1783748372.186093,157.381
1783748372.206249,157.381
1783748372.226392,157.381
1783748372.246528,157.381
1783748372.266669,157.381
1783748372.286823,157.057
1783748372.306966,157.057
1783748372.327105,157.057
1783748372.347245,157.057
1783748372.367356,157.057
1783748372.387450,157.382
1783748372.407536,157.382
1783748372.427620,157.382
1783748372.447761,157.382
1783748372.467912,157.382
1783748372.488052,157.207
1783748372.508192,157.207
1783748372.528343,157.207
1783748372.548490,157.207
1783748372.568630,157.207
1783748372.588768,157.352
1783748372.608916,157.352
1783748372.629069,157.352
1783748372.649211,157.352
1783748372.669351,157.352
1783748372.689491,157.213
1783748372.709632,157.213
1783748372.729774,157.213
1783748372.749910,157.213
1783748372.770051,157.213
1783748372.790208,157.200
1783748372.810347,157.200
1783748372.830487,157.200
1783748372.850628,157.200
1783748372.870780,157.203
1783748372.890924,157.203
1783748372.911064,157.203
1783748372.931207,157.203
1783748372.951360,157.203
1783748372.971502,157.166
1783748372.991643,157.166
1783748373.011784,157.166
1783748373.031929,157.166
1783748373.052067,157.166
1783748373.072204,156.946
1783748373.092347,156.946
1783748373.112493,156.946
1783748373.132638,156.946
1783748373.152777,156.946
1783748373.172916,156.875
1783748373.193060,156.875
1783748373.213209,156.875
1783748373.233351,156.875
1783748373.253486,156.875
1783748373.273624,156.721
1783748373.293782,156.721
1783748373.313925,156.721
1783748373.334098,156.721
1783748373.354238,156.721
1783748373.374395,157.845
1783748373.394564,157.845
1783748373.414701,157.845
1783748373.434886,157.845
1783748373.455039,157.845
1783748373.475184,157.645
1783748373.495322,157.645
1783748373.515463,157.645
1783748373.535614,157.645
1783748373.555751,157.645
1783748373.575892,157.667
1783748373.596033,157.667
1783748373.616175,157.667
1783748373.636326,157.667
1783748373.656470,157.667
1783748373.676610,157.805
1783748373.696756,157.805
1783748373.716897,157.805
1783748373.737042,157.805
1783748373.757178,157.805
1783748373.777299,157.858
1783748373.797440,157.858
1783748373.817579,157.858
1783748373.837717,157.858
1783748373.857902,157.858
1783748373.878058,157.576
1783748373.898200,157.576
1783748373.918321,157.576
1783748373.938455,157.576
1783748373.958612,157.576
1783748373.978757,157.612
1783748373.998896,157.612
1783748374.019026,157.612
1783748374.039172,157.612
1783748374.059311,157.612
1783748374.079451,157.657
1783748374.099591,157.657
1783748374.119783,157.657
1783748374.139926,157.657
1783748374.160068,157.657
1783748374.180210,157.584
1783748374.200356,157.584
1783748374.220510,157.584
1783748374.240653,157.584
1783748374.260794,157.584
1783748374.280934,157.556
1783748374.301085,157.556
1783748374.321227,157.556
1783748374.341366,157.556
1783748374.361506,157.556
1783748374.381650,156.588
1783748374.401792,156.588
1783748374.421930,156.588
1783748374.442070,156.588
1783748374.462222,156.588
1783748374.482361,156.607
1783748374.502497,156.607
1783748374.522636,156.607
1783748374.542781,156.607
1783748374.562921,156.607
1783748374.583060,156.675
1783748374.603198,156.675
1783748374.623370,156.675
1783748374.643514,156.675
1783748374.663656,156.675
1783748374.683817,156.615
1783748374.703959,156.615
1783748374.724105,156.615
1783748374.744242,156.615
1783748374.764381,156.615
1783748374.784516,156.381
1783748374.804663,156.381
1783748374.824796,156.381
1783748374.844932,156.381
1783748374.865072,156.381
1783748374.885222,156.569
1783748374.905365,156.569
1783748374.925503,156.569
1783748374.945644,156.569
1783748374.965797,156.569
1783748374.985940,156.646
1783748375.006078,156.646
1783748375.026220,156.646
1783748375.046369,156.646
1783748375.066509,156.646
1783748375.086647,156.635
1783748375.106786,156.635
1783748375.126930,156.635
1783748375.147076,156.635
1783748375.167219,156.635
1783748375.187358,156.765
1783748375.207502,156.765
1783748375.227654,156.765
1783748375.247796,156.765
1783748375.267931,156.765
1783748375.288069,156.672
1783748375.308219,156.672
1783748375.328363,156.672
1783748375.348498,156.672
1783748375.368639,156.672
1783748375.388786,156.734
1783748375.408925,156.734
1783748375.429060,156.734
1783748375.449202,156.734
1783748375.469357,156.734
1783748375.489502,156.716
1783748375.509640,156.716
1783748375.529782,156.716
1783748375.549932,156.716
1783748375.570072,156.716
1783748375.590211,156.800
1783748375.610352,156.800
1783748375.630499,156.800
1783748375.650638,156.800
1783748375.670777,156.800
1783748375.690916,156.900
1783748375.711024,156.900
1783748375.731171,156.900
1783748375.751313,156.900
1783748375.771449,156.959
1783748375.791589,156.959
1783748375.811791,156.959
1783748375.831934,156.959
1783748375.852068,156.959
1783748375.872207,157.025
1783748375.892391,157.025
1783748375.912534,157.025
1783748375.932672,157.025
1783748375.952810,157.025
1783748375.972990,156.746
1783748375.993134,156.746
1783748376.013272,156.746
1783748376.033413,156.746
1783748376.053553,156.746
1783748376.073699,156.897
1783748376.093882,156.897
1783748376.114022,156.897
1783748376.134166,156.897
1783748376.154316,156.897
1783748376.174457,156.577
1783748376.194598,156.577
1783748376.214785,156.577
1783748376.234932,156.577
1783748376.255075,156.577
1783748376.275210,156.561
1783748376.295347,156.561
1783748376.315500,156.561
1783748376.335645,156.561
1783748376.355783,156.561
1783748376.375925,156.260
1783748376.396077,156.260
1783748376.416218,156.260
1783748376.436358,156.260
1783748376.456498,156.260
1783748376.476649,156.606
1783748376.496791,156.606
1783748376.516926,156.606
1783748376.537067,156.606
1783748376.557214,156.606
1783748376.577360,157.225
1783748376.597498,157.225
1783748376.617637,157.225
1783748376.637787,157.225
1783748376.657933,157.225
1783748376.678076,156.960
1783748376.698216,156.960
1783748376.718361,156.960
1783748376.738511,156.960
1783748376.758652,156.960
1783748376.778790,157.089
1783748376.798932,157.089
1783748376.819083,157.089
1783748376.839225,157.089
1783748376.859360,157.089
1783748376.879498,157.122
1783748376.899654,157.122
1783748376.919797,157.122
1783748376.939933,157.122
1783748376.960073,157.122
1783748376.980226,157.165
1783748377.000370,157.165
1783748377.020509,157.165
1783748377.040630,157.165
1783748377.060777,157.165
1783748377.080920,157.216
1783748377.101057,157.216
1783748377.121196,157.216
1783748377.141348,157.216
1783748377.161490,157.216
1783748377.181656,157.212
1783748377.201775,157.212
1783748377.221889,157.212
1783748377.242009,157.212
1783748377.262166,157.212
1783748377.282302,157.076
1783748377.302446,157.076
1783748377.322604,157.076
1783748377.342779,157.076
1783748377.362918,157.076
1783748377.383059,157.188
1783748377.403213,157.188
1783748377.423354,157.188
1783748377.443493,157.188
1783748377.463596,157.188
1783748377.483778,156.985
1783748377.503911,156.985
1783748377.524050,156.985
1783748377.544194,156.985
1783748377.564344,156.985
1783748377.584491,156.520
1783748377.604631,156.520
1783748377.624775,156.520
1783748377.644926,156.520
1783748377.665074,156.520
1783748377.685216,156.576
1783748377.705360,156.576
1783748377.725507,156.576
1783748377.745661,156.576
1783748377.765801,156.576
1783748377.785942,156.490
1783748377.806085,156.490
1783748377.826236,156.490
1783748377.846376,156.490
1783748377.866513,156.490
1783748377.886657,156.454
1783748377.906813,156.454
1783748377.926959,156.454
1783748377.947097,156.454
1783748377.967238,156.454
1783748377.987391,156.489
1783748378.007533,156.489
1783748378.027672,156.489
1783748378.047817,156.489
1783748378.067969,156.489
1783748378.088111,156.498
1783748378.108252,156.498
1783748378.128392,156.498
1783748378.148545,156.498
1783748378.168689,156.498
1783748378.188832,156.437
1783748378.208975,156.437
1783748378.229120,156.437
1783748378.249267,156.437
1783748378.269410,156.437
1783748378.289550,156.514
1783748378.309694,156.514
1783748378.329895,156.514
1783748378.350040,156.514
1783748378.370178,156.514
1783748378.390317,156.375
1783748378.410470,156.375
1783748378.430614,156.375
1783748378.450754,156.375
1783748378.470925,156.375
1783748378.491081,156.705
1783748378.511221,156.705
1783748378.531397,156.705
1783748378.551503,156.705
1783748378.571648,156.705
1783748378.591819,156.538
1783748378.611959,156.538
1783748378.632102,156.538
1783748378.652257,156.538
1783748378.672403,156.666
1783748378.692547,156.666
1783748378.712692,156.666
1783748378.732885,156.666
1783748378.753016,156.666
1783748378.773160,156.746
1783748378.793302,156.746
1783748378.813449,156.746
1783748378.833600,156.746
1783748378.853787,156.746
1783748378.873925,156.566
1783748378.894068,156.566
1783748378.914209,156.566
1783748378.934350,156.566
1783748378.954489,156.566
1783748378.974632,156.744
1783748378.994787,156.744
1783748379.014929,156.744
1783748379.035069,156.744
1783748379.055210,156.744
1783748379.075341,156.766
1783748379.095469,156.766
1783748379.115609,156.766
1783748379.135753,156.766
1783748379.155904,156.766
1783748379.176048,156.274
1783748379.196190,156.274
1783748379.216335,156.274
1783748379.236483,156.274
1783748379.256631,156.274
1783748379.276768,156.358
1783748379.296907,156.358
1783748379.317054,156.358
1783748379.337208,156.358
1783748379.357350,156.358
1783748379.377489,156.354
1783748379.397629,156.354
1783748379.417786,156.354
1783748379.437930,156.354
1783748379.458067,156.354
1783748379.478210,156.234
1783748379.498358,156.234
1783748379.518500,156.234
1783748379.538641,156.234
1783748379.558755,156.234
1783748379.578862,156.212
1783748379.598986,156.212
1783748379.619125,156.212
1783748379.639270,156.212
1783748379.659413,156.212
1783748379.679551,156.206
1783748379.699691,156.206
1783748379.719874,156.206
1783748379.740018,156.206
1783748379.760190,156.206
1783748379.780330,156.316
1783748379.800472,156.316
1783748379.820640,156.316
1783748379.840774,156.316
1783748379.860911,156.316
1783748379.881048,156.534
1783748379.901192,156.534
1783748379.921339,156.534
1783748379.941478,156.534
1783748379.961615,156.534
1783748379.981755,156.280
1783748380.001896,156.280
1783748380.022031,156.280
1783748380.042168,156.280
1783748380.062309,156.280
1783748380.082453,156.346
1783748380.102592,156.346
1783748380.122768,156.346
1783748380.142911,156.346
1783748380.163056,156.346
1783748380.183198,156.548
1783748380.203334,156.548
1783748380.223474,156.548
1783748380.243617,156.548
1783748380.263757,156.548
1783748380.283863,156.666
1783748380.303999,156.666
1783748380.324142,156.666
1783748380.344284,156.666
1783748380.364422,156.666
1783748380.384559,156.768
1783748380.404699,156.768
1783748380.424882,156.768
1783748380.445021,156.768
1783748380.465159,156.768
1783748380.485297,157.123
1783748380.505441,157.123
1783748380.525575,157.123
1783748380.545713,157.123
1783748380.565894,157.123
1783748380.586048,156.993
1783748380.606195,156.993
1783748380.626335,156.993
1783748380.646481,156.993
1783748380.666633,156.993
1783748380.686782,157.377
1783748380.706922,157.377
1783748380.727064,157.377
1783748380.747211,157.377
1783748380.767360,157.377
1783748380.787500,157.106
1783748380.807640,157.106
1783748380.827787,157.106
1783748380.847940,157.106
1783748380.868083,157.106
1783748380.888222,157.339
1783748380.908367,157.339
1783748380.928526,157.339
1783748380.948671,157.339
1783748380.968809,157.339
1783748380.988953,157.318
1783748381.009067,157.318
1783748381.029238,157.318
1783748381.049377,157.318
1783748381.069483,157.318
1783748381.089629,157.397
1783748381.109793,157.397
1783748381.129931,157.397
1783748381.150073,157.397
1783748381.170223,157.397
1783748381.190370,157.487
1783748381.210508,157.487
1783748381.230650,157.487
1783748381.250799,157.487
1783748381.270947,157.487
1783748381.291083,157.466
1783748381.311224,157.466
1783748381.331372,157.466
1783748381.351525,157.466
1783748381.371667,157.466
1783748381.391805,157.678
1783748381.411947,157.678
1783748381.432089,157.678
1783748381.452230,157.678
1783748381.472367,157.678
1783748381.492511,157.490
1783748381.512654,157.490
1783748381.532799,157.490
1783748381.552937,157.490
1783748381.573079,157.437
1783748381.593236,157.437
1783748381.613381,157.437
1783748381.633521,157.437
1783748381.653660,157.437
1783748381.673812,157.510
1783748381.693959,157.510
1783748381.714098,157.510
1783748381.734241,157.510
1783748381.754387,157.510
1783748381.774540,157.423
1783748381.794676,157.423
1783748381.814814,157.423
1783748381.834961,157.423
1783748381.855114,157.423
1783748381.875237,157.641
1783748381.895376,157.641
1783748381.915522,157.641
1783748381.935674,157.641
1783748381.955818,157.641
1783748381.975955,157.617
1783748381.996099,157.617
1783748382.016250,157.617
1783748382.036390,157.617
1783748382.056502,157.617
1783748382.076611,157.455
1783748382.096712,157.455
1783748382.116898,157.455
1783748382.137017,157.455
1783748382.157156,157.455
1783748382.177301,157.530
1783748382.197450,157.530
1783748382.217591,157.530
1783748382.237774,157.530
1783748382.257926,157.530
1783748382.278072,157.620
1783748382.298212,157.620
1783748382.318386,157.620
1783748382.338538,157.620
1783748382.358690,157.620
1783748382.378835,157.257
1783748382.399002,157.257
1783748382.419147,157.257
1783748382.439301,157.257
1783748382.459444,157.257
1783748382.479583,157.570
1783748382.499778,157.570
1783748382.519927,157.570
1783748382.540074,157.570
1783748382.560213,157.570
1783748382.580358,157.466
1783748382.600512,157.466
1783748382.620657,157.466
1783748382.640795,157.466
1783748382.660940,157.466
1783748382.681094,157.354
1783748382.701242,157.354
1783748382.721378,157.354
1783748382.741521,157.354
1783748382.761675,157.354
1783748382.781820,157.535
1783748382.801963,157.535
1783748382.822106,157.535
1783748382.842254,157.535
1783748382.862406,157.535
1783748382.882544,157.257
1783748382.902681,157.257
1783748382.922825,157.257
1783748382.942982,157.257
1783748382.963125,157.257
1783748382.983263,157.235
1783748383.003406,157.235
1783748383.023559,157.235
1783748383.043663,157.235
1783748383.063797,157.235
1783748383.083936,156.897
1783748383.104088,156.897
1783748383.124234,156.897
1783748383.144375,156.897
1783748383.164521,156.897
1783748383.184673,156.767
1783748383.204819,156.767
1783748383.224941,156.767
1783748383.245082,156.767
1783748383.265227,156.767
1783748383.285371,156.701
1783748383.305509,156.701
1783748383.325649,156.701
1783748383.345789,156.701
1783748383.365936,156.701
1783748383.386076,156.781
1783748383.406212,156.781
1783748383.426347,156.781
1783748383.446494,156.781
1783748383.466635,156.781
1783748383.486751,156.495
1783748383.506890,156.495
1783748383.527040,156.495
1783748383.547183,156.495
1783748383.567318,156.495
1783748383.587455,156.916
1783748383.607639,156.916
1783748383.627783,156.916
1783748383.647894,156.916
1783748383.668054,156.916
1783748383.688205,157.006
1783748383.708329,157.006
1783748383.728427,157.006
1783748383.748529,157.006
1783748383.768620,157.006
1783748383.788713,156.935
1783748383.808841,156.935
1783748383.828937,156.935
1783748383.849018,156.935
1783748383.869099,156.935
1783748383.889177,156.929
1783748383.909289,156.929
1783748383.929426,156.929
1783748383.949583,156.929
1783748383.969771,156.929
1783748383.989908,156.841
1783748384.010044,156.841
1783748384.030199,156.841
1783748384.050342,156.841
1783748384.070479,156.841
1783748384.090621,156.888
1783748384.110771,156.888
1783748384.130916,156.888
1783748384.151055,156.888
1783748384.171196,156.888
1783748384.191346,157.038
1783748384.211489,157.038
1783748384.231627,157.038
1783748384.251766,157.038
1783748384.271915,157.038
1783748384.292051,156.996
1783748384.312192,156.996
1783748384.332330,156.996
1783748384.352477,156.996
1783748384.372625,156.996
1783748384.392769,156.927
1783748384.412905,156.927
1783748384.433045,156.927
1783748384.453197,156.927
1783748384.473343,156.927
1783748384.493479,157.077
1783748384.513618,157.077
1783748384.533775,157.077
1783748384.553920,157.077
1783748384.574057,157.214
1783748384.594198,157.214
1783748384.614352,157.214
1783748384.634496,157.214
1783748384.654634,157.214
1783748384.674775,156.841
1783748384.694926,156.841
1783748384.715072,156.841
1783748384.735209,156.841
1783748384.755350,156.841
1783748384.775501,156.738
1783748384.795646,156.738
1783748384.815786,156.738
1783748384.835927,156.738
1783748384.856073,156.738
1783748384.876223,157.228
1783748384.896379,157.228
1783748384.916517,157.228
1783748384.936636,157.228
1783748384.956809,157.228
1783748384.976954,157.136
1783748384.997090,157.136
1783748385.017230,157.136
1783748385.037380,157.136
1783748385.057517,157.136
1783748385.077654,157.324
1783748385.097795,157.324
1783748385.117949,157.324
1783748385.138088,157.324
1783748385.158223,157.324
1783748385.178365,157.339
1783748385.198512,157.339
1783748385.218655,157.339
1783748385.238793,157.339
1783748385.258935,157.339
1783748385.279084,157.229
1783748385.299220,157.229
1783748385.319363,157.229
1783748385.339504,157.229
1783748385.359647,157.229
1783748385.379794,157.324
1783748385.399935,157.324
1783748385.420076,157.324
1783748385.440217,157.324
1783748385.460370,157.324
1783748385.480513,157.101
1783748385.500649,157.101
1783748385.520786,157.101
1783748385.540941,157.101
1783748385.561080,157.101
1783748385.581214,157.041
1783748385.601356,157.041
1783748385.621511,157.041
1783748385.641654,157.041
1783748385.661793,157.041
1783748385.681934,156.945
1783748385.702086,156.945
1783748385.722193,156.945
1783748385.742327,156.945
1783748385.762468,156.945
1783748385.782617,156.941
1783748385.802762,156.941
1783748385.822904,156.941
1783748385.843048,156.941
1783748385.863193,156.941
1783748385.883344,156.810
1783748385.903487,156.810
1783748385.923628,156.810
1783748385.943771,156.810
1783748385.963918,156.810
1783748385.984061,156.636
1783748386.004195,156.636
1783748386.024336,156.636
1783748386.044490,156.636
1783748386.064629,156.636
1783748386.084765,156.501
1783748386.104899,156.501
1783748386.125040,156.501
1783748386.145178,156.501
1783748386.165341,156.501
1783748386.185483,156.600
1783748386.205635,156.600
1783748386.225761,156.600
1783748386.245910,156.600
1783748386.266053,156.600
1783748386.286196,156.643
1783748386.306333,156.643
1783748386.326469,156.643
1783748386.346613,156.643
1783748386.366754,156.643
1783748386.386897,156.807
1783748386.407035,156.807
1783748386.427179,156.807
1783748386.447329,156.807
1783748386.467485,156.807
1783748386.487631,156.808
1783748386.507773,156.808
1783748386.527919,156.808
1783748386.548066,156.808
1783748386.568207,156.808
1783748386.588342,156.705
1783748386.608482,156.705
1783748386.628627,156.705
1783748386.648773,156.705
1783748386.668911,156.705
1783748386.689051,156.928
1783748386.709198,156.928
1783748386.729338,156.928
1783748386.749479,156.928
1783748386.769622,156.928
1783748386.789768,156.671
1783748386.809911,156.671
1783748386.830049,156.671
1783748386.850190,156.671
1783748386.870332,156.671
1783748386.890479,156.758
1783748386.910621,156.758
1783748386.930760,156.758
1783748386.950901,156.758
1783748386.971047,156.758
1783748386.991190,156.910
1783748387.011325,156.910
1783748387.031462,156.910
1783748387.051609,156.910
1783748387.071790,156.910
1783748387.091926,156.835
1783748387.112064,156.835
1783748387.132221,156.835
1783748387.152360,156.835
1783748387.172498,156.835
1783748387.192623,157.123
1783748387.212766,157.123
