sample_idx,unix_t,offset_s,gpu_power_watts
0,1783741101.106721,0.0000,114.246
1,1783741101.1269302,0.0202,114.246
2,1783741101.1470518,0.0403,115.053
3,1783741101.167173,0.0605,115.053
4,1783741101.1872976,0.0806,115.053
5,1783741101.2074363,0.1007,115.053
6,1783741101.2275887,0.1209,115.053
7,1783741101.247778,0.1411,114.927
8,1783741101.267919,0.1612,114.927
9,1783741101.2880673,0.1813,114.927
10,1783741101.3082283,0.2015,114.927
11,1783741101.3283682,0.2216,114.927
12,1783741101.348507,0.2418,115.713
13,1783741101.3686535,0.2619,115.713
14,1783741101.3888075,0.2821,115.713
15,1783741101.4089503,0.3022,115.713
16,1783741101.4290895,0.3224,115.713
17,1783741101.449235,0.3425,116.06
18,1783741101.4693892,0.3627,116.06
19,1783741101.4895337,0.3828,116.06
20,1783741101.5096712,0.4030,116.06
21,1783741101.529817,0.4231,116.06
22,1783741101.5499725,0.4433,116.246
23,1783741101.570119,0.4634,116.246
24,1783741101.590257,0.4835,116.246
25,1783741101.6104026,0.5037,116.246
26,1783741101.6305554,0.5238,116.246
27,1783741101.650703,0.5440,115.535
28,1783741101.6709208,0.5642,115.535
29,1783741101.6910663,0.5843,115.535
30,1783741101.711214,0.6045,115.535
31,1783741101.7313678,0.6246,108.885
32,1783741101.7515059,0.6448,108.885
33,1783741101.7716467,0.6649,108.885
34,1783741101.7917886,0.6851,108.885
35,1783741101.8119493,0.7052,108.885
36,1783741101.832091,0.7254,100.905
37,1783741101.852231,0.7455,100.905
38,1783741101.8723767,0.7657,100.905
39,1783741101.8925338,0.7858,100.905
40,1783741101.9126754,0.8060,100.905
41,1783741101.932815,0.8261,96.33
42,1783741101.9529624,0.8462,96.33
43,1783741101.9731183,0.8664,96.33
44,1783741101.9932868,0.8866,96.33
45,1783741102.0134282,0.9067,96.33
46,1783741102.0335698,0.9268,96.297
47,1783741102.053778,0.9471,96.297
48,1783741102.073924,0.9672,96.297
49,1783741102.0940626,0.9873,96.297
50,1783741102.1142087,1.0075,96.297
51,1783741102.1343637,1.0276,96.256
52,1783741102.154512,1.0478,96.256
53,1783741102.1746514,1.0679,96.256
54,1783741102.1947978,1.0881,96.256
55,1783741102.2149465,1.1082,96.256
56,1783741102.2351031,1.1284,96.256
57,1783741102.2552445,1.1485,96.256
58,1783741102.2753854,1.1687,96.256
59,1783741102.2955315,1.1888,96.256
60,1783741102.3156922,1.2090,96.256
61,1783741102.3358617,1.2291,96.247
62,1783741102.3560028,1.2493,96.247
63,1783741102.3761475,1.2694,96.247
64,1783741102.3963041,1.2896,96.247
65,1783741102.4164467,1.3097,96.247
66,1783741102.436586,1.3299,96.234
67,1783741102.4567802,1.3501,96.234
68,1783741102.476938,1.3702,96.234
69,1783741102.4971113,1.3904,96.234
70,1783741102.5172489,1.4105,96.234
71,1783741102.5373955,1.4307,96.225
72,1783741102.5575497,1.4508,96.225
73,1783741102.5776975,1.4710,96.225
74,1783741102.5978887,1.4912,96.225
75,1783741102.6180353,1.5113,96.225
76,1783741102.6381905,1.5315,96.173
77,1783741102.658334,1.5516,96.173
78,1783741102.6784728,1.5718,96.173
79,1783741102.6986196,1.5919,96.173
80,1783741102.7187684,1.6120,96.173
81,1783741102.7389205,1.6322,93.653
82,1783741102.7590604,1.6523,93.653
83,1783741102.7792027,1.6725,93.653
84,1783741102.7993445,1.6926,93.653
85,1783741102.8195028,1.7128,93.653
86,1783741102.8396451,1.7329,90.487
87,1783741102.8597858,1.7531,90.487
88,1783741102.8799324,1.7732,90.487
89,1783741102.900084,1.7934,90.487
90,1783741102.9202263,1.8135,90.487
91,1783741102.9403641,1.8336,87.346
92,1783741102.960511,1.8538,87.346
93,1783741102.9806714,1.8740,87.346
94,1783741103.000814,1.8941,87.346
95,1783741103.0209537,1.9142,87.346
96,1783741103.0410984,1.9344,84.192
97,1783741103.0612495,1.9545,84.192
98,1783741103.0813959,1.9747,84.192
99,1783741103.101534,1.9948,84.192
100,1783741103.1216812,2.0150,84.192
101,1783741103.1418374,2.0351,81.328
102,1783741103.1619864,2.0553,81.328
103,1783741103.1821265,2.0754,81.328
104,1783741103.2022738,2.0956,81.328
105,1783741103.2224195,2.1157,81.328
106,1783741103.242572,2.1359,77.88
107,1783741103.2627122,2.1560,77.88
108,1783741103.2829282,2.1762,77.88
109,1783741103.303076,2.1964,77.88
110,1783741103.3232186,2.2165,77.88
111,1783741103.3433614,2.2366,74.685
112,1783741103.3635006,2.2568,74.685
113,1783741103.3836424,2.2769,74.685
114,1783741103.4038014,2.2971,74.685
115,1783741103.423941,2.3172,74.685
116,1783741103.444078,2.3374,71.957
117,1783741103.464226,2.3575,71.957
118,1783741103.4843848,2.3777,71.957
119,1783741103.5045273,2.3978,71.957
120,1783741103.524665,2.4179,71.957
121,1783741103.5448117,2.4381,68.296
122,1783741103.564965,2.4582,68.296
123,1783741103.585113,2.4784,68.296
124,1783741103.605251,2.4985,68.296
125,1783741103.6253958,2.5187,68.296
126,1783741103.6455495,2.5388,65.112
127,1783741103.66569,2.5590,65.112
128,1783741103.6858265,2.5791,65.112
129,1783741103.7059758,2.5993,65.112
130,1783741103.7261262,2.6194,65.112
131,1783741103.7462766,2.6396,64.399
132,1783741103.7664158,2.6597,64.399
133,1783741103.78659,2.6799,64.399
134,1783741103.8067799,2.7001,64.399
135,1783741103.8269355,2.7202,64.399
136,1783741103.8470767,2.7404,64.346
137,1783741103.8672178,2.7605,64.346
138,1783741103.8873656,2.7806,64.346
139,1783741103.907527,2.8008,64.346
140,1783741103.9276636,2.8209,64.346
141,1783741103.9478035,2.8411,64.271
142,1783741103.9679456,2.8612,64.271
143,1783741103.9881053,2.8814,64.271
144,1783741104.0082488,2.9015,64.271
145,1783741104.028387,2.9217,64.271
146,1783741104.0485332,2.9418,64.231
147,1783741104.0686882,2.9620,64.231
148,1783741104.0888638,2.9821,64.231
149,1783741104.1090035,3.0023,64.231
150,1783741104.1291504,3.0224,64.231
151,1783741104.1493042,3.0426,64.192
152,1783741104.1694522,3.0627,64.192
153,1783741104.189593,3.0829,64.192
154,1783741104.2097855,3.1031,64.192
155,1783741104.229934,3.1232,64.192
156,1783741104.2500772,3.1434,64.154
157,1783741104.27022,3.1635,64.154
158,1783741104.2903655,3.1836,64.154
159,1783741104.3105145,3.2038,64.154
160,1783741104.3306592,3.2239,64.154
161,1783741104.3508,3.2441,64.154
162,1783741104.3709404,3.2642,64.154
163,1783741104.3910844,3.2844,64.154
164,1783741104.4112291,3.3045,64.154
165,1783741104.431372,3.3247,64.154
166,1783741104.451512,3.3448,64.154
167,1783741104.471659,3.3649,64.154
168,1783741104.491806,3.3851,64.154
169,1783741104.511945,3.4052,64.154
170,1783741104.5320852,3.4254,64.154
171,1783741104.5522323,3.4455,64.155
172,1783741104.5724149,3.4657,64.155
173,1783741104.5925596,3.4858,64.155
174,1783741104.6126983,3.5060,64.155
175,1783741104.632891,3.5262,64.155
176,1783741104.6530418,3.5463,64.155
177,1783741104.6731858,3.5665,64.155
178,1783741104.6933236,3.5866,64.155
179,1783741104.7134712,3.6068,64.155
180,1783741104.7336206,3.6269,64.155
181,1783741104.7537725,3.6471,64.155
182,1783741104.773913,3.6672,64.155
183,1783741104.7940586,3.6873,64.155
184,1783741104.814208,3.7075,64.155
185,1783741104.8343608,3.7276,64.155
186,1783741104.8545024,3.7478,64.155
187,1783741104.8746436,3.7679,64.155
188,1783741104.8947892,3.7881,64.155
189,1783741104.9149458,3.8082,64.155
190,1783741104.9350872,3.8284,64.155
191,1783741104.9552274,3.8485,64.155
192,1783741104.9753704,3.8686,64.155
193,1783741104.9955258,3.8888,64.155
194,1783741105.0156698,3.9089,64.155
195,1783741105.0358074,3.9291,64.155
196,1783741105.0559554,3.9492,64.155
197,1783741105.0761137,3.9694,64.155
198,1783741105.0962608,3.9895,64.155
199,1783741105.1164002,4.0097,64.155
200,1783741105.1365476,4.0298,64.155
201,1783741105.1567051,4.0500,64.155
202,1783741105.1769,4.0702,64.155
203,1783741105.1970356,4.0903,64.155
204,1783741105.2171822,4.1105,64.155
205,1783741105.237333,4.1306,64.156
206,1783741105.2574873,4.1508,64.156
207,1783741105.2776284,4.1709,64.156
208,1783741105.2977736,4.1911,64.156
209,1783741105.317921,4.2112,64.156
210,1783741105.338073,4.2314,64.156
211,1783741105.3582115,4.2515,64.156
212,1783741105.3783534,4.2716,64.156
213,1783741105.398498,4.2918,64.156
214,1783741105.4186478,4.3119,64.156
215,1783741105.4387908,4.3321,64.156
216,1783741105.4589322,4.3522,64.156
217,1783741105.4790769,4.3724,64.156
218,1783741105.499235,4.3925,64.156
219,1783741105.5193775,4.4127,64.156
220,1783741105.5395145,4.4328,64.155
221,1783741105.5596635,4.4529,64.155
222,1783741105.5798206,4.4731,64.155
223,1783741105.5999649,4.4932,64.155
224,1783741105.620103,4.5134,64.155
225,1783741105.6402507,4.5335,64.156
226,1783741105.6603951,4.5537,64.156
227,1783741105.680543,4.5738,64.156
228,1783741105.7006807,4.5940,64.156
229,1783741105.7208257,4.6141,64.156
230,1783741105.7409742,4.6343,64.156
231,1783741105.7611241,4.6544,64.156
232,1783741105.7812629,4.6745,64.156
233,1783741105.8014078,4.6947,64.156
234,1783741105.8215563,4.7148,64.156
235,1783741105.8417125,4.7350,64.155
236,1783741105.861952,4.7552,64.155
237,1783741105.8820908,4.7754,64.155
238,1783741105.902237,4.7955,64.155
239,1783741105.9224012,4.8157,64.155
240,1783741105.9425433,4.8358,64.155
241,1783741105.9626818,4.8560,64.155
242,1783741105.9828253,4.8761,64.155
243,1783741106.0029795,4.8963,64.155
244,1783741106.023124,4.9164,64.155
245,1783741106.04326,4.9365,64.155
246,1783741106.063407,4.9567,64.155
247,1783741106.0835612,4.9768,64.155
248,1783741106.1037068,4.9970,64.155
249,1783741106.1238976,5.0172,64.155
250,1783741106.144042,5.0373,64.155
251,1783741106.164198,5.0575,64.155
252,1783741106.184343,5.0776,64.155
253,1783741106.204482,5.0978,64.155
254,1783741106.2246273,5.1179,64.155
255,1783741106.2447834,5.1381,64.155
256,1783741106.2649305,5.1582,64.155
257,1783741106.2850718,5.1784,64.155
258,1783741106.3052177,5.1985,64.155
259,1783741106.3253589,5.2186,64.155
260,1783741106.3455153,5.2388,64.155
261,1783741106.3656561,5.2589,64.155
262,1783741106.3857968,5.2791,64.155
263,1783741106.4059398,5.2992,64.155
264,1783741106.4260943,5.3194,64.155
265,1783741106.4462366,5.3395,64.155
266,1783741106.4663782,5.3597,64.155
267,1783741106.4865236,5.3798,64.155
268,1783741106.506678,5.4000,64.155
269,1783741106.5268219,5.4201,64.155
270,1783741106.5469615,5.4402,64.155
271,1783741106.5671086,5.4604,64.155
272,1783741106.5872593,5.4805,64.155
273,1783741106.6074002,5.5007,64.155
274,1783741106.627541,5.5208,64.155
275,1783741106.647688,5.5410,64.136
276,1783741106.6678674,5.5611,64.136
277,1783741106.6880133,5.5813,64.136
278,1783741106.7081516,5.6014,64.136
279,1783741106.7282984,5.6216,64.136
280,1783741106.7484527,5.6417,64.136
281,1783741106.7686,5.6619,64.136
282,1783741106.7887864,5.6821,64.136
283,1783741106.8089333,5.7022,64.136
284,1783741106.8290832,5.7224,64.136
285,1783741106.8492382,5.7425,64.135
286,1783741106.8693807,5.7627,64.135
287,1783741106.8895233,5.7828,64.135
288,1783741106.9096692,5.8029,64.135
289,1783741106.9298234,5.8231,64.135
290,1783741106.9499664,5.8432,64.135
291,1783741106.9701076,5.8634,64.135
292,1783741106.9902508,5.8835,64.135
293,1783741107.0104067,5.9037,64.135
294,1783741107.0305448,5.9238,64.135
295,1783741107.050682,5.9440,64.116
296,1783741107.0708265,5.9641,64.116
297,1783741107.0909736,5.9843,64.116
298,1783741107.1111207,6.0044,64.116
299,1783741107.131282,6.0246,64.116
300,1783741107.1514275,6.0447,64.116
301,1783741107.171581,6.0649,64.116
302,1783741107.191773,6.0851,64.116
303,1783741107.211911,6.1052,64.116
304,1783741107.2320557,6.1253,64.116
305,1783741107.2522132,6.1455,64.115
306,1783741107.272362,6.1656,64.115
307,1783741107.2925026,6.1858,64.115
308,1783741107.31265,6.2059,64.115
309,1783741107.3327997,6.2261,64.115
310,1783741107.3529546,6.2462,64.115
311,1783741107.3730977,6.2664,64.115
312,1783741107.3932393,6.2865,64.115
313,1783741107.4133868,6.3067,64.115
314,1783741107.4335449,6.3268,64.115
315,1783741107.4536872,6.3470,64.114
316,1783741107.473828,6.3671,64.114
317,1783741107.4939756,6.3873,64.114
318,1783741107.5141199,6.4074,64.114
319,1783741107.5342615,6.4275,64.104
320,1783741107.554402,6.4477,64.104
321,1783741107.5745475,6.4678,64.104
322,1783741107.5947025,6.4880,64.104
323,1783741107.6148925,6.5082,64.104
324,1783741107.6350574,6.5283,64.114
325,1783741107.655205,6.5485,64.114
326,1783741107.6753554,6.5686,64.114
327,1783741107.6955004,6.5888,64.114
328,1783741107.7156367,6.6089,64.114
329,1783741107.7357843,6.6291,64.114
330,1783741107.7559369,6.6492,64.114
331,1783741107.7760835,6.6694,64.114
332,1783741107.796223,6.6895,64.114
333,1783741107.8163862,6.7097,64.114
334,1783741107.8365347,6.7298,64.114
335,1783741107.856683,6.7500,64.114
336,1783741107.8768206,6.7701,64.114
337,1783741107.89696,6.7902,64.114
338,1783741107.9171095,6.8104,64.114
339,1783741107.9372556,6.8305,64.115
340,1783741107.9573936,6.8507,64.115
341,1783741107.9775298,6.8708,64.115
342,1783741107.9976733,6.8910,64.115
343,1783741108.017815,6.9111,64.115
344,1783741108.0379195,6.9312,64.134
345,1783741108.0580566,6.9513,64.134
346,1783741108.0781665,6.9714,64.134
347,1783741108.0983233,6.9916,64.134
348,1783741108.1184635,7.0117,64.134
349,1783741108.1386006,7.0319,64.134
350,1783741108.158799,7.0521,64.134
351,1783741108.17895,7.0722,64.134
352,1783741108.1990957,7.0924,64.134
353,1783741108.219234,7.1125,64.134
354,1783741108.239378,7.1327,64.135
355,1783741108.2595298,7.1528,64.135
356,1783741108.2796755,7.1730,64.135
357,1783741108.2998145,7.1931,64.135
358,1783741108.3199596,7.2132,64.135
359,1783741108.3401062,7.2334,64.135
360,1783741108.3602593,7.2535,64.135
361,1783741108.3804004,7.2737,64.135
362,1783741108.4005442,7.2938,64.135
363,1783741108.420764,7.3140,64.135
364,1783741108.4409199,7.3342,64.135
365,1783741108.461061,7.3543,64.135
366,1783741108.4811995,7.3745,64.135
367,1783741108.5013473,7.3946,64.135
368,1783741108.5214932,7.4148,64.135
369,1783741108.5416322,7.4349,64.135
370,1783741108.5617704,7.4550,64.135
371,1783741108.5819168,7.4752,64.135
372,1783741108.6020699,7.4953,64.135
373,1783741108.62221,7.5155,64.135
374,1783741108.6423469,7.5356,64.154
375,1783741108.6624923,7.5558,64.154
376,1783741108.6826496,7.5759,64.154
377,1783741108.7027934,7.5961,64.154
378,1783741108.7229276,7.6162,64.154
379,1783741108.7430725,7.6364,64.154
380,1783741108.7632253,7.6565,64.154
381,1783741108.7833717,7.6767,64.154
382,1783741108.8035052,7.6968,64.154
383,1783741108.8236485,7.7169,64.154
384,1783741108.8437946,7.7371,64.154
385,1783741108.863945,7.7572,64.154
386,1783741108.8840816,7.7774,64.154
387,1783741108.904226,7.7975,64.154
388,1783741108.9244008,7.8177,64.154
389,1783741108.944552,7.8378,64.154
390,1783741108.964691,7.8580,64.154
391,1783741108.9848287,7.8781,64.154
392,1783741109.0049694,7.8982,64.154
393,1783741109.025116,7.9184,64.154
394,1783741109.045253,7.9385,64.154
395,1783741109.065389,7.9587,64.154
396,1783741109.085535,7.9788,64.154
397,1783741109.105688,7.9990,64.154
398,1783741109.1258235,8.0191,64.154
399,1783741109.1459575,8.0392,64.153
400,1783741109.1661055,8.0594,64.153
401,1783741109.1862893,8.0796,64.153
402,1783741109.2064316,8.0997,64.153
403,1783741109.2265666,8.1198,64.153
404,1783741109.2467122,8.1400,64.153
405,1783741109.2669115,8.1602,64.153
406,1783741109.2870605,8.1803,64.153
407,1783741109.307195,8.2005,64.153
408,1783741109.3273416,8.2206,64.153
409,1783741109.3474884,8.2408,64.153
410,1783741109.3676405,8.2609,64.153
411,1783741109.387774,8.2811,64.153
412,1783741109.4079213,8.3012,64.153
413,1783741109.4280634,8.3213,64.153
414,1783741109.4482098,8.3415,64.153
415,1783741109.4683483,8.3616,64.153
416,1783741109.4884892,8.3818,64.153
417,1783741109.5086296,8.4019,64.153
418,1783741109.5287764,8.4221,64.153
419,1783741109.54889,8.4422,64.153
420,1783741109.5689895,8.4623,64.153
421,1783741109.5890791,8.4824,64.153
422,1783741109.609185,8.5025,64.153
423,1783741109.6292806,8.5226,64.153
424,1783741109.6493843,8.5427,64.154
425,1783741109.6695223,8.5628,64.154
426,1783741109.6896718,8.5830,64.154
427,1783741109.709892,8.6032,64.154
428,1783741109.730029,8.6233,64.154
429,1783741109.7501752,8.6435,64.154
430,1783741109.7703304,8.6636,64.154
431,1783741109.790478,8.6838,64.154
432,1783741109.8106134,8.7039,64.154
433,1783741109.8307621,8.7240,64.154
434,1783741109.850912,8.7442,64.154
435,1783741109.8710678,8.7643,64.154
436,1783741109.8912058,8.7845,64.154
437,1783741109.9113486,8.8046,64.154
438,1783741109.9314966,8.8248,64.154
439,1783741109.9516487,8.8449,64.154
440,1783741109.971789,8.8651,64.154
441,1783741109.9919283,8.8852,64.154
442,1783741110.0120738,8.9054,64.154
443,1783741110.0322187,8.9255,64.154
444,1783741110.052359,8.9456,64.154
445,1783741110.0724957,8.9658,64.154
446,1783741110.0926402,8.9859,64.154
447,1783741110.1127918,9.0061,64.154
448,1783741110.132931,9.0262,64.154
449,1783741110.1530685,9.0463,64.154
450,1783741110.1732137,9.0665,64.154
451,1783741110.1933608,9.0866,64.154
452,1783741110.213537,9.1068,64.154
453,1783741110.2336736,9.1270,64.154
454,1783741110.2538192,9.1471,64.155
455,1783741110.2739718,9.1673,64.155
456,1783741110.2941186,9.1874,64.155
457,1783741110.3142567,9.2075,64.155
458,1783741110.3343997,9.2277,64.155
459,1783741110.354616,9.2479,64.154
460,1783741110.374767,9.2680,64.154
461,1783741110.394901,9.2882,64.154
462,1783741110.4150417,9.3083,64.154
463,1783741110.4351895,9.3285,64.154
464,1783741110.455343,9.3486,64.154
465,1783741110.475483,9.3688,64.154
466,1783741110.4956214,9.3889,64.154
467,1783741110.5157607,9.4090,64.154
468,1783741110.535919,9.4292,64.154
469,1783741110.5560598,9.4493,64.154
470,1783741110.5761971,9.4695,64.154
471,1783741110.596342,9.4896,64.154
472,1783741110.616497,9.5098,64.154
473,1783741110.6366384,9.5299,64.154
474,1783741110.6567771,9.5501,64.154
475,1783741110.6769185,9.5702,64.154
476,1783741110.6970732,9.5904,64.154
477,1783741110.7172174,9.6105,64.154
478,1783741110.737355,9.6306,64.154
479,1783741110.7575004,9.6508,64.154
480,1783741110.7776518,9.6709,64.154
481,1783741110.797796,9.6911,64.154
482,1783741110.8179305,9.7112,64.154
483,1783741110.8380742,9.7314,64.154
484,1783741110.8582246,9.7515,64.154
485,1783741110.8783755,9.7717,64.154
486,1783741110.8985136,9.7918,64.154
487,1783741110.9186566,9.8119,64.154
488,1783741110.9388056,9.8321,64.154
489,1783741110.958958,9.8522,64.154
490,1783741110.9790978,9.8724,64.154
491,1783741110.9992638,9.8925,64.154
492,1783741111.019409,9.9127,64.154
493,1783741111.0395517,9.9328,64.154
494,1783741111.0596907,9.9530,64.154
495,1783741111.0798562,9.9731,64.154
496,1783741111.1000001,9.9933,64.154
497,1783741111.1201587,10.0134,64.154
498,1783741111.1403022,10.0336,64.154
499,1783741111.1604402,10.0537,64.154
500,1783741111.1805842,10.0739,64.154
501,1783741111.2007902,10.0941,64.154
502,1783741111.2209342,10.1142,64.154
503,1783741111.2410715,10.1344,64.154
504,1783741111.261215,10.1545,64.154
505,1783741111.2813704,10.1746,64.154
506,1783741111.3015172,10.1948,64.154
507,1783741111.3216512,10.2149,64.154
508,1783741111.341797,10.2351,64.154
509,1783741111.3619497,10.2552,64.154
510,1783741111.3820972,10.2754,64.154
511,1783741111.4022331,10.2955,64.154
512,1783741111.4223757,10.3157,64.154
513,1783741111.4425235,10.3358,64.154
514,1783741111.4626732,10.3560,64.154
515,1783741111.4828858,10.3762,64.154
516,1783741111.503025,10.3963,64.154
517,1783741111.5231664,10.4164,64.154
518,1783741111.5433247,10.4366,64.154
519,1783741111.5634632,10.4567,64.154
520,1783741111.5836024,10.4769,64.154
521,1783741111.6037521,10.4970,64.154
522,1783741111.6239033,10.5172,64.154
523,1783741111.644043,10.5373,64.154
524,1783741111.6641772,10.5575,64.154
525,1783741111.684321,10.5776,64.154
526,1783741111.704465,10.5977,64.154
527,1783741111.7246082,10.6179,64.154
528,1783741111.7447507,10.6380,64.154
529,1783741111.7648973,10.6582,64.154
530,1783741111.7850475,10.6783,64.154
531,1783741111.805188,10.6985,64.154
532,1783741111.8253326,10.7186,64.154
533,1783741111.8454764,10.7388,64.155
534,1783741111.8656304,10.7589,64.155
535,1783741111.8857746,10.7791,64.155
536,1783741111.9059095,10.7992,64.155
537,1783741111.9260523,10.8193,64.155
538,1783741111.9461937,10.8395,64.154
539,1783741111.9663465,10.8596,64.154
540,1783741111.986484,10.8798,64.154
541,1783741112.0066266,10.8999,64.154
542,1783741112.0267708,10.9200,64.154
543,1783741112.0469136,10.9402,64.154
544,1783741112.0670514,10.9603,64.154
545,1783741112.08719,10.9805,64.154
546,1783741112.1073337,11.0006,64.154
547,1783741112.1274836,11.0208,64.154
548,1783741112.1476216,11.0409,64.155
549,1783741112.1677592,11.0610,64.155
550,1783741112.187906,11.0812,64.155
551,1783741112.2080605,11.1013,64.155
552,1783741112.228204,11.1215,64.155
553,1783741112.2483397,11.1416,64.155
554,1783741112.2685184,11.1618,64.155
555,1783741112.288674,11.1820,64.155
556,1783741112.308823,11.2021,64.155
557,1783741112.3289585,11.2222,64.155
558,1783741112.3490992,11.2424,64.155
559,1783741112.369253,11.2625,64.155
560,1783741112.3894,11.2827,64.155
561,1783741112.4095364,11.3028,64.155
562,1783741112.4296825,11.3230,64.155
563,1783741112.449829,11.3431,64.155
564,1783741112.4699833,11.3633,64.155
565,1783741112.4901242,11.3834,64.155
566,1783741112.5102668,11.4035,64.155
567,1783741112.5304122,11.4237,64.155
568,1783741112.5505576,11.4438,64.156
569,1783741112.5706966,11.4640,64.156
570,1783741112.5908804,11.4842,64.156
571,1783741112.6110263,11.5043,64.156
572,1783741112.6311824,11.5245,64.156
573,1783741112.6513247,11.5446,64.156
574,1783741112.6714642,11.5647,64.156
575,1783741112.6916087,11.5849,64.156
576,1783741112.7117646,11.6050,64.156
577,1783741112.7319055,11.6252,64.156
578,1783741112.752046,11.6453,64.155
579,1783741112.772221,11.6655,64.155
580,1783741112.7923777,11.6857,64.155
581,1783741112.8125193,11.7058,64.155
582,1783741112.832656,11.7259,64.155
583,1783741112.8528032,11.7461,64.155
584,1783741112.872958,11.7662,64.155
585,1783741112.8931031,11.7864,64.155
586,1783741112.9132435,11.8065,64.155
587,1783741112.9333894,11.8267,64.155
588,1783741112.953536,11.8468,64.155
589,1783741112.9736903,11.8670,64.155
590,1783741112.9938624,11.8871,64.155
591,1783741113.0140076,11.9073,64.155
592,1783741113.0341532,11.9274,64.155
593,1783741113.0543053,11.9476,64.155
594,1783741113.074445,11.9677,64.155
595,1783741113.0945816,11.9879,64.155
596,1783741113.114772,12.0081,64.155
597,1783741113.1349242,12.0282,64.155
598,1783741113.1550672,12.0483,64.155
599,1783741113.1752074,12.0685,64.155
600,1783741113.195352,12.0886,64.155
601,1783741113.2155087,12.1088,64.155
602,1783741113.2356508,12.1289,64.155
603,1783741113.2557893,12.1491,64.155
604,1783741113.2759364,12.1692,64.155
605,1783741113.296089,12.1894,64.155
606,1783741113.3162365,12.2095,64.155
607,1783741113.3363724,12.2297,64.155
608,1783741113.356519,12.2498,64.154
609,1783741113.3766735,12.2700,64.154
610,1783741113.3968139,12.2901,64.154
611,1783741113.4169483,12.3102,64.154
612,1783741113.4370947,12.3304,64.154
613,1783741113.4572442,12.3505,64.154
614,1783741113.4773953,12.3707,64.154
615,1783741113.4975386,12.3908,64.154
616,1783741113.5176823,12.4110,64.154
617,1783741113.5378323,12.4311,64.154
618,1783741113.5580163,12.4513,64.154
619,1783741113.5781555,12.4714,64.154
620,1783741113.5982964,12.4916,64.154
621,1783741113.618442,12.5117,64.154
622,1783741113.6386015,12.5319,64.154
623,1783741113.658795,12.5521,64.154
624,1783741113.6789331,12.5722,64.154
625,1783741113.6990774,12.5924,64.154
626,1783741113.7192345,12.6125,64.154
627,1783741113.7393787,12.6327,64.154
628,1783741113.7595184,12.6528,64.154
629,1783741113.7796655,12.6729,64.154
630,1783741113.7998233,12.6931,64.154
631,1783741113.8199651,12.7132,64.154
632,1783741113.8401039,12.7334,64.154
633,1783741113.8602517,12.7535,64.154
634,1783741113.8804033,12.7737,64.154
635,1783741113.900551,12.7938,64.154
636,1783741113.9206884,12.8140,64.154
637,1783741113.9408665,12.8341,64.155
638,1783741113.9610155,12.8543,64.155
639,1783741113.9811668,12.8744,64.155
640,1783741114.0013044,12.8946,64.155
641,1783741114.0214496,12.9147,64.155
642,1783741114.0415983,12.9349,64.155
643,1783741114.0617795,12.9551,64.155
644,1783741114.0819213,12.9752,64.155
645,1783741114.102063,12.9953,64.155
646,1783741114.1222074,13.0155,64.155
647,1783741114.142362,13.0356,64.155
648,1783741114.1625037,13.0558,64.155
649,1783741114.1826432,13.0759,64.155
650,1783741114.2027876,13.0961,64.155
651,1783741114.2229452,13.1162,64.155
652,1783741114.2430873,13.1364,64.154
653,1783741114.263228,13.1565,64.154
654,1783741114.283376,13.1767,64.154
655,1783741114.303531,13.1968,64.154
656,1783741114.3236766,13.2170,64.154
657,1783741114.343814,13.2371,64.154
658,1783741114.3639596,13.2572,64.154
659,1783741114.384113,13.2774,64.154
660,1783741114.4042547,13.2975,64.154
661,1783741114.4243917,13.3177,64.154
662,1783741114.4445388,13.3378,64.154
663,1783741114.4646873,13.3580,64.154
664,1783741114.484874,13.3782,64.154
665,1783741114.5050151,13.3983,64.154
666,1783741114.5251575,13.4184,64.154
667,1783741114.5453043,13.4386,64.154
668,1783741114.5654569,13.4587,64.154
669,1783741114.585598,13.4789,64.154
670,1783741114.6057825,13.4991,64.154
671,1783741114.6259258,13.5192,64.154
672,1783741114.6460848,13.5394,64.154
673,1783741114.66623,13.5595,64.154
674,1783741114.6863692,13.5796,64.154
675,1783741114.7065148,13.5998,64.154
676,1783741114.7266724,13.6200,64.154
677,1783741114.7468133,13.6401,64.154
678,1783741114.7669504,13.6602,64.154
679,1783741114.787097,13.6804,64.154
680,1783741114.8072383,13.7005,64.154
681,1783741114.8273842,13.7207,64.154
682,1783741114.8475518,13.7408,64.154
683,1783741114.867699,13.7610,64.154
684,1783741114.887907,13.7812,64.154
685,1783741114.908051,13.8013,64.154
686,1783741114.9281855,13.8215,64.154
687,1783741114.9483316,13.8416,64.154
688,1783741114.9684842,13.8618,64.154
689,1783741114.9886355,13.8819,64.154
690,1783741115.0087752,13.9021,64.154
691,1783741115.0289197,13.9222,64.154
692,1783741115.0490675,13.9423,64.154
693,1783741115.0692222,13.9625,64.154
694,1783741115.0893588,13.9826,64.154
695,1783741115.109499,14.0028,64.154
696,1783741115.1296418,14.0229,64.154
697,1783741115.1497967,14.0431,64.154
698,1783741115.1699395,14.0632,64.154
699,1783741115.1900783,14.0834,64.154
700,1783741115.210222,14.1035,64.154
701,1783741115.2303755,14.1237,64.154
702,1783741115.2505205,14.1438,64.154
703,1783741115.2706604,14.1639,64.154
704,1783741115.2908063,14.1841,64.154
705,1783741115.3109639,14.2042,64.154
706,1783741115.3311074,14.2244,64.154
707,1783741115.3512735,14.2446,64.155
708,1783741115.3714206,14.2647,64.155
709,1783741115.3915765,14.2849,64.155
710,1783741115.4117186,14.3050,64.155
711,1783741115.4318988,14.3252,64.155
712,1783741115.4520464,14.3453,64.155
713,1783741115.4722023,14.3655,64.155
714,1783741115.492352,14.3856,64.155
715,1783741115.5124934,14.4058,64.155
716,1783741115.5326395,14.4259,64.155
717,1783741115.5527885,14.4461,64.155
718,1783741115.572944,14.4662,64.155
719,1783741115.5930812,14.4864,64.155
720,1783741115.6132228,14.5065,64.155
721,1783741115.6333663,14.5266,64.155
722,1783741115.6535273,14.5468,64.155
723,1783741115.6736646,14.5669,64.155
724,1783741115.6938052,14.5871,64.155
725,1783741115.7139492,14.6072,64.155
726,1783741115.734106,14.6274,64.155
727,1783741115.754251,14.6475,64.155
728,1783741115.7743914,14.6677,64.155
729,1783741115.7945392,14.6878,64.155
730,1783741115.81469,14.7080,64.155
731,1783741115.834863,14.7281,64.155
732,1783741115.8550007,14.7483,64.155
733,1783741115.875148,14.7684,64.155
734,1783741115.895305,14.7886,64.155
735,1783741115.9154546,14.8087,64.155
736,1783741115.9355907,14.8289,64.155
737,1783741115.9557793,14.8491,64.155
738,1783741115.9759357,14.8692,64.155
739,1783741115.9960818,14.8894,64.155
740,1783741116.016222,14.9095,64.155
741,1783741116.0363684,14.9296,64.155
742,1783741116.0565174,14.9498,64.155
743,1783741116.0766723,14.9700,64.155
744,1783741116.096813,14.9901,64.155
745,1783741116.116954,15.0102,64.155
746,1783741116.1371274,15.0304,64.155
747,1783741116.1572802,15.0506,64.155
748,1783741116.1774209,15.0707,64.155
749,1783741116.1975617,15.0908,64.155
750,1783741116.2177057,15.1110,64.155
751,1783741116.2379138,15.1312,64.155
752,1783741116.2580566,15.1513,64.155
753,1783741116.2781978,15.1715,64.155
754,1783741116.2983437,15.1916,64.155
755,1783741116.3185005,15.2118,64.155
756,1783741116.33864,15.2319,64.155
757,1783741116.358778,15.2521,64.155
758,1783741116.3789263,15.2722,64.155
759,1783741116.3990767,15.2924,64.155
760,1783741116.4192197,15.3125,64.155
761,1783741116.4393582,15.3326,64.154
762,1783741116.459504,15.3528,64.154
763,1783741116.479659,15.3729,64.154
764,1783741116.4998071,15.3931,64.154
765,1783741116.519946,15.4132,64.154
766,1783741116.540093,15.4334,64.144
767,1783741116.5602417,15.4535,64.144
768,1783741116.5803971,15.4737,64.144
769,1783741116.6005378,15.4938,64.144
770,1783741116.620709,15.5140,64.144
771,1783741116.640916,15.5342,64.144
772,1783741116.6610732,15.5544,64.144
773,1783741116.6812131,15.5745,64.144
774,1783741116.701353,15.5946,64.144
775,1783741116.721498,15.6148,64.144
776,1783741116.7416568,15.6349,64.145
777,1783741116.7617977,15.6551,64.145
778,1783741116.7819374,15.6752,64.145
779,1783741116.8020823,15.6954,64.145
780,1783741116.822238,15.7155,64.145
781,1783741116.8423865,15.7357,64.144
782,1783741116.8625278,15.7558,64.144
783,1783741116.8826737,15.7760,64.144
784,1783741116.902831,15.7961,64.144
785,1783741116.9229794,15.8163,64.144
786,1783741116.9431155,15.8364,64.144
787,1783741116.963263,15.8565,64.144
788,1783741116.9834168,15.8767,64.144
789,1783741117.003561,15.8968,64.144
790,1783741117.023702,15.9170,64.144
791,1783741117.0438988,15.9372,64.144
792,1783741117.0640502,15.9573,64.144
793,1783741117.0842023,15.9775,64.144
794,1783741117.104343,15.9976,64.144
795,1783741117.1244879,16.0178,64.144
796,1783741117.1446366,16.0379,64.144
797,1783741117.1647935,16.0581,64.144
798,1783741117.1849325,16.0782,64.144
799,1783741117.2050722,16.0984,64.144
800,1783741117.2252185,16.1185,64.144
801,1783741117.2453792,16.1387,64.144
802,1783741117.2655175,16.1588,64.144
803,1783741117.285662,16.1789,64.144
804,1783741117.3057919,16.1991,64.144
805,1783741117.3259416,16.2192,64.144
806,1783741117.3460836,16.2394,64.144
807,1783741117.3662233,16.2595,64.144
808,1783741117.3863285,16.2796,64.144
809,1783741117.4064813,16.2998,64.144
810,1783741117.4266179,16.3199,64.144
811,1783741117.4467576,16.3400,64.144
812,1783741117.466905,16.3602,64.144
813,1783741117.4870577,16.3803,64.144
814,1783741117.507207,16.4005,64.144
815,1783741117.5273416,16.4206,64.144
816,1783741117.5474846,16.4408,64.154
817,1783741117.5676346,16.4609,64.154
818,1783741117.5877912,16.4811,64.154
819,1783741117.6079369,16.5012,64.154
820,1783741117.6280813,16.5214,64.154
821,1783741117.6482282,16.5415,64.144
822,1783741117.6683853,16.5617,64.144
823,1783741117.6885257,16.5818,64.144
824,1783741117.7086656,16.6019,64.144
825,1783741117.7288141,16.6221,64.144
826,1783741117.748974,16.6423,64.133
827,1783741117.769118,16.6624,64.133
828,1783741117.7892554,16.6825,64.133
829,1783741117.8094037,16.7027,64.133
830,1783741117.8295631,16.7228,64.133
831,1783741117.8497057,16.7430,64.134
832,1783741117.869888,16.7632,64.134
833,1783741117.8900318,16.7833,64.134
834,1783741117.9102168,16.8035,64.134
835,1783741117.9303625,16.8236,64.134
836,1783741117.9504983,16.8438,64.133
837,1783741117.9706466,16.8639,64.133
838,1783741117.9907994,16.8841,64.133
839,1783741118.0109503,16.9042,64.133
840,1783741118.0310879,16.9244,64.133
841,1783741118.0512311,16.9445,64.134
842,1783741118.0713823,16.9647,64.134
843,1783741118.0915365,16.9848,64.134
844,1783741118.1116776,17.0050,64.134
845,1783741118.1318202,17.0251,64.134
846,1783741118.15197,17.0452,64.123
847,1783741118.172126,17.0654,64.123
848,1783741118.1922665,17.0855,64.123
849,1783741118.2124076,17.1057,64.123
850,1783741118.232554,17.1258,64.123
851,1783741118.252705,17.1460,64.114
852,1783741118.2728953,17.1662,64.114
853,1783741118.293034,17.1863,64.114
854,1783741118.3131785,17.2065,64.114
855,1783741118.3333323,17.2266,64.114
856,1783741118.3534744,17.2468,64.114
857,1783741118.3736162,17.2669,64.114
858,1783741118.393763,17.2870,64.114
859,1783741118.4139113,17.3072,64.114
860,1783741118.4340546,17.3273,64.114
861,1783741118.4542215,17.3475,64.113
862,1783741118.4743645,17.3676,64.113
863,1783741118.4945056,17.3878,64.113
864,1783741118.5146496,17.4079,64.113
865,1783741118.5347848,17.4281,64.113
866,1783741118.554932,17.4482,64.114
867,1783741118.5750823,17.4684,64.114
868,1783741118.595235,17.4885,64.114
869,1783741118.615377,17.5087,64.114
870,1783741118.6355226,17.5288,64.114
871,1783741118.655671,17.5489,64.123
872,1783741118.6758146,17.5691,64.123
873,1783741118.6959836,17.5893,64.123
874,1783741118.7161222,17.6094,64.123
875,1783741118.7362676,17.6295,64.123
876,1783741118.7564275,17.6497,64.134
877,1783741118.7765713,17.6699,64.134
878,1783741118.796712,17.6900,64.134
879,1783741118.8169029,17.7102,64.134
880,1783741118.837061,17.7303,64.134
881,1783741118.8572042,17.7505,64.134
882,1783741118.8773448,17.7706,64.134
883,1783741118.8974922,17.7908,64.134
884,1783741118.9176502,17.8109,64.134
885,1783741118.9377952,17.8311,64.134
886,1783741118.9579349,17.8512,64.134
887,1783741118.9780793,17.8714,64.134
888,1783741118.99823,17.8915,64.134
889,1783741119.0183764,17.9117,64.134
890,1783741119.0385146,17.9318,64.134
891,1783741119.0586612,17.9519,64.134
892,1783741119.0788105,17.9721,64.134
893,1783741119.0989616,17.9922,64.134
894,1783741119.1191015,18.0124,64.134
895,1783741119.1392498,18.0325,64.135
896,1783741119.1593986,18.0527,64.135
897,1783741119.1795504,18.0728,64.135
898,1783741119.1996927,18.0930,64.135
899,1783741119.2197697,18.1130,64.135
900,1783741119.2398849,18.1332,64.154
901,1783741119.2599976,18.1533,64.154
902,1783741119.2800992,18.1734,64.154
903,1783741119.300221,18.1935,64.154
904,1783741119.320368,18.2136,64.154
905,1783741119.3405123,18.2338,64.154
906,1783741119.3606544,18.2539,64.154
907,1783741119.380793,18.2741,64.154
908,1783741119.4009354,18.2942,64.154
909,1783741119.4210901,18.3144,64.154
910,1783741119.441233,18.3345,64.153
911,1783741119.4613733,18.3547,64.153
912,1783741119.4815187,18.3748,64.153
913,1783741119.5016727,18.3950,64.153
914,1783741119.5218227,18.4151,64.153
915,1783741119.5419583,18.4352,64.153
916,1783741119.5621037,18.4554,64.153
917,1783741119.5822582,18.4755,64.153
918,1783741119.6024115,18.4957,64.153
919,1783741119.6225214,18.5158,64.153
920,1783741119.6426668,18.5359,64.153
921,1783741119.6628125,18.5561,64.153
922,1783741119.682958,18.5762,64.153
923,1783741119.7030993,18.5964,64.153
924,1783741119.7232406,18.6165,64.153
925,1783741119.743387,18.6367,64.113
926,1783741119.763544,18.6568,64.113
927,1783741119.7836845,18.6770,64.113
928,1783741119.8038259,18.6971,64.113
929,1783741119.823968,18.7172,64.113
930,1783741119.8441243,18.7374,64.066
931,1783741119.8642678,18.7575,64.066
932,1783741119.8844068,18.7777,64.066
933,1783741119.9045532,18.7978,64.066
934,1783741119.924706,18.8180,64.066
935,1783741119.9449031,18.8382,64.035
936,1783741119.9650424,18.8583,64.035
937,1783741119.9852214,18.8785,64.035
938,1783741120.0053747,18.8987,64.035
939,1783741120.02552,18.9188,64.035
940,1783741120.0456579,18.9389,64.035
941,1783741120.0658038,18.9591,64.035
942,1783741120.0859587,18.9792,64.035
943,1783741120.1061075,18.9994,64.035
944,1783741120.1262424,19.0195,64.035
945,1783741120.146389,19.0397,64.037
946,1783741120.1665385,19.0598,64.037
947,1783741120.1866937,19.0800,64.037
948,1783741120.2068863,19.1002,64.037
949,1783741120.2270267,19.1203,64.037
950,1783741120.2471406,19.1404,64.025
951,1783741120.2673013,19.1606,64.025
952,1783741120.2874448,19.1807,64.025
953,1783741120.307584,19.2009,64.025
954,1783741120.3277795,19.2211,64.025
955,1783741120.3479276,19.2412,63.989
956,1783741120.3680692,19.2613,63.989
957,1783741120.38821,19.2815,63.989
958,1783741120.4083538,19.3016,63.989
959,1783741120.4285066,19.3218,63.989
960,1783741120.4486501,19.3419,63.942
961,1783741120.4687896,19.3621,63.942
962,1783741120.4889693,19.3822,63.942
963,1783741120.509122,19.4024,63.942
964,1783741120.5292642,19.4225,63.942
965,1783741120.5493999,19.4427,63.898
966,1783741120.5695457,19.4628,63.898
967,1783741120.5896997,19.4830,63.898
968,1783741120.6098895,19.5032,63.898
969,1783741120.6300309,19.5233,63.898
970,1783741120.650177,19.5435,63.894
971,1783741120.6703255,19.5636,63.894
972,1783741120.6904721,19.5838,63.894
973,1783741120.7106159,19.6039,63.894
974,1783741120.730759,19.6240,63.894
975,1783741120.7509012,19.6442,63.928
976,1783741120.771061,19.6643,63.928
977,1783741120.7912054,19.6845,63.928
978,1783741120.811345,19.7046,63.928
979,1783741120.8314905,19.7248,63.928
980,1783741120.8516443,19.7449,63.972
981,1783741120.8717878,19.7651,63.972
982,1783741120.891926,19.7852,63.972
983,1783741120.9120748,19.8054,63.972
984,1783741120.932235,19.8255,63.972
985,1783741120.9523728,19.8457,64.01
986,1783741120.9725127,19.8658,64.01
987,1783741120.99266,19.8859,64.01
988,1783741121.0128136,19.9061,64.01
989,1783741121.0329585,19.9262,64.01
990,1783741121.0530944,19.9464,64.01
991,1783741121.0732408,19.9665,64.01
992,1783741121.0933933,19.9867,64.01
993,1783741121.1135385,20.0068,64.01
994,1783741121.1336756,20.0270,64.01
995,1783741121.1538234,20.0471,64.007
996,1783741121.1739724,20.0673,64.007
997,1783741121.194124,20.0874,64.007
998,1783741121.2142644,20.1075,64.007
999,1783741121.2344067,20.1277,64.007
1000,1783741121.2545536,20.1478,64.017
1001,1783741121.2747772,20.1681,64.017
1002,1783741121.2949197,20.1882,64.017
1003,1783741121.3150587,20.2083,64.017
1004,1783741121.3352044,20.2285,64.017
1005,1783741121.355358,20.2486,64.055
1006,1783741121.3755002,20.2688,64.055
1007,1783741121.39564,20.2889,64.055
1008,1783741121.4157817,20.3091,64.055
1009,1783741121.4359298,20.3292,64.055
1010,1783741121.4560711,20.3494,64.104
1011,1783741121.47621,20.3695,64.104
1012,1783741121.496357,20.3896,64.104
1013,1783741121.516513,20.4098,64.104
1014,1783741121.536654,20.4299,64.104
1015,1783741121.556789,20.4501,64.143
1016,1783741121.5769343,20.4702,64.143
1017,1783741121.5970852,20.4904,64.143
1018,1783741121.6172338,20.5105,64.143
1019,1783741121.63737,20.5306,64.143
1020,1783741121.657518,20.5508,64.152
1021,1783741121.677666,20.5709,64.152
1022,1783741121.6978192,20.5911,64.152
1023,1783741121.71796,20.6112,64.152
1024,1783741121.7381039,20.6314,64.152
1025,1783741121.7582788,20.6516,64.152
1026,1783741121.7784374,20.6717,64.152
1027,1783741121.7985766,20.6919,64.152
1028,1783741121.818715,20.7120,64.152
1029,1783741121.8389404,20.7322,64.152
1030,1783741121.8590953,20.7524,64.142
1031,1783741121.8792374,20.7725,64.142
1032,1783741121.899376,20.7927,64.142
1033,1783741121.919522,20.8128,64.142
1034,1783741121.9396825,20.8330,64.142
1035,1783741121.959826,20.8531,64.141
1036,1783741121.9799654,20.8732,64.141
1037,1783741122.0001135,20.8934,64.141
1038,1783741122.0202668,20.9135,64.141
1039,1783741122.04041,20.9337,64.141
1040,1783741122.060547,20.9538,64.141
1041,1783741122.0806923,20.9740,64.141
1042,1783741122.1008887,20.9942,64.141
1043,1783741122.1210296,21.0143,64.141
1044,1783741122.1411638,21.0344,64.121
1045,1783741122.16131,21.0546,64.121
1046,1783741122.1814547,21.0747,64.121
1047,1783741122.2016022,21.0949,64.121
1048,1783741122.2217908,21.1151,64.121
1049,1783741122.241936,21.1352,64.112
1050,1783741122.2620842,21.1554,64.112
1051,1783741122.2822359,21.1755,64.112
1052,1783741122.3023758,21.1957,64.112
1053,1783741122.3225152,21.2158,64.112
1054,1783741122.3426573,21.2359,64.083
1055,1783741122.3628116,21.2561,64.083
1056,1783741122.3829546,21.2762,64.083
1057,1783741122.4030933,21.2964,64.083
1058,1783741122.4232357,21.3165,64.083
1059,1783741122.44338,21.3367,64.084
1060,1783741122.4635193,21.3568,64.084
1061,1783741122.4836593,21.3769,64.084
1062,1783741122.5038037,21.3971,64.084
1063,1783741122.5239606,21.4172,64.084
1064,1783741122.5441287,21.4374,64.084
1065,1783741122.5642645,21.4575,64.084
1066,1783741122.5844114,21.4777,64.084
1067,1783741122.604565,21.4978,64.084
1068,1783741122.624716,21.5180,64.084
1069,1783741122.6448948,21.5382,64.073
1070,1783741122.6650422,21.5583,64.073
1071,1783741122.6851873,21.5785,64.073
1072,1783741122.7053404,21.5986,64.073
1073,1783741122.7254784,21.6188,64.073
1074,1783741122.745622,21.6389,64.075
1075,1783741122.7657726,21.6591,64.075
1076,1783741122.78593,21.6792,64.075
1077,1783741122.806071,21.6994,64.075
1078,1783741122.82621,21.7195,64.075
1079,1783741122.846352,21.7396,64.064
1080,1783741122.8665123,21.7598,64.064
1081,1783741122.8866563,21.7799,64.064
1082,1783741122.906795,21.8001,64.064
1083,1783741122.9269385,21.8202,64.064
1084,1783741122.9470842,21.8404,64.054
1085,1783741122.9672263,21.8605,64.054
1086,1783741122.9873683,21.8806,64.054
1087,1783741123.0075145,21.9008,64.054
1088,1783741123.0276718,21.9210,64.054
1089,1783741123.047895,21.9412,64.047
1090,1783741123.0680332,21.9613,64.047
1091,1783741123.0881774,21.9815,64.047
1092,1783741123.1083305,22.0016,64.047
1093,1783741123.1284716,22.0218,64.047
1094,1783741123.1486032,22.0419,64.066
1095,1783741123.1687543,22.0620,64.066
1096,1783741123.1889048,22.0822,64.066
1097,1783741123.2090557,22.1023,64.066
1098,1783741123.2291973,22.1225,64.066
1099,1783741123.2493417,22.1426,64.055
1100,1783741123.2694876,22.1628,64.055
1101,1783741123.2896402,22.1829,64.055
1102,1783741123.3097816,22.2031,64.055
1103,1783741123.3299198,22.2232,64.055
1104,1783741123.3500624,22.2433,64.074
1105,1783741123.3702211,22.2635,64.074
1106,1783741123.3903635,22.2836,64.074
1107,1783741123.4105022,22.3038,64.074
1108,1783741123.4306483,22.3239,64.074
1109,1783741123.4507997,22.3441,64.075
1110,1783741123.4709396,22.3642,64.075
1111,1783741123.491079,22.3844,64.075
1112,1783741123.5112257,22.4045,64.075
1113,1783741123.5313685,22.4246,64.075
1114,1783741123.551511,22.4448,64.054
1115,1783741123.57165,22.4649,64.054
1116,1783741123.591795,22.4851,64.054
1117,1783741123.6119509,22.5052,64.054
1118,1783741123.6321013,22.5254,64.054
1119,1783741123.652236,22.5455,64.047
1120,1783741123.672378,22.5657,64.047
1121,1783741123.692528,22.5858,64.047
1122,1783741123.7126734,22.6060,64.047
1123,1783741123.73281,22.6261,64.047
1124,1783741123.7529562,22.6462,64.054
1125,1783741123.7731044,22.6664,64.054
1126,1783741123.793261,22.6865,64.054
1127,1783741123.8134015,22.7067,64.054
1128,1783741123.8335705,22.7268,64.054
1129,1783741123.8537173,22.7470,64.066
1130,1783741123.8739264,22.7672,64.066
1131,1783741123.8940682,22.7873,64.066
1132,1783741123.9142077,22.8075,64.066
1133,1783741123.9343534,22.8276,64.066
1134,1783741123.95451,22.8478,64.066
1135,1783741123.9746249,22.8679,64.066
1136,1783741123.9947658,22.8880,64.066
1137,1783741124.0149112,22.9082,64.066
1138,1783741124.0350707,22.9283,64.066
1139,1783741124.0551727,22.9485,64.074
1140,1783741124.075264,22.9685,64.074
1141,1783741124.0953789,22.9887,64.074
1142,1783741124.1155279,23.0088,64.074
1143,1783741124.1356668,23.0289,64.074
1144,1783741124.1558018,23.0491,64.074
1145,1783741124.1759474,23.0692,64.074
1146,1783741124.1960976,23.0894,64.074
1147,1783741124.21626,23.1095,64.074
1148,1783741124.2364132,23.1297,64.074
1149,1783741124.2565591,23.1498,64.064
1150,1783741124.276709,23.1700,64.064
1151,1783741124.2969115,23.1902,64.064
1152,1783741124.3170493,23.2103,64.064
1153,1783741124.3372204,23.2305,64.064
1154,1783741124.3573632,23.2506,64.066
1155,1783741124.377521,23.2708,64.066
1156,1783741124.3976626,23.2909,64.066
1157,1783741124.417801,23.3111,64.066
1158,1783741124.4379478,23.3312,64.066
1159,1783741124.4581337,23.3514,64.057
1160,1783741124.4782734,23.3716,64.057
1161,1783741124.49841,23.3917,64.057
1162,1783741124.5185575,23.4118,64.057
1163,1783741124.5387056,23.4320,64.057
1164,1783741124.5588946,23.4522,64.076
1165,1783741124.5790336,23.4723,64.076
1166,1783741124.5991817,23.4925,64.076
1167,1783741124.6193342,23.5126,64.076
1168,1783741124.6394818,23.5328,64.076
1169,1783741124.6596198,23.5529,64.066
1170,1783741124.6797674,23.5730,64.066
1171,1783741124.699919,23.5932,64.066
1172,1783741124.7200654,23.6133,64.066
1173,1783741124.7402039,23.6335,64.066
1174,1783741124.7603486,23.6536,64.057
1175,1783741124.780498,23.6738,64.057
1176,1783741124.8006513,23.6939,64.057
1177,1783741124.820787,23.7141,64.057
1178,1783741124.8409247,23.7342,64.057
1179,1783741124.8610706,23.7543,64.025
1180,1783741124.8812284,23.7745,64.025
1181,1783741124.9013703,23.7946,64.025
1182,1783741124.9215088,23.8148,64.025
1183,1783741124.941654,23.8349,64.034
1184,1783741124.961805,23.8551,64.034
1185,1783741124.9819438,23.8752,64.034
1186,1783741125.0020874,23.8954,64.034
1187,1783741125.0222325,23.9155,64.034
1188,1783741125.0423865,23.9357,64.036
1189,1783741125.062529,23.9558,64.036
1190,1783741125.082667,23.9759,64.036
1191,1783741125.1028116,23.9961,64.036
1192,1783741125.1229904,24.0163,64.036
1193,1783741125.1431336,24.0364,64.025
1194,1783741125.163271,24.0566,64.025
1195,1783741125.1834214,24.0767,64.025
1196,1783741125.2035732,24.0969,64.025
1197,1783741125.22372,24.1170,64.025
1198,1783741125.2439044,24.1372,64.037
1199,1783741125.2640507,24.1573,64.037
1200,1783741125.2841992,24.1775,64.037
1201,1783741125.3043542,24.1976,64.037
1202,1783741125.3244934,24.2178,64.037
1203,1783741125.3446333,24.2379,64.054
1204,1783741125.364779,24.2581,64.054
1205,1783741125.384932,24.2782,64.054
1206,1783741125.4050684,24.2983,64.054
1207,1783741125.4252064,24.3185,64.054
1208,1783741125.4453545,24.3386,64.064
1209,1783741125.4655077,24.3588,64.064
1210,1783741125.4856458,24.3789,64.064
1211,1783741125.505786,24.3991,64.064
1212,1783741125.5259235,24.4192,64.064
1213,1783741125.546062,24.4393,64.044
1214,1783741125.5662022,24.4595,64.044
1215,1783741125.5863402,24.4796,64.044
1216,1783741125.6064856,24.4998,64.044
1217,1783741125.6266618,24.5199,64.044
1218,1783741125.6467922,24.5401,64.044
1219,1783741125.6669085,24.5602,64.044
1220,1783741125.6870196,24.5803,64.044
1221,1783741125.7071147,24.6004,64.044
1222,1783741125.7272317,24.6205,64.044
1223,1783741125.7473688,24.6406,64.044
1224,1783741125.7675238,24.6608,64.044
1225,1783741125.7876606,24.6809,64.044
1226,1783741125.8078063,24.7011,64.044
1227,1783741125.8279452,24.7212,64.044
1228,1783741125.8480856,24.7414,64.075
1229,1783741125.86823,24.7615,64.075
1230,1783741125.8883846,24.7817,64.075
1231,1783741125.908528,24.8018,64.075
1232,1783741125.9286668,24.8219,64.075
1233,1783741125.9488137,24.8421,64.066
1234,1783741125.9689703,24.8622,64.066
1235,1783741125.9891076,24.8824,64.066
1236,1783741126.0092468,24.9025,64.066
1237,1783741126.0293906,24.9227,64.066
1238,1783741126.049536,24.9428,64.075
1239,1783741126.0696776,24.9630,64.075
1240,1783741126.0898159,24.9831,64.075
1241,1783741126.1099615,25.0032,64.075
1242,1783741126.1301134,25.0234,64.075
1243,1783741126.150258,25.0435,64.066
1244,1783741126.1703959,25.0637,64.066
1245,1783741126.190543,25.0838,64.066
1246,1783741126.2106946,25.1040,64.066
1247,1783741126.2308834,25.1242,64.066
1248,1783741126.251022,25.1443,64.076
1249,1783741126.2711668,25.1644,64.076
1250,1783741126.291312,25.1846,64.076
1251,1783741126.3114648,25.2047,64.076
1252,1783741126.3316045,25.2249,64.076
1253,1783741126.3517792,25.2451,64.075
1254,1783741126.3719265,25.2652,64.075
1255,1783741126.3920805,25.2854,64.075
1256,1783741126.4122462,25.3055,64.075
1257,1783741126.4323843,25.3257,64.075
1258,1783741126.4525297,25.3458,64.076
1259,1783741126.472688,25.3660,64.076
1260,1783741126.4928303,25.3861,64.076
1261,1783741126.5129678,25.4062,64.076
1262,1783741126.5331113,25.4264,64.076
1263,1783741126.5532653,25.4465,64.095
1264,1783741126.5734072,25.4667,64.095
1265,1783741126.5935454,25.4868,64.095
1266,1783741126.6136916,25.5070,64.095
1267,1783741126.633886,25.5272,64.095
1268,1783741126.6540306,25.5473,64.066
1269,1783741126.6741688,25.5674,64.066
1270,1783741126.6943135,25.5876,64.066
1271,1783741126.7144668,25.6077,64.066
1272,1783741126.7346132,25.6279,64.066
1273,1783741126.754753,25.6480,64.086
1274,1783741126.7748997,25.6682,64.086
1275,1783741126.7950463,25.6883,64.086
1276,1783741126.8151975,25.7085,64.086
1277,1783741126.8353345,25.7286,64.086
1278,1783741126.8554766,25.7488,64.055
1279,1783741126.8756251,25.7689,64.055
1280,1783741126.8958032,25.7891,64.055
1281,1783741126.9159443,25.8092,64.055
1282,1783741126.9360824,25.8294,64.055
1283,1783741126.9562278,25.8495,64.038
1284,1783741126.9763782,25.8697,64.038
1285,1783741126.9965177,25.8898,64.038
1286,1783741127.0166566,25.9099,64.038
1287,1783741127.0368035,25.9301,64.038
1288,1783741127.0569448,25.9502,64.035
1289,1783741127.0770864,25.9704,64.035
1290,1783741127.0972219,25.9905,64.035
1291,1783741127.1173685,26.0106,64.035
1292,1783741127.1375227,26.0308,64.035
1293,1783741127.1576657,26.0509,64.026
1294,1783741127.1778023,26.0711,64.026
1295,1783741127.1979485,26.0912,64.026
1296,1783741127.2180996,26.1114,64.026
1297,1783741127.2382467,26.1315,64.026
1298,1783741127.2583833,26.1517,64.038
1299,1783741127.2785263,26.1718,64.038
1300,1783741127.2986746,26.1920,64.038
1301,1783741127.3188245,26.2121,64.038
1302,1783741127.3389647,26.2322,64.038
1303,1783741127.3591082,26.2524,64.028
1304,1783741127.3792531,26.2725,64.028
1305,1783741127.399405,26.2927,64.028
1306,1783741127.4195416,26.3128,64.028
1307,1783741127.43968,26.3330,64.028
1308,1783741127.4598265,26.3531,63.997
1309,1783741127.4799836,26.3733,63.997
1310,1783741127.5001235,26.3934,63.997
1311,1783741127.5202608,26.4135,63.997
1312,1783741127.5404024,26.4337,63.997
1313,1783741127.5605543,26.4538,63.967
1314,1783741127.580694,26.4740,63.967
1315,1783741127.6008806,26.4942,63.967
1316,1783741127.6210284,26.5143,63.967
1317,1783741127.6411805,26.5345,63.967
1318,1783741127.661296,26.5546,63.987
1319,1783741127.6814582,26.5747,63.987
1320,1783741127.7016044,26.5949,63.987
1321,1783741127.7217581,26.6150,63.987
1322,1783741127.741907,26.6352,63.987
1323,1783741127.762044,26.6553,63.978
1324,1783741127.78219,26.6755,63.978
1325,1783741127.8023388,26.6956,63.978
1326,1783741127.822478,26.7158,63.978
1327,1783741127.8426166,26.7359,63.991
1328,1783741127.8627608,26.7560,63.991
1329,1783741127.8829086,26.7762,63.991
1330,1783741127.9030643,26.7963,63.991
1331,1783741127.9232047,26.8165,63.991
1332,1783741127.9433434,26.8366,63.978
1333,1783741127.9634867,26.8568,63.978
1334,1783741127.9836428,26.8769,63.978
1335,1783741128.0037847,26.8971,63.978
1336,1783741128.0239222,26.9172,63.978
1337,1783741128.0440662,26.9373,63.953
1338,1783741128.064215,26.9575,63.953
1339,1783741128.0843554,26.9776,63.953
1340,1783741128.1044948,26.9978,63.953
1341,1783741128.124641,27.0179,63.953
1342,1783741128.1447916,27.0381,63.929
1343,1783741128.1649354,27.0582,63.929
1344,1783741128.1850982,27.0784,63.929
1345,1783741128.205242,27.0985,63.929
1346,1783741128.2253895,27.1187,63.929
1347,1783741128.2455347,27.1388,63.923
1348,1783741128.265671,27.1590,63.923
1349,1783741128.285817,27.1791,63.923
1350,1783741128.305964,27.1992,63.923
1351,1783741128.3261125,27.2194,63.923
1352,1783741128.3462515,27.2395,63.914
1353,1783741128.3663943,27.2597,63.914
1354,1783741128.3865416,27.2798,63.914
1355,1783741128.4066913,27.3000,63.914
1356,1783741128.4268594,27.3201,63.914
1357,1783741128.4469974,27.3403,63.929
1358,1783741128.4671426,27.3604,63.929
1359,1783741128.4872954,27.3806,63.929
1360,1783741128.5074377,27.4007,63.929
1361,1783741128.5275753,27.4209,63.929
1362,1783741128.5477161,27.4410,63.939
1363,1783741128.567921,27.4612,63.939
1364,1783741128.5880628,27.4813,63.939
1365,1783741128.6082015,27.5015,63.939
1366,1783741128.6283476,27.5216,63.939
1367,1783741128.648503,27.5418,63.942
1368,1783741128.6686466,27.5619,63.942
1369,1783741128.6887796,27.5821,63.942
1370,1783741128.708925,27.6022,63.942
1371,1783741128.7290785,27.6224,63.942
1372,1783741128.7492235,27.6425,63.932
1373,1783741128.7693608,27.6626,63.932
1374,1783741128.789505,27.6828,63.932
1375,1783741128.8096538,27.7029,63.932
1376,1783741128.8297958,27.7231,63.932
1377,1783741128.8499348,27.7432,63.908
1378,1783741128.8700793,27.7634,63.908
1379,1783741128.8902268,27.7835,63.908
1380,1783741128.9103792,27.8037,63.908
1381,1783741128.93052,27.8238,63.908
1382,1783741128.9506583,27.8439,63.922
1383,1783741128.9708333,27.8641,63.922
1384,1783741128.9909875,27.8843,63.922
1385,1783741129.0111294,27.9044,63.922
1386,1783741129.0312665,27.9245,63.922
1387,1783741129.051411,27.9447,63.951
1388,1783741129.071565,27.9648,63.951
1389,1783741129.0917075,27.9850,63.951
1390,1783741129.1118932,28.0052,63.951
1391,1783741129.132039,28.0253,63.951
1392,1783741129.1521945,28.0455,63.986
1393,1783741129.1723344,28.0656,63.986
1394,1783741129.1924732,28.0858,63.986
1395,1783741129.2126176,28.1059,63.986
1396,1783741129.2327712,28.1261,63.986
1397,1783741129.2529166,28.1462,63.977
1398,1783741129.273053,28.1663,63.977
1399,1783741129.293198,28.1865,63.977
1400,1783741129.3133514,28.2066,63.977
1401,1783741129.3334985,28.2268,63.977
1402,1783741129.353632,28.2469,63.99
1403,1783741129.373774,28.2671,63.99
1404,1783741129.3939202,28.2872,63.99
1405,1783741129.4140885,28.3074,63.99
1406,1783741129.434227,28.3275,63.99
1407,1783741129.4543655,28.3476,63.98
1408,1783741129.474534,28.3678,63.98
1409,1783741129.494691,28.3880,63.98
1410,1783741129.514862,28.4081,63.98
1411,1783741129.5349984,28.4283,63.98
1412,1783741129.5551424,28.4484,63.987
1413,1783741129.5753012,28.4686,63.987
1414,1783741129.5954442,28.4887,63.987
1415,1783741129.6155813,28.5089,63.987
1416,1783741129.6357753,28.5291,63.987
1417,1783741129.6559298,28.5492,63.977
1418,1783741129.6760721,28.5694,63.977
1419,1783741129.6962073,28.5895,63.977
1420,1783741129.7163517,28.6096,63.977
1421,1783741129.7365072,28.6298,63.977
1422,1783741129.7566533,28.6499,63.981
1423,1783741129.7767897,28.6701,63.981
1424,1783741129.7969353,28.6902,63.981
1425,1783741129.8170857,28.7104,63.981
1426,1783741129.8372262,28.7305,63.981
1427,1783741129.8573656,28.7506,64.017
1428,1783741129.8775086,28.7708,64.017
1429,1783741129.897653,28.7909,64.017
1430,1783741129.9178069,28.8111,64.017
1431,1783741129.9379456,28.8312,64.017
1432,1783741129.958083,28.8514,64.007
1433,1783741129.9782288,28.8715,64.007
1434,1783741129.998382,28.8917,64.007
1435,1783741130.0185218,28.9118,64.007
1436,1783741130.03866,28.9319,64.007
1437,1783741130.0588017,28.9521,63.957
1438,1783741130.0789597,28.9722,63.957
1439,1783741130.0991004,28.9924,63.957
1440,1783741130.1192389,29.0125,63.957
1441,1783741130.1393816,29.0327,63.957
1442,1783741130.1595383,29.0528,63.961
1443,1783741130.179681,29.0730,63.961
1444,1783741130.1998162,29.0931,63.961
1445,1783741130.2199593,29.1132,63.961
1446,1783741130.2401142,29.1334,63.961
1447,1783741130.260287,29.1536,63.957
1448,1783741130.2804234,29.1737,63.957
1449,1783741130.3005683,29.1938,63.957
1450,1783741130.320721,29.2140,63.957
1451,1783741130.3409078,29.2342,63.957
1452,1783741130.3610427,29.2543,63.947
1453,1783741130.381188,29.2745,63.947
1454,1783741130.4013348,29.2946,63.947
1455,1783741130.4214766,29.3148,63.947
1456,1783741130.4416137,29.3349,63.947
1457,1783741130.4617553,29.3550,63.936
1458,1783741130.4819005,29.3752,63.936
1459,1783741130.5020564,29.3953,63.936
1460,1783741130.5221958,29.4155,63.936
1461,1783741130.542333,29.4356,63.936
1462,1783741130.5624793,29.4558,63.926
1463,1783741130.5826364,29.4759,63.926
1464,1783741130.6027517,29.4960,63.926
1465,1783741130.62289,29.5162,63.926
1466,1783741130.6430354,29.5363,63.926
1467,1783741130.663192,29.5565,63.916
1468,1783741130.6833348,29.5766,63.916
1469,1783741130.7034702,29.5967,63.916
1470,1783741130.723615,29.6169,63.916
1471,1783741130.7437713,29.6371,63.897
1472,1783741130.763946,29.6572,63.897
1473,1783741130.784083,29.6774,63.897
1474,1783741130.804229,29.6975,63.897
1475,1783741130.82437,29.7176,63.897
1476,1783741130.8445175,29.7378,63.902
1477,1783741130.8646567,29.7579,63.902
1478,1783741130.8848016,29.7781,63.902
1479,1783741130.9049516,29.7982,63.902
1480,1783741130.925098,29.8184,63.902
1481,1783741130.9452386,29.8385,63.912
1482,1783741130.9653802,29.8587,63.912
1483,1783741130.9855285,29.8788,63.912
1484,1783741131.005685,29.8990,63.912
1485,1783741131.0258243,29.9191,63.912
1486,1783741131.0459623,29.9392,63.941
1487,1783741131.0661058,29.9594,63.941
1488,1783741131.0862603,29.9795,63.941
1489,1783741131.1064005,29.9997,63.941
1490,1783741131.1265383,30.0198,63.941
1491,1783741131.1466844,30.0400,63.922
1492,1783741131.166841,30.0601,63.922
1493,1783741131.1869826,30.0803,63.922
1494,1783741131.2071187,30.1004,63.922
1495,1783741131.2272642,30.1205,63.922
1496,1783741131.2474174,30.1407,63.908
1497,1783741131.267563,30.1608,63.908
1498,1783741131.2876966,30.1810,63.908
1499,1783741131.3078897,30.2012,63.908
1500,1783741131.3280423,30.2213,63.908
1501,1783741131.3481903,30.2415,63.913
1502,1783741131.3683262,30.2616,63.913
1503,1783741131.38847,30.2817,63.913
1504,1783741131.4086177,30.3019,63.913
1505,1783741131.4287655,30.3220,63.913
1506,1783741131.4489043,30.3422,63.923
1507,1783741131.4690466,30.3623,63.923
1508,1783741131.48919,30.3825,63.923
1509,1783741131.5093439,30.4026,63.923
1510,1783741131.5294843,30.4228,63.923
1511,1783741131.5496495,30.4429,63.932
1512,1783741131.5697954,30.4631,63.932
1513,1783741131.5899496,30.4832,63.932
1514,1783741131.610088,30.5034,63.932
1515,1783741131.630224,30.5235,63.932
1516,1783741131.6503668,30.5436,63.932
1517,1783741131.6705155,30.5638,63.932
1518,1783741131.6906521,30.5839,63.932
1519,1783741131.710789,30.6041,63.932
1520,1783741131.730936,30.6242,63.932
1521,1783741131.7510903,30.6444,63.922
1522,1783741131.771235,30.6645,63.922
1523,1783741131.7913718,30.6847,63.922
1524,1783741131.8115144,30.7048,63.922
1525,1783741131.8316612,30.7249,63.922
1526,1783741131.851809,30.7451,63.893
1527,1783741131.8719485,30.7652,63.893
1528,1783741131.8920937,30.7854,63.893
1529,1783741131.9122424,30.8055,63.893
1530,1783741131.9323957,30.8257,63.893
1531,1783741131.952537,30.8458,63.898
1532,1783741131.97268,30.8660,63.898
1533,1783741131.9928267,30.8861,63.898
1534,1783741132.0129817,30.9063,63.898
1535,1783741132.0331461,30.9264,63.898
1536,1783741132.0532846,30.9466,63.903
1537,1783741132.0734317,30.9667,63.903
1538,1783741132.0935755,30.9869,63.903
1539,1783741132.1137118,31.0070,63.903
1540,1783741132.1338925,31.0272,63.903
1541,1783741132.1539989,31.0473,63.898
1542,1783741132.1741352,31.0674,63.898
1543,1783741132.1942685,31.0875,63.898
1544,1783741132.2144053,31.1077,63.898
1545,1783741132.2345521,31.1278,63.898
1546,1783741132.2547066,31.1480,63.912
1547,1783741132.2749023,31.1682,63.912
1548,1783741132.2950392,31.1883,63.912
1549,1783741132.315185,31.2085,63.912
1550,1783741132.3353345,31.2286,63.912
1551,1783741132.3554766,31.2488,63.912
1552,1783741132.3756127,31.2689,63.912
1553,1783741132.395758,31.2890,63.912
1554,1783741132.415901,31.3092,63.912
1555,1783741132.436053,31.3293,63.912
1556,1783741132.4561934,31.3495,63.892
1557,1783741132.4763358,31.3696,63.892
1558,1783741132.4964814,31.3898,63.892
1559,1783741132.5166254,31.4099,63.892
1560,1783741132.5367718,31.4301,63.892
1561,1783741132.556911,31.4502,63.888
1562,1783741132.5770564,31.4703,63.888
1563,1783741132.597211,31.4905,63.888
1564,1783741132.617353,31.5106,63.888
1565,1783741132.6374905,31.5308,63.888
1566,1783741132.657636,31.5509,63.878
1567,1783741132.677785,31.5711,63.878
1568,1783741132.6979244,31.5912,63.878
1569,1783741132.7180593,31.6113,63.878
1570,1783741132.7382042,31.6315,63.878
1571,1783741132.758362,31.6516,63.907
1572,1783741132.7785056,31.6718,63.907
1573,1783741132.7986414,31.6919,63.907
1574,1783741132.8188193,31.7121,63.907
1575,1783741132.838969,31.7322,63.907
1576,1783741132.8591173,31.7524,63.927
1577,1783741132.8792515,31.7725,63.927
1578,1783741132.8993962,31.7927,63.927
1579,1783741132.9195433,31.8128,63.927
1580,1783741132.939683,31.8330,63.927
1581,1783741132.9598212,31.8531,63.921
1582,1783741132.979964,31.8732,63.921
1583,1783741133.0001101,31.8934,63.921
1584,1783741133.0202634,31.9135,63.921
1585,1783741133.0404015,31.9337,63.921
1586,1783741133.0605407,31.9538,63.883
1587,1783741133.0806823,31.9740,63.883
1588,1783741133.1008377,31.9941,63.883
1589,1783741133.120977,32.0143,63.883
1590,1783741133.1411119,32.0344,63.883
1591,1783741133.1612551,32.0545,63.916
1592,1783741133.181413,32.0747,63.916
1593,1783741133.2015536,32.0948,63.916
1594,1783741133.2216916,32.1150,63.916
1595,1783741133.2418826,32.1352,63.916
1596,1783741133.262039,32.1553,63.916
1597,1783741133.282182,32.1755,63.916
1598,1783741133.3023155,32.1956,63.916
1599,1783741133.3224826,32.2158,63.916
1600,1783741133.3426337,32.2359,63.916
1601,1783741133.3627753,32.2561,63.917
1602,1783741133.3829103,32.2762,63.917
1603,1783741133.4030528,32.2963,63.917
1604,1783741133.4232004,32.3165,63.917
1605,1783741133.443351,32.3366,63.917
1606,1783741133.4634855,32.3568,63.912
1607,1783741133.4836273,32.3769,63.912
1608,1783741133.5037732,32.3971,63.912
1609,1783741133.5239267,32.4172,63.912
1610,1783741133.5440612,32.4373,63.912
1611,1783741133.5641987,32.4575,63.902
1612,1783741133.5843425,32.4776,63.902
1613,1783741133.6045005,32.4978,63.902
1614,1783741133.6246407,32.5179,63.902
1615,1783741133.6447775,32.5381,63.941
1616,1783741133.664921,32.5582,63.941
1617,1783741133.6850727,32.5784,63.941
1618,1783741133.7052143,32.5985,63.941
1619,1783741133.7253487,32.6186,63.941
1620,1783741133.7454937,32.6388,63.917
1621,1783741133.7656493,32.6589,63.917
1622,1783741133.7857926,32.6791,63.917
1623,1783741133.8059313,32.6992,63.917
1624,1783741133.826078,32.7194,63.917
1625,1783741133.8462343,32.7395,63.893
1626,1783741133.8663814,32.7597,63.893
1627,1783741133.8865166,32.7798,63.893
1628,1783741133.9066596,32.7999,63.893
1629,1783741133.926805,32.8201,63.893
1630,1783741133.9469485,32.8402,63.893
1631,1783741133.967087,32.8604,63.893
1632,1783741133.9872305,32.8805,63.893
1633,1783741134.0073793,32.9007,63.893
1634,1783741134.027534,32.9208,63.893
1635,1783741134.0476744,32.9410,63.927
1636,1783741134.067813,32.9611,63.927
1637,1783741134.0879557,32.9812,63.927
1638,1783741134.1081395,33.0014,63.927
1639,1783741134.128282,33.0216,63.927
1640,1783741134.1484191,33.0417,63.904
1641,1783741134.168565,33.0618,63.904
1642,1783741134.1887658,33.0820,63.904
1643,1783741134.2089083,33.1022,63.904
1644,1783741134.229046,33.1223,63.904
1645,1783741134.2491925,33.1425,63.899
1646,1783741134.269348,33.1626,63.899
1647,1783741134.2894928,33.1828,63.899
1648,1783741134.3096304,33.2029,63.899
1649,1783741134.3297758,33.2231,63.899
1650,1783741134.3499265,33.2432,63.903
1651,1783741134.3700655,33.2633,63.903
1652,1783741134.390204,33.2835,63.903
1653,1783741134.4103498,33.3036,63.903
1654,1783741134.430503,33.3238,63.903
1655,1783741134.450647,33.3439,63.898
1656,1783741134.4707866,33.3641,63.898
1657,1783741134.49093,33.3842,63.898
1658,1783741134.5110781,33.4044,63.898
1659,1783741134.5312278,33.4245,63.898
1660,1783741134.5513642,33.4446,63.908
1661,1783741134.5715017,33.4648,63.908
1662,1783741134.591646,33.4849,63.908
1663,1783741134.61183,33.5051,63.908
1664,1783741134.631971,33.5252,63.908
1665,1783741134.6521094,33.5454,63.879
1666,1783741134.6722553,33.5655,63.879
1667,1783741134.6923974,33.5857,63.879
1668,1783741134.7125387,33.6058,63.879
1669,1783741134.7326772,33.6260,63.879
1670,1783741134.7528222,33.6461,63.888
1671,1783741134.7729785,33.6663,63.888
1672,1783741134.7931223,33.6864,63.888
1673,1783741134.8132575,33.7065,63.888
1674,1783741134.8333983,33.7267,63.888
1675,1783741134.853553,33.7468,63.898
1676,1783741134.873701,33.7670,63.898
1677,1783741134.893884,33.7872,63.898
1678,1783741134.9140277,33.8073,63.898
1679,1783741134.9341805,33.8275,63.898
1680,1783741134.9543254,33.8476,63.903
1681,1783741134.97446,33.8677,63.903
1682,1783741134.9946043,33.8879,63.903
1683,1783741135.0147576,33.9080,63.903
1684,1783741135.0349004,33.9282,63.903
1685,1783741135.0550375,33.9483,63.893
1686,1783741135.0751772,33.9685,63.893
1687,1783741135.0953243,33.9886,63.893
1688,1783741135.1154776,34.0088,63.893
1689,1783741135.1356175,34.0289,63.893
1690,1783741135.1557565,34.0490,63.893
1691,1783741135.1759014,34.0692,63.893
1692,1783741135.1960485,34.0893,63.893
1693,1783741135.2161858,34.1095,63.893
1694,1783741135.236324,34.1296,63.893
1695,1783741135.2564704,34.1497,63.874
1696,1783741135.276628,34.1699,63.874
1697,1783741135.2967703,34.1900,63.874
1698,1783741135.3169055,34.2102,63.874
1699,1783741135.3370526,34.2303,63.874
1700,1783741135.3571966,34.2505,63.864
1701,1783741135.3773422,34.2706,63.864
1702,1783741135.3975053,34.2908,63.864
1703,1783741135.4176478,34.3109,63.864
1704,1783741135.4378014,34.3311,63.864
1705,1783741135.4579477,34.3512,63.868
1706,1783741135.4780817,34.3714,63.868
1707,1783741135.4982271,34.3915,63.868
1708,1783741135.5183718,34.4117,63.868
1709,1783741135.5385187,34.4318,63.868
1710,1783741135.5586567,34.4519,63.854
1711,1783741135.578797,34.4721,63.854
1712,1783741135.5989404,34.4922,63.854
1713,1783741135.6190968,34.5124,63.854
1714,1783741135.6392379,34.5325,63.854
1715,1783741135.659375,34.5527,63.844
1716,1783741135.6795197,34.5728,63.844
1717,1783741135.6996667,34.5929,63.844
1718,1783741135.7198038,34.6131,63.844
1719,1783741135.7399426,34.6332,63.844
1720,1783741135.760088,34.6534,63.844
1721,1783741135.7802458,34.6735,63.844
1722,1783741135.8003893,34.6937,63.844
1723,1783741135.8205268,34.7138,63.844
1724,1783741135.840672,34.7340,63.844
1725,1783741135.8608272,34.7541,63.845
1726,1783741135.8809707,34.7742,63.845
1727,1783741135.9011552,34.7944,63.845
1728,1783741135.9213023,34.8146,63.845
1729,1783741135.9414558,34.8347,63.845
1730,1783741135.9616034,34.8549,63.845
1731,1783741135.9817834,34.8751,63.845
1732,1783741136.0019295,34.8952,63.845
1733,1783741136.0220785,34.9154,63.845
1734,1783741136.0422263,34.9355,63.845
1735,1783741136.0623631,34.9556,63.835
1736,1783741136.0825057,34.9758,63.835
1737,1783741136.1026547,34.9959,63.835
1738,1783741136.1228108,35.0161,63.835
1739,1783741136.142952,35.0362,63.835
1740,1783741136.16309,35.0564,63.809
1741,1783741136.1832356,35.0765,63.809
1742,1783741136.2033846,35.0967,63.809
1743,1783741136.223524,35.1168,63.809
1744,1783741136.243662,35.1369,63.809
1745,1783741136.263806,35.1571,63.809
1746,1783741136.2839615,35.1772,63.809
1747,1783741136.304103,35.1974,63.809
1748,1783741136.3242404,35.2175,63.809
1749,1783741136.3443828,35.2377,63.809
1750,1783741136.3645332,35.2578,63.8
1751,1783741136.3846757,35.2780,63.8
1752,1783741136.404814,35.2981,63.8
1753,1783741136.4249604,35.3182,63.8
1754,1783741136.4451075,35.3384,63.8
1755,1783741136.4652534,35.3585,63.778
1756,1783741136.4853923,35.3787,63.778
1757,1783741136.5055392,35.3988,63.778
1758,1783741136.5256884,35.4190,63.778
1759,1783741136.545867,35.4391,63.771
1760,1783741136.5660024,35.4593,63.771
1761,1783741136.5861416,35.4794,63.771
1762,1783741136.6062882,35.4996,63.771
1763,1783741136.6264405,35.5197,63.771
1764,1783741136.6465788,35.5399,63.778
1765,1783741136.6667173,35.5600,63.778
1766,1783741136.6869352,35.5802,63.778
1767,1783741136.7070863,35.6004,63.778
1768,1783741136.7272248,35.6205,63.778
1769,1783741136.7473612,35.6406,63.778
1770,1783741136.767508,35.6608,63.778
1771,1783741136.7876225,35.6809,63.778
1772,1783741136.8077648,35.7010,63.778
1773,1783741136.8278544,35.7211,63.778
1774,1783741136.8479967,35.7413,63.76
1775,1783741136.8681428,35.7614,63.76
1776,1783741136.8882878,35.7816,63.76
1777,1783741136.9084246,35.8017,63.76
1778,1783741136.9285705,35.8218,63.76
1779,1783741136.9487188,35.8420,63.78
1780,1783741136.9689102,35.8622,63.78
1781,1783741136.9890451,35.8823,63.78
1782,1783741137.009189,35.9025,63.78
1783,1783741137.029332,35.9226,63.78
1784,1783741137.0494719,35.9428,63.78
1785,1783741137.0696084,35.9629,63.78
1786,1783741137.0897548,35.9830,63.78
1787,1783741137.1099057,36.0032,63.78
1788,1783741137.1300557,36.0233,63.78
1789,1783741137.1502254,36.0435,63.787
1790,1783741137.1703856,36.0637,63.787
1791,1783741137.1905298,36.0838,63.787
1792,1783741137.2106836,36.1040,63.787
1793,1783741137.230825,36.1241,63.787
1794,1783741137.250982,36.1443,63.779
1795,1783741137.271133,36.1644,63.779
1796,1783741137.2912917,36.1846,63.779
1797,1783741137.311438,36.2047,63.779
1798,1783741137.3315783,36.2249,63.779
1799,1783741137.3517814,36.2451,63.777
1800,1783741137.3719409,36.2652,63.777
1801,1783741137.3920906,36.2854,63.777
1802,1783741137.4122324,36.3055,63.777
1803,1783741137.432378,36.3257,63.777
1804,1783741137.4525347,36.3458,63.806
1805,1783741137.4726841,36.3660,63.806
1806,1783741137.4928255,36.3861,63.806
1807,1783741137.5129738,36.4063,63.806
1808,1783741137.533122,36.4264,63.806
1809,1783741137.5532653,36.4465,63.828
1810,1783741137.5734036,36.4667,63.828
1811,1783741137.5935462,36.4868,63.828
1812,1783741137.6136944,36.5070,63.828
1813,1783741137.6339004,36.5272,63.828
1814,1783741137.6540382,36.5473,63.825
1815,1783741137.6741798,36.5675,63.825
1816,1783741137.6943245,36.5876,63.825
1817,1783741137.7144783,36.6078,63.825
1818,1783741137.7346225,36.6279,63.825
1819,1783741137.7547612,36.6480,63.819
1820,1783741137.774908,36.6682,63.819
1821,1783741137.7950537,36.6883,63.819
1822,1783741137.815195,36.7085,63.819
1823,1783741137.8353336,36.7286,63.819
1824,1783741137.8554792,36.7488,63.825
1825,1783741137.8756368,36.7689,63.825
1826,1783741137.8957803,36.7891,63.825
1827,1783741137.9159198,36.8092,63.825
1828,1783741137.936068,36.8293,63.825
1829,1783741137.9562585,36.8495,63.815
1830,1783741137.9764051,36.8697,63.815
1831,1783741137.996543,36.8898,63.815
1832,1783741138.0166912,36.9100,63.815
1833,1783741138.036892,36.9302,63.815
1834,1783741138.057038,36.9503,63.808
1835,1783741138.0771742,36.9705,63.808
1836,1783741138.0973182,36.9906,63.808
1837,1783741138.1174664,37.0107,63.808
1838,1783741138.137621,37.0309,63.808
1839,1783741138.1577613,37.0510,63.799
1840,1783741138.1779015,37.0712,63.799
1841,1783741138.1980464,37.0913,63.799
1842,1783741138.2182016,37.1115,63.799
1843,1783741138.2383392,37.1316,63.799
1844,1783741138.2584782,37.1518,63.818
1845,1783741138.278625,37.1719,63.818
1846,1783741138.2987797,37.1921,63.818
1847,1783741138.318923,37.2122,63.818
1848,1783741138.3390634,37.2323,63.818
1849,1783741138.3592112,37.2525,63.815
1850,1783741138.3793592,37.2726,63.815
1851,1783741138.3995042,37.2928,63.815
1852,1783741138.4196103,37.3129,63.815
1853,1783741138.4397578,37.3330,63.815
1854,1783741138.4599373,37.3532,63.789
1855,1783741138.4800856,37.3734,63.789
1856,1783741138.5002236,37.3935,63.789
1857,1783741138.5203707,37.4136,63.789
1858,1783741138.5405235,37.4338,63.789
1859,1783741138.560698,37.4540,63.786
1860,1783741138.580882,37.4742,63.786
1861,1783741138.6010249,37.4943,63.786
1862,1783741138.6211722,37.5145,63.786
1863,1783741138.641318,37.5346,63.786
1864,1783741138.661457,37.5547,63.779
1865,1783741138.681598,37.5749,63.779
1866,1783741138.7017808,37.5951,63.779
1867,1783741138.7219417,37.6152,63.779
1868,1783741138.742086,37.6354,63.779
1869,1783741138.7622266,37.6555,63.75
1870,1783741138.7823718,37.6757,63.75
1871,1783741138.802528,37.6958,63.75
1872,1783741138.8226714,37.7160,63.75
1873,1783741138.8428106,37.7361,63.75
1874,1783741138.8629587,37.7562,63.769
1875,1783741138.8831182,37.7764,63.769
1876,1783741138.9032648,37.7965,63.769
1877,1783741138.9234033,37.8167,63.769
1878,1783741138.943545,37.8368,63.769
1879,1783741138.9637024,37.8570,63.769
1880,1783741138.9838965,37.8772,63.769
1881,1783741139.004031,37.8973,63.769
1882,1783741139.0241795,37.9175,63.769
1883,1783741139.0443263,37.9376,63.769
1884,1783741139.0644774,37.9578,63.777
1885,1783741139.0846167,37.9779,63.777
1886,1783741139.1047642,37.9980,63.777
1887,1783741139.124912,38.0182,63.777
1888,1783741139.1450539,38.0383,63.777
1889,1783741139.1651917,38.0585,63.777
1890,1783741139.1853302,38.0786,63.777
1891,1783741139.2054753,38.0988,63.777
1892,1783741139.2256358,38.1189,63.777
1893,1783741139.2457998,38.1391,63.777
1894,1783741139.2659423,38.1592,63.768
1895,1783741139.28609,38.1794,63.768
1896,1783741139.306251,38.1995,63.768
1897,1783741139.3263953,38.2197,63.768
1898,1783741139.3465357,38.2398,63.768
1899,1783741139.3666804,38.2600,63.787
1900,1783741139.3868375,38.2801,63.787
1901,1783741139.4069784,38.3003,63.787
1902,1783741139.4271178,38.3204,63.787
1903,1783741139.4472618,38.3405,63.777
1904,1783741139.4674103,38.3607,63.777
1905,1783741139.487556,38.3808,63.777
1906,1783741139.5076966,38.4010,63.777
1907,1783741139.527892,38.4212,63.777
1908,1783741139.5480428,38.4413,63.769
1909,1783741139.5681913,38.4615,63.769
1910,1783741139.588332,38.4816,63.769
1911,1783741139.6084807,38.5018,63.769
1912,1783741139.6286285,38.5219,63.769
1913,1783741139.6487741,38.5421,63.769
1914,1783741139.668887,38.5622,63.769
1915,1783741139.6890297,38.5823,63.769
1916,1783741139.7091746,38.6025,63.769
1917,1783741139.7293253,38.6226,63.769
1918,1783741139.7494926,38.6428,63.769
1919,1783741139.769634,38.6629,63.769
1920,1783741139.7897775,38.6831,63.769
1921,1783741139.809936,38.7032,63.769
1922,1783741139.8300767,38.7234,63.769
1923,1783741139.8502145,38.7435,63.738
1924,1783741139.8703623,38.7636,63.738
1925,1783741139.8905177,38.7838,63.738
1926,1783741139.9106622,38.8039,63.738
1927,1783741139.9308019,38.8241,63.738
1928,1783741139.9509463,38.8442,63.738
1929,1783741139.9711022,38.8644,63.738
1930,1783741139.9912505,38.8845,63.738
1931,1783741140.011388,38.9047,63.738
1932,1783741140.0315335,38.9248,63.738
1933,1783741140.051687,38.9450,63.719
1934,1783741140.0718284,38.9651,63.719
1935,1783741140.091971,38.9852,63.719
1936,1783741140.1121185,39.0054,63.719
1937,1783741140.132264,39.0255,63.719
1938,1783741140.1524088,39.0457,63.73
1939,1783741140.1725516,39.0658,63.73
1940,1783741140.1926959,39.0860,63.73
1941,1783741140.212887,39.1062,63.73
1942,1783741140.2330418,39.1263,63.73
1943,1783741140.2531807,39.1465,63.738
1944,1783741140.2733212,39.1666,63.738
1945,1783741140.293469,39.1867,63.738
1946,1783741140.3136268,39.2069,63.738
1947,1783741140.3337653,39.2270,63.738
1948,1783741140.3539052,39.2472,63.71
1949,1783741140.3740485,39.2673,63.71
1950,1783741140.3942049,39.2875,63.71
1951,1783741140.4143434,39.3076,63.71
1952,1783741140.4344804,39.3278,63.71
1953,1783741140.4546254,39.3479,63.728
1954,1783741140.4747753,39.3681,63.728
1955,1783741140.494919,39.3882,63.728
1956,1783741140.5150568,39.4083,63.728
1957,1783741140.5352316,39.4285,63.728
1958,1783741140.5553799,39.4487,63.73
1959,1783741140.575524,39.4688,63.73
1960,1783741140.5956588,39.4889,63.73
1961,1783741140.6158056,39.5091,63.73
1962,1783741140.6359515,39.5292,63.73
1963,1783741140.6560965,39.5494,63.728
1964,1783741140.6762352,39.5695,63.728
1965,1783741140.6963801,39.5897,63.728
1966,1783741140.7165284,39.6098,63.728
1967,1783741140.7366843,39.6300,63.728
1968,1783741140.7568254,39.6501,63.728
1969,1783741140.7769635,39.6702,63.728
1970,1783741140.79711,39.6904,63.728
1971,1783741140.81727,39.7105,63.728
1972,1783741140.8374078,39.7307,63.728
1973,1783741140.8575444,39.7508,63.739
1974,1783741140.8776896,39.7710,63.739
1975,1783741140.8978922,39.7912,63.739
1976,1783741140.918032,39.8113,63.739
1977,1783741140.9381683,39.8314,63.739
1978,1783741140.958314,39.8516,63.729
1979,1783741140.9784715,39.8718,63.729
1980,1783741140.9986184,39.8919,63.729
1981,1783741141.018758,39.9120,63.729
1982,1783741141.0389361,39.9322,63.729
1983,1783741141.0590894,39.9524,63.74
1984,1783741141.0792308,39.9725,63.74
1985,1783741141.0993712,39.9927,63.74
1986,1783741141.1195147,40.0128,63.74
1987,1783741141.1396654,40.0329,63.74
1988,1783741141.1598158,40.0531,63.748
1989,1783741141.1799595,40.0732,63.748
1990,1783741141.200105,40.0934,63.748
1991,1783741141.2202542,40.1135,63.748
1992,1783741141.2404113,40.1337,63.748
1993,1783741141.2605534,40.1538,63.739
1994,1783741141.2806935,40.1740,63.739
1995,1783741141.3008878,40.1942,63.739
1996,1783741141.3210435,40.2143,63.739
1997,1783741141.3411856,40.2345,63.739
1998,1783741141.3613253,40.2546,63.757
1999,1783741141.3814728,40.2748,63.757
2000,1783741141.4016182,40.2949,63.757
2001,1783741141.4217575,40.3150,63.757
2002,1783741141.4418964,40.3352,63.757
2003,1783741141.4620445,40.3553,63.739
2004,1783741141.4821959,40.3755,63.739
2005,1783741141.502341,40.3956,63.739
2006,1783741141.5224788,40.4158,63.739
2007,1783741141.5426219,40.4359,63.739
2008,1783741141.5627697,40.4560,63.748
2009,1783741141.5829124,40.4762,63.748
2010,1783741141.6030452,40.4963,63.748
2011,1783741141.6231887,40.5165,63.748
2012,1783741141.643333,40.5366,63.748
2013,1783741141.663476,40.5568,63.748
2014,1783741141.6836164,40.5769,63.748
2015,1783741141.7037601,40.5970,63.748
2016,1783741141.7239065,40.6172,63.748
2017,1783741141.744056,40.6373,63.748
2018,1783741141.7641726,40.6575,63.769
2019,1783741141.784284,40.6776,63.769
2020,1783741141.8043933,40.6977,63.769
2021,1783741141.8245018,40.7178,63.769
2022,1783741141.8446138,40.7379,63.769
2023,1783741141.864759,40.7580,63.769
2024,1783741141.884883,40.7782,63.769
2025,1783741141.9050212,40.7983,63.769
2026,1783741141.9251597,40.8184,63.769
2027,1783741141.9452946,40.8386,63.769
2028,1783741141.9654412,40.8587,63.769
2029,1783741141.98559,40.8789,63.769
2030,1783741142.0057702,40.8990,63.769
2031,1783741142.025907,40.9192,63.769
2032,1783741142.0460513,40.9393,63.769
2033,1783741142.066198,40.9595,63.767
2034,1783741142.0863428,40.9796,63.767
2035,1783741142.106478,40.9998,63.767
2036,1783741142.126623,41.0199,63.767
2037,1783741142.14677,41.0400,63.767
2038,1783741142.166911,41.0602,63.769
2039,1783741142.1870468,41.0803,63.769
2040,1783741142.2071912,41.1005,63.769
2041,1783741142.2273371,41.1206,63.769
2042,1783741142.2474816,41.1408,63.769
2043,1783741142.2676167,41.1609,63.767
2044,1783741142.2877579,41.1810,63.767
2045,1783741142.3079338,41.2012,63.767
2046,1783741142.3280807,41.2214,63.767
2047,1783741142.3482199,41.2415,63.749
2048,1783741142.3683581,41.2616,63.749
2049,1783741142.3885016,41.2818,63.749
2050,1783741142.4086564,41.3019,63.749
2051,1783741142.428795,41.3221,63.749
2052,1783741142.4489338,41.3422,63.759
2053,1783741142.4690807,41.3624,63.759
2054,1783741142.489237,41.3825,63.759
2055,1783741142.5093806,41.4027,63.759
2056,1783741142.5295193,41.4228,63.759
2057,1783741142.549662,41.4429,63.757
2058,1783741142.5698059,41.4631,63.757
2059,1783741142.589946,41.4832,63.757
2060,1783741142.6100838,41.5034,63.757
2061,1783741142.6302311,41.5235,63.757
2062,1783741142.6503792,41.5437,63.776
2063,1783741142.6705296,41.5638,63.776
2064,1783741142.6906626,41.5839,63.776
2065,1783741142.7108042,41.6041,63.776
2066,1783741142.730954,41.6242,63.776
2067,1783741142.7510996,41.6444,63.767
2068,1783741142.7712402,41.6645,63.767
2069,1783741142.7913816,41.6847,63.767
2070,1783741142.811528,41.7048,63.767
2071,1783741142.8316884,41.7250,63.767
2072,1783741142.8518546,41.7451,63.777
2073,1783741142.871995,41.7653,63.777
2074,1783741142.8921402,41.7854,63.777
2075,1783741142.9123006,41.8056,63.777
2076,1783741142.9324443,41.8257,63.777
2077,1783741142.9525838,41.8459,63.757
2078,1783741142.9727728,41.8661,63.757
2079,1783741142.992927,41.8862,63.757
2080,1783741143.0130692,41.9063,63.757
2081,1783741143.0332098,41.9265,63.757
2082,1783741143.053356,41.9466,63.76
2083,1783741143.0735118,41.9668,63.76
2084,1783741143.0936892,41.9870,63.76
2085,1783741143.1138575,42.0071,63.76
2086,1783741143.134002,42.0273,63.76
2087,1783741143.1541548,42.0474,63.76
2088,1783741143.1743028,42.0676,63.76
2089,1783741143.194442,42.0877,63.76
2090,1783741143.214589,42.1079,63.76
2091,1783741143.2347798,42.1281,63.76
2092,1783741143.2549293,42.1482,63.77
2093,1783741143.2750685,42.1683,63.77
2094,1783741143.2952077,42.1885,63.77
2095,1783741143.3153546,42.2086,63.77
2096,1783741143.3355129,42.2288,63.77
2097,1783741143.3556542,42.2489,63.768
2098,1783741143.3757932,42.2691,63.768
2099,1783741143.3959386,42.2892,63.768
2100,1783741143.416084,42.3094,63.768
2101,1783741143.4362266,42.3295,63.768
2102,1783741143.4563653,42.3496,63.758
2103,1783741143.476508,42.3698,63.758
2104,1783741143.4966547,42.3899,63.758
2105,1783741143.5167985,42.4101,63.758
2106,1783741143.5369375,42.4302,63.758
2107,1783741143.5570807,42.4504,63.749
2108,1783741143.5772364,42.4705,63.749
2109,1783741143.597415,42.4907,63.749
2110,1783741143.617553,42.5108,63.749
2111,1783741143.6376996,42.5310,63.749
2112,1783741143.657904,42.5512,63.741
2113,1783741143.678046,42.5713,63.741
2114,1783741143.6981826,42.5915,63.741
2115,1783741143.7183316,42.6116,63.741
2116,1783741143.7384772,42.6318,63.741
2117,1783741143.7586272,42.6519,63.73
2118,1783741143.7787685,42.6720,63.73
2119,1783741143.7989104,42.6922,63.73
2120,1783741143.8190575,42.7123,63.73
2121,1783741143.8392036,42.7325,63.73
2122,1783741143.8593457,42.7526,63.741
2123,1783741143.8794847,42.7728,63.741
2124,1783741143.89963,42.7929,63.741
2125,1783741143.9197862,42.8131,63.741
2126,1783741143.9399314,42.8332,63.741
2127,1783741143.960071,42.8534,63.749
2128,1783741143.9802153,42.8735,63.749
2129,1783741144.0003674,42.8936,63.749
2130,1783741144.0205126,42.9138,63.749
2131,1783741144.04065,42.9339,63.749
2132,1783741144.0607972,42.9541,63.739
2133,1783741144.0809474,42.9742,63.739
2134,1783741144.1010618,42.9943,63.739
2135,1783741144.1211982,43.0145,63.739
2136,1783741144.1413403,43.0346,63.739
2137,1783741144.1614895,43.0548,63.739
2138,1783741144.1816394,43.0749,63.739
2139,1783741144.2017803,43.0951,63.739
2140,1783741144.2219284,43.1152,63.739
2141,1783741144.242078,43.1354,63.739
2142,1783741144.2622328,43.1555,63.729
2143,1783741144.2823694,43.1756,63.729
2144,1783741144.3025107,43.1958,63.729
2145,1783741144.322657,43.2159,63.729
2146,1783741144.3428059,43.2361,63.729
2147,1783741144.3629491,43.2562,63.75
2148,1783741144.3831153,43.2764,63.75
2149,1783741144.4032617,43.2965,63.75
2150,1783741144.423412,43.3167,63.75
2151,1783741144.443549,43.3368,63.75
2152,1783741144.46369,43.3570,63.758
2153,1783741144.483867,43.3771,63.758
2154,1783741144.5040221,43.3973,63.758
2155,1783741144.5241663,43.4174,63.758
2156,1783741144.5443034,43.4376,63.758
2157,1783741144.5644472,43.4577,63.769
2158,1783741144.5845993,43.4779,63.769
2159,1783741144.6047904,43.4981,63.769
2160,1783741144.6249268,43.5182,63.769
2161,1783741144.6450715,43.5384,63.769
2162,1783741144.6652193,43.5585,63.757
2163,1783741144.685369,43.5786,63.757
2164,1783741144.705504,43.5988,63.757
2165,1783741144.7256489,43.6189,63.757
2166,1783741144.7457979,43.6391,63.757
2167,1783741144.7659492,43.6592,63.749
2168,1783741144.7860875,43.6794,63.749
2169,1783741144.806231,43.6995,63.749
2170,1783741144.8263752,43.7197,63.749
2171,1783741144.8465226,43.7398,63.749
2172,1783741144.866662,43.7599,63.729
2173,1783741144.8868613,43.7801,63.729
2174,1783741144.907009,43.8003,63.729
2175,1783741144.9271698,43.8204,63.729
2176,1783741144.9473133,43.8406,63.729
2177,1783741144.9674535,43.8607,63.72
2178,1783741144.987598,43.8809,63.72
2179,1783741145.0077584,43.9010,63.72
2180,1783741145.027902,43.9212,63.72
2181,1783741145.0480404,43.9413,63.72
2182,1783741145.0681837,43.9615,63.72
2183,1783741145.0883374,43.9816,63.72
2184,1783741145.1084857,44.0018,63.72
2185,1783741145.1286242,44.0219,63.72
2186,1783741145.1487732,44.0421,63.72
2187,1783741145.1689267,44.0622,63.71
2188,1783741145.1890743,44.0824,63.71
2189,1783741145.20921,44.1025,63.71
2190,1783741145.2293584,44.1226,63.71
2191,1783741145.2495089,44.1428,63.72
2192,1783741145.2696626,44.1629,63.72
2193,1783741145.2898047,44.1831,63.72
2194,1783741145.3099492,44.2032,63.72
2195,1783741145.3300967,44.2234,63.72
2196,1783741145.3502424,44.2435,63.719
2197,1783741145.3703797,44.2637,63.719
2198,1783741145.3905194,44.2838,63.719
2199,1783741145.410665,44.3039,63.719
2200,1783741145.4308083,44.3241,63.719
2201,1783741145.4509444,44.3442,63.709
2202,1783741145.4710865,44.3644,63.709
2203,1783741145.4912324,44.3845,63.709
2204,1783741145.5113838,44.4047,63.709
2205,1783741145.5315285,44.4248,63.709
2206,1783741145.5516682,44.4449,63.699
2207,1783741145.5718145,44.4651,63.699
2208,1783741145.5919702,44.4852,63.699
2209,1783741145.6121182,44.5054,63.699
2210,1783741145.6322575,44.5255,63.699
2211,1783741145.652405,44.5457,63.7
2212,1783741145.6725862,44.5659,63.7
2213,1783741145.6927884,44.5861,63.7
2214,1783741145.712924,44.6062,63.7
2215,1783741145.7330713,44.6264,63.7
2216,1783741145.7532175,44.6465,63.7
2217,1783741145.7733727,44.6667,63.7
2218,1783741145.793514,44.6868,63.7
2219,1783741145.8136594,44.7069,63.7
2220,1783741145.8338077,44.7271,63.7
2221,1783741145.8539577,44.7472,63.718
2222,1783741145.874099,44.7674,63.718
2223,1783741145.894239,44.7875,63.718
2224,1783741145.9143872,44.8077,63.718
2225,1783741145.9345458,44.8278,63.718
2226,1783741145.9546888,44.8480,63.719
2227,1783741145.9748573,44.8681,63.719
2228,1783741145.995001,44.8883,63.719
2229,1783741146.0151622,44.9084,63.719
2230,1783741146.035306,44.9286,63.719
2231,1783741146.055445,44.9487,63.729
2232,1783741146.075592,44.9689,63.729
2233,1783741146.095798,44.9891,63.729
2234,1783741146.115943,45.0092,63.729
2235,1783741146.1360812,45.0294,63.729
2236,1783741146.1562278,45.0495,63.728
2237,1783741146.1764116,45.0697,63.728
2238,1783741146.1965623,45.0898,63.728
2239,1783741146.2166994,45.1100,63.728
2240,1783741146.2368925,45.1302,63.728
2241,1783741146.2570426,45.1503,63.718
2242,1783741146.2771966,45.1705,63.718
2243,1783741146.2973375,45.1906,63.718
2244,1783741146.317482,45.2108,63.718
2245,1783741146.3376303,45.2309,63.718
2246,1783741146.357785,45.2511,63.69
2247,1783741146.3779235,45.2712,63.69
2248,1783741146.3980641,45.2913,63.69
2249,1783741146.4182067,45.3115,63.69
2250,1783741146.4383583,45.3316,63.69
2251,1783741146.458501,45.3518,63.69
2252,1783741146.4786396,45.3719,63.69
2253,1783741146.498784,45.3921,63.69
2254,1783741146.5189414,45.4122,63.69
2255,1783741146.5390842,45.4324,63.69
2256,1783741146.5592237,45.4525,63.7
2257,1783741146.579366,45.4726,63.7
2258,1783741146.5995228,45.4928,63.7
2259,1783741146.6196651,45.5129,63.7
2260,1783741146.6398032,45.5331,63.7
2261,1783741146.659947,45.5532,63.71
2262,1783741146.6801019,45.5734,63.71
2263,1783741146.7002516,45.5935,63.71
2264,1783741146.720389,45.6137,63.71
2265,1783741146.7405367,45.6338,63.71
2266,1783741146.7606838,45.6540,63.709
2267,1783741146.7808375,45.6741,63.709
2268,1783741146.8009746,45.6943,63.709
2269,1783741146.821121,45.7144,63.709
2270,1783741146.8412695,45.7345,63.709
2271,1783741146.8614252,45.7547,63.709
2272,1783741146.881562,45.7748,63.709
2273,1783741146.901774,45.7951,63.709
2274,1783741146.9219208,45.8152,63.709
2275,1783741146.9420638,45.8353,63.709
2276,1783741146.9622338,45.8555,63.709
2277,1783741146.982375,45.8757,63.709
2278,1783741147.0025215,45.8958,63.709
2279,1783741147.0226822,45.9160,63.709
2280,1783741147.0428238,45.9361,63.709
2281,1783741147.0629644,45.9562,63.711
2282,1783741147.0831084,45.9764,63.711
2283,1783741147.1032646,45.9965,63.711
2284,1783741147.1234086,46.0167,63.711
2285,1783741147.1435497,46.0368,63.711
2286,1783741147.1636956,46.0570,63.721
2287,1783741147.1839027,46.0772,63.721
2288,1783741147.2040532,46.0973,63.721
2289,1783741147.2241895,46.1175,63.721
2290,1783741147.2443361,46.1376,63.721
2291,1783741147.2644866,46.1578,63.729
2292,1783741147.284639,46.1779,63.729
2293,1783741147.3047757,46.1981,63.729
2294,1783741147.3249223,46.2182,63.729
2295,1783741147.3450682,46.2383,63.729
2296,1783741147.3652225,46.2585,63.74
2297,1783741147.385364,46.2786,63.74
2298,1783741147.4055054,46.2988,63.74
2299,1783741147.4256506,46.3189,63.74
2300,1783741147.4458282,46.3391,63.74
2301,1783741147.4659712,46.3593,63.74
2302,1783741147.4861112,46.3794,63.74
2303,1783741147.506256,46.3995,63.74
2304,1783741147.526409,46.4197,63.74
2305,1783741147.5465515,46.4398,63.74
2306,1783741147.5666893,46.4600,63.738
2307,1783741147.586869,46.4801,63.738
2308,1783741147.607023,46.5003,63.738
2309,1783741147.6271658,46.5204,63.738
2310,1783741147.6473029,46.5406,63.738
2311,1783741147.6674483,46.5607,63.728
2312,1783741147.6876028,46.5809,63.728
2313,1783741147.707789,46.6011,63.728
2314,1783741147.727924,46.6212,63.728
2315,1783741147.748071,46.6414,63.728
2316,1783741147.768226,46.6615,63.729
2317,1783741147.7883723,46.6817,63.729
2318,1783741147.808514,46.7018,63.729
2319,1783741147.8286593,46.7219,63.729
2320,1783741147.8488064,46.7421,63.729
2321,1783741147.868957,46.7622,63.72
2322,1783741147.8890963,46.7824,63.72
2323,1783741147.9092393,46.8025,63.72
2324,1783741147.9293864,46.8227,63.72
2325,1783741147.9495482,46.8428,63.72
2326,1783741147.969691,46.8630,63.718
2327,1783741147.9898617,46.8831,63.718
2328,1783741148.0100064,46.9033,63.718
2329,1783741148.0301266,46.9234,63.718
2330,1783741148.0502684,46.9435,63.718
2331,1783741148.0704095,46.9637,63.719
2332,1783741148.0905535,46.9838,63.719
2333,1783741148.1107104,47.0040,63.719
2334,1783741148.1309018,47.0242,63.719
2335,1783741148.1510398,47.0443,63.718
2336,1783741148.171187,47.0645,63.718
2337,1783741148.1913428,47.0846,63.718
2338,1783741148.2114854,47.1048,63.718
2339,1783741148.2316535,47.1249,63.718
2340,1783741148.2517989,47.1451,63.699
2341,1783741148.2719467,47.1652,63.699
2342,1783741148.292093,47.1854,63.699
2343,1783741148.3122325,47.2055,63.699
2344,1783741148.3323798,47.2257,63.699
2345,1783741148.3525229,47.2458,63.698
2346,1783741148.372665,47.2659,63.698
2347,1783741148.3928037,47.2861,63.698
2348,1783741148.4129412,47.3062,63.698
2349,1783741148.4330845,47.3264,63.698
2350,1783741148.4532297,47.3465,63.699
2351,1783741148.4733663,47.3666,63.699
2352,1783741148.493506,47.3868,63.699
2353,1783741148.5136511,47.4069,63.699
2354,1783741148.5338042,47.4271,63.699
2355,1783741148.5539432,47.4472,63.69
2356,1783741148.574083,47.4674,63.69
2357,1783741148.5942311,47.4875,63.69
2358,1783741148.614385,47.5077,63.69
2359,1783741148.634526,47.5278,63.69
2360,1783741148.6546648,47.5479,63.69
2361,1783741148.6748116,47.5681,63.69
2362,1783741148.6949675,47.5882,63.69
2363,1783741148.7151084,47.6084,63.69
2364,1783741148.7352724,47.6286,63.69
2365,1783741148.755418,47.6487,63.691
2366,1783741148.7755718,47.6689,63.691
2367,1783741148.7957156,47.6890,63.691
2368,1783741148.81591,47.7092,63.691
2369,1783741148.8360565,47.7293,63.691
2370,1783741148.8562047,47.7495,63.69
2371,1783741148.8763497,47.7696,63.69
2372,1783741148.8964908,47.7898,63.69
2373,1783741148.9166331,47.8099,63.69
2374,1783741148.9367766,47.8301,63.69
2375,1783741148.956927,47.8502,63.681
2376,1783741148.9770665,47.8703,63.681
2377,1783741148.9972055,47.8905,63.681
2378,1783741149.0173504,47.9106,63.681
2379,1783741149.037494,47.9308,63.681
2380,1783741149.0576348,47.9509,63.671
2381,1783741149.077774,47.9711,63.671
2382,1783741149.0979207,47.9912,63.671
2383,1783741149.1180801,48.0114,63.671
2384,1783741149.1382241,48.0315,63.671
2385,1783741149.1583626,48.0516,63.671
2386,1783741149.178509,48.0718,63.671
2387,1783741149.1986651,48.0919,63.671
2388,1783741149.218812,48.1121,63.671
2389,1783741149.2389507,48.1322,63.671
2390,1783741149.2590919,48.1524,63.671
2391,1783741149.2792413,48.1725,63.671
2392,1783741149.2993848,48.1927,63.671
2393,1783741149.3195255,48.2128,63.671
2394,1783741149.3396733,48.2330,63.671
2395,1783741149.3598351,48.2531,63.671
2396,1783741149.3799841,48.2733,63.671
2397,1783741149.400128,48.2934,63.671
2398,1783741149.4202743,48.3136,63.671
2399,1783741149.440423,48.3337,63.671
2400,1783741149.4605799,48.3539,63.671
2401,1783741149.480721,48.3740,63.671
2402,1783741149.5009074,48.3942,63.671
2403,1783741149.5210807,48.4144,63.671
2404,1783741149.5412364,48.4345,63.671
2405,1783741149.5613737,48.4547,63.68
2406,1783741149.5815134,48.4748,63.68
2407,1783741149.6016593,48.4949,63.68
2408,1783741149.6218083,48.5151,63.68
2409,1783741149.6419454,48.5352,63.68
2410,1783741149.6620839,48.5554,63.69
2411,1783741149.6822286,48.5755,63.69
2412,1783741149.7023792,48.5957,63.69
2413,1783741149.72252,48.6158,63.69
2414,1783741149.7426572,48.6359,63.69
2415,1783741149.7628026,48.6561,63.689
2416,1783741149.7829587,48.6762,63.689
2417,1783741149.8031013,48.6964,63.689
2418,1783741149.8232396,48.7165,63.689
2419,1783741149.843386,48.7367,63.689
2420,1783741149.863534,48.7568,63.719
2421,1783741149.8836892,48.7770,63.719
2422,1783741149.9038298,48.7971,63.719
2423,1783741149.9239755,48.8173,63.719
2424,1783741149.9441218,48.8374,63.719
2425,1783741149.9642756,48.8576,63.719
2426,1783741149.9844167,48.8777,63.719
2427,1783741150.0045567,48.8978,63.719
2428,1783741150.024771,48.9181,63.719
2429,1783741150.0449152,48.9382,63.719
2430,1783741150.0650582,48.9583,63.728
2431,1783741150.0851982,48.9785,63.728
2432,1783741150.1053443,48.9986,63.728
2433,1783741150.1254954,49.0188,63.728
2434,1783741150.1456356,49.0389,63.728
2435,1783741150.165774,49.0591,63.729
2436,1783741150.1859214,49.0792,63.729
2437,1783741150.2060795,49.0994,63.729
2438,1783741150.2262251,49.1195,63.729
2439,1783741150.2463627,49.1396,63.729
2440,1783741150.2665062,49.1598,63.729
2441,1783741150.2866614,49.1799,63.729
2442,1783741150.3068116,49.2001,63.729
2443,1783741150.3269513,49.2202,63.729
2444,1783741150.3470948,49.2404,63.729
2445,1783741150.3672423,49.2605,63.718
2446,1783741150.3873897,49.2807,63.718
2447,1783741150.4075305,49.3008,63.718
2448,1783741150.4276712,49.3210,63.718
2449,1783741150.4478164,49.3411,63.718
2450,1783741150.4679725,49.3613,63.719
2451,1783741150.4881146,49.3814,63.719
2452,1783741150.5082543,49.4015,63.719
2453,1783741150.5283995,49.4217,63.719
2454,1783741150.5485458,49.4418,63.719
2455,1783741150.568686,49.4620,63.718
2456,1783741150.5888247,49.4821,63.718
2457,1783741150.6089728,49.5023,63.718
2458,1783741150.629132,49.5224,63.718
2459,1783741150.6492696,49.5425,63.718
2460,1783741150.6694098,49.5627,63.719
2461,1783741150.689558,49.5828,63.719
2462,1783741150.7097151,49.6030,63.719
2463,1783741150.7299109,49.6232,63.719
2464,1783741150.7500474,49.6433,63.719
2465,1783741150.7701936,49.6635,63.709
2466,1783741150.7903492,49.6836,63.709
2467,1783741150.8105333,49.7038,63.709
2468,1783741150.8306708,49.7239,63.709
2469,1783741150.8508146,49.7441,63.709
2470,1783741150.870962,49.7642,63.681
2471,1783741150.8911145,49.7844,63.681
2472,1783741150.9112554,49.8045,63.681
2473,1783741150.9314008,49.8247,63.681
2474,1783741150.9515479,49.8448,63.68
2475,1783741150.9717019,49.8650,63.68
2476,1783741150.99189,49.8852,63.68
2477,1783741151.0120294,49.9053,63.68
2478,1783741151.032175,49.9255,63.68
2479,1783741151.0523233,49.9456,63.671
2480,1783741151.0724661,49.9657,63.671
2481,1783741151.092604,49.9859,63.671
2482,1783741151.1127882,50.0061,63.671
2483,1783741151.132945,50.0262,63.671
2484,1783741151.1530871,50.0464,63.67
2485,1783741151.1732273,50.0665,63.67
2486,1783741151.1933753,50.0867,63.67
2487,1783741151.2135246,50.1068,63.67
2488,1783741151.233671,50.1270,63.67
2489,1783741151.253808,50.1471,63.67
2490,1783741151.2739544,50.1672,63.67
2491,1783741151.2941005,50.1874,63.67
2492,1783741151.3142807,50.2076,63.67
2493,1783741151.334419,50.2277,63.67
2494,1783741151.3545659,50.2478,63.67
2495,1783741151.3746784,50.2680,63.67
2496,1783741151.394827,50.2881,63.67
2497,1783741151.4149644,50.3082,63.67
2498,1783741151.4351091,50.3284,63.67
2499,1783741151.455258,50.3485,63.67
2500,1783741151.4754066,50.3687,63.67
2501,1783741151.495545,50.3888,63.67
2502,1783741151.5156837,50.4090,63.67
2503,1783741151.5358305,50.4291,63.67
2504,1783741151.555979,50.4493,63.67
2505,1783741151.5761185,50.4694,63.67
2506,1783741151.5962567,50.4895,63.67
2507,1783741151.6164026,50.5097,63.67
2508,1783741151.6365533,50.5298,63.67
2509,1783741151.6566932,50.5500,63.661
2510,1783741151.6768746,50.5702,63.661
2511,1783741151.6970224,50.5903,63.661
2512,1783741151.7171707,50.6104,63.661
2513,1783741151.7373164,50.6306,63.661
2514,1783741151.7574546,50.6507,63.661
2515,1783741151.7776003,50.6709,63.661
2516,1783741151.7977588,50.6910,63.661
2517,1783741151.8179076,50.7112,63.661
2518,1783741151.8380463,50.7313,63.661
2519,1783741151.858192,50.7515,63.662
2520,1783741151.87834,50.7716,63.662
2521,1783741151.8984873,50.7918,63.662
2522,1783741151.9186237,50.8119,63.662
2523,1783741151.938774,50.8321,63.662
2524,1783741151.9589224,50.8522,63.672
2525,1783741151.979075,50.8724,63.672
2526,1783741151.9992146,50.8925,63.672
2527,1783741152.019356,50.9126,63.672
2528,1783741152.039498,50.9328,63.672
2529,1783741152.0596426,50.9529,63.672
2530,1783741152.0797815,50.9731,63.672
2531,1783741152.0999453,50.9932,63.672
2532,1783741152.1200917,51.0134,63.672
2533,1783741152.1402488,51.0335,63.672
2534,1783741152.1603906,51.0537,63.672
2535,1783741152.180529,51.0738,63.672
2536,1783741152.2006755,51.0940,63.672
2537,1783741152.2208326,51.1141,63.672
2538,1783741152.2409787,51.1343,63.672
2539,1783741152.2611165,51.1544,63.673
2540,1783741152.2812638,51.1745,63.673
2541,1783741152.3014116,51.1947,63.673
2542,1783741152.3215513,51.2148,63.673
2543,1783741152.3416889,51.2350,63.673
2544,1783741152.3618617,51.2551,63.683
2545,1783741152.3820117,51.2753,63.683
2546,1783741152.4021614,51.2954,63.683
2547,1783741152.4222963,51.3156,63.683
2548,1783741152.4424384,51.3357,63.683
2549,1783741152.4625864,51.3559,63.682
2550,1783741152.482792,51.3761,63.682
2551,1783741152.502927,51.3962,63.682
2552,1783741152.5230665,51.4163,63.682
2553,1783741152.5432096,51.4365,63.682
2554,1783741152.5633533,51.4566,63.702
2555,1783741152.5835187,51.4768,63.702
2556,1783741152.6036599,51.4969,63.702
2557,1783741152.623803,51.5171,63.702
2558,1783741152.6439483,51.5372,63.702
2559,1783741152.6641197,51.5574,63.702
2560,1783741152.6842585,51.5775,63.702
2561,1783741152.7044063,51.5977,63.702
2562,1783741152.7245574,51.6178,63.702
2563,1783741152.7446988,51.6380,63.702
2564,1783741152.76488,51.6582,63.702
2565,1783741152.785028,51.6783,63.702
2566,1783741152.8051765,51.6985,63.702
2567,1783741152.8253248,51.7186,63.702
2568,1783741152.8454616,51.7387,63.702
2569,1783741152.8656077,51.7589,63.711
2570,1783741152.8857608,51.7790,63.711
2571,1783741152.9059095,51.7992,63.711
2572,1783741152.9260466,51.8193,63.711
2573,1783741152.9461913,51.8395,63.711
2574,1783741152.966339,51.8596,63.701
2575,1783741152.986493,51.8798,63.701
2576,1783741153.0066342,51.8999,63.701
2577,1783741153.026776,51.9201,63.701
2578,1783741153.0469184,51.9402,63.701
2579,1783741153.0670743,51.9604,63.719
2580,1783741153.0872126,51.9805,63.719
2581,1783741153.1073515,52.0006,63.719
2582,1783741153.127494,52.0208,63.719
2583,1783741153.1476405,52.0409,63.719
2584,1783741153.1677833,52.0611,63.719
2585,1783741153.1879227,52.0812,63.719
2586,1783741153.208071,52.1014,63.719
2587,1783741153.2282245,52.1215,63.719
2588,1783741153.2483656,52.1416,63.719
2589,1783741153.2685049,52.1618,63.719
2590,1783741153.2886508,52.1819,63.719
2591,1783741153.3088038,52.2021,63.719
2592,1783741153.3289468,52.2222,63.719
2593,1783741153.349085,52.2424,63.719
2594,1783741153.369259,52.2625,63.719
2595,1783741153.389405,52.2827,63.719
2596,1783741153.409553,52.3028,63.719
2597,1783741153.42969,52.3230,63.719
2598,1783741153.449836,52.3431,63.719
2599,1783741153.4699852,52.3633,63.72
2600,1783741153.4901373,52.3834,63.72
2601,1783741153.510276,52.4036,63.72
2602,1783741153.5304184,52.4237,63.72
2603,1783741153.5505645,52.4438,63.72
2604,1783741153.570711,52.4640,63.701
2605,1783741153.590885,52.4842,63.701
2606,1783741153.6110241,52.5043,63.701
2607,1783741153.6311684,52.5244,63.701
2608,1783741153.6513152,52.5446,63.701
2609,1783741153.6714554,52.5647,63.701
2610,1783741153.6915967,52.5849,63.701
2611,1783741153.711787,52.6051,63.701
2612,1783741153.731942,52.6252,63.701
2613,1783741153.7520835,52.6454,63.701
2614,1783741153.7722225,52.6655,63.7
2615,1783741153.7923713,52.6857,63.7
2616,1783741153.8125277,52.7058,63.7
2617,1783741153.8326714,52.7260,63.7
2618,1783741153.852809,52.7461,63.69
2619,1783741153.8729794,52.7663,63.69
2620,1783741153.893136,52.7864,63.69
2621,1783741153.9132833,52.8066,63.69
2622,1783741153.9334223,52.8267,63.69
2623,1783741153.9535706,52.8468,63.69
2624,1783741153.9737208,52.8670,63.69
2625,1783741153.9939258,52.8872,63.69
2626,1783741154.0140636,52.9073,63.69
2627,1783741154.0342054,52.9275,63.69
2628,1783741154.0543544,52.9476,63.68
2629,1783741154.0745113,52.9678,63.68
2630,1783741154.09465,52.9879,63.68
2631,1783741154.1147916,53.0081,63.68
2632,1783741154.1349373,53.0282,63.68
2633,1783741154.155092,53.0484,63.671
2634,1783741154.1752343,53.0685,63.671
2635,1783741154.1953752,53.0887,63.671
2636,1783741154.2155187,53.1088,63.671
2637,1783741154.2356787,53.1290,63.671
2638,1783741154.2558212,53.1491,63.67
2639,1783741154.2759616,53.1692,63.67
2640,1783741154.2961097,53.1894,63.67
2641,1783741154.316264,53.2095,63.67
2642,1783741154.336412,53.2297,63.67
2643,1783741154.356549,53.2498,63.661
2644,1783741154.376697,53.2700,63.661
2645,1783741154.396901,53.2902,63.661
2646,1783741154.4170442,53.3103,63.661
2647,1783741154.43718,53.3305,63.661
2648,1783741154.4573274,53.3506,63.671
2649,1783741154.4774776,53.3708,63.671
2650,1783741154.4976318,53.3909,63.671
2651,1783741154.5177753,53.4111,63.671
2652,1783741154.5379186,53.4312,63.671
2653,1783741154.5580614,53.4513,63.671
2654,1783741154.5782032,53.4715,63.671
2655,1783741154.5983448,53.4916,63.671
2656,1783741154.6184852,53.5118,63.671
2657,1783741154.6386328,53.5319,63.671
2658,1783741154.6588104,53.5521,63.68
2659,1783741154.67895,53.5722,63.68
2660,1783741154.699088,53.5924,63.68
2661,1783741154.7192302,53.6125,63.68
2662,1783741154.7393851,53.6327,63.68
2663,1783741154.7595296,53.6528,63.691
2664,1783741154.7796683,53.6729,63.691
2665,1783741154.7998166,53.6931,63.691
2666,1783741154.8199723,53.7133,63.691
2667,1783741154.8401194,53.7334,63.691
2668,1783741154.8602574,53.7535,63.701
2669,1783741154.8804047,53.7737,63.701
2670,1783741154.9005578,53.7938,63.701
2671,1783741154.9207032,53.8140,63.701
2672,1783741154.9408875,53.8342,63.701
2673,1783741154.961035,53.8543,63.711
2674,1783741154.981184,53.8745,63.711
2675,1783741155.0013354,53.8946,63.711
2676,1783741155.0214772,53.9148,63.711
2677,1783741155.0416217,53.9349,63.711
2678,1783741155.0617726,53.9551,63.711
2679,1783741155.0819297,53.9752,63.711
2680,1783741155.102071,53.9954,63.711
2681,1783741155.1222112,54.0155,63.711
2682,1783741155.142358,54.0356,63.711
2683,1783741155.1625454,54.0558,63.71
2684,1783741155.1826882,54.0760,63.71
2685,1783741155.2028294,54.0961,63.71
2686,1783741155.2229764,54.1163,63.71
2687,1783741155.2431211,54.1364,63.71
2688,1783741155.2632654,54.1565,63.711
2689,1783741155.283408,54.1767,63.711
2690,1783741155.3035522,54.1968,63.711
2691,1783741155.3237095,54.2170,63.711
2692,1783741155.3439023,54.2372,63.711
2693,1783741155.3640416,54.2573,63.711
2694,1783741155.3841856,54.2775,63.711
2695,1783741155.4043388,54.2976,63.711
2696,1783741155.424482,54.3178,63.711
2697,1783741155.4446156,54.3379,63.711
2698,1783741155.464764,54.3580,63.701
2699,1783741155.4849129,54.3782,63.701
2700,1783741155.5050552,54.3983,63.701
2701,1783741155.5251968,54.4185,63.701
2702,1783741155.545338,54.4386,63.701
2703,1783741155.5654883,54.4588,63.712
2704,1783741155.5856447,54.4789,63.712
2705,1783741155.6057868,54.4991,63.712
2706,1783741155.6259274,54.5192,63.712
2707,1783741155.6460698,54.5393,63.712
2708,1783741155.6662126,54.5595,63.71
2709,1783741155.6863549,54.5796,63.71
2710,1783741155.7064955,54.5998,63.71
2711,1783741155.7266383,54.6199,63.71
2712,1783741155.7467847,54.6401,63.71
2713,1783741155.766927,54.6602,63.711
2714,1783741155.787068,54.6803,63.711
2715,1783741155.8072138,54.7005,63.711
2716,1783741155.8273711,54.7207,63.711
2717,1783741155.8475127,54.7408,63.711
2718,1783741155.867651,54.7609,63.701
2719,1783741155.8877978,54.7811,63.701
2720,1783741155.9079547,54.8012,63.701
2721,1783741155.9281013,54.8214,63.701
2722,1783741155.948264,54.8415,63.701
2723,1783741155.9684098,54.8617,63.692
2724,1783741155.988559,54.8818,63.692
2725,1783741156.008712,54.9020,63.692
2726,1783741156.028896,54.9222,63.692
2727,1783741156.0490408,54.9423,63.692
2728,1783741156.0691893,54.9625,63.691
2729,1783741156.0893433,54.9826,63.691
2730,1783741156.1094851,55.0028,63.691
2731,1783741156.1296258,55.0229,63.691
2732,1783741156.149769,55.0430,63.691
2733,1783741156.1699278,55.0632,63.7
2734,1783741156.1900656,55.0833,63.7
2735,1783741156.2102048,55.1035,63.7
2736,1783741156.2303503,55.1236,63.7
2737,1783741156.2505078,55.1438,63.7
2738,1783741156.2706528,55.1639,63.701
2739,1783741156.2907946,55.1841,63.701
2740,1783741156.3109417,55.2042,63.701
2741,1783741156.3310962,55.2244,63.701
2742,1783741156.3512387,55.2445,63.701
2743,1783741156.3713794,55.2647,63.7
2744,1783741156.3915284,55.2848,63.7
2745,1783741156.4116778,55.3050,63.7
2746,1783741156.4318206,55.3251,63.7
2747,1783741156.451987,55.3453,63.7
2748,1783741156.4721358,55.3654,63.7
2749,1783741156.4922912,55.3856,63.7
2750,1783741156.5124414,55.4057,63.7
2751,1783741156.532582,55.4259,63.7
2752,1783741156.5528119,55.4461,63.7
2753,1783741156.5729587,55.4662,63.699
2754,1783741156.5931103,55.4864,63.699
2755,1783741156.613253,55.5065,63.699
2756,1783741156.6333952,55.5267,63.699
2757,1783741156.653541,55.5468,63.699
2758,1783741156.673697,55.5670,63.681
2759,1783741156.6938894,55.5872,63.681
2760,1783741156.71403,55.6073,63.681
2761,1783741156.7341743,55.6275,63.681
2762,1783741156.7543347,55.6476,63.68
2763,1783741156.7744725,55.6678,63.68
2764,1783741156.794612,55.6879,63.68
2765,1783741156.8147593,55.7080,63.68
2766,1783741156.8349164,55.7282,63.68
2767,1783741156.8550563,55.7483,63.671
2768,1783741156.8751957,55.7685,63.671
2769,1783741156.8953397,55.7886,63.671
2770,1783741156.9154963,55.8088,63.671
2771,1783741156.9356415,55.8289,63.671
2772,1783741156.9557788,55.8491,63.68
2773,1783741156.975927,55.8692,63.68
2774,1783741156.9960763,55.8894,63.68
2775,1783741157.0162246,55.9095,63.68
2776,1783741157.0363657,55.9296,63.68
2777,1783741157.0565135,55.9498,63.691
2778,1783741157.0766604,55.9699,63.691
2779,1783741157.096806,55.9901,63.691
2780,1783741157.116943,56.0102,63.691
2781,1783741157.1370835,56.0304,63.691
2782,1783741157.1572304,56.0505,63.681
2783,1783741157.17739,56.0707,63.681
2784,1783741157.1975298,56.0908,63.681
2785,1783741157.217671,56.1109,63.681
2786,1783741157.2378871,56.1312,63.681
2787,1783741157.2580433,56.1513,63.69
2788,1783741157.278186,56.1715,63.69
2789,1783741157.2983267,56.1916,63.69
2790,1783741157.3184717,56.2118,63.69
2791,1783741157.3386302,56.2319,63.69
2792,1783741157.358772,56.2521,63.69
2793,1783741157.3789122,56.2722,63.69
2794,1783741157.3990567,56.2923,63.69
2795,1783741157.4192016,56.3125,63.69
2796,1783741157.43934,56.3326,63.69
2797,1783741157.4594758,56.3528,63.69
2798,1783741157.4796193,56.3729,63.69
2799,1783741157.499779,56.3931,63.69
2800,1783741157.519924,56.4132,63.69
2801,1783741157.540064,56.4333,63.69
2802,1783741157.5602117,56.4535,63.71
2803,1783741157.580358,56.4736,63.71
2804,1783741157.6005104,56.4938,63.71
2805,1783741157.6206467,56.5139,63.71
2806,1783741157.6407893,56.5341,63.71
2807,1783741157.6609352,56.5542,63.71
2808,1783741157.6810918,56.5744,63.71
2809,1783741157.7012355,56.5945,63.71
2810,1783741157.721404,56.6147,63.71
2811,1783741157.7415507,56.6348,63.71
2812,1783741157.7616763,56.6550,63.711
2813,1783741157.7817698,56.6750,63.711
2814,1783741157.8018904,56.6952,63.711
2815,1783741157.8220384,56.7153,63.711
2816,1783741157.8421934,56.7355,63.711
2817,1783741157.8623369,56.7556,63.711
2818,1783741157.8824716,56.7758,63.711
2819,1783741157.9026153,56.7959,63.711
2820,1783741157.922767,56.8160,63.711
2821,1783741157.9429102,56.8362,63.711
2822,1783741157.963045,56.8563,63.7
2823,1783741157.9831917,56.8765,63.7
2824,1783741158.003346,56.8966,63.7
2825,1783741158.0234923,56.9168,63.7
2826,1783741158.0436287,56.9369,63.7
2827,1783741158.0637777,56.9571,63.69
2828,1783741158.083926,56.9772,63.69
2829,1783741158.1040695,56.9973,63.69
2830,1783741158.1242082,57.0175,63.69
2831,1783741158.1443539,57.0376,63.69
2832,1783741158.1645007,57.0578,63.69
2833,1783741158.1846504,57.0779,63.69
2834,1783741158.2047923,57.0981,63.69
2835,1783741158.2249324,57.1182,63.69
2836,1783741158.2450757,57.1384,63.69
2837,1783741158.2652342,57.1585,63.681
2838,1783741158.2853715,57.1787,63.681
2839,1783741158.305512,57.1988,63.681
2840,1783741158.325658,57.2189,63.681
2841,1783741158.345803,57.2391,63.681
2842,1783741158.365946,57.2592,63.681
2843,1783741158.3860848,57.2794,63.681
2844,1783741158.4062328,57.2995,63.681
2845,1783741158.4263778,57.3197,63.681
2846,1783741158.446518,57.3398,63.681
2847,1783741158.466653,57.3599,63.681
2848,1783741158.4868,57.3801,63.681
2849,1783741158.5069823,57.4003,63.681
2850,1783741158.527131,57.4204,63.681
2851,1783741158.5472665,57.4405,63.681
2852,1783741158.567414,57.4607,63.661
2853,1783741158.5875607,57.4808,63.661
2854,1783741158.6077118,57.5010,63.661
2855,1783741158.627896,57.5212,63.661
2856,1783741158.6480396,57.5413,63.661
2857,1783741158.6681862,57.5615,63.661
2858,1783741158.6883337,57.5816,63.661
2859,1783741158.7084749,57.6018,63.661
2860,1783741158.7286136,57.6219,63.661
2861,1783741158.7487566,57.6420,63.661
2862,1783741158.768916,57.6622,63.67
2863,1783741158.7890592,57.6823,63.67
2864,1783741158.8092,57.7025,63.67
2865,1783741158.8293447,57.7226,63.67
2866,1783741158.8494945,57.7428,63.67
2867,1783741158.8696363,57.7629,63.68
2868,1783741158.8897743,57.7831,63.68
2869,1783741158.9099205,57.8032,63.68
2870,1783741158.9300761,57.8234,63.68
2871,1783741158.9502203,57.8435,63.68
2872,1783741158.970359,57.8636,63.682
2873,1783741158.9905047,57.8838,63.682
2874,1783741159.0106845,57.9040,63.682
2875,1783741159.0308275,57.9241,63.682
2876,1783741159.0509617,57.9442,63.682
2877,1783741159.071108,57.9644,63.681
2878,1783741159.0912502,57.9845,63.681
2879,1783741159.1114018,58.0047,63.681
2880,1783741159.131539,58.0248,63.681
2881,1783741159.1516833,58.0450,63.681
2882,1783741159.1718326,58.0651,63.692
2883,1783741159.1919885,58.0853,63.692
2884,1783741159.2121313,58.1054,63.692
2885,1783741159.2323008,58.1256,63.692
2886,1783741159.2524445,58.1457,63.692
2887,1783741159.2726057,58.1659,63.692
2888,1783741159.2927883,58.1861,63.692
2889,1783741159.312929,58.2062,63.692
2890,1783741159.333076,58.2264,63.692
2891,1783741159.3532302,58.2465,63.692
2892,1783741159.3733737,58.2667,63.692
2893,1783741159.3935134,58.2868,63.692
2894,1783741159.41366,58.3069,63.692
2895,1783741159.4338183,58.3271,63.692
2896,1783741159.4539592,58.3472,63.692
2897,1783741159.4740982,58.3674,63.692
2898,1783741159.494245,58.3875,63.692
2899,1783741159.5144,58.4077,63.692
2900,1783741159.5345523,58.4278,63.692
2901,1783741159.5546572,58.4479,63.692
2902,1783741159.574763,58.4680,63.692
2903,1783741159.5948987,58.4882,63.692
2904,1783741159.6150467,58.5083,63.692
2905,1783741159.6351886,58.5285,63.692
2906,1783741159.6553354,58.5486,63.692
2907,1783741159.6754816,58.5688,63.692
2908,1783741159.6956391,58.5889,63.692
2909,1783741159.7157803,58.6091,63.692
2910,1783741159.735922,58.6292,63.692
2911,1783741159.7560675,58.6493,63.683
2912,1783741159.7762253,58.6695,63.683
2913,1783741159.796402,58.6897,63.683
2914,1783741159.8165374,58.7098,63.683
2915,1783741159.836682,58.7300,63.683
2916,1783741159.8568282,58.7501,63.682
2917,1783741159.8769703,58.7702,63.682
2918,1783741159.897112,58.7904,63.682
2919,1783741159.9172578,58.8105,63.682
2920,1783741159.9374146,58.8307,63.682
2921,1783741159.9575598,58.8508,63.672
2922,1783741159.977699,58.8710,63.672
2923,1783741159.9978883,58.8912,63.672
2924,1783741160.0180361,58.9113,63.672
2925,1783741160.038181,58.9315,63.672
2926,1783741160.058318,58.9516,63.672
2927,1783741160.0784647,58.9717,63.672
2928,1783741160.0986106,58.9919,63.672
2929,1783741160.1187656,59.0120,63.672
2930,1783741160.138906,59.0322,63.672
2931,1783741160.159051,59.0523,63.661
2932,1783741160.1791964,59.0725,63.661
2933,1783741160.199342,59.0926,63.661
2934,1783741160.2194843,59.1128,63.661
2935,1783741160.2396271,59.1329,63.661
2936,1783741160.2597735,59.1531,63.661
2937,1783741160.2799337,59.1732,63.661
2938,1783741160.3001053,59.1934,63.661
2939,1783741160.3202426,59.2135,63.661
2940,1783741160.3403866,59.2337,63.661
2941,1783741160.360538,59.2538,63.661
2942,1783741160.3806841,59.2740,63.661
2943,1783741160.4008229,59.2941,63.661
2944,1783741160.4209657,59.3142,63.661
2945,1783741160.4411197,59.3344,63.661
2946,1783741160.4612653,59.3545,63.662
2947,1783741160.4814057,59.3747,63.662
2948,1783741160.5015504,59.3948,63.662
2949,1783741160.5217068,59.4150,63.662
2950,1783741160.5418615,59.4351,63.662
2951,1783741160.5620015,59.4553,63.662
2952,1783741160.5821483,59.4754,63.662
2953,1783741160.6022933,59.4956,63.662
2954,1783741160.622443,59.5157,63.662
2955,1783741160.6425493,59.5358,63.662
2956,1783741160.6626956,59.5560,63.662
2957,1783741160.6828897,59.5762,63.662
2958,1783741160.703046,59.5963,63.662
2959,1783741160.723183,59.6165,63.662
2960,1783741160.743291,59.6366,63.662
2961,1783741160.7634358,59.6567,63.662
2962,1783741160.7835908,59.6769,63.662
2963,1783741160.803776,59.6971,63.662
2964,1783741160.823916,59.7172,63.662
2965,1783741160.844026,59.7373,63.662
2966,1783741160.8641746,59.7575,63.662
2967,1783741160.8843155,59.7776,63.662
2968,1783741160.9044566,59.7977,63.662
2969,1783741160.9246042,59.8179,63.662
2970,1783741160.9447548,59.8380,63.662
2971,1783741160.9648976,59.8582,63.662
2972,1783741160.9850347,59.8783,63.662
2973,1783741161.005183,59.8985,63.662
2974,1783741161.0253384,59.9186,63.662
2975,1783741161.0454493,59.9387,63.662
2976,1783741161.065586,59.9589,63.662
2977,1783741161.0857608,59.9790,63.662
2978,1783741161.1059122,59.9992,63.662
2979,1783741161.1260543,60.0193,63.662
2980,1783741161.1461902,60.0395,63.662
2981,1783741161.1663058,60.0596,63.662
2982,1783741161.1864114,60.0797,63.662
2983,1783741161.2065086,60.0998,63.662
2984,1783741161.2266383,60.1199,63.662
2985,1783741161.2467544,60.1400,63.662
2986,1783741161.2668977,60.1602,63.662
2987,1783741161.2870567,60.1803,63.662
2988,1783741161.3072002,60.2005,63.662
2989,1783741161.3273098,60.2206,63.662
2990,1783741161.3474514,60.2407,63.662
2991,1783741161.367611,60.2609,63.662
2992,1783741161.3877552,60.2810,63.662
2993,1783741161.4078932,60.3012,63.662
2994,1783741161.4280357,60.3213,63.662
2995,1783741161.4481826,60.3415,63.662
2996,1783741161.468326,60.3616,63.662
2997,1783741161.4884644,60.3817,63.662
2998,1783741161.50861,60.4019,63.662
2999,1783741161.5287614,60.4220,63.662
3000,1783741161.548905,60.4422,63.662
3001,1783741161.569041,60.4623,63.661
3002,1783741161.5892215,60.4825,63.661
3003,1783741161.6093757,60.5027,63.661
3004,1783741161.6295233,60.5228,63.661
3005,1783741161.649663,60.5429,63.661
3006,1783741161.6698105,60.5631,63.662
3007,1783741161.6899586,60.5832,63.662
3008,1783741161.7101123,60.6034,63.662
3009,1783741161.730247,60.6235,63.662
3010,1783741161.7503874,60.6437,63.662
3011,1783741161.7705357,60.6638,63.662
3012,1783741161.7906828,60.6840,63.662
3013,1783741161.810826,60.7041,63.662
3014,1783741161.8309667,60.7242,63.662
3015,1783741161.8510766,60.7444,63.662
3016,1783741161.871232,60.7645,63.662
3017,1783741161.8913753,60.7847,63.662
3018,1783741161.9115152,60.8048,63.662
3019,1783741161.9316628,60.8249,63.662
3020,1783741161.951818,60.8451,63.662
3021,1783741161.9719615,60.8652,63.662
3022,1783741161.9921014,60.8854,63.662
3023,1783741162.0122478,60.9055,63.662
3024,1783741162.0323997,60.9257,63.662
3025,1783741162.0525432,60.9458,63.662
3026,1783741162.0726786,60.9660,63.662
3027,1783741162.0928245,60.9861,63.662
3028,1783741162.1129775,61.0063,63.662
3029,1783741162.133123,61.0264,63.662
3030,1783741162.15326,61.0465,63.662
3031,1783741162.1734078,61.0667,63.662
3032,1783741162.1935568,61.0868,63.662
3033,1783741162.2137115,61.1070,63.662
3034,1783741162.2338982,61.1272,63.662
3035,1783741162.254039,61.1473,63.662
3036,1783741162.2741854,61.1675,63.672
3037,1783741162.2943304,61.1876,63.672
3038,1783741162.3144698,61.2077,63.672
3039,1783741162.3346112,61.2279,63.672
3040,1783741162.3547564,61.2480,63.672
3041,1783741162.3749514,61.2682,63.672
3042,1783741162.395093,61.2884,63.672
3043,1783741162.4152327,61.3085,63.672
3044,1783741162.4353802,61.3287,63.672
3045,1783741162.455497,61.3488,63.672
3046,1783741162.4756396,61.3689,63.672
3047,1783741162.4957812,61.3891,63.672
3048,1783741162.5159254,61.4092,63.672
3049,1783741162.5360794,61.4294,63.672
3050,1783741162.556224,61.4495,63.672
3051,1783741162.5763612,61.4696,63.672
3052,1783741162.5965083,61.4898,63.672
3053,1783741162.6166615,61.5099,63.672
3054,1783741162.6368055,61.5301,63.672
3055,1783741162.6569433,61.5502,63.672
3056,1783741162.677091,61.5704,63.672
3057,1783741162.6972382,61.5905,63.672
3058,1783741162.717383,61.6107,63.672
3059,1783741162.73752,61.6308,63.672
3060,1783741162.7576623,61.6509,63.681
3061,1783741162.7778084,61.6711,63.681
3062,1783741162.7979684,61.6912,63.681
3063,1783741162.8181076,61.7114,63.681
3064,1783741162.8382478,61.7315,63.681
3065,1783741162.858425,61.7517,63.681
3066,1783741162.8785837,61.7719,63.681
3067,1783741162.8987718,61.7921,63.681
3068,1783741162.918912,61.8122,63.681
3069,1783741162.9390602,61.8323,63.681
3070,1783741162.9592175,61.8525,63.681
3071,1783741162.9793582,61.8726,63.681
3072,1783741162.999497,61.8928,63.681
3073,1783741163.019644,61.9129,63.681
3074,1783741163.0397887,61.9331,63.681
3075,1783741163.0599291,61.9532,63.681
3076,1783741163.0800672,61.9733,63.681
3077,1783741163.100209,61.9935,63.681
3078,1783741163.1203525,62.0136,63.681
3079,1783741163.1405008,62.0338,63.681
3080,1783741163.1606379,62.0539,63.681
3081,1783741163.1807866,62.0741,63.681
3082,1783741163.2009342,62.0942,63.681
3083,1783741163.221089,62.1144,63.681
3084,1783741163.2412283,62.1345,63.681
3085,1783741163.2613711,62.1547,63.672
3086,1783741163.2815204,62.1748,63.672
3087,1783741163.3016798,62.1950,63.672
3088,1783741163.3218212,62.2151,63.672
3089,1783741163.3419595,62.2352,63.672
3090,1783741163.3621063,62.2554,63.682
3091,1783741163.382262,62.2755,63.682
3092,1783741163.4024045,62.2957,63.682
3093,1783741163.4225433,62.3158,63.682
3094,1783741163.4426904,62.3360,63.682
3095,1783741163.4629064,62.3562,63.682
3096,1783741163.4830494,62.3763,63.682
3097,1783741163.5031888,62.3965,63.682
3098,1783741163.523336,62.4166,63.682
3099,1783741163.5434496,62.4367,63.682
3100,1783741163.5635962,62.4569,63.682
3101,1783741163.5837753,62.4771,63.682
3102,1783741163.6039228,62.4972,63.682
3103,1783741163.6240788,62.5174,63.682
3104,1783741163.6442184,62.5375,63.682
3105,1783741163.664352,62.5576,63.682
3106,1783741163.6845002,62.5778,63.682
3107,1783741163.7046492,62.5979,63.682
3108,1783741163.724802,62.6181,63.682
3109,1783741163.7449393,62.6382,63.682
3110,1783741163.7650833,62.6584,63.673
3111,1783741163.7852325,62.6785,63.673
3112,1783741163.8053896,62.6987,63.673
3113,1783741163.8255305,62.7188,63.673
3114,1783741163.84567,62.7389,63.673
3115,1783741163.865814,62.7591,63.674
3116,1783741163.8859723,62.7793,63.674
3117,1783741163.9061122,62.7994,63.674
3118,1783741163.9262488,62.8195,63.674
3119,1783741163.9463923,62.8397,63.674
3120,1783741163.966553,62.8598,63.673
3121,1783741163.986698,62.8800,63.673
3122,1783741164.0068831,62.9002,63.673
3123,1783741164.0270293,62.9203,63.673
3124,1783741164.0471509,62.9404,63.673
3125,1783741164.0672965,62.9606,63.674
3126,1783741164.087434,62.9807,63.674
3127,1783741164.1075795,63.0009,63.674
3128,1783741164.1277714,63.0211,63.674
3129,1783741164.147943,63.0412,63.674
3130,1783741164.1680827,63.0614,63.674
3131,1783741164.1882308,63.0815,63.674
3132,1783741164.2083821,63.1017,63.674
3133,1783741164.228533,63.1218,63.674
3134,1783741164.2486715,63.1420,63.674
3135,1783741164.2687697,63.1620,63.674
3136,1783741164.2889166,63.1822,63.674
3137,1783741164.3090703,63.2023,63.674
3138,1783741164.3292093,63.2225,63.674
3139,1783741164.34935,63.2426,63.674
3140,1783741164.3694968,63.2628,63.664
3141,1783741164.3896399,63.2829,63.664
3142,1783741164.4097824,63.3031,63.664
3143,1783741164.4299219,63.3232,63.664
3144,1783741164.4500651,63.3433,63.664
3145,1783741164.4702208,63.3635,63.664
3146,1783741164.4903636,63.3836,63.664
3147,1783741164.5105045,63.4038,63.664
3148,1783741164.5306525,63.4239,63.664
3149,1783741164.5508058,63.4441,63.664
3150,1783741164.5709498,63.4642,63.665
3151,1783741164.5910866,63.4844,63.665
3152,1783741164.6112301,63.5045,63.665
3153,1783741164.6313846,63.5247,63.665
3154,1783741164.651529,63.5448,63.665
3155,1783741164.6716661,63.5649,63.665
3156,1783741164.6918135,63.5851,63.665
3157,1783741164.7119613,63.6052,63.665
3158,1783741164.7321045,63.6254,63.665
3159,1783741164.7522418,63.6455,63.665
3160,1783741164.7723868,63.6657,63.665
3161,1783741164.792536,63.6858,63.665
3162,1783741164.81269,63.7060,63.665
3163,1783741164.832832,63.7261,63.665
3164,1783741164.852941,63.7462,63.665
3165,1783741164.8730826,63.7664,63.665
3166,1783741164.8932378,63.7865,63.665
3167,1783741164.9133806,63.8067,63.665
3168,1783741164.9335537,63.8268,63.665
3169,1783741164.9536974,63.8470,63.665
3170,1783741164.9738994,63.8672,63.665
3171,1783741164.994043,63.8873,63.665
3172,1783741165.0141833,63.9075,63.665
3173,1783741165.0343275,63.9276,63.665
3174,1783741165.0544815,63.9478,63.665
3175,1783741165.0746245,63.9679,63.665
3176,1783741165.0947678,63.9880,63.665
3177,1783741165.114913,64.0082,63.665
3178,1783741165.1350677,64.0283,63.665
3179,1783741165.1552129,64.0485,63.665
3180,1783741165.1753483,64.0686,63.665
3181,1783741165.1954951,64.0888,63.665
3182,1783741165.2156458,64.1089,63.665
3183,1783741165.2357917,64.1291,63.665
3184,1783741165.2559319,64.1492,63.665
3185,1783741165.2760763,64.1694,63.665
3186,1783741165.2962255,64.1895,63.665
3187,1783741165.316383,64.2097,63.665
3188,1783741165.3365216,64.2298,63.665
3189,1783741165.3566625,64.2499,63.665
3190,1783741165.3768094,64.2701,63.664
3191,1783741165.3969567,64.2902,63.664
3192,1783741165.4170933,64.3104,63.664
3193,1783741165.4372597,64.3305,63.664
3194,1783741165.4574044,64.3507,63.664
3195,1783741165.477564,64.3708,63.664
3196,1783741165.4977064,64.3910,63.664
3197,1783741165.5178905,64.4112,63.664
3198,1783741165.538036,64.4313,63.664
3199,1783741165.558191,64.4515,63.664
3200,1783741165.5783305,64.4716,63.664
3201,1783741165.5984702,64.4917,63.664
3202,1783741165.618618,64.5119,63.664
3203,1783741165.6387737,64.5321,63.664
3204,1783741165.6589217,64.5522,63.664
3205,1783741165.6790605,64.5723,63.664
3206,1783741165.699206,64.5925,63.664
3207,1783741165.7193573,64.6126,63.664
3208,1783741165.739498,64.6328,63.664
3209,1783741165.7596374,64.6529,63.663
3210,1783741165.7797823,64.6731,63.663
3211,1783741165.799933,64.6932,63.663
3212,1783741165.8200893,64.7134,63.663
3213,1783741165.8402302,64.7335,63.663
3214,1783741165.8603723,64.7537,63.663
3215,1783741165.8805153,64.7738,63.663
3216,1783741165.9006608,64.7939,63.663
3217,1783741165.920804,64.8141,63.663
3218,1783741165.9409428,64.8342,63.663
3219,1783741165.961088,64.8544,63.662
3220,1783741165.9812427,64.8745,63.662
3221,1783741166.0013864,64.8947,63.662
3222,1783741166.0215263,64.9148,63.662
3223,1783741166.0416725,64.9350,63.662
3224,1783741166.0618303,64.9551,63.662
3225,1783741166.081975,64.9753,63.662
3226,1783741166.1020818,64.9954,63.662
3227,1783741166.1221957,65.0155,63.662
3228,1783741166.1423078,65.0356,63.662
3229,1783741166.1624572,65.0557,63.661
3230,1783741166.1825945,65.0759,63.661
3231,1783741166.2027829,65.0961,63.661
3232,1783741166.222964,65.1162,63.661
3233,1783741166.243076,65.1364,63.661
3234,1783741166.263216,65.1565,63.661
3235,1783741166.2833607,65.1766,63.661
3236,1783741166.3035114,65.1968,63.661
3237,1783741166.3236682,65.2169,63.661
3238,1783741166.3437488,65.2370,63.661
3239,1783741166.363888,65.2572,63.662
3240,1783741166.3840344,65.2773,63.662
3241,1783741166.4041858,65.2975,63.662
3242,1783741166.4243245,65.3176,63.662
3243,1783741166.444432,65.3377,63.662
3244,1783741166.464575,65.3579,63.662
3245,1783741166.4847891,65.3781,63.662
3246,1783741166.5049334,65.3982,63.662
3247,1783741166.525073,65.4184,63.662
3248,1783741166.5451868,65.4385,63.662
3249,1783741166.565372,65.4587,63.662
3250,1783741166.5855112,65.4788,63.662
3251,1783741166.6056511,65.4989,63.662
3252,1783741166.6257994,65.5191,63.662
3253,1783741166.6459155,65.5392,63.662
3254,1783741166.6660619,65.5593,63.662
3255,1783741166.6861973,65.5795,63.662
3256,1783741166.7063441,65.5996,63.662
3257,1783741166.726525,65.6198,63.662
3258,1783741166.7466657,65.6399,63.662
3259,1783741166.7668612,65.6601,63.661
3260,1783741166.7870092,65.6803,63.661
3261,1783741166.8071587,65.7004,63.661
3262,1783741166.8273163,65.7206,63.661
3263,1783741166.8474524,65.7407,63.661
3264,1783741166.8675919,65.7609,63.662
3265,1783741166.887786,65.7811,63.662
3266,1783741166.9079416,65.8012,63.662
3267,1783741166.9280849,65.8214,63.662
3268,1783741166.9482253,65.8415,63.662
3269,1783741166.9683678,65.8616,63.662
3270,1783741166.988526,65.8818,63.662
3271,1783741167.0086699,65.9019,63.662
3272,1783741167.0288084,65.9221,63.662
3273,1783741167.048924,65.9422,63.662
3274,1783741167.069071,65.9624,63.663
3275,1783741167.0892155,65.9825,63.663
3276,1783741167.1093504,66.0026,63.663
3277,1783741167.1294937,66.0228,63.663
3278,1783741167.1496432,66.0429,63.663
3279,1783741167.1697881,66.0631,63.662
3280,1783741167.1899273,66.0832,63.662
3281,1783741167.2100744,66.1034,63.662
3282,1783741167.2302265,66.1235,63.662
3283,1783741167.2503698,66.1436,63.662
3284,1783741167.2705083,66.1638,63.662
3285,1783741167.2906554,66.1839,63.662
3286,1783741167.3108034,66.2041,63.662
3287,1783741167.330947,66.2242,63.662
3288,1783741167.3510869,66.2444,63.662
3289,1783741167.371229,66.2645,63.662
3290,1783741167.391376,66.2847,63.662
3291,1783741167.4115317,66.3048,63.662
3292,1783741167.4316728,66.3250,63.662
3293,1783741167.4518135,66.3451,63.662
3294,1783741167.4719563,66.3652,63.662
3295,1783741167.4921167,66.3854,63.662
3296,1783741167.5122874,66.4056,63.662
3297,1783741167.5324273,66.4257,63.662
3298,1783741167.5525723,66.4459,63.662
3299,1783741167.5726888,66.4660,63.662
3300,1783741167.5927963,66.4861,63.662
3301,1783741167.6129203,66.5062,63.662
3302,1783741167.633069,66.5263,63.662
3303,1783741167.6532254,66.5465,63.662
3304,1783741167.6733673,66.5666,63.662
3305,1783741167.6935053,66.5868,63.662
3306,1783741167.7136524,66.6069,63.662
3307,1783741167.7338035,66.6271,63.662
3308,1783741167.7539468,66.6472,63.662
3309,1783741167.774086,66.6674,63.662
3310,1783741167.7942355,66.6875,63.662
3311,1783741167.8143835,66.7077,63.662
3312,1783741167.834539,66.7278,63.662
3313,1783741167.8546455,66.7479,63.662
3314,1783741167.874788,66.7681,63.662
3315,1783741167.8949356,66.7882,63.662
3316,1783741167.915096,66.8084,63.662
3317,1783741167.935239,66.8285,63.662
3318,1783741167.9553776,66.8487,63.662
3319,1783741167.9755254,66.8688,63.662
3320,1783741167.995711,66.8890,63.662
3321,1783741168.0159006,66.9092,63.662
3322,1783741168.0360408,66.9293,63.662
3323,1783741168.0561855,66.9495,63.662
3324,1783741168.0763412,66.9696,63.662
3325,1783741168.096483,66.9898,63.662
3326,1783741168.1166213,67.0099,63.662
3327,1783741168.136769,67.0300,63.662
3328,1783741168.1569176,67.0502,63.662
3329,1783741168.1770618,67.0703,63.662
3330,1783741168.1971962,67.0905,63.662
3331,1783741168.217344,67.1106,63.662
3332,1783741168.2374926,67.1308,63.662
3333,1783741168.2576354,67.1509,63.662
3334,1783741168.2777753,67.1711,63.662
3335,1783741168.2979248,67.1912,63.662
3336,1783741168.3180745,67.2114,63.662
3337,1783741168.3382275,67.2315,63.662
3338,1783741168.3583665,67.2516,63.662
3339,1783741168.3785083,67.2718,63.662
3340,1783741168.3986554,67.2919,63.662
3341,1783741168.4187996,67.3121,63.662
3342,1783741168.4389405,67.3322,63.662
3343,1783741168.4590795,67.3524,63.662
3344,1783741168.479228,67.3725,63.662
3345,1783741168.49939,67.3927,63.662
3346,1783741168.519532,67.4128,63.662
3347,1783741168.539672,67.4330,63.662
3348,1783741168.5598166,67.4531,63.661
3349,1783741168.579962,67.4732,63.661
3350,1783741168.600105,67.4934,63.661
3351,1783741168.620245,67.5135,63.661
3352,1783741168.6403925,67.5337,63.661
3353,1783741168.6605492,67.5538,63.662
3354,1783741168.6806977,67.5740,63.662
3355,1783741168.7008963,67.5942,63.662
3356,1783741168.7210426,67.6143,63.662
3357,1783741168.741197,67.6345,63.662
3358,1783741168.7613432,67.6546,63.662
3359,1783741168.7815123,67.6748,63.662
3360,1783741168.8016603,67.6949,63.662
3361,1783741168.8218012,67.7151,63.662
3362,1783741168.8419464,67.7352,63.662
3363,1783741168.8620884,67.7554,63.662
3364,1783741168.882232,67.7755,63.662
3365,1783741168.9023821,67.7957,63.662
3366,1783741168.9225304,67.8158,63.662
3367,1783741168.942669,67.8359,63.662
3368,1783741168.9627478,67.8560,63.662
3369,1783741168.9828455,67.8761,63.662
3370,1783741169.0029857,67.8963,63.662
3371,1783741169.0231304,67.9164,63.662
3372,1783741169.0432684,67.9365,63.662
3373,1783741169.0634148,67.9567,63.662
3374,1783741169.0835717,67.9769,63.662
3375,1783741169.1037097,67.9970,63.662
3376,1783741169.1238918,68.0172,63.662
3377,1783741169.1440358,68.0373,63.662
3378,1783741169.1641872,68.0575,63.671
3379,1783741169.1843314,68.0776,63.671
3380,1783741169.2044697,68.0977,63.671
3381,1783741169.2246175,68.1179,63.671
3382,1783741169.244772,68.1381,63.671
3383,1783741169.2649212,68.1582,63.672
3384,1783741169.2850962,68.1784,63.672
3385,1783741169.305242,68.1985,63.672
3386,1783741169.325391,68.2187,63.672
3387,1783741169.34554,68.2388,63.672
3388,1783741169.3656828,68.2590,63.672
3389,1783741169.385828,68.2791,63.672
3390,1783741169.405975,68.2993,63.672
3391,1783741169.4261186,68.3194,63.672
3392,1783741169.4462607,68.3395,63.672
3393,1783741169.4664016,68.3597,63.672
3394,1783741169.4865446,68.3798,63.672
3395,1783741169.506706,68.4000,63.672
3396,1783741169.5268977,68.4202,63.672
3397,1783741169.5470366,68.4403,63.672
3398,1783741169.5671825,68.4605,63.671
3399,1783741169.5873299,68.4806,63.671
3400,1783741169.60747,68.5007,63.671
3401,1783741169.6276119,68.5209,63.671
3402,1783741169.6477606,68.5410,63.671
3403,1783741169.6679165,68.5612,63.671
3404,1783741169.6880622,68.5813,63.671
3405,1783741169.708201,68.6015,63.671
3406,1783741169.7283473,68.6216,63.671
3407,1783741169.7485008,68.6418,63.671
3408,1783741169.7686486,68.6619,63.671
3409,1783741169.7887871,68.6821,63.671
3410,1783741169.8089352,68.7022,63.671
3411,1783741169.8290846,68.7224,63.671
3412,1783741169.8492403,68.7425,63.671
3413,1783741169.8693752,68.7627,63.671
3414,1783741169.8895192,68.7828,63.671
3415,1783741169.9096677,68.8029,63.671
3416,1783741169.9298177,68.8231,63.671
3417,1783741169.9499598,68.8432,63.671
3418,1783741169.9700966,68.8634,63.671
3419,1783741169.990208,68.8835,63.671
3420,1783741170.0103533,68.9036,63.671
3421,1783741170.0304608,68.9237,63.671
3422,1783741170.0505955,68.9439,63.671
3423,1783741170.0707638,68.9640,63.671
3424,1783741170.0909216,68.9842,63.671
3425,1783741170.1110592,69.0043,63.671
3426,1783741170.131197,69.0245,63.671
3427,1783741170.15134,69.0446,63.671
3428,1783741170.1714964,69.0648,63.662
3429,1783741170.1916351,69.0849,63.662
3430,1783741170.211772,69.1051,63.662
3431,1783741170.2319164,69.1252,63.662
3432,1783741170.2520664,69.1453,63.662
3433,1783741170.2722142,69.1655,63.662
3434,1783741170.2923496,69.1856,63.662
3435,1783741170.312494,69.2058,63.662
3436,1783741170.33264,69.2259,63.662
3437,1783741170.3527935,69.2461,63.662
3438,1783741170.3729334,69.2662,63.662
3439,1783741170.3930762,69.2864,63.662
3440,1783741170.413225,69.3065,63.662
3441,1783741170.4333785,69.3267,63.662
3442,1783741170.4535165,69.3468,63.662
3443,1783741170.4736545,69.3669,63.663
3444,1783741170.4938,69.3871,63.663
3445,1783741170.5139565,69.4072,63.663
3446,1783741170.534099,69.4274,63.663
3447,1783741170.5542362,69.4475,63.663
3448,1783741170.574408,69.4677,63.663
3449,1783741170.5945616,69.4878,63.663
3450,1783741170.6147027,69.5080,63.663
3451,1783741170.634876,69.5282,63.663
3452,1783741170.6550198,69.5483,63.663
3453,1783741170.6751761,69.5685,63.663
3454,1783741170.6953204,69.5886,63.663
3455,1783741170.7154593,69.6087,63.663
3456,1783741170.7356012,69.6289,63.663
3457,1783741170.7557573,69.6490,63.663
3458,1783741170.7759054,69.6692,63.663
3459,1783741170.7960422,69.6893,63.663
3460,1783741170.816187,69.7095,63.663
3461,1783741170.8363373,69.7296,63.663
3462,1783741170.8564847,69.7498,63.663
3463,1783741170.8766198,69.7699,63.662
3464,1783741170.896763,69.7900,63.662
3465,1783741170.916912,69.8102,63.662
3466,1783741170.9370608,69.8303,63.662
3467,1783741170.9571981,69.8505,63.662
3468,1783741170.977337,69.8706,63.662
3469,1783741170.9974825,69.8908,63.662
3470,1783741171.0176363,69.9109,63.662
3471,1783741171.0377715,69.9311,63.662
3472,1783741171.057879,69.9512,63.662
3473,1783741171.0779896,69.9713,63.662
3474,1783741171.098103,69.9914,63.662
3475,1783741171.1182332,70.0115,63.662
3476,1783741171.1383727,70.0317,63.662
3477,1783741171.1585193,70.0518,63.662
3478,1783741171.1786752,70.0720,63.662
3479,1783741171.1988199,70.0921,63.662
3480,1783741171.2189562,70.1122,63.662
3481,1783741171.239099,70.1324,63.662
3482,1783741171.259252,70.1525,63.662
3483,1783741171.2793965,70.1727,63.672
3484,1783741171.299533,70.1928,63.672
3485,1783741171.319677,70.2130,63.672
3486,1783741171.3398247,70.2331,63.672
3487,1783741171.3599982,70.2533,63.671
3488,1783741171.3801346,70.2734,63.671
3489,1783741171.4002764,70.2936,63.671
3490,1783741171.420417,70.3137,63.671
3491,1783741171.4405713,70.3339,63.671
3492,1783741171.4607084,70.3540,63.671
3493,1783741171.4808998,70.3742,63.671
3494,1783741171.5010204,70.3943,63.671
3495,1783741171.5211184,70.4144,63.671
3496,1783741171.541227,70.4345,63.671
3497,1783741171.5613613,70.4546,63.671
3498,1783741171.581481,70.4748,63.671
3499,1783741171.6016233,70.4949,63.671
3500,1783741171.6217656,70.5150,63.671
3501,1783741171.6419048,70.5352,63.671
3502,1783741171.6620483,70.5553,63.671
3503,1783741171.6822011,70.5755,63.671
3504,1783741171.7023427,70.5956,63.671
3505,1783741171.7224827,70.6158,63.671
3506,1783741171.742625,70.6359,63.671
3507,1783741171.7627804,70.6561,63.671
3508,1783741171.7828944,70.6762,63.671
3509,1783741171.8030188,70.6963,63.671
3510,1783741171.8231626,70.7164,63.671
3511,1783741171.8433137,70.7366,63.671
3512,1783741171.863493,70.7568,63.671
3513,1783741171.883631,70.7769,63.671
3514,1783741171.9037764,70.7971,63.671
3515,1783741171.9239275,70.8172,63.671
3516,1783741171.9440815,70.8374,63.671
3517,1783741171.9641862,70.8575,63.671
3518,1783741171.9843209,70.8776,63.671
3519,1783741172.004467,70.8977,63.671
3520,1783741172.0246253,70.9179,63.671
3521,1783741172.0447686,70.9380,63.671
3522,1783741172.0649076,70.9582,63.671
3523,1783741172.0850506,70.9783,63.671
3524,1783741172.1052058,70.9985,63.671
3525,1783741172.1253505,71.0186,63.671
3526,1783741172.1454897,71.0388,63.671
3527,1783741172.1656375,71.0589,63.671
3528,1783741172.185792,71.0791,63.671
3529,1783741172.2059376,71.0992,63.671
3530,1783741172.226078,71.1194,63.671
3531,1783741172.2462237,71.1395,63.671
3532,1783741172.266378,71.1597,63.661
3533,1783741172.2865238,71.1798,63.661
3534,1783741172.3066626,71.1999,63.661
3535,1783741172.3268075,71.2201,63.661
3536,1783741172.3469627,71.2402,63.661
3537,1783741172.3671114,71.2604,63.661
3538,1783741172.3872519,71.2805,63.661
3539,1783741172.407398,71.3007,63.661
3540,1783741172.4275403,71.3208,63.661
3541,1783741172.4476953,71.3410,63.661
3542,1783741172.4678836,71.3612,63.671
3543,1783741172.488024,71.3813,63.671
3544,1783741172.5081716,71.4015,63.671
3545,1783741172.5283327,71.4216,63.671
3546,1783741172.5484726,71.4418,63.671
3547,1783741172.5686142,71.4619,63.671
3548,1783741172.5887566,71.4820,63.671
3549,1783741172.6089058,71.5022,63.671
3550,1783741172.6290479,71.5223,63.671
3551,1783741172.649223,71.5425,63.671
3552,1783741172.6693707,71.5626,63.671
3553,1783741172.689529,71.5828,63.671
3554,1783741172.7096746,71.6030,63.671
3555,1783741172.729815,71.6231,63.671
3556,1783741172.749962,71.6432,63.671
3557,1783741172.770117,71.6634,63.671
3558,1783741172.790263,71.6835,63.671
3559,1783741172.8104017,71.7037,63.671
3560,1783741172.8305495,71.7238,63.671
3561,1783741172.8507051,71.7440,63.671
3562,1783741172.8708994,71.7642,63.672
3563,1783741172.8910358,71.7843,63.672
3564,1783741172.9111853,71.8045,63.672
3565,1783741172.9313338,71.8246,63.672
3566,1783741172.9514904,71.8448,63.672
3567,1783741172.971631,71.8649,63.672
3568,1783741172.9917746,71.8851,63.672
3569,1783741173.011918,71.9052,63.672
3570,1783741173.032077,71.9254,63.672
3571,1783741173.0522165,71.9455,63.672
3572,1783741173.0723553,71.9656,63.672
3573,1783741173.0925004,71.9858,63.672
3574,1783741173.1126454,72.0059,63.672
3575,1783741173.1328142,72.0261,63.672
3576,1783741173.1529548,72.0462,63.672
3577,1783741173.1731017,72.0664,63.672
3578,1783741173.1932623,72.0865,63.672
3579,1783741173.2134068,72.1067,63.672
3580,1783741173.2335467,72.1268,63.672
3581,1783741173.2536929,72.1470,63.672
3582,1783741173.2738986,72.1672,63.672
3583,1783741173.294044,72.1873,63.672
3584,1783741173.3141813,72.2075,63.672
3585,1783741173.3343277,72.2276,63.672
3586,1783741173.3544788,72.2478,63.672
3587,1783741173.3746276,72.2679,63.672
3588,1783741173.3947675,72.2880,63.672
3589,1783741173.4149144,72.3082,63.672
3590,1783741173.4350622,72.3283,63.672
3591,1783741173.455214,72.3485,63.672
3592,1783741173.4753559,72.3686,63.663
3593,1783741173.4954994,72.3888,63.663
3594,1783741173.5156498,72.4089,63.663
3595,1783741173.5358074,72.4291,63.663
3596,1783741173.5559506,72.4492,63.663
3597,1783741173.5760903,72.4694,63.663
3598,1783741173.5962346,72.4895,63.663
3599,1783741173.616384,72.5097,63.663
3600,1783741173.636527,72.5298,63.663
3601,1783741173.656667,72.5499,63.663
3602,1783741173.6768138,72.5701,63.663
3603,1783741173.6969733,72.5903,63.663
3604,1783741173.7171156,72.6104,63.663
3605,1783741173.7372134,72.6305,63.663
3606,1783741173.757313,72.6506,63.663
3607,1783741173.7774472,72.6707,63.663
3608,1783741173.7975893,72.6909,63.663
3609,1783741173.8177722,72.7111,63.663
3610,1783741173.837915,72.7312,63.663
3611,1783741173.8580627,72.7513,63.663
3612,1783741173.878169,72.7714,63.663
3613,1783741173.8982666,72.7915,63.663
3614,1783741173.9183903,72.8117,63.663
3615,1783741173.938487,72.8318,63.663
3616,1783741173.958615,72.8519,63.663
3617,1783741173.978752,72.8720,63.663
3618,1783741173.998894,72.8922,63.663
3619,1783741174.0190406,72.9123,63.663
3620,1783741174.03919,72.9325,63.663
3621,1783741174.0593278,72.9526,63.663
3622,1783741174.0794663,72.9727,63.663
3623,1783741174.099613,72.9929,63.663
3624,1783741174.1197615,73.0130,63.663
3625,1783741174.1399012,73.0332,63.663
3626,1783741174.160038,73.0533,63.663
3627,1783741174.1801841,73.0735,63.663
3628,1783741174.2003407,73.0936,63.663
3629,1783741174.2204823,73.1138,63.663
3630,1783741174.2406209,73.1339,63.663
3631,1783741174.2607677,73.1540,63.663
3632,1783741174.2809215,73.1742,63.662
3633,1783741174.301067,73.1943,63.662
3634,1783741174.321205,73.2145,63.662
3635,1783741174.3413515,73.2346,63.662
3636,1783741174.3615015,73.2548,63.662
3637,1783741174.3816469,73.2749,63.662
3638,1783741174.4017808,73.2951,63.662
3639,1783741174.4219491,73.3152,63.662
3640,1783741174.4420977,73.3354,63.662
3641,1783741174.4622395,73.3555,63.662
3642,1783741174.4823759,73.3757,63.662
3643,1783741174.5025194,73.3958,63.662
3644,1783741174.522667,73.4159,63.662
3645,1783741174.5428216,73.4361,63.662
3646,1783741174.5629635,73.4562,63.662
3647,1783741174.5831006,73.4764,63.662
3648,1783741174.6032445,73.4965,63.662
3649,1783741174.623398,73.5167,63.662
3650,1783741174.6435392,73.5368,63.662
3651,1783741174.6636765,73.5570,63.663
3652,1783741174.6838202,73.5771,63.663
3653,1783741174.7039769,73.5973,63.663
3654,1783741174.7241185,73.6174,63.663
3655,1783741174.744254,73.6375,63.663
3656,1783741174.7644005,73.6577,63.663
3657,1783741174.7845576,73.6778,63.663
3658,1783741174.8047025,73.6980,63.663
3659,1783741174.824888,73.7182,63.663
3660,1783741174.845029,73.7383,63.663
3661,1783741174.86521,73.7585,63.663
3662,1783741174.8853528,73.7786,63.663
3663,1783741174.90549,73.7988,63.663
3664,1783741174.9256344,73.8189,63.663
3665,1783741174.9457831,73.8391,63.663
3666,1783741174.965936,73.8592,63.663
3667,1783741174.986072,73.8794,63.663
3668,1783741175.0062137,73.8995,63.663
3669,1783741175.0263593,73.9196,63.663
3670,1783741175.046515,73.9398,63.663
3671,1783741175.0666537,73.9599,63.663
3672,1783741175.086792,73.9801,63.663
3673,1783741175.1069376,74.0002,63.663
3674,1783741175.127093,74.0204,63.663
3675,1783741175.14723,74.0405,63.663
3676,1783741175.1673682,74.0606,63.663
3677,1783741175.187514,74.0808,63.663
3678,1783741175.2076972,74.1010,63.663
3679,1783741175.227888,74.1212,63.663
3680,1783741175.248026,74.1413,63.663
3681,1783741175.2681727,74.1615,63.663
3682,1783741175.2883248,74.1816,63.663
3683,1783741175.308467,74.2017,63.663
3684,1783741175.328601,74.2219,63.663
3685,1783741175.348811,74.2421,63.663
3686,1783741175.368965,74.2622,63.663
3687,1783741175.3891144,74.2824,63.663
3688,1783741175.4092472,74.3025,63.663
3689,1783741175.429392,74.3227,63.663
3690,1783741175.4495404,74.3428,63.663
3691,1783741175.4696836,74.3630,63.663
3692,1783741175.4898214,74.3831,63.663
3693,1783741175.5099633,74.4032,63.663
3694,1783741175.5301123,74.4234,63.663
3695,1783741175.5502675,74.4435,63.663
3696,1783741175.5704076,74.4637,63.664
3697,1783741175.590546,74.4838,63.664
3698,1783741175.6106923,74.5040,63.664
3699,1783741175.630905,74.5242,63.664
3700,1783741175.6510482,74.5443,63.664
3701,1783741175.6711845,74.5645,63.663
3702,1783741175.6913302,74.5846,63.663
3703,1783741175.7115152,74.6048,63.663
3704,1783741175.7316573,74.6249,63.663
3705,1783741175.7517924,74.6451,63.663
3706,1783741175.7719386,74.6652,63.663
3707,1783741175.792096,74.6854,63.663
3708,1783741175.8122406,74.7055,63.663
3709,1783741175.8323789,74.7257,63.663
3710,1783741175.8525202,74.7458,63.663
3711,1783741175.8726733,74.7660,63.663
3712,1783741175.89282,74.7861,63.663
3713,1783741175.9129562,74.8062,63.663
3714,1783741175.933102,74.8264,63.663
3715,1783741175.9532487,74.8465,63.663
3716,1783741175.9734035,74.8667,63.664
3717,1783741175.9935431,74.8868,63.664
3718,1783741176.0136862,74.9070,63.664
3719,1783741176.0338342,74.9271,63.664
3720,1783741176.053988,74.9473,63.664
3721,1783741176.074125,74.9674,63.664
3722,1783741176.094264,74.9875,63.664
3723,1783741176.1144052,75.0077,63.664
3724,1783741176.1345625,75.0278,63.664
3725,1783741176.1547022,75.0480,63.664
3726,1783741176.174881,75.0682,63.664
3727,1783741176.1950257,75.0883,63.664
3728,1783741176.215184,75.1085,63.664
3729,1783741176.2353268,75.1286,63.664
3730,1783741176.2554631,75.1487,63.664
3731,1783741176.2756112,75.1689,63.664
3732,1783741176.2957683,75.1890,63.664
3733,1783741176.3159087,75.2092,63.664
3734,1783741176.3360457,75.2293,63.664
3735,1783741176.356189,75.2495,63.664
3736,1783741176.3763397,75.2696,63.664
3737,1783741176.396486,75.2898,63.664
3738,1783741176.416622,75.3099,63.664
3739,1783741176.4367673,75.3300,63.664
3740,1783741176.4569154,75.3502,63.664
3741,1783741176.477063,75.3703,63.664
3742,1783741176.4972293,75.3905,63.664
3743,1783741176.517374,75.4107,63.664
3744,1783741176.5375202,75.4308,63.664
3745,1783741176.5576725,75.4510,63.664
3746,1783741176.5778131,75.4711,63.664
3747,1783741176.5979514,75.4912,63.664
3748,1783741176.6180987,75.5114,63.664
3749,1783741176.6382535,75.5315,63.664
3750,1783741176.6583955,75.5517,63.664
3751,1783741176.6785333,75.5718,63.664
3752,1783741176.6986778,75.5920,63.664
3753,1783741176.718834,75.6121,63.664
3754,1783741176.7389722,75.6323,63.664
3755,1783741176.7591174,75.6524,63.664
3756,1783741176.7792594,75.6725,63.664
3757,1783741176.799415,75.6927,63.664
3758,1783741176.8195589,75.7128,63.664
3759,1783741176.8396966,75.7330,63.664
3760,1783741176.859891,75.7532,63.664
3761,1783741176.880039,75.7733,63.664
3762,1783741176.9001858,75.7935,63.664
3763,1783741176.9203224,75.8136,63.664
3764,1783741176.9404666,75.8337,63.664
3765,1783741176.9606194,75.8539,63.664
3766,1783741176.9807677,75.8740,63.663
3767,1783741177.0009332,75.8942,63.663
3768,1783741177.0210779,75.9144,63.663
3769,1783741177.0412252,75.9345,63.663
3770,1783741177.06138,75.9547,63.663
3771,1783741177.0814803,75.9748,63.663
3772,1783741177.1015923,75.9949,63.663
3773,1783741177.1217127,76.0150,63.663
3774,1783741177.1418974,76.0352,63.663
3775,1783741177.16204,76.0553,63.663
3776,1783741177.1821425,76.0754,63.663
3777,1783741177.2022607,76.0955,63.663
3778,1783741177.2224102,76.1157,63.663
3779,1783741177.2425528,76.1358,63.663
3780,1783741177.26269,76.1560,63.663
3781,1783741177.2828646,76.1761,63.663
3782,1783741177.3030038,76.1963,63.663
3783,1783741177.3231404,76.2164,63.663
3784,1783741177.3432746,76.2366,63.663
3785,1783741177.3634205,76.2567,63.663
3786,1783741177.3835366,76.2768,63.663
3787,1783741177.403659,76.2969,63.663
3788,1783741177.4237854,76.3171,63.663
3789,1783741177.4439301,76.3372,63.663
3790,1783741177.464074,76.3574,63.663
3791,1783741177.4842205,76.3775,63.663
3792,1783741177.5043592,76.3976,63.663
3793,1783741177.5245032,76.4178,63.663
3794,1783741177.5446503,76.4379,63.663
3795,1783741177.5648012,76.4581,63.662
3796,1783741177.584943,76.4782,63.662
3797,1783741177.605081,76.4984,63.662
3798,1783741177.6252294,76.5185,63.662
3799,1783741177.645388,76.5387,63.662
3800,1783741177.6655302,76.5588,63.662
3801,1783741177.6856685,76.5789,63.662
3802,1783741177.7058115,76.5991,63.662
3803,1783741177.725969,76.6192,63.662
3804,1783741177.7461064,76.6394,63.662
3805,1783741177.7662432,76.6595,63.662
3806,1783741177.7864206,76.6797,63.662
3807,1783741177.806571,76.6999,63.662
3808,1783741177.8267128,76.7200,63.662
3809,1783741177.8468938,76.7402,63.662
3810,1783741177.8670413,76.7603,63.662
3811,1783741177.8871918,76.7805,63.662
3812,1783741177.907337,76.8006,63.662
3813,1783741177.9274726,76.8208,63.662
3814,1783741177.9476175,76.8409,63.662
3815,1783741177.9677677,76.8610,63.662
3816,1783741177.987911,76.8812,63.662
3817,1783741178.0080492,76.9013,63.662
3818,1783741178.028192,76.9215,63.662
3819,1783741178.0483384,76.9416,63.662
3820,1783741178.0684876,76.9618,63.662
3821,1783741178.0886283,76.9819,63.662
3822,1783741178.1087708,77.0020,63.662
3823,1783741178.1289153,77.0222,63.662
3824,1783741178.1490655,77.0423,63.662
3825,1783741178.1692066,77.0625,63.663
3826,1783741178.189345,77.0826,63.663
3827,1783741178.2094915,77.1028,63.663
3828,1783741178.2296467,77.1229,63.663
3829,1783741178.2497876,77.1431,63.663
3830,1783741178.2699525,77.1632,63.662
3831,1783741178.2900956,77.1834,63.662
3832,1783741178.3102517,77.2035,63.662
3833,1783741178.3303938,77.2237,63.662
3834,1783741178.3505304,77.2438,63.662
3835,1783741178.370673,77.2640,63.662
3836,1783741178.3908253,77.2841,63.662
3837,1783741178.4109616,77.3042,63.662
3838,1783741178.4310937,77.3244,63.662
3839,1783741178.4512386,77.3445,63.662
3840,1783741178.4713874,77.3647,63.662
3841,1783741178.4915316,77.3848,63.662
3842,1783741178.5116634,77.4049,63.662
3843,1783741178.531806,77.4251,63.662
3844,1783741178.5519507,77.4452,63.662
3845,1783741178.5721045,77.4654,63.662
3846,1783741178.5922446,77.4855,63.662
3847,1783741178.612383,77.5057,63.662
3848,1783741178.6325293,77.5258,63.662
3849,1783741178.652684,77.5460,63.662
3850,1783741178.6728258,77.5661,63.663
3851,1783741178.6929626,77.5862,63.663
3852,1783741178.7131066,77.6064,63.663
3853,1783741178.733263,77.6265,63.663
3854,1783741178.7534037,77.6467,63.663
3855,1783741178.7735422,77.6668,63.663
3856,1783741178.7936873,77.6870,63.663
3857,1783741178.8138697,77.7071,63.663
3858,1783741178.8340118,77.7273,63.663
3859,1783741178.8541486,77.7474,63.663
3860,1783741178.8742938,77.7676,63.663
3861,1783741178.8944502,77.7877,63.663
3862,1783741178.9145968,77.8079,63.663
3863,1783741178.934775,77.8281,63.663
3864,1783741178.9549203,77.8482,63.663
3865,1783741178.9750774,77.8684,63.664
3866,1783741178.9952247,77.8885,63.664
3867,1783741179.0153627,77.9086,63.664
3868,1783741179.0355086,77.9288,63.664
3869,1783741179.0556898,77.9490,63.664
3870,1783741179.0758712,77.9692,63.664
3871,1783741179.0960102,77.9893,63.664
3872,1783741179.116152,78.0094,63.664
3873,1783741179.1362984,78.0296,63.664
3874,1783741179.1564534,78.0497,63.664
3875,1783741179.1765933,78.0699,63.663
3876,1783741179.1967795,78.0901,63.663
3877,1783741179.2169237,78.1102,63.663
3878,1783741179.2370803,78.1304,63.663
3879,1783741179.2572215,78.1505,63.663
3880,1783741179.27736,78.1706,63.664
3881,1783741179.297504,78.1908,63.664
3882,1783741179.3176558,78.2109,63.664
3883,1783741179.3377974,78.2311,63.664
3884,1783741179.3578951,78.2512,63.664
3885,1783741179.3779883,78.2713,63.664
3886,1783741179.398079,78.2914,63.664
3887,1783741179.4181626,78.3114,63.664
3888,1783741179.4382489,78.3315,63.664
3889,1783741179.458378,78.3517,63.664
3890,1783741179.4785314,78.3718,63.664
3891,1783741179.4986782,78.3920,63.664
3892,1783741179.5188153,78.4121,63.664
3893,1783741179.5389616,78.4322,63.664
3894,1783741179.5591419,78.4524,63.664
3895,1783741179.5792909,78.4726,63.664
3896,1783741179.5994263,78.4927,63.664
3897,1783741179.6195674,78.5128,63.664
3898,1783741179.639711,78.5330,63.664
3899,1783741179.659898,78.5532,63.664
3900,1783741179.6800342,78.5733,63.664
3901,1783741179.7001715,78.5935,63.664
3902,1783741179.7203183,78.6136,63.664
3903,1783741179.7404757,78.6338,63.664
3904,1783741179.760613,78.6539,63.664
3905,1783741179.7807517,78.6740,63.664
3906,1783741179.8008916,78.6942,63.664
3907,1783741179.8210497,78.7143,63.664
3908,1783741179.8411884,78.7345,63.664
3909,1783741179.8613262,78.7546,63.664
3910,1783741179.8814678,78.7747,63.664
3911,1783741179.9016254,78.7949,63.664
3912,1783741179.9217687,78.8150,63.664
3913,1783741179.9419045,78.8352,63.664
3914,1783741179.96205,78.8553,63.664
3915,1783741179.982199,78.8755,63.663
3916,1783741180.002343,78.8956,63.663
3917,1783741180.0224833,78.9158,63.663
3918,1783741180.0426283,78.9359,63.663
3919,1783741180.062776,78.9561,63.663
3920,1783741180.0829256,78.9762,63.663
3921,1783741180.103065,78.9963,63.663
3922,1783741180.1232069,79.0165,63.663
3923,1783741180.143355,79.0366,63.663
3924,1783741180.1635067,79.0568,63.663
3925,1783741180.1836452,79.0769,63.663
3926,1783741180.2037845,79.0971,63.663
3927,1783741180.2239304,79.1172,63.663
3928,1783741180.2440863,79.1374,63.663
3929,1783741180.2642288,79.1575,63.663
3930,1783741180.2843668,79.1776,63.663
3931,1783741180.304509,79.1978,63.663
3932,1783741180.324667,79.2179,63.663
3933,1783741180.3448834,79.2382,63.663
3934,1783741180.3650224,79.2583,63.663
3935,1783741180.3851688,79.2784,63.663
3936,1783741180.4053175,79.2986,63.663
3937,1783741180.425458,79.3187,63.663
3938,1783741180.445592,79.3389,63.663
3939,1783741180.4657845,79.3591,63.663
3940,1783741180.4859378,79.3792,63.663
3941,1783741180.506086,79.3994,63.663
3942,1783741180.526222,79.4195,63.663
3943,1783741180.5463667,79.4396,63.663
3944,1783741180.5665107,79.4598,63.663
3945,1783741180.5866601,79.4799,63.663
3946,1783741180.606796,79.5001,63.663
3947,1783741180.626938,79.5202,63.663
3948,1783741180.6470861,79.5404,63.663
3949,1783741180.6672416,79.5605,63.663
3950,1783741180.6873817,79.5807,63.663
3951,1783741180.707519,79.6008,63.663
3952,1783741180.7276642,79.6209,63.663
3953,1783741180.7478085,79.6411,63.663
3954,1783741180.767951,79.6612,63.663
3955,1783741180.7880886,79.6814,63.663
3956,1783741180.808233,79.7015,63.663
3957,1783741180.82839,79.7217,63.663
3958,1783741180.848559,79.7418,63.663
3959,1783741180.8687696,79.7620,63.663
3960,1783741180.8889124,79.7822,63.663
3961,1783741180.9090676,79.8023,63.663
3962,1783741180.9292097,79.8225,63.663
3963,1783741180.9493473,79.8426,63.663
3964,1783741180.9694922,79.8628,63.664
3965,1783741180.9896433,79.8829,63.664
3966,1783741181.0097895,79.9031,63.664
3967,1783741181.0299258,79.9232,63.664
3968,1783741181.0500708,79.9433,63.664
3969,1783741181.0702183,79.9635,63.663
3970,1783741181.090366,79.9836,63.663
3971,1783741181.1105058,80.0038,63.663
3972,1783741181.1306486,80.0239,63.663
3973,1783741181.150796,80.0441,63.663
3974,1783741181.1709485,80.0642,63.663
3975,1783741181.1910877,80.0844,63.663
3976,1783741181.2112248,80.1045,63.663
3977,1783741181.2313712,80.1247,63.663
3978,1783741181.2515213,80.1448,63.663
3979,1783741181.2716634,80.1649,63.663
3980,1783741181.2918007,80.1851,63.663
3981,1783741181.311945,80.2052,63.663
3982,1783741181.3320982,80.2254,63.663
3983,1783741181.3522391,80.2455,63.663
3984,1783741181.3723762,80.2657,63.663
3985,1783741181.3925197,80.2858,63.663
3986,1783741181.4126647,80.3059,63.663
3987,1783741181.4328065,80.3261,63.663
3988,1783741181.4529433,80.3462,63.663
3989,1783741181.4730852,80.3664,63.663
3990,1783741181.4932387,80.3865,63.663
3991,1783741181.513384,80.4067,63.663
3992,1783741181.5335207,80.4268,63.663
3993,1783741181.5536644,80.4469,63.663
3994,1783741181.5738158,80.4671,63.663
3995,1783741181.5939639,80.4872,63.663
3996,1783741181.6140995,80.5074,63.663
3997,1783741181.6342678,80.5275,63.663
3998,1783741181.6544154,80.5477,63.663
3999,1783741181.6745656,80.5678,63.663
4000,1783741181.6947033,80.5880,63.663
4001,1783741181.714895,80.6082,63.663
4002,1783741181.7350419,80.6283,63.663
4003,1783741181.7551918,80.6485,63.663
4004,1783741181.775333,80.6686,63.663
4005,1783741181.79547,80.6887,63.663
4006,1783741181.8156123,80.7089,63.663
4007,1783741181.8357704,80.7290,63.663
4008,1783741181.8559124,80.7492,63.663
4009,1783741181.87605,80.7693,63.662
4010,1783741181.8961952,80.7895,63.662
4011,1783741181.9163513,80.8096,63.662
4012,1783741181.9364948,80.8298,63.662
4013,1783741181.9566329,80.8499,63.662
4014,1783741181.9767785,80.8701,63.662
4015,1783741181.996932,80.8902,63.662
4016,1783741182.0170782,80.9104,63.662
4017,1783741182.0372128,80.9305,63.662
4018,1783741182.0573592,80.9506,63.662
4019,1783741182.0775125,80.9708,63.662
4020,1783741182.0976624,80.9909,63.662
4021,1783741182.1178007,81.0111,63.662
4022,1783741182.1379716,81.0313,63.662
4023,1783741182.1581206,81.0514,63.662
4024,1783741182.1782756,81.0716,63.662
4025,1783741182.1984138,81.0917,63.662
4026,1783741182.2185495,81.1118,63.662
4027,1783741182.2386944,81.1320,63.662
4028,1783741182.2588978,81.1522,63.662
4029,1783741182.2790382,81.1723,63.661
4030,1783741182.299176,81.1925,63.661
4031,1783741182.31932,81.2126,63.661
4032,1783741182.339478,81.2328,63.661
4033,1783741182.3596208,81.2529,63.661
4034,1783741182.3797567,81.2730,63.661
4035,1783741182.399903,81.2932,63.661
4036,1783741182.4200447,81.3133,63.661
4037,1783741182.4401853,81.3335,63.661
4038,1783741182.460322,81.3536,63.661
4039,1783741182.480468,81.3737,63.661
4040,1783741182.500622,81.3939,63.661
4041,1783741182.5207691,81.4140,63.661
4042,1783741182.540905,81.4342,63.661
4043,1783741182.5610485,81.4543,63.661
4044,1783741182.5812001,81.4745,63.661
4045,1783741182.6013389,81.4946,63.661
4046,1783741182.6214767,81.5148,63.661
4047,1783741182.6416216,81.5349,63.661
4048,1783741182.6617715,81.5551,63.661
4049,1783741182.6819255,81.5752,63.661
4050,1783741182.702064,81.5953,63.661
4051,1783741182.7222023,81.6155,63.661
4052,1783741182.742347,81.6356,63.661
4053,1783741182.762499,81.6558,63.661
4054,1783741182.7826405,81.6759,63.661
4055,1783741182.802779,81.6961,63.661
4056,1783741182.8229244,81.7162,63.661
4057,1783741182.8430815,81.7364,63.661
4058,1783741182.8632236,81.7565,63.661
4059,1783741182.8833308,81.7766,63.661
4060,1783741182.9034765,81.7968,63.661
4061,1783741182.9236598,81.8169,63.661
4062,1783741182.9438024,81.8371,63.661
4063,1783741182.963938,81.8572,63.661
4064,1783741182.9840853,81.8774,63.661
4065,1783741183.0042408,81.8975,63.661
4066,1783741183.0243864,81.9177,63.661
4067,1783741183.044522,81.9378,63.661
4068,1783741183.0646656,81.9579,63.661
4069,1783741183.0848136,81.9781,63.661
4070,1783741183.1049619,81.9982,63.661
4071,1783741183.1250927,82.0184,63.661
4072,1783741183.1452377,82.0385,63.661
4073,1783741183.1653833,82.0587,63.662
4074,1783741183.1855369,82.0788,63.662
4075,1783741183.2056763,82.0990,63.662
4076,1783741183.2258165,82.1191,63.662
4077,1783741183.2459602,82.1392,63.662
4078,1783741183.266117,82.1594,63.662
4079,1783741183.286255,82.1795,63.662
4080,1783741183.3063939,82.1997,63.662
4081,1783741183.326537,82.2198,63.662
4082,1783741183.346691,82.2400,63.662
4083,1783741183.3668609,82.2601,63.662
4084,1783741183.386998,82.2803,63.662
4085,1783741183.4071672,82.3004,63.662
4086,1783741183.4273152,82.3206,63.662
4087,1783741183.447457,82.3407,63.662
4088,1783741183.4675927,82.3609,63.662
4089,1783741183.487778,82.3811,63.662
4090,1783741183.5079296,82.4012,63.662
4091,1783741183.5280766,82.4214,63.662
4092,1783741183.5482132,82.4415,63.662
4093,1783741183.5683587,82.4616,63.662
4094,1783741183.588505,82.4818,63.662
4095,1783741183.608646,82.5019,63.662
4096,1783741183.6287847,82.5221,63.662
4097,1783741183.6489282,82.5422,63.662
4098,1783741183.6690695,82.5623,63.662
4099,1783741183.6892202,82.5825,63.662
4100,1783741183.709358,82.6026,63.662
4101,1783741183.7295005,82.6228,63.662
4102,1783741183.7496436,82.6429,63.662
4103,1783741183.7698004,82.6631,63.662
4104,1783741183.7899392,82.6832,63.662
4105,1783741183.8100832,82.7034,63.662
4106,1783741183.830229,82.7235,63.662
4107,1783741183.850381,82.7437,63.662
4108,1783741183.8705223,82.7638,63.662
4109,1783741183.8906596,82.7839,63.662
4110,1783741183.9108047,82.8041,63.662
4111,1783741183.9309597,82.8242,63.662
4112,1783741183.9510984,82.8444,63.662
4113,1783741183.9712358,82.8645,63.662
4114,1783741183.9913812,82.8847,63.662
4115,1783741184.0115345,82.9048,63.662
4116,1783741184.0316756,82.9250,63.662
4117,1783741184.0518134,82.9451,63.662
4118,1783741184.0719552,82.9652,63.662
4119,1783741184.0921052,82.9854,63.662
4120,1783741184.1122494,83.0055,63.662
4121,1783741184.132385,83.0257,63.662
4122,1783741184.152531,83.0458,63.662
4123,1783741184.1726794,83.0660,63.662
4124,1783741184.1929023,83.0862,63.662
4125,1783741184.2130644,83.1063,63.662
4126,1783741184.233213,83.1265,63.662
4127,1783741184.2533596,83.1466,63.662
4128,1783741184.2735124,83.1668,63.662
4129,1783741184.2936528,83.1869,63.662
4130,1783741184.3137908,83.2071,63.662
4131,1783741184.3339372,83.2272,63.662
4132,1783741184.3540928,83.2474,63.662
4133,1783741184.374235,83.2675,63.663
4134,1783741184.3943715,83.2877,63.663
4135,1783741184.4145129,83.3078,63.663
4136,1783741184.434667,83.3279,63.663
4137,1783741184.45481,83.3481,63.663
4138,1783741184.4749455,83.3682,63.663
4139,1783741184.4950905,83.3884,63.663
4140,1783741184.5152452,83.4085,63.663
4141,1783741184.5353894,83.4287,63.663
4142,1783741184.5555274,83.4488,63.663
4143,1783741184.5756707,83.4689,63.663
4144,1783741184.5958226,83.4891,63.663
4145,1783741184.615965,83.5092,63.663
4146,1783741184.6361024,83.5294,63.663
4147,1783741184.6562476,83.5495,63.663
4148,1783741184.6763952,83.5697,63.662
4149,1783741184.6965714,83.5899,63.662
4150,1783741184.7167122,83.6100,63.662
4151,1783741184.7369075,83.6302,63.662
4152,1783741184.7570524,83.6503,63.662
4153,1783741184.777203,83.6705,63.662
4154,1783741184.7973409,83.6906,63.662
4155,1783741184.8174794,83.7108,63.662
4156,1783741184.837625,83.7309,63.662
4157,1783741184.8577824,83.7511,63.662
4158,1783741184.8779235,83.7712,63.662
4159,1783741184.8980613,83.7913,63.662
4160,1783741184.9182055,83.8115,63.662
4161,1783741184.9383597,83.8316,63.662
4162,1783741184.958501,83.8518,63.662
4163,1783741184.978637,83.8719,63.662
4164,1783741184.9987838,83.8921,63.662
4165,1783741185.0189376,83.9122,63.662
4166,1783741185.0390801,83.9324,63.662
4167,1783741185.059218,83.9525,63.662
4168,1783741185.0793614,83.9726,63.662
4169,1783741185.0995138,83.9928,63.662
4170,1783741185.1196613,84.0129,63.662
4171,1783741185.1397948,84.0331,63.662
4172,1783741185.1599402,84.0532,63.662
4173,1783741185.1800888,84.0734,63.662
4174,1783741185.2002409,84.0935,63.662
4175,1783741185.2203817,84.1137,63.662
4176,1783741185.240524,84.1338,63.662
4177,1783741185.2606707,84.1539,63.662
4178,1783741185.2808218,84.1741,63.662
4179,1783741185.3009615,84.1942,63.662
4180,1783741185.3211002,84.2144,63.662
4181,1783741185.3412447,84.2345,63.662
4182,1783741185.361397,84.2547,63.662
4183,1783741185.381539,84.2748,63.662
4184,1783741185.4016757,84.2950,63.662
4185,1783741185.4218154,84.3151,63.662
4186,1783741185.441968,84.3352,63.662
4187,1783741185.4621084,84.3554,63.662
4188,1783741185.482272,84.3756,63.662
4189,1783741185.5024152,84.3957,63.662
4190,1783741185.5225677,84.4158,63.662
4191,1783741185.5427094,84.4360,63.662
4192,1783741185.5628886,84.4562,63.662
4193,1783741185.5830343,84.4763,63.662
4194,1783741185.603177,84.4965,63.662
4195,1783741185.6233242,84.5166,63.662
4196,1783741185.6434612,84.5367,63.662
4197,1783741185.6636045,84.5569,63.662
4198,1783741185.6837914,84.5771,63.663
4199,1783741185.7039423,84.5972,63.663
4200,1783741185.724082,84.6174,63.663
4201,1783741185.7442243,84.6375,63.663
4202,1783741185.7643719,84.6577,63.663
4203,1783741185.7845268,84.6778,63.663
4204,1783741185.8046677,84.6979,63.663
4205,1783741185.824806,84.7181,63.663
4206,1783741185.844952,84.7382,63.663
4207,1783741185.8651078,84.7584,63.663
4208,1783741185.885251,84.7785,63.663
4209,1783741185.9053886,84.7987,63.663
4210,1783741185.9255335,84.8188,63.663
4211,1783741185.945691,84.8390,63.663
4212,1783741185.9658606,84.8591,63.663
4213,1783741185.9860249,84.8793,63.663
4214,1783741186.006171,84.8995,63.663
4215,1783741186.0263271,84.9196,63.663
4216,1783741186.0464706,84.9397,63.663
4217,1783741186.066608,84.9599,63.663
4218,1783741186.0867546,84.9800,63.663
4219,1783741186.106906,85.0002,63.663
4220,1783741186.1270452,85.0203,63.663
4221,1783741186.1471798,85.0405,63.663
4222,1783741186.1673236,85.0606,63.664
4223,1783741186.187474,85.0808,63.664
4224,1783741186.207623,85.1009,63.664
4225,1783741186.2277613,85.1210,63.664
4226,1783741186.247904,85.1412,63.664
4227,1783741186.2680504,85.1613,63.663
4228,1783741186.2882025,85.1815,63.663
4229,1783741186.3083422,85.2016,63.663
4230,1783741186.32848,85.2218,63.663
4231,1783741186.348625,85.2419,63.663
4232,1783741186.368779,85.2621,63.663
4233,1783741186.3889208,85.2822,63.663
4234,1783741186.4090579,85.3023,63.663
4235,1783741186.4291997,85.3225,63.663
4236,1783741186.4493535,85.3426,63.663
4237,1783741186.4694948,85.3628,63.663
4238,1783741186.4896326,85.3829,63.663
4239,1783741186.5097754,85.4031,63.663
4240,1783741186.5299263,85.4232,63.663
4241,1783741186.5500696,85.4433,63.663
4242,1783741186.5702064,85.4635,63.664
4243,1783741186.5903518,85.4836,63.664
4244,1783741186.6104977,85.5038,63.664
4245,1783741186.6306453,85.5239,63.664
4246,1783741186.6507816,85.5441,63.664
4247,1783741186.6709268,85.5642,63.663
4248,1783741186.691078,85.5844,63.663
4249,1783741186.7112246,85.6045,63.663
4250,1783741186.731364,85.6246,63.663
4251,1783741186.7515035,85.6448,63.663
4252,1783741186.7716768,85.6650,63.663
4253,1783741186.7918308,85.6851,63.663
4254,1783741186.8119707,85.7052,63.663
4255,1783741186.8321075,85.7254,63.663
4256,1783741186.8522527,85.7455,63.663
4257,1783741186.8724067,85.7657,63.663
4258,1783741186.892544,85.7858,63.663
4259,1783741186.91268,85.8060,63.663
4260,1783741186.9328249,85.8261,63.663
4261,1783741186.9529817,85.8463,63.663
4262,1783741186.9731243,85.8664,63.663
4263,1783741186.9932618,85.8865,63.663
4264,1783741187.0134084,85.9067,63.663
4265,1783741187.0335627,85.9268,63.663
4266,1783741187.0537076,85.9470,63.663
4267,1783741187.0738888,85.9672,63.663
4268,1783741187.0940335,85.9873,63.663
4269,1783741187.1141844,86.0075,63.663
4270,1783741187.1343315,86.0276,63.663
4271,1783741187.154467,86.0477,63.663
4272,1783741187.1746123,86.0679,63.663
4273,1783741187.194763,86.0880,63.663
4274,1783741187.2149115,86.1082,63.663
4275,1783741187.2350507,86.1283,63.663
4276,1783741187.2551944,86.1485,63.663
4277,1783741187.2753706,86.1686,63.663
4278,1783741187.29552,86.1888,63.663
4279,1783741187.3156571,86.2089,63.663
4280,1783741187.3357933,86.2291,63.663
4281,1783741187.3559406,86.2492,63.663
4282,1783741187.3760958,86.2694,63.663
4283,1783741187.3962379,86.2895,63.663
4284,1783741187.4163756,86.3097,63.663
4285,1783741187.4365194,86.3298,63.663
4286,1783741187.456676,86.3500,63.663
4287,1783741187.4768126,86.3701,63.663
4288,1783741187.4969485,86.3902,63.663
4289,1783741187.517094,86.4104,63.663
4290,1783741187.5372455,86.4305,63.663
4291,1783741187.5573876,86.4507,63.663
4292,1783741187.5775251,86.4708,63.663
4293,1783741187.5976708,86.4909,63.663
4294,1783741187.617823,86.5111,63.663
4295,1783741187.6379664,86.5312,63.663
4296,1783741187.6581035,86.5514,63.663
4297,1783741187.6782484,86.5715,63.663
4298,1783741187.6984,86.5917,63.663
4299,1783741187.7185447,86.6118,63.663
4300,1783741187.7386832,86.6320,63.663
4301,1783741187.7588272,86.6521,63.663
4302,1783741187.778974,86.6723,63.663
4303,1783741187.7991269,86.6924,63.663
4304,1783741187.8192675,86.7125,63.663
4305,1783741187.8394055,86.7327,63.663
4306,1783741187.8595514,86.7528,63.663
4307,1783741187.8797095,86.7730,63.663
4308,1783741187.8998933,86.7932,63.663
4309,1783741187.920031,86.8133,63.663
4310,1783741187.9401753,86.8335,63.663
4311,1783741187.9603326,86.8536,63.663
4312,1783741187.9804735,86.8738,63.663
4313,1783741188.000609,86.8939,63.663
4314,1783741188.0207555,86.9140,63.663
4315,1783741188.0409079,86.9342,63.663
4316,1783741188.0610769,86.9544,63.663
4317,1783741188.081215,86.9745,63.663
4318,1783741188.1013615,86.9946,63.663
4319,1783741188.1215174,87.0148,63.663
4320,1783741188.1416602,87.0349,63.663
4321,1783741188.1617966,87.0551,63.663
4322,1783741188.1819408,87.0752,63.663
4323,1783741188.2020926,87.0954,63.663
4324,1783741188.2222373,87.1155,63.663
4325,1783741188.2423754,87.1357,63.663
4326,1783741188.2625172,87.1558,63.663
4327,1783741188.282663,87.1759,63.664
4328,1783741188.3028169,87.1961,63.664
4329,1783741188.3229563,87.2162,63.664
4330,1783741188.343098,87.2364,63.664
4331,1783741188.3632405,87.2565,63.664
4332,1783741188.383396,87.2767,63.663
4333,1783741188.4035366,87.2968,63.663
4334,1783741188.4236739,87.3170,63.663
4335,1783741188.443818,87.3371,63.663
4336,1783741188.46397,87.3572,63.663
4337,1783741188.4841094,87.3774,63.663
4338,1783741188.5042486,87.3975,63.663
4339,1783741188.5243945,87.4177,63.663
4340,1783741188.5445712,87.4379,63.663
4341,1783741188.5647113,87.4580,63.663
4342,1783741188.5849032,87.4782,63.663
4343,1783741188.6050444,87.4983,63.663
4344,1783741188.625195,87.5185,63.663
4345,1783741188.6453412,87.5386,63.663
4346,1783741188.6654775,87.5588,63.663
4347,1783741188.6856234,87.5789,63.663
4348,1783741188.705777,87.5991,63.663
4349,1783741188.7259235,87.6192,63.663
4350,1783741188.7460601,87.6393,63.663
4351,1783741188.7662055,87.6595,63.663
4352,1783741188.7863533,87.6796,63.663
4353,1783741188.8065062,87.6998,63.663
4354,1783741188.8266468,87.7199,63.663
4355,1783741188.8467853,87.7401,63.663
4356,1783741188.8669338,87.7602,63.663
4357,1783741188.8870862,87.7804,63.663
4358,1783741188.9072273,87.8005,63.663
4359,1783741188.9273674,87.8206,63.663
4360,1783741188.947521,87.8408,63.663
4361,1783741188.9676766,87.8610,63.663
4362,1783741188.9878182,87.8811,63.663
4363,1783741189.0079553,87.9012,63.663
4364,1783741189.0280988,87.9214,63.663
4365,1783741189.0482557,87.9415,63.663
4366,1783741189.0683975,87.9617,63.663
4367,1783741189.0885355,87.9818,63.663
4368,1783741189.1086817,88.0020,63.663
4369,1783741189.128825,88.0221,63.663
4370,1783741189.1489677,88.0422,63.663
4371,1783741189.169105,88.0624,63.663
4372,1783741189.1892505,88.0825,63.663
4373,1783741189.2093992,88.1027,63.663
4374,1783741189.2295475,88.1228,63.663
4375,1783741189.2496827,88.1430,63.663
4376,1783741189.2698283,88.1631,63.663
4377,1783741189.2899725,88.1833,63.663
4378,1783741189.3101258,88.2034,63.663
4379,1783741189.330293,88.2236,63.663
4380,1783741189.3504355,88.2437,63.663
4381,1783741189.370581,88.2639,63.663
4382,1783741189.390777,88.2841,63.663
4383,1783741189.410912,88.3042,63.663
4384,1783741189.4310472,88.3243,63.663
4385,1783741189.4511921,88.3445,63.663
4386,1783741189.4713361,88.3646,63.663
4387,1783741189.4914718,88.3848,63.663
4388,1783741189.511607,88.4049,63.663
4389,1783741189.5317535,88.4250,63.663
4390,1783741189.5518665,88.4451,63.663
4391,1783741189.5720043,88.4653,63.663
4392,1783741189.5921412,88.4854,63.663
4393,1783741189.612284,88.5056,63.663
4394,1783741189.632429,88.5257,63.663
4395,1783741189.6525717,88.5459,63.663
4396,1783741189.672706,88.5660,63.663
4397,1783741189.6928945,88.5862,63.663
4398,1783741189.7130444,88.6063,63.663
4399,1783741189.7331924,88.6265,63.663
4400,1783741189.7533267,88.6466,63.663
4401,1783741189.7734704,88.6667,63.662
4402,1783741189.7936182,88.6869,63.662
4403,1783741189.8137698,88.7070,63.662
4404,1783741189.8339386,88.7272,63.662
4405,1783741189.8540819,88.7474,63.662
4406,1783741189.874228,88.7675,63.662
4407,1783741189.8943717,88.7877,63.662
4408,1783741189.914513,88.8078,63.662
4409,1783741189.9346523,88.8279,63.662
4410,1783741189.9547935,88.8481,63.662
4411,1783741189.9749358,88.8682,63.662
4412,1783741189.9950743,88.8884,63.662
4413,1783741190.0152125,88.9085,63.662
4414,1783741190.0353541,88.9286,63.662
4415,1783741190.0554945,88.9488,63.662
4416,1783741190.0756307,88.9689,63.661
4417,1783741190.0957692,88.9890,63.661
4418,1783741190.1159132,89.0092,63.661
4419,1783741190.1360638,89.0293,63.661
4420,1783741190.1562011,89.0495,63.661
4421,1783741190.1763365,89.0696,63.661
4422,1783741190.1964777,89.0898,63.661
4423,1783741190.2166288,89.1099,63.661
4424,1783741190.2367759,89.1301,63.661
4425,1783741190.2569118,89.1502,63.661
4426,1783741190.2770584,89.1703,63.661
4427,1783741190.2972069,89.1905,63.661
4428,1783741190.3173475,89.2106,63.661
4429,1783741190.3374808,89.2308,63.661
4430,1783741190.35762,89.2509,63.661
4431,1783741190.3777664,89.2710,63.661
4432,1783741190.3979077,89.2912,63.661
4433,1783741190.4180453,89.3113,63.661
4434,1783741190.4381855,89.3315,63.661
4435,1783741190.4583268,89.3516,63.661
4436,1783741190.47844,89.3717,63.66
4437,1783741190.4985795,89.3919,63.66
4438,1783741190.5187159,89.4120,63.66
4439,1783741190.538901,89.4322,63.66
4440,1783741190.5590475,89.4523,63.66
4441,1783741190.5791886,89.4725,63.661
4442,1783741190.5993254,89.4926,63.661
4443,1783741190.619498,89.5128,63.661
4444,1783741190.639643,89.5329,63.661
4445,1783741190.6597812,89.5531,63.661
4446,1783741190.6799197,89.5732,63.661
4447,1783741190.7000647,89.5933,63.661
4448,1783741190.7202172,89.6135,63.661
4449,1783741190.7403562,89.6336,63.661
4450,1783741190.7604904,89.6538,63.661
4451,1783741190.780634,89.6739,63.66
4452,1783741190.8007755,89.6941,63.66
4453,1783741190.8209155,89.7142,63.66
4454,1783741190.8410494,89.7343,63.66
4455,1783741190.8611603,89.7544,63.66
4456,1783741190.8813026,89.7746,63.661
4457,1783741190.9014454,89.7947,63.661
4458,1783741190.9215813,89.8149,63.661
4459,1783741190.9417207,89.8350,63.661
4460,1783741190.9619005,89.8552,63.661
4461,1783741190.9820528,89.8753,63.661
4462,1783741191.0021913,89.8955,63.661
4463,1783741191.0223265,89.9156,63.661
4464,1783741191.0424688,89.9357,63.661
4465,1783741191.0626247,89.9559,63.661
4466,1783741191.0827656,89.9760,63.661
4467,1783741191.1029022,89.9962,63.661
4468,1783741191.1230419,90.0163,63.661
4469,1783741191.1431928,90.0365,63.661
4470,1783741191.1633,90.0566,63.661
4471,1783741191.1834338,90.0767,63.661
4472,1783741191.2035785,90.0969,63.661
4473,1783741191.2237794,90.1171,63.661
4474,1783741191.2439198,90.1372,63.661
4475,1783741191.2640526,90.1573,63.661
4476,1783741191.2841945,90.1775,63.661
4477,1783741191.3043377,90.1976,63.661
4478,1783741191.324483,90.2178,63.661
4479,1783741191.344617,90.2379,63.661
4480,1783741191.364756,90.2580,63.661
4481,1783741191.3849013,90.2782,63.661
4482,1783741191.4050422,90.2983,63.661
4483,1783741191.425176,90.3185,63.661
4484,1783741191.445315,90.3386,63.661
4485,1783741191.4654584,90.3587,63.661
4486,1783741191.485606,90.3789,63.662
4487,1783741191.5057724,90.3991,63.662
4488,1783741191.525908,90.4192,63.662
4489,1783741191.546049,90.4393,63.662
4490,1783741191.5661929,90.4595,63.662
4491,1783741191.586332,90.4796,63.662
4492,1783741191.6064668,90.4997,63.662
4493,1783741191.626608,90.5199,63.662
4494,1783741191.6467628,90.5400,63.662
4495,1783741191.6669004,90.5602,63.662
4496,1783741191.687038,90.5803,63.662
4497,1783741191.707182,90.6005,63.662
4498,1783741191.7273333,90.6206,63.662
4499,1783741191.7474787,90.6408,63.662
4500,1783741191.767613,90.6609,63.662
4501,1783741191.7877529,90.6810,63.662
4502,1783741191.8079026,90.7012,63.662
4503,1783741191.8280416,90.7213,63.662
4504,1783741191.84818,90.7415,63.662
4505,1783741191.8683221,90.7616,63.662
4506,1783741191.8884702,90.7817,63.662
4507,1783741191.9086533,90.8019,63.662
4508,1783741191.9287908,90.8221,63.662
4509,1783741191.948928,90.8422,63.662
4510,1783741191.9690719,90.8624,63.663
4511,1783741191.9892182,90.8825,63.663
4512,1783741192.0093544,90.9026,63.663
4513,1783741192.0294912,90.9228,63.663
4514,1783741192.0495985,90.9429,63.663
4515,1783741192.0697794,90.9631,63.663
4516,1783741192.0899208,90.9832,63.663
4517,1783741192.1100583,91.0033,63.663
4518,1783741192.130207,91.0235,63.663
4519,1783741192.1503494,91.0436,63.663
4520,1783741192.1704888,91.0638,63.663
4521,1783741192.1906254,91.0839,63.663
4522,1783741192.21077,91.1040,63.663
4523,1783741192.2309208,91.1242,63.663
4524,1783741192.2510672,91.1443,63.663
4525,1783741192.2712018,91.1645,63.663
4526,1783741192.2913485,91.1846,63.663
4527,1783741192.3114944,91.2048,63.663
4528,1783741192.3316445,91.2249,63.663
4529,1783741192.3517802,91.2451,63.663
4530,1783741192.3719199,91.2652,63.663
4531,1783741192.3920662,91.2853,63.663
4532,1783741192.412236,91.3055,63.663
4533,1783741192.4323704,91.3256,63.663
4534,1783741192.4525087,91.3458,63.663
4535,1783741192.4726512,91.3659,63.663
4536,1783741192.4927986,91.3861,63.663
4537,1783741192.512936,91.4062,63.663
4538,1783741192.5330734,91.4264,63.663
4539,1783741192.5532155,91.4465,63.663
4540,1783741192.5733693,91.4666,63.663
4541,1783741192.593478,91.4868,63.663
4542,1783741192.6136162,91.5069,63.663
4543,1783741192.6337597,91.5270,63.663
4544,1783741192.6539025,91.5472,63.663
4545,1783741192.6740425,91.5673,63.663
4546,1783741192.6941783,91.5875,63.663
4547,1783741192.7143211,91.6076,63.663
4548,1783741192.734475,91.6278,63.663
4549,1783741192.754623,91.6479,63.663
4550,1783741192.7747588,91.6680,63.663
4551,1783741192.7949011,91.6882,63.663
4552,1783741192.815046,91.7083,63.663
4553,1783741192.83519,91.7285,63.663
4554,1783741192.855325,91.7486,63.663
4555,1783741192.8754702,91.7687,63.663
4556,1783741192.895611,91.7889,63.663
4557,1783741192.9157608,91.8090,63.663
4558,1783741192.9358974,91.8292,63.663
4559,1783741192.9560359,91.8493,63.663
4560,1783741192.9761825,91.8695,63.663
4561,1783741192.9963424,91.8896,63.663
4562,1783741193.0164812,91.9098,63.663
4563,1783741193.0366004,91.9299,63.663
4564,1783741193.0567837,91.9501,63.663
4565,1783741193.0769432,91.9702,63.663
4566,1783741193.0970867,91.9904,63.663
4567,1783741193.1171913,92.0105,63.663
4568,1783741193.137332,92.0306,63.663
4569,1783741193.157445,92.0507,63.663
4570,1783741193.1775832,92.0709,63.663
4571,1783741193.1977813,92.0911,63.663
4572,1783741193.2179246,92.1112,63.663
4573,1783741193.2380755,92.1314,63.663
4574,1783741193.2581973,92.1515,63.663
4575,1783741193.2783325,92.1716,63.663
4576,1783741193.2984793,92.1918,63.663
4577,1783741193.3186266,92.2119,63.663
4578,1783741193.338772,92.2321,63.663
4579,1783741193.3589077,92.2522,63.663
4580,1783741193.379048,92.2723,63.663
4581,1783741193.3991864,92.2925,63.663
4582,1783741193.4193301,92.3126,63.663
4583,1783741193.4394717,92.3328,63.663
4584,1783741193.4596107,92.3529,63.663
4585,1783741193.4797513,92.3730,63.663
4586,1783741193.4999077,92.3932,63.663
4587,1783741193.5200448,92.4133,63.663
4588,1783741193.5401838,92.4335,63.663
4589,1783741193.5603297,92.4536,63.663
4590,1783741193.5804734,92.4738,63.663
4591,1783741193.600615,92.4939,63.663
4592,1783741193.6207528,92.5140,63.663
4593,1783741193.6408963,92.5342,63.663
4594,1783741193.661025,92.5543,63.663
4595,1783741193.6811953,92.5745,63.663
4596,1783741193.7013311,92.5946,63.663
4597,1783741193.7214754,92.6148,63.663
4598,1783741193.7416244,92.6349,63.663
4599,1783741193.7617695,92.6550,63.663
4600,1783741193.7819042,92.6752,63.663
4601,1783741193.8020465,92.6953,63.663
4602,1783741193.8221543,92.7154,63.663
4603,1783741193.8422956,92.7356,63.663
4604,1783741193.8624349,92.7557,63.663
4605,1783741193.8825462,92.7758,63.663
4606,1783741193.902689,92.7960,63.663
4607,1783741193.9228408,92.8161,63.663
4608,1783741193.9429753,92.8363,63.663
4609,1783741193.9631155,92.8564,63.663
4610,1783741193.98326,92.8765,63.663
4611,1783741194.003416,92.8967,63.663
4612,1783741194.0235577,92.9168,63.663
4613,1783741194.0436966,92.9370,63.663
4614,1783741194.0638871,92.9572,63.663
4615,1783741194.0840397,92.9773,63.663
4616,1783741194.1041782,92.9975,63.663
4617,1783741194.1243188,93.0176,63.663
4618,1783741194.1444604,93.0377,63.663
4619,1783741194.1646104,93.0579,63.663
4620,1783741194.1847546,93.0780,63.663
4621,1783741194.2048922,93.0982,63.663
4622,1783741194.2250338,93.1183,63.663
4623,1783741194.2451856,93.1385,63.663
4624,1783741194.2653284,93.1586,63.663
4625,1783741194.285462,93.1787,63.663
4626,1783741194.3056064,93.1989,63.663
4627,1783741194.3257608,93.2190,63.663
4628,1783741194.3459015,93.2392,63.663
4629,1783741194.366036,93.2593,63.663
4630,1783741194.3861463,93.2794,63.662
4631,1783741194.4062917,93.2996,63.662
4632,1783741194.426396,93.3197,63.662
4633,1783741194.446494,93.3398,63.662
4634,1783741194.466651,93.3599,63.662
4635,1783741194.4867961,93.3801,63.663
4636,1783741194.5069377,93.4002,63.663
4637,1783741194.5270758,93.4204,63.663
4638,1783741194.5472121,93.4405,63.663
4639,1783741194.567321,93.4606,63.663
4640,1783741194.5874753,93.4808,63.662
4641,1783741194.607616,93.5009,63.662
4642,1783741194.6277535,93.5210,63.662
4643,1783741194.647898,93.5412,63.662
4644,1783741194.6680422,93.5613,63.662
4645,1783741194.6882133,93.5815,63.663
4646,1783741194.7083495,93.6016,63.663
4647,1783741194.728501,93.6218,63.663
4648,1783741194.7486515,93.6419,63.663
4649,1783741194.7687914,93.6621,63.663
4650,1783741194.7889287,93.6822,63.663
4651,1783741194.8090794,93.7024,63.663
4652,1783741194.8291981,93.7225,63.663
4653,1783741194.8493435,93.7426,63.663
4654,1783741194.8694787,93.7628,63.663
4655,1783741194.8896246,93.7829,63.663
4656,1783741194.9097712,93.8031,63.663
4657,1783741194.9299242,93.8232,63.663
4658,1783741194.9500618,93.8433,63.663
4659,1783741194.970262,93.8635,63.663
4660,1783741194.9904065,93.8837,63.663
4661,1783741195.0105562,93.9038,63.663
4662,1783741195.0306907,93.9240,63.663
4663,1783741195.0508296,93.9441,63.663
4664,1783741195.0709753,93.9643,63.663
4665,1783741195.091123,93.9844,63.663
4666,1783741195.111266,94.0045,63.663
4667,1783741195.1313734,94.0247,63.663
4668,1783741195.151516,94.0448,63.663
4669,1783741195.1716297,94.0649,63.663
4670,1783741195.1917672,94.0850,63.663
4671,1783741195.2119014,94.1052,63.663
4672,1783741195.2320466,94.1253,63.663
4673,1783741195.2521932,94.1455,63.663
4674,1783741195.2723336,94.1656,63.663
4675,1783741195.2924702,94.1857,63.663
4676,1783741195.3126185,94.2059,63.663
4677,1783741195.332774,94.2261,63.663
4678,1783741195.3529153,94.2462,63.663
4679,1783741195.373054,94.2663,63.663
4680,1783741195.3932004,94.2865,63.663
4681,1783741195.4133499,94.3066,63.663
4682,1783741195.433489,94.3268,63.663
4683,1783741195.4536278,94.3469,63.663
4684,1783741195.4737718,94.3671,63.663
4685,1783741195.4939158,94.3872,63.663
4686,1783741195.5140622,94.4073,63.663
4687,1783741195.5341651,94.4274,63.663
4688,1783741195.5543032,94.4476,63.663
4689,1783741195.5744467,94.4677,63.663
4690,1783741195.5945919,94.4879,63.663
4691,1783741195.6147606,94.5080,63.663
4692,1783741195.6348963,94.5282,63.663
4693,1783741195.6550415,94.5483,63.663
4694,1783741195.6751552,94.5684,63.662
4695,1783741195.695261,94.5885,63.662
4696,1783741195.7153609,94.6086,63.662
4697,1783741195.7354634,94.6287,63.662
4698,1783741195.755597,94.6489,63.662
4699,1783741195.7757738,94.6691,63.662
4700,1783741195.7959168,94.6892,63.662
4701,1783741195.816026,94.7093,63.662
4702,1783741195.836176,94.7295,63.662
4703,1783741195.8563218,94.7496,63.662
4704,1783741195.8764272,94.7697,63.663
4705,1783741195.8965359,94.7898,63.663
4706,1783741195.9166794,94.8100,63.663
4707,1783741195.936752,94.8300,63.663
4708,1783741195.9568493,94.8501,63.663
4709,1783741195.97698,94.8703,63.663
4710,1783741195.997129,94.8904,63.663
4711,1783741196.0172431,94.9105,63.663
4712,1783741196.0373778,94.9307,63.663
4713,1783741196.0574853,94.9508,63.663
4714,1783741196.077624,94.9709,63.663
4715,1783741196.0977745,94.9911,63.663
4716,1783741196.1179144,95.0112,63.663
4717,1783741196.1380293,95.0313,63.663
4718,1783741196.1581705,95.0514,63.663
4719,1783741196.1783214,95.0716,63.662
4720,1783741196.1984582,95.0917,63.662
4721,1783741196.218594,95.1119,63.662
4722,1783741196.2387075,95.1320,63.662
4723,1783741196.2588646,95.1521,63.662
4724,1783741196.2789927,95.1723,63.662
4725,1783741196.299101,95.1924,63.662
4726,1783741196.3192124,95.2125,63.662
4727,1783741196.3393598,95.2326,63.662
4728,1783741196.359505,95.2528,63.662
4729,1783741196.379643,95.2729,63.662
4730,1783741196.39979,95.2931,63.662
4731,1783741196.419899,95.3132,63.662
4732,1783741196.4400039,95.3333,63.662
4733,1783741196.4600916,95.3534,63.662
4734,1783741196.480201,95.3735,63.662
4735,1783741196.500347,95.3936,63.662
4736,1783741196.5205038,95.4138,63.662
4737,1783741196.5406098,95.4339,63.662
4738,1783741196.5607529,95.4540,63.662
4739,1783741196.5808978,95.4742,63.662
4740,1783741196.6010416,95.4943,63.662
4741,1783741196.62118,95.5145,63.662
4742,1783741196.641318,95.5346,63.662
4743,1783741196.6614301,95.5547,63.662
4744,1783741196.6815817,95.5749,63.662
4745,1783741196.7017198,95.5950,63.662
4746,1783741196.721864,95.6151,63.662
4747,1783741196.7420082,95.6353,63.662
4748,1783741196.7621562,95.6554,63.662
4749,1783741196.782301,95.6756,63.662
4750,1783741196.8024359,95.6957,63.662
4751,1783741196.8225822,95.7159,63.662
4752,1783741196.842778,95.7361,63.662
4753,1783741196.8629193,95.7562,63.662
4754,1783741196.8830574,95.7763,63.662
4755,1783741196.9032035,95.7965,63.662
4756,1783741196.9233506,95.8166,63.662
4757,1783741196.9434934,95.8368,63.662
4758,1783741196.9636326,95.8569,63.662
4759,1783741196.9837754,95.8771,63.662
4760,1783741197.0039237,95.8972,63.662
4761,1783741197.024078,95.9174,63.662
4762,1783741197.0442164,95.9375,63.662
4763,1783741197.0643554,95.9576,63.662
4764,1783741197.0844986,95.9778,63.662
4765,1783741197.1046472,95.9979,63.662
4766,1783741197.1247523,96.0180,63.662
4767,1783741197.1448915,96.0382,63.662
4768,1783741197.1650362,96.0583,63.662
4769,1783741197.1851885,96.0785,63.662
4770,1783741197.2053306,96.0986,63.662
4771,1783741197.225468,96.1187,63.662
4772,1783741197.2456162,96.1389,63.662
4773,1783741197.2657692,96.1590,63.662
4774,1783741197.2859132,96.1792,63.662
4775,1783741197.306048,96.1993,63.662
4776,1783741197.3261938,96.2195,63.662
4777,1783741197.3463373,96.2396,63.662
4778,1783741197.3664818,96.2598,63.662
4779,1783741197.386622,96.2799,63.663
4780,1783741197.4067767,96.3001,63.663
4781,1783741197.4269185,96.3202,63.663
4782,1783741197.4470618,96.3403,63.663
4783,1783741197.4671984,96.3605,63.663
4784,1783741197.48734,96.3806,63.662
4785,1783741197.507486,96.4008,63.662
4786,1783741197.52764,96.4209,63.662
4787,1783741197.547808,96.4411,63.662
4788,1783741197.5679476,96.4612,63.662
4789,1783741197.5880904,96.4814,63.662
4790,1783741197.6082373,96.5015,63.662
4791,1783741197.628378,96.5217,63.662
4792,1783741197.6485178,96.5418,63.662
4793,1783741197.6686633,96.5619,63.662
4794,1783741197.6888099,96.5821,63.662
4795,1783741197.7089534,96.6022,63.662
4796,1783741197.729092,96.6224,63.662
4797,1783741197.7492032,96.6425,63.662
4798,1783741197.7693467,96.6626,63.662
4799,1783741197.7894862,96.6828,63.662
4800,1783741197.8096216,96.7029,63.662
4801,1783741197.8297653,96.7230,63.662
4802,1783741197.8499184,96.7432,63.662
4803,1783741197.8700635,96.7633,63.662
4804,1783741197.8902016,96.7835,63.662
4805,1783741197.910348,96.8036,63.662
4806,1783741197.9304903,96.8238,63.662
4807,1783741197.9506354,96.8439,63.662
4808,1783741197.9707768,96.8641,63.662
4809,1783741197.9909213,96.8842,63.662
4810,1783741198.0110712,96.9044,63.662
4811,1783741198.031216,96.9245,63.662
4812,1783741198.0513506,96.9446,63.662
4813,1783741198.071492,96.9648,63.662
4814,1783741198.091637,96.9849,63.662
4815,1783741198.1117961,97.0051,63.662
4816,1783741198.1319396,97.0252,63.662
4817,1783741198.152077,97.0454,63.662
4818,1783741198.172224,97.0655,63.662
4819,1783741198.1923742,97.0857,63.662
4820,1783741198.2125158,97.1058,63.662
4821,1783741198.2326546,97.1259,63.662
4822,1783741198.2528005,97.1461,63.662
4823,1783741198.2729561,97.1662,63.662
4824,1783741198.2930965,97.1864,63.662
4825,1783741198.3132339,97.2065,63.662
4826,1783741198.333414,97.2267,63.662
4827,1783741198.3535607,97.2468,63.662
4828,1783741198.3737047,97.2670,63.662
4829,1783741198.3938856,97.2872,63.662
4830,1783741198.4140313,97.3073,63.662
4831,1783741198.4341762,97.3275,63.662
4832,1783741198.4543233,97.3476,63.662
4833,1783741198.4744616,97.3677,63.662
4834,1783741198.4946024,97.3879,63.662
4835,1783741198.514823,97.4081,63.662
4836,1783741198.5349784,97.4283,63.662
4837,1783741198.5551147,97.4484,63.662
4838,1783741198.5752552,97.4685,63.663
4839,1783741198.5953994,97.4887,63.663
4840,1783741198.6155646,97.5088,63.663
4841,1783741198.6357021,97.5290,63.663
4842,1783741198.6558845,97.5492,63.663
4843,1783741198.6760309,97.5693,63.663
4844,1783741198.6961856,97.5895,63.663
4845,1783741198.7163267,97.6096,63.663
4846,1783741198.7364655,97.6297,63.663
4847,1783741198.7566113,97.6499,63.663
4848,1783741198.776757,97.6700,63.663
4849,1783741198.7968965,97.6902,63.663
4850,1783741198.8170598,97.7103,63.663
4851,1783741198.8372064,97.7305,63.663
4852,1783741198.8573534,97.7506,63.663
4853,1783741198.877499,97.7708,63.663
4854,1783741198.8976352,97.7909,63.663
4855,1783741198.9177792,97.8111,63.663
4856,1783741198.9380205,97.8313,63.663
4857,1783741198.9581678,97.8514,63.663
4858,1783741198.9783077,97.8716,63.663
4859,1783741198.998452,97.8917,63.663
4860,1783741199.0185676,97.9118,63.663
4861,1783741199.0387695,97.9320,63.663
4862,1783741199.0589077,97.9522,63.663
4863,1783741199.079049,97.9723,63.663
4864,1783741199.0991917,97.9925,63.663
4865,1783741199.1193373,98.0126,63.663
4866,1783741199.1394722,98.0328,63.663
4867,1783741199.1596105,98.0529,63.663
4868,1783741199.1797545,98.0730,63.662
4869,1783741199.1999142,98.0932,63.662
4870,1783741199.220094,98.1134,63.662
4871,1783741199.2402,98.1335,63.662
4872,1783741199.2603087,98.1536,63.662
4873,1783741199.2804537,98.1737,63.662
4874,1783741199.3006005,98.1939,63.662
4875,1783741199.3207812,98.2141,63.662
4876,1783741199.3409283,98.2342,63.662
4877,1783741199.3610814,98.2544,63.662
4878,1783741199.3812284,98.2745,63.662
4879,1783741199.4013636,98.2946,63.662
4880,1783741199.4215045,98.3148,63.662
4881,1783741199.4416544,98.3349,63.662
4882,1783741199.4617968,98.3551,63.662
4883,1783741199.4819303,98.3752,63.662
4884,1783741199.5020726,98.3954,63.662
4885,1783741199.5222213,98.4155,63.662
4886,1783741199.5423725,98.4357,63.662
4887,1783741199.5625088,98.4558,63.662
4888,1783741199.582647,98.4759,63.661
4889,1783741199.6028242,98.4961,63.661
4890,1783741199.62297,98.5162,63.661
4891,1783741199.6431098,98.5364,63.661
4892,1783741199.6632197,98.5565,63.661
4893,1783741199.683362,98.5766,63.661
4894,1783741199.7035232,98.5968,63.661
4895,1783741199.7236657,98.6169,63.661
4896,1783741199.743805,98.6371,63.661
4897,1783741199.763946,98.6572,63.661
4898,1783741199.784093,98.6774,63.661
4899,1783741199.8042357,98.6975,63.661
4900,1783741199.8243718,98.7177,63.661
4901,1783741199.8445163,98.7378,63.661
4902,1783741199.8646607,98.7579,63.661
4903,1783741199.8848076,98.7781,63.661
4904,1783741199.9049463,98.7982,63.661
4905,1783741199.9250903,98.8184,63.661
4906,1783741199.9452364,98.8385,63.661
4907,1783741199.9653807,98.8587,63.661
4908,1783741199.9855206,98.8788,63.661
4909,1783741200.0056667,98.8989,63.661
4910,1783741200.0257912,98.9191,63.661
4911,1783741200.045936,98.9392,63.661
4912,1783741200.0660715,98.9594,63.661
4913,1783741200.0862122,98.9795,63.662
4914,1783741200.1063807,98.9997,63.662
4915,1783741200.1265402,99.0198,63.662
4916,1783741200.146678,99.0400,63.662
4917,1783741200.166817,99.0601,63.662
4918,1783741200.1869583,99.0802,63.662
4919,1783741200.2071092,99.1004,63.662
4920,1783741200.2272522,99.1205,63.662
4921,1783741200.2473881,99.1407,63.662
4922,1783741200.2675307,99.1608,63.662
4923,1783741200.287686,99.1810,63.663
4924,1783741200.3078284,99.2011,63.663
4925,1783741200.3279667,99.2212,63.663
4926,1783741200.3481076,99.2414,63.663
4927,1783741200.368263,99.2615,63.663
4928,1783741200.3884034,99.2817,63.663
4929,1783741200.4085395,99.3018,63.663
4930,1783741200.4286842,99.3220,63.663
4931,1783741200.448839,99.3421,63.663
4932,1783741200.468986,99.3623,63.663
4933,1783741200.48912,99.3824,63.663
4934,1783741200.509266,99.4025,63.663
4935,1783741200.5294125,99.4227,63.663
4936,1783741200.5495572,99.4428,63.663
4937,1783741200.5696974,99.4630,63.663
4938,1783741200.5898855,99.4832,63.663
4939,1783741200.6100287,99.5033,63.663
4940,1783741200.6301816,99.5235,63.663
4941,1783741200.6503205,99.5436,63.663
4942,1783741200.6704605,99.5637,63.663
4943,1783741200.6906056,99.5839,63.662
4944,1783741200.7107582,99.6040,63.662
4945,1783741200.730899,99.6242,63.662
4946,1783741200.7510355,99.6443,63.662
4947,1783741200.7711792,99.6645,63.662
4948,1783741200.7913244,99.6846,63.662
4949,1783741200.8114634,99.7047,63.662
4950,1783741200.8316016,99.7249,63.662
4951,1783741200.851785,99.7451,63.662
4952,1783741200.8719363,99.7652,63.662
4953,1783741200.8921003,99.7854,63.662
4954,1783741200.9122353,99.8055,63.662
4955,1783741200.9323778,99.8257,63.662
4956,1783741200.9525292,99.8458,63.662
4957,1783741200.972675,99.8660,63.662
4958,1783741200.9928133,99.8861,63.662
4959,1783741201.0129588,99.9062,63.662
4960,1783741201.0331051,99.9264,63.662
4961,1783741201.053246,99.9465,63.662
4962,1783741201.073385,99.9667,63.662
4963,1783741201.0935266,99.9868,63.662
4964,1783741201.1136706,100.0069,63.662
4965,1783741201.1338153,100.0271,63.662
4966,1783741201.1539533,100.0472,63.662
4967,1783741201.1740897,100.0674,63.662
4968,1783741201.194235,100.0875,63.662
4969,1783741201.214388,100.1077,63.662
4970,1783741201.2345283,100.1278,63.662
4971,1783741201.2546666,100.1479,63.662
4972,1783741201.2748122,100.1681,63.661
4973,1783741201.294965,100.1882,63.661
4974,1783741201.3151052,100.2084,63.661
4975,1783741201.3352425,100.2285,63.661
4976,1783741201.3553836,100.2487,63.661
4977,1783741201.3755305,100.2688,63.662
4978,1783741201.3957138,100.2890,63.662
4979,1783741201.4158804,100.3092,63.662
4980,1783741201.4360228,100.3293,63.662
4981,1783741201.456173,100.3495,63.662
4982,1783741201.476314,100.3696,63.662
4983,1783741201.4964488,100.3897,63.662
4984,1783741201.5165913,100.4099,63.662
4985,1783741201.5367732,100.4301,63.662
4986,1783741201.556919,100.4502,63.662
4987,1783741201.577056,100.4703,63.662
4988,1783741201.597199,100.4905,63.662
4989,1783741201.6173458,100.5106,63.662
4990,1783741201.6374965,100.5308,63.662
4991,1783741201.6576364,100.5509,63.662
4992,1783741201.6777756,100.5711,63.663
4993,1783741201.6979182,100.5912,63.663
4994,1783741201.7180684,100.6113,63.663
4995,1783741201.738209,100.6315,63.663
4996,1783741201.758348,100.6516,63.663
4997,1783741201.7784898,100.6718,63.663
4998,1783741201.7986388,100.6919,63.663
4999,1783741201.818778,100.7121,63.663
5000,1783741201.8389142,100.7322,63.663
5001,1783741201.8590577,100.7523,63.663
5002,1783741201.8792086,100.7725,63.663
5003,1783741201.8993502,100.7926,63.663
5004,1783741201.9194841,100.8128,63.663
5005,1783741201.9396296,100.8329,63.663
5006,1783741201.95978,100.8531,63.663
5007,1783741201.9799194,100.8732,63.663
5008,1783741202.0000575,100.8933,63.663
5009,1783741202.020202,100.9135,63.663
5010,1783741202.0403464,100.9336,63.663
5011,1783741202.0604956,100.9538,63.663
5012,1783741202.0806334,100.9739,63.663
5013,1783741202.100776,100.9941,63.663
5014,1783741202.1209219,101.0142,63.663
5015,1783741202.141073,101.0344,63.663
5016,1783741202.1612093,101.0545,63.663
5017,1783741202.1813776,101.0747,63.663
5018,1783741202.20152,101.0948,63.663
5019,1783741202.2216704,101.1149,63.663
5020,1783741202.24181,101.1351,63.663
5021,1783741202.2619495,101.1552,63.663
5022,1783741202.282063,101.1753,63.663
5023,1783741202.3022163,101.1955,63.663
5024,1783741202.322357,101.2156,63.663
5025,1783741202.3424954,101.2358,63.663
5026,1783741202.3626401,101.2559,63.663
5027,1783741202.3827884,101.2761,63.663
5028,1783741202.4029298,101.2962,63.663
5029,1783741202.4230652,101.3163,63.663
5030,1783741202.4432096,101.3365,63.663
5031,1783741202.4633589,101.3566,63.663
5032,1783741202.483504,101.3768,63.662
5033,1783741202.5036397,101.3969,63.662
5034,1783741202.5237832,101.4171,63.662
5035,1783741202.5439289,101.4372,63.662
5036,1783741202.5640693,101.4573,63.662
5037,1783741202.5842092,101.4775,63.662
5038,1783741202.604354,101.4976,63.662
5039,1783741202.6244986,101.5178,63.662
5040,1783741202.6446526,101.5379,63.662
5041,1783741202.6647985,101.5581,63.662
5042,1783741202.6849704,101.5782,63.662
5043,1783741202.7051203,101.5984,63.662
5044,1783741202.7252765,101.6186,63.662
5045,1783741202.7454216,101.6387,63.662
5046,1783741202.7655663,101.6588,63.662
5047,1783741202.7857153,101.6790,63.662
5048,1783741202.8059158,101.6992,63.662
5049,1783741202.8260632,101.7193,63.662
5050,1783741202.846205,101.7395,63.662
5051,1783741202.866354,101.7596,63.662
5052,1783741202.8865016,101.7798,63.662
5053,1783741202.9066448,101.7999,63.662
5054,1783741202.9267876,101.8201,63.662
5055,1783741202.9469342,101.8402,63.662
5056,1783741202.9670894,101.8604,63.662
5057,1783741202.9872415,101.8805,63.663
5058,1783741203.0073855,101.9007,63.663
5059,1783741203.0275333,101.9208,63.663
5060,1783741203.0476847,101.9410,63.663
5061,1783741203.0678387,101.9611,63.663
5062,1783741203.0879793,101.9813,63.662
5063,1783741203.1081269,102.0014,63.662
5064,1783741203.128278,102.0216,63.662
5065,1783741203.1484263,102.0417,63.662
5066,1783741203.1685672,102.0618,63.662
5067,1783741203.1887136,102.0820,63.662
5068,1783741203.2089078,102.1022,63.662
5069,1783741203.2290642,102.1223,63.662
5070,1783741203.24921,102.1425,63.662
5071,1783741203.269353,102.1626,63.662
5072,1783741203.289501,102.1828,63.662
5073,1783741203.3096592,102.2029,63.662
5074,1783741203.3298028,102.2231,63.662
5075,1783741203.3499453,102.2432,63.662
5076,1783741203.3700912,102.2634,63.662
5077,1783741203.390246,102.2835,63.662
5078,1783741203.4103918,102.3037,63.662
5079,1783741203.4305327,102.3238,63.662
5080,1783741203.4506817,102.3440,63.662
5081,1783741203.4709017,102.3642,63.662
5082,1783741203.4910505,102.3843,63.663
5083,1783741203.5111911,102.4045,63.663
5084,1783741203.531339,102.4246,63.663
5085,1783741203.551489,102.4448,63.663
5086,1783741203.5716348,102.4649,63.663
5087,1783741203.5917752,102.4851,63.662
5088,1783741203.6119213,102.5052,63.662
5089,1783741203.632069,102.5253,63.662
5090,1783741203.6522174,102.5455,63.662
5091,1783741203.672359,102.5656,63.662
5092,1783741203.6925044,102.5858,63.662
5093,1783741203.7126517,102.6059,63.662
5094,1783741203.7328107,102.6261,63.662
5095,1783741203.752956,102.6462,63.662
5096,1783741203.7730994,102.6664,63.662
5097,1783741203.7932465,102.6865,63.662
5098,1783741203.813403,102.7067,63.662
5099,1783741203.8335505,102.7268,63.662
5100,1783741203.8536966,102.7470,63.662
5101,1783741203.8738875,102.7672,63.662
5102,1783741203.8940454,102.7873,63.662
5103,1783741203.9141905,102.8075,63.662
5104,1783741203.9343326,102.8276,63.662
5105,1783741203.954509,102.8478,63.662
5106,1783741203.974664,102.8679,63.662
5107,1783741203.9948163,102.8881,63.662
5108,1783741204.0149581,102.9082,63.662
5109,1783741204.0351079,102.9284,63.662
5110,1783741204.0552619,102.9485,63.662
5111,1783741204.0754135,102.9687,63.662
5112,1783741204.0955582,102.9888,63.662
5113,1783741204.1157045,103.0090,63.662
5114,1783741204.1358905,103.0292,63.662
5115,1783741204.1560378,103.0493,63.662
5116,1783741204.1761792,103.0695,63.662
5117,1783741204.1963248,103.0896,63.662
5118,1783741204.2164724,103.1098,63.662
5119,1783741204.2366319,103.1299,63.662
5120,1783741204.2567792,103.1501,63.662
5121,1783741204.2769237,103.1702,63.661
5122,1783741204.29707,103.1903,63.661
5123,1783741204.3172188,103.2105,63.661
5124,1783741204.337365,103.2306,63.661
5125,1783741204.3575096,103.2508,63.661
5126,1783741204.3776586,103.2709,63.661
5127,1783741204.39781,103.2911,63.661
5128,1783741204.417956,103.3112,63.661
5129,1783741204.438097,103.3314,63.661
5130,1783741204.4582465,103.3515,63.661
5131,1783741204.478399,103.3717,63.661
5132,1783741204.4985433,103.3918,63.661
5133,1783741204.5186837,103.4120,63.661
5134,1783741204.538836,103.4321,63.661
5135,1783741204.5589917,103.4523,63.661
5136,1783741204.5791407,103.4724,63.662
5137,1783741204.5992846,103.4926,63.662
5138,1783741204.6194313,103.5127,63.662
5139,1783741204.639575,103.5329,63.662
5140,1783741204.6597676,103.5530,63.662
5141,1783741204.6799126,103.5732,63.662
5142,1783741204.7000597,103.5933,63.662
5143,1783741204.7202072,103.6135,63.662
5144,1783741204.7403874,103.6337,63.662
5145,1783741204.7605312,103.6538,63.662
5146,1783741204.7806742,103.6740,63.662
5147,1783741204.8008182,103.6941,63.662
5148,1783741204.8209753,103.7143,63.662
5149,1783741204.8411186,103.7344,63.662
5150,1783741204.8612607,103.7545,63.662
5151,1783741204.8813856,103.7747,63.662
5152,1783741204.9015393,103.7948,63.662
5153,1783741204.9216857,103.8150,63.662
5154,1783741204.941853,103.8351,63.662
5155,1783741204.9620023,103.8553,63.662
5156,1783741204.982153,103.8754,63.661
5157,1783741205.0023026,103.8956,63.661
5158,1783741205.0224435,103.9157,63.661
5159,1783741205.0425932,103.9359,63.661
5160,1783741205.0627832,103.9561,63.661
5161,1783741205.0829334,103.9762,63.662
5162,1783741205.1030748,103.9964,63.662
5163,1783741205.1232202,104.0165,63.662
5164,1783741205.143372,104.0367,63.662
5165,1783741205.16352,104.0568,63.662
5166,1783741205.1836631,104.0769,63.661
5167,1783741205.2038112,104.0971,63.661
5168,1783741205.2239616,104.1172,63.661
5169,1783741205.2441444,104.1374,63.661
5170,1783741205.2642915,104.1576,63.661
5171,1783741205.2844367,104.1777,63.661
5172,1783741205.304588,104.1979,63.661
5173,1783741205.3247755,104.2181,63.661
5174,1783741205.3449209,104.2382,63.661
5175,1783741205.3650632,104.2583,63.661
5176,1783741205.3852112,104.2785,63.661
5177,1783741205.4053664,104.2986,63.661
5178,1783741205.4255085,104.3188,63.661
5179,1783741205.4456503,104.3389,63.661
5180,1783741205.4657996,104.3591,63.661
5181,1783741205.4859564,104.3792,63.661
5182,1783741205.5061011,104.3994,63.661
5183,1783741205.5262215,104.4195,63.661
5184,1783741205.5463722,104.4397,63.661
5185,1783741205.5665283,104.4598,63.661
5186,1783741205.5866776,104.4800,63.661
5187,1783741205.606819,104.5001,63.661
5188,1783741205.6269648,104.5202,63.661
5189,1783741205.647112,104.5404,63.661
5190,1783741205.6672678,104.5605,63.661
5191,1783741205.6874104,104.5807,63.66
5192,1783741205.7075577,104.6008,63.66
5193,1783741205.7277076,104.6210,63.66
5194,1783741205.7478917,104.6412,63.66
5195,1783741205.7680326,104.6613,63.66
5196,1783741205.7881787,104.6815,63.661
5197,1783741205.8083277,104.7016,63.661
5198,1783741205.8284762,104.7218,63.661
5199,1783741205.848616,104.7419,63.661
5200,1783741205.8687632,104.7620,63.661
5201,1783741205.8889124,104.7822,63.66
5202,1783741205.9090579,104.8023,63.66
5203,1783741205.9292068,104.8225,63.66
5204,1783741205.9493458,104.8426,63.66
5205,1783741205.9694948,104.8628,63.66
5206,1783741205.9896505,104.8829,63.66
5207,1783741206.0097969,104.9031,63.66
5208,1783741206.0299664,104.9232,63.66
5209,1783741206.0501175,104.9434,63.66
5210,1783741206.0702736,104.9636,63.66
5211,1783741206.0904202,104.9837,63.66
5212,1783741206.1105647,105.0038,63.66
5213,1783741206.130715,105.0240,63.66
5214,1783741206.150899,105.0442,63.66
5215,1783741206.1710467,105.0643,63.66
5216,1783741206.1911905,105.0845,63.66
5217,1783741206.211338,105.1046,63.66
5218,1783741206.2314868,105.1248,63.66
5219,1783741206.2516372,105.1449,63.66
5220,1783741206.27178,105.1651,63.66
5221,1783741206.291926,105.1852,63.66
5222,1783741206.3120775,105.2054,63.66
5223,1783741206.3322358,105.2255,63.66
5224,1783741206.3523793,105.2457,63.66
5225,1783741206.3725243,105.2658,63.66
5226,1783741206.3926682,105.2859,63.66
5227,1783741206.412825,105.3061,63.66
5228,1783741206.4329474,105.3262,63.66
5229,1783741206.4531143,105.3464,63.66
5230,1783741206.4732645,105.3665,63.66
5231,1783741206.49342,105.3867,63.66
5232,1783741206.5135465,105.4068,63.66
5233,1783741206.533716,105.4270,63.66
5234,1783741206.5539055,105.4472,63.66
5235,1783741206.5740595,105.4673,63.66
5236,1783741206.5942073,105.4875,63.66
5237,1783741206.6143475,105.5076,63.66
5238,1783741206.6344976,105.5278,63.66
5239,1783741206.6546462,105.5479,63.66
5240,1783741206.6748002,105.5681,63.66
5241,1783741206.694943,105.5882,63.66
5242,1783741206.7150915,105.6084,63.66
5243,1783741206.7352452,105.6285,63.66
5244,1783741206.7554002,105.6487,63.66
5245,1783741206.7755423,105.6688,63.66
5246,1783741206.7956855,105.6890,63.66
5247,1783741206.815853,105.7091,63.66
5248,1783741206.8360105,105.7293,63.66
5249,1783741206.856155,105.7494,63.66
5250,1783741206.8763003,105.7696,63.66
5251,1783741206.8964443,105.7897,63.66
5252,1783741206.916596,105.8099,63.66
5253,1783741206.9367807,105.8301,63.66
5254,1783741206.956927,105.8502,63.66
5255,1783741206.9770768,105.8704,63.66
5256,1783741206.997235,105.8905,63.66
5257,1783741207.0173845,105.9107,63.66
5258,1783741207.037529,105.9308,63.66
5259,1783741207.057677,105.9510,63.66
5260,1783741207.0778334,105.9711,63.661
5261,1783741207.0979807,105.9913,63.661
5262,1783741207.118125,106.0114,63.661
5263,1783741207.1382763,106.0316,63.661
5264,1783741207.1584294,106.0517,63.661
5265,1783741207.178577,106.0719,63.661
5266,1783741207.1987193,106.0920,63.661
5267,1783741207.2189214,106.1122,63.661
5268,1783741207.2390738,106.1324,63.661
5269,1783741207.2592292,106.1525,63.661
5270,1783741207.2793756,106.1727,63.661
5271,1783741207.2995214,106.1928,63.661
5272,1783741207.3196957,106.2130,63.661
5273,1783741207.3398633,106.2331,63.661
5274,1783741207.3600104,106.2533,63.661
5275,1783741207.3801546,106.2734,63.661
5276,1783741207.4003022,106.2936,63.661
5277,1783741207.4204605,106.3137,63.661
5278,1783741207.4406004,106.3339,63.661
5279,1783741207.4607887,106.3541,63.661
5280,1783741207.480939,106.3742,63.661
5281,1783741207.5010896,106.3944,63.661
5282,1783741207.5212343,106.4145,63.661
5283,1783741207.5413744,106.4347,63.661
5284,1783741207.5614958,106.4548,63.661
5285,1783741207.5816493,106.4749,63.661
5286,1783741207.6018007,106.4951,63.661
5287,1783741207.6219394,106.5152,63.661
5288,1783741207.642092,106.5354,63.661
5289,1783741207.6622398,106.5555,63.661
5290,1783741207.6823847,106.5757,63.661
5291,1783741207.702526,106.5958,63.661
5292,1783741207.7226794,106.6160,63.661
5293,1783741207.74283,106.6361,63.661
5294,1783741207.7629855,106.6563,63.661
5295,1783741207.7831275,106.6764,63.661
5296,1783741207.8032758,106.6966,63.661
5297,1783741207.823459,106.7167,63.661
5298,1783741207.8436198,106.7369,63.661
5299,1783741207.863789,106.7571,63.661
5300,1783741207.883938,106.7772,63.661
5301,1783741207.9040902,106.7974,63.661
5302,1783741207.9242463,106.8175,63.661
5303,1783741207.9443927,106.8377,63.661
5304,1783741207.9645393,106.8578,63.661
5305,1783741207.9846911,106.8780,63.661
5306,1783741208.0048912,106.8982,63.661
5307,1783741208.0250359,106.9183,63.661
5308,1783741208.0451806,106.9385,63.661
5309,1783741208.0653303,106.9586,63.661
5310,1783741208.085484,106.9788,63.661
5311,1783741208.1056309,106.9989,63.661
5312,1783741208.1257722,107.0191,63.661
5313,1783741208.145919,107.0392,63.661
5314,1783741208.1660726,107.0594,63.661
5315,1783741208.1862185,107.0795,63.661
5316,1783741208.206361,107.0996,63.661
5317,1783741208.2265103,107.1198,63.661
5318,1783741208.2466583,107.1399,63.661
5319,1783741208.2668152,107.1601,63.661
5320,1783741208.28696,107.1802,63.661
5321,1783741208.307111,107.2004,63.661
5322,1783741208.3272605,107.2205,63.661
5323,1783741208.347412,107.2407,63.661
5324,1783741208.367555,107.2608,63.661
5325,1783741208.3877017,107.2810,63.661
5326,1783741208.4078922,107.3012,63.661
5327,1783741208.4280438,107.3213,63.661
5328,1783741208.4481878,107.3415,63.661
5329,1783741208.4683335,107.3616,63.661
5330,1783741208.4884834,107.3818,63.661
5331,1783741208.5086381,107.4019,63.661
5332,1783741208.5287838,107.4221,63.661
5333,1783741208.5489254,107.4422,63.661
5334,1783741208.5690732,107.4624,63.661
5335,1783741208.5892324,107.4825,63.662
5336,1783741208.6094074,107.5027,63.662
5337,1783741208.6295497,107.5228,63.662
5338,1783741208.6496997,107.5430,63.662
5339,1783741208.6699011,107.5632,63.662
5340,1783741208.6900485,107.5833,63.662
5341,1783741208.7101903,107.6035,63.662
5342,1783741208.7303386,107.6236,63.662
5343,1783741208.7504888,107.6438,63.662
5344,1783741208.770645,107.6639,63.662
5345,1783741208.7907903,107.6841,63.662
5346,1783741208.8109345,107.7042,63.662
5347,1783741208.8310843,107.7244,63.662
5348,1783741208.8512368,107.7445,63.662
5349,1783741208.8713832,107.7647,63.662
5350,1783741208.8915284,107.7848,63.663
5351,1783741208.911674,107.8050,63.663
5352,1783741208.9318345,107.8251,63.663
5353,1783741208.951981,107.8453,63.663
5354,1783741208.9721272,107.8654,63.663
5355,1783741208.9922786,107.8856,63.663
5356,1783741209.0124378,107.9057,63.663
5357,1783741209.0325804,107.9259,63.663
5358,1783741209.0527687,107.9460,63.663
5359,1783741209.0729473,107.9662,63.663
5360,1783741209.0931246,107.9864,63.663
5361,1783741209.1132708,108.0065,63.663
5362,1783741209.133414,108.0267,63.663
5363,1783741209.153562,108.0468,63.663
5364,1783741209.1737177,108.0670,63.663
5365,1783741209.193907,108.0872,63.663
5366,1783741209.214046,108.1073,63.663
5367,1783741209.2341967,108.1275,63.663
5368,1783741209.2543473,108.1476,63.663
5369,1783741209.274495,108.1678,63.663
5370,1783741209.2946413,108.1879,63.663
5371,1783741209.314789,108.2081,63.663
5372,1783741209.334941,108.2282,63.663
5373,1783741209.3550932,108.2484,63.663
5374,1783741209.3752396,108.2685,63.663
5375,1783741209.3953867,108.2887,63.663
5376,1783741209.4155369,108.3088,63.663
5377,1783741209.4356918,108.3290,63.663
5378,1783741209.455887,108.3492,63.663
5379,1783741209.4760041,108.3693,63.662
5380,1783741209.4961567,108.3894,63.662
5381,1783741209.5163057,108.4096,63.662
5382,1783741209.5364506,108.4297,63.662
5383,1783741209.5565956,108.4499,63.662
5384,1783741209.5767956,108.4701,63.662
5385,1783741209.5969455,108.4902,63.662
5386,1783741209.617094,108.5104,63.662
5387,1783741209.6372375,108.5305,63.662
5388,1783741209.657386,108.5507,63.662
5389,1783741209.6775374,108.5708,63.662
5390,1783741209.6976857,108.5910,63.662
5391,1783741209.7178278,108.6111,63.662
5392,1783741209.7379773,108.6313,63.662
5393,1783741209.7581313,108.6514,63.662
5394,1783741209.77828,108.6716,63.662
5395,1783741209.7984283,108.6917,63.662
5396,1783741209.818577,108.7119,63.662
5397,1783741209.8387775,108.7321,63.662
5398,1783741209.8589265,108.7522,63.662
5399,1783741209.8790946,108.7724,63.662
5400,1783741209.8992426,108.7925,63.662
5401,1783741209.9193926,108.8127,63.662
5402,1783741209.9395452,108.8328,63.662
5403,1783741209.959692,108.8530,63.662
5404,1783741209.9798846,108.8732,63.662
5405,1783741210.000036,108.8933,63.662
5406,1783741210.0201964,108.9135,63.662
5407,1783741210.0403452,108.9336,63.662
5408,1783741210.0604935,108.9538,63.662
5409,1783741210.080647,108.9739,63.661
5410,1783741210.1008067,108.9941,63.661
5411,1783741210.1209497,109.0142,63.661
5412,1783741210.141097,109.0344,63.661
5413,1783741210.161247,109.0545,63.661
5414,1783741210.1813967,109.0747,63.662
5415,1783741210.201546,109.0948,63.662
5416,1783741210.22169,109.1150,63.662
5417,1783741210.241877,109.1352,63.662
5418,1783741210.2620301,109.1553,63.662
5419,1783741210.2821877,109.1755,63.662
5420,1783741210.302331,109.1956,63.662
5421,1783741210.3224819,109.2158,63.662
5422,1783741210.3426306,109.2359,63.662
5423,1783741210.3627813,109.2561,63.662
5424,1783741210.3829567,109.2762,63.662
5425,1783741210.4031053,109.2964,63.662
5426,1783741210.4232552,109.3165,63.662
5427,1783741210.4434032,109.3367,63.662
5428,1783741210.463552,109.3568,63.662
5429,1783741210.4836988,109.3770,63.661
5430,1783741210.5038896,109.3972,63.661
5431,1783741210.524047,109.4173,63.661
5432,1783741210.5441904,109.4375,63.661
5433,1783741210.5643346,109.4576,63.661
5434,1783741210.5844815,109.4778,63.661
5435,1783741210.6046348,109.4979,63.661
5436,1783741210.6247845,109.5181,63.661
5437,1783741210.644927,109.5382,63.661
5438,1783741210.6650858,109.5584,63.661
5439,1783741210.6852384,109.5785,63.661
5440,1783741210.7053895,109.5987,63.661
5441,1783741210.7255332,109.6188,63.661
5442,1783741210.7456808,109.6390,63.661
5443,1783741210.765833,109.6591,63.661
5444,1783741210.7859814,109.6793,63.661
5445,1783741210.8061237,109.6994,63.661
5446,1783741210.8262725,109.7196,63.661
5447,1783741210.8464227,109.7397,63.661
5448,1783741210.866573,109.7599,63.661
5449,1783741210.886718,109.7800,63.661
5450,1783741210.9069073,109.8002,63.661
5451,1783741210.9270597,109.8203,63.661
5452,1783741210.9472103,109.8405,63.661
5453,1783741210.9673605,109.8606,63.661
5454,1783741210.9875097,109.8808,63.66
5455,1783741211.0076606,109.9009,63.66
5456,1783741211.0278115,109.9211,63.66
5457,1783741211.0479634,109.9412,63.66
5458,1783741211.068106,109.9614,63.66
5459,1783741211.088254,109.9815,63.66
5460,1783741211.1084137,110.0017,63.66
5461,1783741211.1285582,110.0218,63.66
5462,1783741211.1487024,110.0420,63.66
5463,1783741211.168919,110.0622,63.66
5464,1783741211.1890738,110.0824,63.66
5465,1783741211.2092178,110.1025,63.66
5466,1783741211.229363,110.1226,63.66
5467,1783741211.2495108,110.1428,63.66
5468,1783741211.2696695,110.1629,63.66
5469,1783741211.2898207,110.1831,63.66
5470,1783741211.309967,110.2032,63.66
5471,1783741211.330118,110.2234,63.66
5472,1783741211.3502676,110.2435,63.66
5473,1783741211.3704174,110.2637,63.66
5474,1783741211.390563,110.2838,63.66
5475,1783741211.4107103,110.3040,63.66
5476,1783741211.430901,110.3242,63.66
5477,1783741211.4510543,110.3443,63.66
5478,1783741211.4712026,110.3645,63.66
5479,1783741211.491348,110.3846,63.66
5480,1783741211.511492,110.4048,63.66
5481,1783741211.5316517,110.4249,63.66
5482,1783741211.5517964,110.4451,63.66
5483,1783741211.5719404,110.4652,63.66
5484,1783741211.592089,110.4854,63.66
5485,1783741211.6122458,110.5055,63.66
5486,1783741211.6323893,110.5257,63.66
5487,1783741211.652534,110.5458,63.66
5488,1783741211.672714,110.5660,63.66
5489,1783741211.6929133,110.5862,63.66
5490,1783741211.7130585,110.6063,63.66
5491,1783741211.733205,110.6265,63.66
5492,1783741211.7533557,110.6466,63.66
5493,1783741211.7735083,110.6668,63.66
5494,1783741211.793656,110.6869,63.659
5495,1783741211.813805,110.7071,63.659
5496,1783741211.833957,110.7272,63.659
5497,1783741211.8541064,110.7474,63.659
5498,1783741211.874259,110.7675,63.659
5499,1783741211.8944042,110.7877,63.66
5500,1783741211.9145489,110.8078,63.66
5501,1783741211.9347017,110.8280,63.66
5502,1783741211.954896,110.8482,63.66
5503,1783741211.9750457,110.8683,63.66
5504,1783741211.995194,110.8885,63.661
5505,1783741212.015344,110.9086,63.661
5506,1783741212.0354648,110.9287,63.661
5507,1783741212.0555773,110.9489,63.661
5508,1783741212.0756721,110.9690,63.661
5509,1783741212.0957618,110.9890,63.661
5510,1783741212.115892,111.0092,63.661
5511,1783741212.136044,111.0293,63.661
5512,1783741212.1561882,111.0495,63.661
5513,1783741212.176341,111.0696,63.661
5514,1783741212.196499,111.0898,63.661
5515,1783741212.216646,111.1099,63.661
5516,1783741212.2367883,111.1301,63.661
5517,1783741212.256939,111.1502,63.661
5518,1783741212.277092,111.1704,63.661
5519,1783741212.2972438,111.1905,63.661
5520,1783741212.317384,111.2107,63.661
5521,1783741212.3375359,111.2308,63.661
5522,1783741212.3576887,111.2510,63.661
5523,1783741212.3778958,111.2712,63.661
5524,1783741212.3980432,111.2913,63.661
5525,1783741212.418191,111.3115,63.661
5526,1783741212.4383423,111.3316,63.661
5527,1783741212.4585252,111.3518,63.661
5528,1783741212.4786701,111.3719,63.661
5529,1783741212.4988184,111.3921,63.661
5530,1783741212.5189679,111.4122,63.661
5531,1783741212.5391183,111.4324,63.661
5532,1783741212.559264,111.4525,63.661
5533,1783741212.579379,111.4727,63.661
5534,1783741212.5994925,111.4928,63.661
5535,1783741212.6196268,111.5129,63.661
5536,1783741212.639771,111.5331,63.661
5537,1783741212.6599154,111.5532,63.661
5538,1783741212.680065,111.5733,63.661
5539,1783741212.700222,111.5935,63.661
5540,1783741212.7203703,111.6136,63.661
5541,1783741212.7405167,111.6338,63.661
5542,1783741212.7606652,111.6539,63.661
5543,1783741212.7808235,111.6741,63.662
5544,1783741212.8009708,111.6942,63.662
5545,1783741212.8211133,111.7144,63.662
5546,1783741212.8412619,111.7345,63.662
5547,1783741212.8614123,111.7547,63.662
5548,1783741212.8815608,111.7748,63.661
5549,1783741212.9017022,111.7950,63.661
5550,1783741212.9219112,111.8152,63.661
5551,1783741212.9420633,111.8353,63.661
5552,1783741212.9622438,111.8555,63.661
5553,1783741212.9823873,111.8757,63.661
5554,1783741213.0025299,111.8958,63.661
5555,1783741213.0226753,111.9160,63.661
5556,1783741213.0428205,111.9361,63.661
5557,1783741213.0629597,111.9562,63.661
5558,1783741213.0830986,111.9764,63.661
5559,1783741213.103242,111.9965,63.661
5560,1783741213.12339,112.0167,63.661
5561,1783741213.143528,112.0368,63.661
5562,1783741213.163664,112.0569,63.661
5563,1783741213.1838093,112.0771,63.661
5564,1783741213.2039611,112.0972,63.661
5565,1783741213.2241075,112.1174,63.661
5566,1783741213.2442443,112.1375,63.661
5567,1783741213.264392,112.1577,63.661
5568,1783741213.2845411,112.1778,63.661
5569,1783741213.3046854,112.1980,63.661
5570,1783741213.3248248,112.2181,63.661
5571,1783741213.3449693,112.2382,63.661
5572,1783741213.3651183,112.2584,63.661
5573,1783741213.385261,112.2785,63.662
5574,1783741213.4054008,112.2987,63.662
5575,1783741213.4255438,112.3188,63.662
5576,1783741213.4456902,112.3390,63.662
5577,1783741213.4658809,112.3592,63.662
5578,1783741213.4860194,112.3793,63.662
5579,1783741213.5061588,112.3994,63.662
5580,1783741213.526305,112.4196,63.662
5581,1783741213.5464501,112.4397,63.662
5582,1783741213.5665872,112.4599,63.662
5583,1783741213.5867684,112.4800,63.662
5584,1783741213.606914,112.5002,63.662
5585,1783741213.6270669,112.5203,63.662
5586,1783741213.6472054,112.5405,63.662
5587,1783741213.6673431,112.5606,63.662
5588,1783741213.6874897,112.5808,63.662
5589,1783741213.7076428,112.6009,63.662
5590,1783741213.727786,112.6211,63.662
5591,1783741213.7479453,112.6412,63.662
5592,1783741213.7680912,112.6614,63.662
5593,1783741213.78824,112.6815,63.661
5594,1783741213.808384,112.7017,63.661
5595,1783741213.8285198,112.7218,63.661
5596,1783741213.8486633,112.7419,63.661
5597,1783741213.868813,112.7621,63.661
5598,1783741213.8889616,112.7822,63.661
5599,1783741213.9091024,112.8024,63.661
5600,1783741213.9292452,112.8225,63.661
5601,1783741213.9493883,112.8427,63.661
5602,1783741213.9695299,112.8628,63.661
5603,1783741213.9896693,112.8829,63.661
5604,1783741214.0098102,112.9031,63.661
5605,1783741214.0299542,112.9232,63.661
5606,1783741214.0501013,112.9434,63.661
5607,1783741214.0702412,112.9635,63.661
5608,1783741214.0903485,112.9836,63.661
5609,1783741214.110493,113.0038,63.661
5610,1783741214.1306386,113.0239,63.661
5611,1783741214.150777,113.0441,63.661
5612,1783741214.1709156,113.0642,63.661
5613,1783741214.191062,113.0843,63.661
5614,1783741214.211215,113.1045,63.661
5615,1783741214.2313826,113.1247,63.661
5616,1783741214.25152,113.1448,63.661
5617,1783741214.2716668,113.1649,63.661
5618,1783741214.291818,113.1851,63.661
5619,1783741214.311965,113.2052,63.661
5620,1783741214.332102,113.2254,63.661
5621,1783741214.3522465,113.2455,63.661
5622,1783741214.3723946,113.2657,63.661
5623,1783741214.392543,113.2858,63.661
5624,1783741214.412681,113.3060,63.661
5625,1783741214.4328237,113.3261,63.661
5626,1783741214.4529674,113.3462,63.661
5627,1783741214.4731162,113.3664,63.661
5628,1783741214.4932537,113.3865,63.661
5629,1783741214.513391,113.4067,63.661
5630,1783741214.5335348,113.4268,63.661
5631,1783741214.5536852,113.4470,63.661
5632,1783741214.573824,113.4671,63.661
5633,1783741214.5939603,113.4872,63.661
5634,1783741214.6141045,113.5074,63.661
5635,1783741214.6342576,113.5275,63.661
5636,1783741214.654395,113.5477,63.661
5637,1783741214.6745312,113.5678,63.661
5638,1783741214.6946757,113.5880,63.661
5639,1783741214.7148254,113.6081,63.661
5640,1783741214.7349675,113.6282,63.661
5641,1783741214.7551043,113.6484,63.661
5642,1783741214.7752492,113.6685,63.661
5643,1783741214.7953985,113.6887,63.661
5644,1783741214.815545,113.7088,63.661
5645,1783741214.8356826,113.7290,63.661
5646,1783741214.8558261,113.7491,63.661
5647,1783741214.8759747,113.7693,63.661
5648,1783741214.8961244,113.7894,63.661
5649,1783741214.916261,113.8095,63.661
5650,1783741214.9364033,113.8297,63.661
5651,1783741214.9565485,113.8498,63.661
5652,1783741214.9766984,113.8700,63.661
5653,1783741214.9968781,113.8902,63.661
5654,1783741215.0170338,113.9103,63.661
5655,1783741215.0371797,113.9305,63.661
5656,1783741215.0573325,113.9506,63.661
5657,1783741215.0774732,113.9708,63.661
5658,1783741215.0976126,113.9909,63.661
5659,1783741215.1177528,114.0110,63.661
5660,1783741215.1379068,114.0312,63.661
5661,1783741215.1580446,114.0513,63.661
5662,1783741215.1781838,114.0715,63.661
5663,1783741215.19833,114.0916,63.661
5664,1783741215.2184794,114.1118,63.661
5665,1783741215.2386215,114.1319,63.661
5666,1783741215.2587597,114.1520,63.661
5667,1783741215.2789032,114.1722,63.661
5668,1783741215.299057,114.1923,63.661
5669,1783741215.3192005,114.2125,63.661
5670,1783741215.3393369,114.2326,63.661
5671,1783741215.3594816,114.2528,63.661
5672,1783741215.3796308,114.2729,63.662
5673,1783741215.3997788,114.2931,63.662
5674,1783741215.419915,114.3132,63.662
5675,1783741215.4400585,114.3333,63.662
5676,1783741215.4602063,114.3535,63.662
5677,1783741215.4803572,114.3736,63.662
5678,1783741215.500496,114.3938,63.662
5679,1783741215.5206614,114.4139,63.662
5680,1783741215.540807,114.4341,63.662
5681,1783741215.5609593,114.4542,63.662
5682,1783741215.5810974,114.4744,63.662
5683,1783741215.6012378,114.4945,63.662
5684,1783741215.6213813,114.5147,63.662
5685,1783741215.6415293,114.5348,63.662
5686,1783741215.6616652,114.5549,63.662
5687,1783741215.6818001,114.5751,63.662
5688,1783741215.7019453,114.5952,63.662
5689,1783741215.7220962,114.6154,63.662
5690,1783741215.7422335,114.6355,63.662
5691,1783741215.7623723,114.6557,63.662
5692,1783741215.782513,114.6758,63.662
5693,1783741215.8026636,114.6959,63.662
5694,1783741215.822809,114.7161,63.662
5695,1783741215.8429456,114.7362,63.662
5696,1783741215.8630881,114.7564,63.662
5697,1783741215.8832421,114.7765,63.662
5698,1783741215.9033906,114.7967,63.662
5699,1783741215.923526,114.8168,63.662
5700,1783741215.9436653,114.8369,63.662
5701,1783741215.9638076,114.8571,63.662
5702,1783741215.9839535,114.8772,63.663
5703,1783741216.0040927,114.8974,63.663
5704,1783741216.0242329,114.9175,63.663
5705,1783741216.0443437,114.9376,63.663
5706,1783741216.064492,114.9578,63.663
5707,1783741216.0846326,114.9779,63.663
5708,1783741216.1047719,114.9981,63.663
5709,1783741216.1249127,115.0182,63.663
5710,1783741216.1450567,115.0383,63.663
5711,1783741216.165196,115.0585,63.663
5712,1783741216.1853337,115.0786,63.662
5713,1783741216.2054799,115.0988,63.662
5714,1783741216.225625,115.1189,63.662
5715,1783741216.245766,115.1390,63.662
5716,1783741216.2659035,115.1592,63.662
5717,1783741216.2860482,115.1793,63.662
5718,1783741216.3062263,115.1995,63.662
5719,1783741216.3263714,115.2197,63.662
5720,1783741216.3465073,115.2398,63.662
5721,1783741216.3666508,115.2599,63.662
5722,1783741216.386802,115.2801,63.662
5723,1783741216.4069479,115.3002,63.662
5724,1783741216.4270847,115.3204,63.662
5725,1783741216.4472249,115.3405,63.662
5726,1783741216.4673707,115.3606,63.662
5727,1783741216.4875216,115.3808,63.662
5728,1783741216.5076582,115.4009,63.662
5729,1783741216.5277967,115.4211,63.662
5730,1783741216.547914,115.4412,63.662
5731,1783741216.568065,115.4613,63.662
5732,1783741216.588206,115.4815,63.663
5733,1783741216.6083453,115.5016,63.663
5734,1783741216.6284878,115.5218,63.663
5735,1783741216.6486351,115.5419,63.663
5736,1783741216.668776,115.5621,63.663
5737,1783741216.688915,115.5822,63.663
5738,1783741216.709058,115.6023,63.663
5739,1783741216.729207,115.6225,63.663
5740,1783741216.7493458,115.6426,63.663
5741,1783741216.7694812,115.6628,63.663
5742,1783741216.789625,115.6829,63.663
5743,1783741216.8098006,115.7031,63.663
5744,1783741216.8299444,115.7232,63.663
5745,1783741216.850081,115.7434,63.663
5746,1783741216.8702266,115.7635,63.663
5747,1783741216.8903782,115.7837,63.663
5748,1783741216.9105232,115.8038,63.663
5749,1783741216.930659,115.8239,63.663
5750,1783741216.950803,115.8441,63.663
5751,1783741216.9709494,115.8642,63.663
5752,1783741216.9911003,115.8844,63.663
5753,1783741217.011237,115.9045,63.663
5754,1783741217.0313766,115.9247,63.663
5755,1783741217.0514874,115.9448,63.663
5756,1783741217.0715985,115.9649,63.663
5757,1783741217.0917645,115.9850,63.663
5758,1783741217.1119056,116.0052,63.663
5759,1783741217.1320474,116.0253,63.663
5760,1783741217.1522012,116.0455,63.663
5761,1783741217.172343,116.0656,63.663
5762,1783741217.1924818,116.0858,63.664
5763,1783741217.2126276,116.1059,63.664
5764,1783741217.2327788,116.1261,63.664
5765,1783741217.252922,116.1462,63.664
5766,1783741217.2730594,116.1663,63.664
5767,1783741217.293205,116.1865,63.663
5768,1783741217.3133547,116.2066,63.663
5769,1783741217.3334992,116.2268,63.663
5770,1783741217.353638,116.2469,63.663
5771,1783741217.3737836,116.2671,63.663
5772,1783741217.3939333,116.2872,63.663
5773,1783741217.4140778,116.3074,63.663
5774,1783741217.434213,116.3275,63.663
5775,1783741217.4543557,116.3476,63.663
5776,1783741217.474502,116.3678,63.663
5777,1783741217.494654,116.3879,63.663
5778,1783741217.51479,116.4081,63.663
5779,1783741217.5349295,116.4282,63.663
5780,1783741217.5550709,116.4483,63.663
5781,1783741217.5752175,116.4685,63.663
5782,1783741217.5953891,116.4887,63.663
5783,1783741217.615529,116.5088,63.663
5784,1783741217.6356735,116.5290,63.663
5785,1783741217.6558256,116.5491,63.663
5786,1783741217.6759648,116.5692,63.663
5787,1783741217.696105,116.5894,63.663
5788,1783741217.7162488,116.6095,63.663
5789,1783741217.7363992,116.6297,63.663
5790,1783741217.7565396,116.6498,63.663
5791,1783741217.7766776,116.6700,63.663
5792,1783741217.79682,116.6901,63.663
5793,1783741217.8169708,116.7102,63.663
5794,1783741217.8370821,116.7304,63.663
5795,1783741217.857219,116.7505,63.663
5796,1783741217.877331,116.7706,63.663
5797,1783741217.8974836,116.7908,63.663
5798,1783741217.9176288,116.8109,63.663
5799,1783741217.9377658,116.8310,63.663
5800,1783741217.957912,116.8512,63.663
5801,1783741217.978032,116.8713,63.663
5802,1783741217.9981506,116.8914,63.662
5803,1783741218.0182889,116.9116,63.662
5804,1783741218.0384305,116.9317,63.662
5805,1783741218.0585759,116.9519,63.662
5806,1783741218.078772,116.9721,63.662
5807,1783741218.0989385,116.9922,63.662
5808,1783741218.1190758,117.0124,63.662
5809,1783741218.1392226,117.0325,63.662
5810,1783741218.1593745,117.0527,63.662
5811,1783741218.1795144,117.0728,63.662
5812,1783741218.1996534,117.0929,63.662
5813,1783741218.2197976,117.1131,63.662
5814,1783741218.2399492,117.1332,63.662
5815,1783741218.260092,117.1534,63.662
5816,1783741218.2802298,117.1735,63.662
5817,1783741218.3003757,117.1937,63.662
5818,1783741218.3205247,117.2138,63.662
5819,1783741218.340668,117.2339,63.662
5820,1783741218.360805,117.2541,63.662
5821,1783741218.3809497,117.2742,63.662
5822,1783741218.4010983,117.2944,63.662
5823,1783741218.4212425,117.3145,63.662
5824,1783741218.4413884,117.3347,63.662
5825,1783741218.4615374,117.3548,63.662
5826,1783741218.4816895,117.3750,63.662
5827,1783741218.5018842,117.3952,63.662
5828,1783741218.5220246,117.4153,63.662
5829,1783741218.5421667,117.4354,63.662
5830,1783741218.5623167,117.4556,63.662
5831,1783741218.58247,117.4757,63.661
5832,1783741218.6026106,117.4959,63.661
5833,1783741218.6227548,117.5160,63.661
5834,1783741218.6428978,117.5362,63.661
5835,1783741218.6630535,117.5563,63.661
5836,1783741218.6831963,117.5765,63.661
5837,1783741218.703338,117.5966,63.661
5838,1783741218.7234828,117.6168,63.661
5839,1783741218.743627,117.6369,63.661
5840,1783741218.763769,117.6570,63.661
5841,1783741218.7839086,117.6772,63.661
5842,1783741218.8040519,117.6973,63.661
5843,1783741218.824202,117.7175,63.661
5844,1783741218.8443394,117.7376,63.661
5845,1783741218.8644795,117.7578,63.661
5846,1783741218.8846521,117.7779,63.661
5847,1783741218.904798,117.7981,63.661
5848,1783741218.9249396,117.8182,63.661
5849,1783741218.9450762,117.8384,63.661
5850,1783741218.9652216,117.8585,63.661
5851,1783741218.9853687,117.8786,63.661
5852,1783741219.0055177,117.8988,63.661
5853,1783741219.0256593,117.9189,63.661
5854,1783741219.0458012,117.9391,63.661
5855,1783741219.0659437,117.9592,63.661
5856,1783741219.086095,117.9794,63.661
5857,1783741219.1062334,117.9995,63.661
5858,1783741219.1263726,118.0197,63.661
5859,1783741219.1465113,118.0398,63.661
5860,1783741219.1666558,118.0599,63.661
5861,1783741219.1867976,118.0801,63.661
5862,1783741219.20694,118.1002,63.661
5863,1783741219.2270846,118.1204,63.661
5864,1783741219.2472284,118.1405,63.661
5865,1783741219.26737,118.1606,63.661
5866,1783741219.2875094,118.1808,63.661
5867,1783741219.3076499,118.2009,63.661
5868,1783741219.3277998,118.2211,63.661
5869,1783741219.3479412,118.2412,63.661
5870,1783741219.3681087,118.2614,63.661
5871,1783741219.3882508,118.2815,63.661
5872,1783741219.4083998,118.3017,63.661
5873,1783741219.4285417,118.3218,63.661
5874,1783741219.4486794,118.3420,63.661
5875,1783741219.468825,118.3621,63.661
5876,1783741219.4889731,118.3823,63.661
5877,1783741219.509124,118.4024,63.661
5878,1783741219.5292645,118.4225,63.661
5879,1783741219.5494084,118.4427,63.661
5880,1783741219.569556,118.4628,63.661
5881,1783741219.589708,118.4830,63.661
5882,1783741219.6098962,118.5032,63.661
5883,1783741219.630038,118.5233,63.661
5884,1783741219.6501803,118.5435,63.661
5885,1783741219.670324,118.5636,63.661
5886,1783741219.6904678,118.5837,63.661
5887,1783741219.7106087,118.6039,63.661
5888,1783741219.7307527,118.6240,63.661
5889,1783741219.7509322,118.6442,63.661
5890,1783741219.7710752,118.6644,63.661
5891,1783741219.7912133,118.6845,63.662
5892,1783741219.8113594,118.7046,63.662
5893,1783741219.831513,118.7248,63.662
5894,1783741219.851656,118.7449,63.662
5895,1783741219.8717964,118.7651,63.662
5896,1783741219.8919408,118.7852,63.662
5897,1783741219.9120915,118.8054,63.662
5898,1783741219.9322355,118.8255,63.662
5899,1783741219.9523742,118.8457,63.662
5900,1783741219.97252,118.8658,63.662
5901,1783741219.992661,118.8859,63.661
5902,1783741220.0128102,118.9061,63.661
5903,1783741220.0329478,118.9262,63.661
5904,1783741220.053091,118.9464,63.661
5905,1783741220.0732372,118.9665,63.661
5906,1783741220.0933886,118.9867,63.661
5907,1783741220.1135309,119.0068,63.661
5908,1783741220.1336737,119.0270,63.661
5909,1783741220.1538851,119.0472,63.661
5910,1783741220.1740332,119.0673,63.661
5911,1783741220.1941776,119.0875,63.661
5912,1783741220.2143164,119.1076,63.661
5913,1783741220.2344604,119.1277,63.661
5914,1783741220.2546113,119.1479,63.661
5915,1783741220.274756,119.1680,63.661
5916,1783741220.2948973,119.1882,63.661
5917,1783741220.315044,119.2083,63.661
5918,1783741220.3351946,119.2285,63.661
5919,1783741220.3553352,119.2486,63.661
5920,1783741220.3754752,119.2688,63.661
5921,1783741220.3956194,119.2889,63.661
5922,1783741220.4157686,119.3090,63.661
5923,1783741220.4359145,119.3292,63.661
5924,1783741220.4560506,119.3493,63.661
5925,1783741220.4761949,119.3695,63.661
5926,1783741220.4963405,119.3896,63.661
5927,1783741220.516483,119.4098,63.661
5928,1783741220.5366213,119.4299,63.661
5929,1783741220.556767,119.4500,63.661
5930,1783741220.576914,119.4702,63.661
5931,1783741220.5970657,119.4903,63.661
5932,1783741220.6172066,119.5105,63.661
5933,1783741220.6373496,119.5306,63.661
5934,1783741220.6575232,119.5508,63.661
5935,1783741220.6776798,119.5710,63.661
5936,1783741220.697827,119.5911,63.661
5937,1783741220.7179692,119.6112,63.661
5938,1783741220.738118,119.6314,63.661
5939,1783741220.7582757,119.6516,63.661
5940,1783741220.7784173,119.6717,63.661
5941,1783741220.79856,119.6918,63.661
5942,1783741220.8187099,119.7120,63.661
5943,1783741220.838901,119.7322,63.661
5944,1783741220.8590486,119.7523,63.661
5945,1783741220.8791904,119.7725,63.661
5946,1783741220.8993387,119.7926,63.661
5947,1783741220.9194918,119.8128,63.661
5948,1783741220.9396403,119.8329,63.661
5949,1783741220.959781,119.8531,63.661
5950,1783741220.9799304,119.8732,63.661
5951,1783741221.0000832,119.8934,63.661
5952,1783741221.020235,119.9135,63.661
5953,1783741221.0403793,119.9337,63.661
5954,1783741221.0605247,119.9538,63.661
5955,1783741221.0806694,119.9739,63.661
5956,1783741221.1008224,119.9941,63.661
5957,1783741221.1209626,120.0142,63.661
5958,1783741221.141103,120.0344,63.661
5959,1783741221.1612413,120.0545,63.661
5960,1783741221.181393,120.0747,63.661
5961,1783741221.2015345,120.0948,63.661
5962,1783741221.2216775,120.1150,63.661
5963,1783741221.2418234,120.1351,63.661
5964,1783741221.2619712,120.1553,63.661
5965,1783741221.2821112,120.1754,63.661
5966,1783741221.3022492,120.1955,63.661
5967,1783741221.3223958,120.2157,63.661
5968,1783741221.3425488,120.2358,63.661
5969,1783741221.362695,120.2560,63.661
5970,1783741221.382877,120.2762,63.661
5971,1783741221.403024,120.2963,63.661
5972,1783741221.4231732,120.3165,63.661
5973,1783741221.4433587,120.3366,63.661
5974,1783741221.463497,120.3568,63.661
5975,1783741221.4836454,120.3769,63.661
5976,1783741221.5037973,120.3971,63.661
5977,1783741221.5239415,120.4172,63.661
5978,1783741221.544082,120.4374,63.661
5979,1783741221.5642288,120.4575,63.661
5980,1783741221.5843794,120.4777,63.661
5981,1783741221.6045291,120.4978,63.661
5982,1783741221.6246698,120.5179,63.661
5983,1783741221.6448133,120.5381,63.661
5984,1783741221.6649625,120.5582,63.661
5985,1783741221.6851218,120.5784,63.661
5986,1783741221.7052672,120.5985,63.661
5987,1783741221.7254107,120.6187,63.661
5988,1783741221.7455537,120.6388,63.661
5989,1783741221.7657142,120.6590,63.661
5990,1783741221.7859056,120.6792,63.661
5991,1783741221.8060489,120.6993,63.661
5992,1783741221.8262,120.7195,63.661
5993,1783741221.8463485,120.7396,63.661
5994,1783741221.866496,120.7598,63.661
5995,1783741221.8866367,120.7799,63.661
5996,1783741221.906787,120.8001,63.661
5997,1783741221.9269335,120.8202,63.661
5998,1783741221.9471014,120.8404,63.661
5999,1783741221.967245,120.8605,63.661
6000,1783741221.9873948,120.8807,63.661
6001,1783741222.0075467,120.9008,63.661
6002,1783741222.0276892,120.9210,63.661
6003,1783741222.0478535,120.9411,63.661
6004,1783741222.068002,120.9613,63.661
6005,1783741222.0881493,120.9814,63.661
6006,1783741222.1083026,121.0016,63.661
6007,1783741222.1284437,121.0217,63.661
6008,1783741222.1485887,121.0419,63.661
6009,1783741222.168776,121.0621,63.661
6010,1783741222.188934,121.0822,63.661
6011,1783741222.2090788,121.1024,63.661
6012,1783741222.229224,121.1225,63.661
6013,1783741222.2493696,121.1426,63.661
6014,1783741222.269522,121.1628,63.661
6015,1783741222.289667,121.1829,63.661
6016,1783741222.309811,121.2031,63.661
6017,1783741222.329957,121.2232,63.661
6018,1783741222.3501136,121.2434,63.661
6019,1783741222.3702602,121.2635,63.661
6020,1783741222.3904023,121.2837,63.661
6021,1783741222.4105508,121.3038,63.661
6022,1783741222.4307034,121.3240,63.661
6023,1783741222.4508905,121.3442,63.661
6024,1783741222.4710307,121.3643,63.661
6025,1783741222.4911814,121.3845,63.661
6026,1783741222.5113382,121.4046,63.661
6027,1783741222.5314894,121.4248,63.661
6028,1783741222.5516317,121.4449,63.661
6029,1783741222.571777,121.4651,63.661
6030,1783741222.5919242,121.4852,63.661
6031,1783741222.6120763,121.5054,63.661
6032,1783741222.6322184,121.5255,63.661
6033,1783741222.6523626,121.5456,63.661
6034,1783741222.6725097,121.5658,63.661
6035,1783741222.6926637,121.5859,63.661
6036,1783741222.7128077,121.6061,63.661
6037,1783741222.7329745,121.6263,63.661
6038,1783741222.7531192,121.6464,63.661
6039,1783741222.7732713,121.6666,63.661
6040,1783741222.7934148,121.6867,63.661
6041,1783741222.813556,121.7068,63.661
6042,1783741222.8337026,121.7270,63.661
6043,1783741222.853891,121.7472,63.661
6044,1783741222.8740373,121.7673,63.661
6045,1783741222.894177,121.7875,63.661
6046,1783741222.914322,121.8076,63.661
6047,1783741222.9344985,121.8278,63.661
6048,1783741222.9546452,121.8479,63.661
6049,1783741222.9747844,121.8681,63.661
6050,1783741222.9949307,121.8882,63.661
6051,1783741223.0150795,121.9084,63.661
6052,1783741223.035223,121.9285,63.661
6053,1783741223.055365,121.9486,63.661
6054,1783741223.0755126,121.9688,63.661
6055,1783741223.0956597,121.9889,63.661
6056,1783741223.1158078,122.0091,63.661
6057,1783741223.1359494,122.0292,63.661
6058,1783741223.1560943,122.0494,63.661
6059,1783741223.1765747,122.0699,63.661
6060,1783741223.196722,122.0900,63.661
6061,1783741223.2169096,122.1102,63.661
6062,1783741223.2370813,122.1304,63.661
6063,1783741223.2572253,122.1505,63.661
6064,1783741223.2773795,122.1707,63.661
6065,1783741223.2975218,122.1908,63.661
6066,1783741223.3176632,122.2109,63.661
6067,1783741223.3378088,122.2311,63.661
6068,1783741223.3579571,122.2512,63.661
6069,1783741223.3781037,122.2714,63.661
6070,1783741223.3982463,122.2915,63.661
6071,1783741223.4184015,122.3117,63.661
6072,1783741223.4385557,122.3318,63.661
6073,1783741223.4586987,122.3520,63.661
6074,1783741223.4788787,122.3722,63.661
6075,1783741223.4990277,122.3923,63.661
6076,1783741223.5191746,122.4125,63.661
6077,1783741223.5393212,122.4326,63.661
6078,1783741223.5594614,122.4527,63.661
6079,1783741223.5796094,122.4729,63.661
6080,1783741223.5997572,122.4930,63.661
6081,1783741223.6199086,122.5132,63.661
6082,1783741223.6400526,122.5333,63.661
6083,1783741223.6601946,122.5535,63.661
6084,1783741223.6803396,122.5736,63.661
6085,1783741223.7004945,122.5938,63.661
6086,1783741223.7206342,122.6139,63.661
6087,1783741223.7407782,122.6341,63.661
6088,1783741223.760924,122.6542,63.661
6089,1783741223.7810783,122.6744,63.661
6090,1783741223.8012197,122.6945,63.661
6091,1783741223.8213587,122.7146,63.661
6092,1783741223.8415039,122.7348,63.661
6093,1783741223.8616567,122.7549,63.661
6094,1783741223.8818002,122.7751,63.661
6095,1783741223.901917,122.7952,63.661
6096,1783741223.922064,122.8153,63.661
6097,1783741223.9422145,122.8355,63.661
6098,1783741223.9623587,122.8556,63.661
6099,1783741223.9825,122.8758,63.661
6100,1783741224.0026176,122.8959,63.661
6101,1783741224.0227814,122.9161,63.661
6102,1783741224.042927,122.9362,63.661
6103,1783741224.0630677,122.9563,63.661
6104,1783741224.0857627,122.9790,63.662
6105,1783741224.1058815,122.9992,63.662
6106,1783741224.1260083,123.0193,63.662
6107,1783741224.1461477,123.0394,63.662
6108,1783741224.1662982,123.0596,63.662
6109,1783741224.1864462,123.0797,63.661
6110,1783741224.2065928,123.0999,63.661
6111,1783741224.2267716,123.1201,63.661
6112,1783741224.24692,123.1402,63.661
6113,1783741224.2670686,123.1603,63.661
6114,1783741224.28722,123.1805,63.661
6115,1783741224.307364,123.2006,63.661
6116,1783741224.3275096,123.2208,63.661
6117,1783741224.3476567,123.2409,63.661
6118,1783741224.3678093,123.2611,63.661
6119,1783741224.3879528,123.2812,63.661
6120,1783741224.4080942,123.3014,63.661
6121,1783741224.4282403,123.3215,63.661
6122,1783741224.4484005,123.3417,63.661
6123,1783741224.4685457,123.3618,63.661
6124,1783741224.4886885,123.3820,63.662
6125,1783741224.5089145,123.4022,63.662
6126,1783741224.5290716,123.4224,63.662
6127,1783741224.5492177,123.4425,63.662
6128,1783741224.569361,123.4626,63.662
6129,1783741224.5895112,123.4828,63.662
6130,1783741224.6096668,123.5029,63.662
6131,1783741224.629817,123.5231,63.662
6132,1783741224.6499565,123.5432,63.662
6133,1783741224.6701057,123.5634,63.662
6134,1783741224.690254,123.5835,63.662
6135,1783741224.7104094,123.6037,63.662
6136,1783741224.7305543,123.6238,63.662
6137,1783741224.750701,123.6440,63.662
6138,1783741224.7708976,123.6642,63.662
6139,1783741224.7910538,123.6843,63.661
6140,1783741224.811199,123.7045,63.661
6141,1783741224.831344,123.7246,63.661
6142,1783741224.8514936,123.7448,63.661
6143,1783741224.8716533,123.7649,63.661
6144,1783741224.8917992,123.7851,63.661
6145,1783741224.911944,123.8052,63.661
6146,1783741224.9320884,123.8254,63.661
6147,1783741224.9522483,123.8455,63.661
6148,1783741224.972393,123.8657,63.661
6149,1783741224.9925368,123.8858,63.661
6150,1783741225.0126872,123.9060,63.661
6151,1783741225.0328765,123.9262,63.661
6152,1783741225.0530224,123.9463,63.661
6153,1783741225.073164,123.9664,63.661
6154,1783741225.0933125,123.9866,63.661
6155,1783741225.1134667,124.0067,63.661
6156,1783741225.133614,124.0269,63.661
6157,1783741225.1537566,124.0470,63.661
6158,1783741225.1739058,124.0672,63.661
6159,1783741225.1940553,124.0873,63.661
6160,1783741225.2142057,124.1075,63.661
6161,1783741225.2343516,124.1276,63.661
6162,1783741225.254499,124.1478,63.661
6163,1783741225.2746518,124.1679,63.661
6164,1783741225.294834,124.1881,63.661
6165,1783741225.3149788,124.2083,63.661
6166,1783741225.3351238,124.2284,63.661
6167,1783741225.3552737,124.2486,63.661
6168,1783741225.3754303,124.2687,63.661
6169,1783741225.3955748,124.2889,63.661
6170,1783741225.4157188,124.3090,63.661
6171,1783741225.4359117,124.3292,63.661
6172,1783741225.456071,124.3493,63.661
6173,1783741225.4762144,124.3695,63.661
6174,1783741225.4963562,124.3896,63.661
6175,1783741225.5165014,124.4098,63.661
6176,1783741225.5366588,124.4299,63.661
6177,1783741225.5568073,124.4501,63.661
6178,1783741225.5769513,124.4702,63.661
6179,1783741225.5971,124.4904,63.661
6180,1783741225.6172545,124.5105,63.661
6181,1783741225.6374025,124.5307,63.661
6182,1783741225.6575422,124.5508,63.661
6183,1783741225.6776931,124.5710,63.661
6184,1783741225.6978927,124.5912,63.662
6185,1783741225.718045,124.6113,63.662
6186,1783741225.7381878,124.6315,63.662
6187,1783741225.758336,124.6516,63.662
6188,1783741225.7784886,124.6718,63.662
6189,1783741225.7986634,124.6919,63.662
6190,1783741225.818807,124.7121,63.662
6191,1783741225.8389518,124.7322,63.662
6192,1783741225.859098,124.7524,63.662
6193,1783741225.8792558,124.7725,63.662
6194,1783741225.8994021,124.7927,63.662
6195,1783741225.9195466,124.8128,63.662
6196,1783741225.9396915,124.8330,63.662
6197,1783741225.9598966,124.8532,63.662
6198,1783741225.9800441,124.8733,63.662
6199,1783741226.0001886,124.8935,63.662
6200,1783741226.0203385,124.9136,63.662
6201,1783741226.040496,124.9338,63.662
6202,1783741226.0606422,124.9539,63.662
6203,1783741226.0807865,124.9741,63.662
6204,1783741226.100936,124.9942,63.663
6205,1783741226.1210856,125.0144,63.663
6206,1783741226.141234,125.0345,63.663
6207,1783741226.1613762,125.0547,63.663
6208,1783741226.1815257,125.0748,63.663
6209,1783741226.2016835,125.0950,63.663
6210,1783741226.2218287,125.1151,63.663
6211,1783741226.2419693,125.1352,63.663
6212,1783741226.2621207,125.1554,63.663
6213,1783741226.2822723,125.1756,63.663
6214,1783741226.302429,125.1957,63.663
6215,1783741226.3225713,125.2159,63.663
6216,1783741226.3427165,125.2360,63.663
6217,1783741226.3629124,125.2562,63.663
6218,1783741226.38307,125.2763,63.663
6219,1783741226.403217,125.2965,63.663
6220,1783741226.423363,125.3166,63.663
6221,1783741226.4435086,125.3368,63.663
6222,1783741226.4636598,125.3569,63.663
6223,1783741226.483804,125.3771,63.663
6224,1783741226.5039475,125.3972,63.663
6225,1783741226.5240953,125.4174,63.663
6226,1783741226.5442445,125.4375,63.663
6227,1783741226.564393,125.4577,63.663
6228,1783741226.5845633,125.4778,63.663
6229,1783741226.6047127,125.4980,63.663
6230,1783741226.6249201,125.5182,63.663
6231,1783741226.6450663,125.5383,63.663
6232,1783741226.665206,125.5585,63.663
6233,1783741226.685357,125.5786,63.662
6234,1783741226.7055125,125.5988,63.662
6235,1783741226.7256615,125.6189,63.662
6236,1783741226.7458022,125.6391,63.662
6237,1783741226.7659538,125.6592,63.662
6238,1783741226.7861004,125.6794,63.662
6239,1783741226.8062482,125.6995,63.662
6240,1783741226.8263922,125.7197,63.662
6241,1783741226.8465393,125.7398,63.662
6242,1783741226.8666875,125.7600,63.662
6243,1783741226.8868878,125.7802,63.662
6244,1783741226.9070332,125.8003,63.662
6245,1783741226.927177,125.8205,63.662
6246,1783741226.9473248,125.8406,63.662
6247,1783741226.967482,125.8608,63.662
6248,1783741226.9876294,125.8809,63.662
6249,1783741227.0077739,125.9011,63.662
6250,1783741227.027924,125.9212,63.662
6251,1783741227.0480728,125.9414,63.662
6252,1783741227.0682182,125.9615,63.662
6253,1783741227.08839,125.9817,63.662
6254,1783741227.108539,126.0018,63.662
6255,1783741227.1286948,126.0220,63.662
6256,1783741227.148879,126.0422,63.662
6257,1783741227.1690216,126.0623,63.662
6258,1783741227.1891713,126.0825,63.661
6259,1783741227.209328,126.1026,63.661
6260,1783741227.229478,126.1228,63.661
6261,1783741227.2496173,126.1429,63.661
6262,1783741227.2697682,126.1630,63.661
6263,1783741227.2899199,126.1832,63.661
6264,1783741227.310068,126.2033,63.661
6265,1783741227.3302112,126.2235,63.661
6266,1783741227.350359,126.2436,63.661
6267,1783741227.3705108,126.2638,63.661
6268,1783741227.390668,126.2839,63.661
6269,1783741227.4108143,126.3041,63.661
6270,1783741227.4309583,126.3242,63.661
6271,1783741227.4511063,126.3444,63.661
6272,1783741227.4712584,126.3645,63.661
6273,1783741227.491403,126.3847,63.662
6274,1783741227.5115464,126.4048,63.662
6275,1783741227.531694,126.4250,63.662
6276,1783741227.5518985,126.4452,63.662
6277,1783741227.5720398,126.4653,63.662
6278,1783741227.5921845,126.4855,63.661
6279,1783741227.6123335,126.5056,63.661
6280,1783741227.6324904,126.5258,63.661
6281,1783741227.6526337,126.5459,63.661
6282,1783741227.6727743,126.5661,63.661
6283,1783741227.692925,126.5862,63.661
6284,1783741227.7130797,126.6064,63.661
6285,1783741227.7332282,126.6265,63.661
6286,1783741227.75337,126.6466,63.661
6287,1783741227.7735205,126.6668,63.661
6288,1783741227.7936726,126.6870,63.661
6289,1783741227.8138173,126.7071,63.661
6290,1783741227.8339624,126.7272,63.661
6291,1783741227.8541107,126.7474,63.661
6292,1783741227.8742912,126.7676,63.661
6293,1783741227.894448,126.7877,63.661
6294,1783741227.9145913,126.8079,63.661
6295,1783741227.9347746,126.8281,63.661
6296,1783741227.9549232,126.8482,63.661
6297,1783741227.9750817,126.8684,63.661
6298,1783741227.9952302,126.8885,63.661
6299,1783741228.0153744,126.9087,63.661
6300,1783741228.035526,126.9288,63.661
6301,1783741228.0556846,126.9490,63.661
6302,1783741228.0758305,126.9691,63.661
6303,1783741228.095975,126.9893,63.661
6304,1783741228.116127,127.0094,63.661
6305,1783741228.1362772,127.0296,63.661
6306,1783741228.1564245,127.0497,63.661
6307,1783741228.1765645,127.0698,63.661
6308,1783741228.1967156,127.0900,63.661
6309,1783741228.216918,127.1102,63.661
6310,1783741228.237065,127.1303,63.661
6311,1783741228.2572045,127.1505,63.661
6312,1783741228.2773552,127.1706,63.661
6313,1783741228.297506,127.1908,63.661
6314,1783741228.3176603,127.2109,63.661
6315,1783741228.3378057,127.2311,63.661
6316,1783741228.3579557,127.2512,63.661
6317,1783741228.3781345,127.2714,63.661
6318,1783741228.3982909,127.2916,63.661
6319,1783741228.418434,127.3117,63.661
6320,1783741228.43858,127.3319,63.661
6321,1783741228.4587765,127.3521,63.661
6322,1783741228.478933,127.3722,63.661
6323,1783741228.4990816,127.3924,63.661
6324,1783741228.519227,127.4125,63.661
6325,1783741228.5393777,127.4327,63.661
6326,1783741228.5595367,127.4528,63.661
6327,1783741228.5796826,127.4730,63.661
6328,1783741228.5998275,127.4931,63.661
6329,1783741228.6199794,127.5133,63.661
6330,1783741228.6401365,127.5334,63.661
6331,1783741228.6602817,127.5536,63.661
6332,1783741228.680433,127.5737,63.661
6333,1783741228.7005851,127.5939,63.662
6334,1783741228.7207725,127.6141,63.662
6335,1783741228.740925,127.6342,63.662
6336,1783741228.7610617,127.6543,63.662
6337,1783741228.7812073,127.6745,63.662
6338,1783741228.8013527,127.6946,63.662
6339,1783741228.8215017,127.7148,63.662
6340,1783741228.8416407,127.7349,63.662
6341,1783741228.8617852,127.7551,63.662
6342,1783741228.881933,127.7752,63.662
6343,1783741228.9020855,127.7954,63.662
6344,1783741228.9222252,127.8155,63.662
6345,1783741228.9423661,127.8356,63.662
6346,1783741228.962512,127.8558,63.662
6347,1783741228.9826586,127.8759,63.662
6348,1783741229.0028017,127.8961,63.662
6349,1783741229.0229428,127.9162,63.662
6350,1783741229.0430853,127.9364,63.662
6351,1783741229.063237,127.9565,63.662
6352,1783741229.0833778,127.9767,63.662
6353,1783741229.1035144,127.9968,63.663
6354,1783741229.1236587,128.0169,63.663
6355,1783741229.1437612,128.0370,63.663
6356,1783741229.163925,128.0572,63.663
6357,1783741229.184062,128.0773,63.663
6358,1783741229.2041771,128.0975,63.663
6359,1783741229.2243307,128.1176,63.663
6360,1783741229.244445,128.1377,63.663
6361,1783741229.2645822,128.1579,63.663
6362,1783741229.2847717,128.1781,63.662
6363,1783741229.3049233,128.1982,63.662
6364,1783741229.32507,128.2183,63.662
6365,1783741229.345206,128.2385,63.662
6366,1783741229.3653486,128.2586,63.662
6367,1783741229.3854961,128.2788,63.662
6368,1783741229.4056418,128.2989,63.662
6369,1783741229.4257827,128.3191,63.662
6370,1783741229.4459233,128.3392,63.662
6371,1783741229.4660661,128.3593,63.662
6372,1783741229.4862204,128.3795,63.661
6373,1783741229.5063624,128.3996,63.661
6374,1783741229.526502,128.4198,63.661
6375,1783741229.5466154,128.4399,63.661
6376,1783741229.5667703,128.4600,63.661
6377,1783741229.58691,128.4802,63.661
6378,1783741229.607049,128.5003,63.661
6379,1783741229.627194,128.5205,63.661
6380,1783741229.647362,128.5406,63.661
6381,1783741229.6675014,128.5608,63.661
6382,1783741229.687638,128.5809,63.661
6383,1783741229.7077835,128.6011,63.661
6384,1783741229.7279332,128.6212,63.661
6385,1783741229.7480738,128.6414,63.661
6386,1783741229.7682076,128.6615,63.661
6387,1783741229.7883542,128.6816,63.661
6388,1783741229.808504,128.7018,63.661
6389,1783741229.8286166,128.7219,63.661
6390,1783741229.8487508,128.7420,63.661
6391,1783741229.8688948,128.7622,63.661
6392,1783741229.8890414,128.7823,63.661
6393,1783741229.909194,128.8025,63.661
6394,1783741229.9293332,128.8226,63.661
6395,1783741229.9494736,128.8428,63.661
6396,1783741229.9696188,128.8629,63.661
6397,1783741229.98977,128.8830,63.661
6398,1783741230.0099103,128.9032,63.661
6399,1783741230.03005,128.9233,63.661
6400,1783741230.0501912,128.9435,63.661
6401,1783741230.0703387,128.9636,63.661
6402,1783741230.0904806,128.9838,63.661
6403,1783741230.1106205,129.0039,63.661
6404,1783741230.1307626,129.0240,63.661
6405,1783741230.150912,129.0442,63.661
6406,1783741230.171052,129.0643,63.661
6407,1783741230.191189,129.0845,63.661
6408,1783741230.2113345,129.1046,63.661
6409,1783741230.2314866,129.1248,63.661
6410,1783741230.251627,129.1449,63.661
6411,1783741230.271766,129.1650,63.661
6412,1783741230.2919104,129.1852,63.661
6413,1783741230.3120623,129.2053,63.661
6414,1783741230.3322084,129.2255,63.661
6415,1783741230.352344,129.2456,63.661
6416,1783741230.3724885,129.2658,63.661
6417,1783741230.3926332,129.2859,63.661
6418,1783741230.4127831,129.3061,63.661
6419,1783741230.4329386,129.3262,63.661
6420,1783741230.4530761,129.3464,63.661
6421,1783741230.4732192,129.3665,63.661
6422,1783741230.4933712,129.3867,63.661
6423,1783741230.51351,129.4068,63.661
6424,1783741230.5336509,129.4269,63.661
6425,1783741230.5537908,129.4471,63.661
6426,1783741230.5739343,129.4672,63.661
6427,1783741230.5940747,129.4874,63.661
6428,1783741230.6142125,129.5075,63.661
6429,1783741230.6343582,129.5276,63.661
6430,1783741230.654501,129.5478,63.661
6431,1783741230.6746416,129.5679,63.661
6432,1783741230.69478,129.5881,63.662
6433,1783741230.714925,129.6082,63.662
6434,1783741230.7350771,129.6284,63.662
6435,1783741230.7552187,129.6485,63.662
6436,1783741230.7753565,129.6686,63.662
6437,1783741230.7955017,129.6888,63.662
6438,1783741230.8156495,129.7089,63.662
6439,1783741230.8357942,129.7291,63.662
6440,1783741230.8559325,129.7492,63.662
6441,1783741230.8760774,129.7694,63.662
6442,1783741230.8962235,129.7895,63.662
6443,1783741230.9163723,129.8097,63.662
6444,1783741230.9365404,129.8298,63.662
6445,1783741230.9566793,129.8500,63.662
6446,1783741230.9768252,129.8701,63.662
6447,1783741230.996976,129.8903,63.662
6448,1783741231.0171134,129.9104,63.662
6449,1783741231.0372546,129.9305,63.662
6450,1783741231.0573995,129.9507,63.662
6451,1783741231.0775537,129.9708,63.662
6452,1783741231.0976942,129.9910,63.661
6453,1783741231.1178815,130.0112,63.661
6454,1783741231.138027,130.0313,63.661
6455,1783741231.1581788,130.0515,63.661
6456,1783741231.1783166,130.0716,63.661
6457,1783741231.1984537,130.0917,63.662
6458,1783741231.218598,130.1119,63.662
6459,1783741231.2387896,130.1321,63.662
6460,1783741231.2589345,130.1522,63.662
6461,1783741231.2790704,130.1723,63.662
6462,1783741231.299215,130.1925,63.662
6463,1783741231.319366,130.2126,63.662
6464,1783741231.339507,130.2328,63.662
6465,1783741231.3596468,130.2529,63.662
6466,1783741231.3797927,130.2731,63.662
6467,1783741231.39994,130.2932,63.662
6468,1783741231.420088,130.3134,63.662
6469,1783741231.440226,130.3335,63.662
6470,1783741231.4603684,130.3536,63.662
6471,1783741231.4805143,130.3738,63.662
6472,1783741231.500666,130.3939,63.662
6473,1783741231.520806,130.4141,63.662
6474,1783741231.5409446,130.4342,63.662
6475,1783741231.5610902,130.4544,63.662
6476,1783741231.5812426,130.4745,63.662
6477,1783741231.6013834,130.4947,63.662
6478,1783741231.6215236,130.5148,63.662
6479,1783741231.6416686,130.5349,63.662
6480,1783741231.661814,130.5551,63.662
6481,1783741231.6819546,130.5752,63.662
6482,1783741231.7020936,130.5954,63.662
6483,1783741231.7222643,130.6155,63.662
6484,1783741231.7424126,130.6357,63.662
6485,1783741231.7625537,130.6558,63.662
6486,1783741231.7826903,130.6760,63.662
6487,1783741231.8028357,130.6961,63.662
6488,1783741231.8229854,130.7163,63.662
6489,1783741231.8431308,130.7364,63.662
6490,1783741231.8632677,130.7565,63.662
6491,1783741231.883413,130.7767,63.662
6492,1783741231.90356,130.7968,63.662
6493,1783741231.9237075,130.8170,63.662
6494,1783741231.9438787,130.8372,63.662
6495,1783741231.9640198,130.8573,63.662
6496,1783741231.9841664,130.8774,63.662
6497,1783741232.00432,130.8976,63.661
6498,1783741232.0244586,130.9177,63.661
6499,1783741232.044599,130.9379,63.661
6500,1783741232.0647862,130.9581,63.661
6501,1783741232.0849388,130.9782,63.662
6502,1783741232.1050794,130.9984,63.662
6503,1783741232.1252198,131.0185,63.662
6504,1783741232.1453593,131.0386,63.662
6505,1783741232.165519,131.0588,63.662
6506,1783741232.1856596,131.0789,63.662
6507,1783741232.2057967,131.0991,63.662
6508,1783741232.2259686,131.1192,63.662
6509,1783741232.2461193,131.1394,63.662
6510,1783741232.2662625,131.1595,63.662
6511,1783741232.286401,131.1797,63.661
6512,1783741232.3065472,131.1998,63.661
6513,1783741232.3266978,131.2200,63.661
6514,1783741232.34688,131.2402,63.661
6515,1783741232.3670168,131.2603,63.661
6516,1783741232.3871622,131.2804,63.661
6517,1783741232.407306,131.3006,63.661
6518,1783741232.4274468,131.3207,63.661
6519,1783741232.4475865,131.3409,63.661
6520,1783741232.4677742,131.3611,63.661
6521,1783741232.4879193,131.3812,63.661
6522,1783741232.5080726,131.4014,63.661
6523,1783741232.5282085,131.4215,63.661
6524,1783741232.548348,131.4416,63.661
6525,1783741232.5684907,131.4618,63.661
6526,1783741232.5886462,131.4819,63.661
6527,1783741232.6087837,131.5021,63.661
6528,1783741232.6289208,131.5222,63.661
6529,1783741232.6490655,131.5423,63.661
6530,1783741232.669216,131.5625,63.661
6531,1783741232.6893542,131.5826,63.661
6532,1783741232.7094922,131.6028,63.661
6533,1783741232.729638,131.6229,63.661
6534,1783741232.7497878,131.6431,63.661
6535,1783741232.769932,131.6632,63.661
6536,1783741232.7900703,131.6833,63.661
6537,1783741232.8102138,131.7035,63.661
6538,1783741232.830365,131.7236,63.661
6539,1783741232.850507,131.7438,63.661
6540,1783741232.87064,131.7639,63.661
6541,1783741232.8907857,131.7841,63.662
6542,1783741232.910934,131.8042,63.662
6543,1783741232.9310813,131.8244,63.662
6544,1783741232.9512181,131.8445,63.662
6545,1783741232.971361,131.8646,63.662
6546,1783741232.9915056,131.8848,63.662
6547,1783741233.011679,131.9050,63.662
6548,1783741233.0318167,131.9251,63.662
6549,1783741233.0519557,131.9452,63.662
6550,1783741233.0721009,131.9654,63.662
6551,1783741233.0922544,131.9855,63.661
6552,1783741233.1123946,132.0057,63.661
6553,1783741233.1325328,132.0258,63.661
6554,1783741233.1526752,132.0460,63.661
6555,1783741233.1728222,132.0661,63.661
6556,1783741233.1929603,132.0862,63.661
6557,1783741233.213099,132.1064,63.661
6558,1783741233.2332425,132.1265,63.661
6559,1783741233.2533944,132.1467,63.661
6560,1783741233.2735355,132.1668,63.661
6561,1783741233.2936726,132.1870,63.662
6562,1783741233.3138187,132.2071,63.662
6563,1783741233.333969,132.2272,63.662
6564,1783741233.3541126,132.2474,63.662
6565,1783741233.3742497,132.2675,63.662
6566,1783741233.3943934,132.2877,63.662
6567,1783741233.4145403,132.3078,63.662
6568,1783741233.434682,132.3280,63.662
6569,1783741233.4548173,132.3481,63.662
6570,1783741233.4749594,132.3682,63.662
6571,1783741233.4951062,132.3884,63.662
6572,1783741233.5152853,132.4086,63.662
6573,1783741233.5354226,132.4287,63.662
6574,1783741233.555563,132.4488,63.662
6575,1783741233.5757086,132.4690,63.662
6576,1783741233.5959015,132.4892,63.662
6577,1783741233.61604,132.5093,63.662
6578,1783741233.6361787,132.5295,63.662
6579,1783741233.6563215,132.5496,63.662
6580,1783741233.6764681,132.5697,63.662
6581,1783741233.6966083,132.5899,63.661
6582,1783741233.7167482,132.6100,63.661
6583,1783741233.7368941,132.6302,63.661
6584,1783741233.7570436,132.6503,63.661
6585,1783741233.7771862,132.6705,63.661
6586,1783741233.7973235,132.6906,63.661
6587,1783741233.8174684,132.7107,63.661
6588,1783741233.837617,132.7309,63.661
6589,1783741233.8577633,132.7510,63.661
6590,1783741233.8779001,132.7712,63.661
6591,1783741233.8980446,132.7913,63.661
6592,1783741233.9181945,132.8115,63.661
6593,1783741233.9383445,132.8316,63.661
6594,1783741233.958484,132.8518,63.661
6595,1783741233.9786267,132.8719,63.661
6596,1783741233.9987738,132.8921,63.661
6597,1783741234.0189254,132.9122,63.661
6598,1783741234.0390625,132.9323,63.661
6599,1783741234.0592031,132.9525,63.661
6600,1783741234.0793464,132.9726,63.661
6601,1783741234.099501,132.9928,63.661
6602,1783741234.1196418,133.0129,63.661
6603,1783741234.139786,133.0331,63.661
6604,1783741234.1599357,133.0532,63.661
6605,1783741234.1800857,133.0734,63.661
6606,1783741234.2002304,133.0935,63.661
6607,1783741234.220374,133.1137,63.661
6608,1783741234.2405212,133.1338,63.661
6609,1783741234.260678,133.1540,63.661
6610,1783741234.2808254,133.1741,63.661
6611,1783741234.3009958,133.1943,63.661
6612,1783741234.321142,133.2144,63.661
6613,1783741234.341297,133.2346,63.661
6614,1783741234.3614452,133.2547,63.661
6615,1783741234.3815863,133.2749,63.661
6616,1783741234.4018097,133.2951,63.661
6617,1783741234.4219658,133.3152,63.661
6618,1783741234.4421144,133.3354,63.661
6619,1783741234.4622562,133.3555,63.661
6620,1783741234.4824026,133.3757,63.661
6621,1783741234.502553,133.3958,63.661
6622,1783741234.5227075,133.4160,63.661
6623,1783741234.5428865,133.4362,63.661
6624,1783741234.5630324,133.4563,63.661
6625,1783741234.5831811,133.4765,63.661
6626,1783741234.6033392,133.4966,63.661
6627,1783741234.6234808,133.5168,63.661
6628,1783741234.6436245,133.5369,63.661
6629,1783741234.6637979,133.5571,63.661
6630,1783741234.6839535,133.5772,63.661
6631,1783741234.704097,133.5974,63.661
6632,1783741234.7242393,133.6175,63.661
6633,1783741234.7443895,133.6377,63.661
6634,1783741234.7645466,133.6578,63.661
6635,1783741234.784719,133.6780,63.661
6636,1783741234.8049068,133.6982,63.662
6637,1783741234.8250558,133.7183,63.662
6638,1783741234.8452048,133.7385,63.662
6639,1783741234.865351,133.7586,63.662
6640,1783741234.885493,133.7788,63.662
6641,1783741234.9056451,133.7989,63.661
6642,1783741234.9257998,133.8191,63.661
6643,1783741234.9459434,133.8392,63.661
6644,1783741234.9660876,133.8594,63.661
6645,1783741234.9862368,133.8795,63.661
6646,1783741235.0063887,133.8997,63.661
6647,1783741235.026538,133.9198,63.661
6648,1783741235.046682,133.9400,63.661
6649,1783741235.0668285,133.9601,63.661
6650,1783741235.0869775,133.9803,63.661
6651,1783741235.1071346,134.0004,63.661
6652,1783741235.1272755,134.0206,63.661
6653,1783741235.1474228,134.0407,63.661
6654,1783741235.1675737,134.0609,63.661
6655,1783741235.187776,134.0811,63.661
6656,1783741235.2079232,134.1012,63.661
6657,1783741235.2280686,134.1213,63.661
6658,1783741235.2482152,134.1415,63.661
6659,1783741235.2683702,134.1616,63.661
6660,1783741235.2885175,134.1818,63.661
6661,1783741235.308663,134.2019,63.661
6662,1783741235.3288102,134.2221,63.661
6663,1783741235.348959,134.2422,63.661
6664,1783741235.369105,134.2624,63.661
6665,1783741235.3892484,134.2825,63.66
6666,1783741235.409398,134.3027,63.66
6667,1783741235.4295475,134.3228,63.66
6668,1783741235.449693,134.3430,63.66
6669,1783741235.4698718,134.3632,63.66
6670,1783741235.49002,134.3833,63.661
6671,1783741235.5101738,134.4035,63.661
6672,1783741235.5303175,134.4236,63.661
6673,1783741235.5504565,134.4437,63.661
6674,1783741235.57063,134.4639,63.661
6675,1783741235.5907788,134.4841,63.661
6676,1783741235.610934,134.5042,63.661
6677,1783741235.631079,134.5244,63.661
6678,1783741235.6512227,134.5445,63.661
6679,1783741235.6713684,134.5646,63.661
6680,1783741235.6915238,134.5848,63.661
6681,1783741235.7116656,134.6049,63.661
6682,1783741235.7318108,134.6251,63.661
6683,1783741235.7519567,134.6452,63.661
6684,1783741235.7721148,134.6654,63.661
6685,1783741235.792261,134.6855,63.661
6686,1783741235.8124013,134.7057,63.661
6687,1783741235.832549,134.7258,63.661
6688,1783741235.8527036,134.7460,63.661
6689,1783741235.8728924,134.7662,63.661
6690,1783741235.8930345,134.7863,63.661
6691,1783741235.9131837,134.8065,63.661
6692,1783741235.93334,134.8266,63.661
6693,1783741235.9534845,134.8468,63.661
6694,1783741235.9736276,134.8669,63.661
6695,1783741235.993778,134.8871,63.661
6696,1783741236.0139284,134.9072,63.661
6697,1783741236.034082,134.9274,63.661
6698,1783741236.0542235,134.9475,63.661
6699,1783741236.0743966,134.9677,63.661
6700,1783741236.094548,134.9878,63.661
6701,1783741236.1147022,135.0080,63.661
6702,1783741236.1348834,135.0282,63.661
6703,1783741236.1550274,135.0483,63.661
6704,1783741236.175175,135.0685,63.661
6705,1783741236.19533,135.0886,63.661
6706,1783741236.2154706,135.1087,63.661
6707,1783741236.2356136,135.1289,63.661
6708,1783741236.2557611,135.1490,63.661
6709,1783741236.2759175,135.1692,63.661
6710,1783741236.2960622,135.1893,63.661
6711,1783741236.316205,135.2095,63.661
6712,1783741236.3363547,135.2296,63.661
6713,1783741236.3565097,135.2498,63.661
6714,1783741236.3766565,135.2699,63.661
6715,1783741236.3967993,135.2901,63.661
6716,1783741236.416948,135.3102,63.661
6717,1783741236.437098,135.3304,63.661
6718,1783741236.4572463,135.3505,63.661
6719,1783741236.4773862,135.3707,63.661
6720,1783741236.4975357,135.3908,63.661
6721,1783741236.517687,135.4110,63.661
6722,1783741236.5378587,135.4311,63.661
6723,1783741236.5579991,135.4513,63.661
6724,1783741236.5781465,135.4714,63.661
6725,1783741236.5982955,135.4916,63.661
6726,1783741236.61845,135.5117,63.661
6727,1783741236.6385963,135.5319,63.661
6728,1783741236.65878,135.5521,63.661
6729,1783741236.6789286,135.5722,63.661
6730,1783741236.6990845,135.5924,63.66
6731,1783741236.7192295,135.6125,63.66
6732,1783741236.7393758,135.6327,63.66
6733,1783741236.7595258,135.6528,63.66
6734,1783741236.7796857,135.6730,63.66
6735,1783741236.7998295,135.6931,63.66
6736,1783741236.8199718,135.7133,63.66
6737,1783741236.8401237,135.7334,63.66
6738,1783741236.8603082,135.7536,63.66
6739,1783741236.8804533,135.7737,63.66
6740,1783741236.9005945,135.7939,63.661
6741,1783741236.9207108,135.8140,63.661
6742,1783741236.9409082,135.8342,63.661
6743,1783741236.9610589,135.8543,63.661
6744,1783741236.9812014,135.8745,63.661
6745,1783741237.00135,135.8946,63.661
6746,1783741237.0215023,135.9148,63.661
6747,1783741237.0416558,135.9349,63.661
6748,1783741237.0618007,135.9551,63.661
6749,1783741237.0819492,135.9752,63.661
6750,1783741237.1021,135.9954,63.661
6751,1783741237.1222484,136.0155,63.661
6752,1783741237.14239,136.0357,63.661
6753,1783741237.1625354,136.0558,63.661
6754,1783741237.1826816,136.0760,63.661
6755,1783741237.2028384,136.0961,63.661
6756,1783741237.222982,136.1163,63.661
6757,1783741237.243125,136.1364,63.661
6758,1783741237.263275,136.1566,63.661
6759,1783741237.2834632,136.1767,63.661
6760,1783741237.3036077,136.1969,63.66
6761,1783741237.323752,136.2170,63.66
6762,1783741237.3438985,136.2372,63.66
6763,1783741237.3640823,136.2574,63.66
6764,1783741237.384231,136.2775,63.66
6765,1783741237.4043756,136.2977,63.66
6766,1783741237.4245265,136.3178,63.66
6767,1783741237.4446745,136.3380,63.66
6768,1783741237.464825,136.3581,63.66
6769,1783741237.484965,136.3782,63.66
6770,1783741237.5051115,136.3984,63.66
6771,1783741237.52526,136.4185,63.66
6772,1783741237.545405,136.4387,63.66
6773,1783741237.5655198,136.4588,63.66
6774,1783741237.5856354,136.4789,63.66
6775,1783741237.6057785,136.4991,63.66
6776,1783741237.6259375,136.5192,63.66
6777,1783741237.646079,136.5394,63.66
6778,1783741237.6662264,136.5595,63.66
6779,1783741237.6863768,136.5797,63.66
6780,1783741237.7065327,136.5998,63.66
6781,1783741237.7266777,136.6200,63.66
6782,1783741237.7468202,136.6401,63.66
6783,1783741237.7669706,136.6602,63.66
6784,1783741237.7871194,136.6804,63.66
6785,1783741237.8072667,136.7005,63.66
6786,1783741237.8274121,136.7207,63.66
6787,1783741237.8475597,136.7408,63.66
6788,1783741237.8677194,136.7610,63.66
6789,1783741237.8879132,136.7812,63.66
6790,1783741237.9080582,136.8013,63.66
6791,1783741237.9282048,136.8215,63.66
6792,1783741237.9483583,136.8416,63.66
6793,1783741237.9685109,136.8618,63.66
6794,1783741237.9886556,136.8819,63.66
6795,1783741238.0088046,136.9021,63.66
6796,1783741238.0289598,136.9222,63.66
6797,1783741238.0491116,136.9424,63.66
6798,1783741238.0692587,136.9625,63.66
6799,1783741238.0894058,136.9827,63.66
6800,1783741238.1095557,137.0028,63.66
6801,1783741238.1297119,137.0230,63.66
6802,1783741238.149931,137.0432,63.66
6803,1783741238.1700768,137.0634,63.66
6804,1783741238.1902232,137.0835,63.661
6805,1783741238.2103822,137.1037,63.661
6806,1783741238.2305293,137.1238,63.661
6807,1783741238.250675,137.1440,63.661
6808,1783741238.270826,137.1641,63.661
6809,1783741238.2909799,137.1843,63.661
6810,1783741238.3111255,137.2044,63.661
6811,1783741238.3312707,137.2245,63.661
6812,1783741238.351423,137.2447,63.661
6813,1783741238.3715756,137.2649,63.661
6814,1783741238.391691,137.2850,63.66
6815,1783741238.411929,137.3052,63.66
6816,1783741238.4320812,137.3254,63.66
6817,1783741238.452236,137.3455,63.66
6818,1783741238.4723814,137.3657,63.66
6819,1783741238.4925272,137.3858,63.661
6820,1783741238.5126784,137.4060,63.661
6821,1783741238.5328293,137.4261,63.661
6822,1783741238.5529783,137.4463,63.661
6823,1783741238.5731258,137.4664,63.661
6824,1783741238.5932767,137.4866,63.661
6825,1783741238.6134286,137.5067,63.661
6826,1783741238.6335762,137.5269,63.661
6827,1783741238.653755,137.5470,63.661
6828,1783741238.6739006,137.5672,63.661
6829,1783741238.694049,137.5873,63.661
6830,1783741238.7142036,137.6075,63.661
6831,1783741238.734352,137.6276,63.661
6832,1783741238.7544994,137.6478,63.661
6833,1783741238.7746503,137.6679,63.661
6834,1783741238.7948086,137.6881,63.661
6835,1783741238.81495,137.7082,63.661
6836,1783741238.8350961,137.7284,63.661
6837,1783741238.8552473,137.7485,63.661
6838,1783741238.8754048,137.7687,63.661
6839,1783741238.8955543,137.7888,63.66
6840,1783741238.9156995,137.8090,63.66
6841,1783741238.9358876,137.8292,63.66
6842,1783741238.9560423,137.8493,63.66
6843,1783741238.9761915,137.8695,63.66
6844,1783741238.9963372,137.8896,63.66
6845,1783741239.016487,137.9098,63.66
6846,1783741239.03664,137.9299,63.66
6847,1783741239.0567913,137.9501,63.66
6848,1783741239.0769472,137.9702,63.66
6849,1783741239.0970993,137.9904,63.66
6850,1783741239.117249,138.0105,63.66
6851,1783741239.1373968,138.0307,63.66
6852,1783741239.1575456,138.0508,63.66
6853,1783741239.1776953,138.0710,63.66
6854,1783741239.1978934,138.0912,63.66
6855,1783741239.2180479,138.1113,63.66
6856,1783741239.2381954,138.1315,63.66
6857,1783741239.2583418,138.1516,63.66
6858,1783741239.2784941,138.1718,63.66
6859,1783741239.2986515,138.1919,63.66
6860,1783741239.3187976,138.2121,63.66
6861,1783741239.3389437,138.2322,63.66
6862,1783741239.3590956,138.2524,63.66
6863,1783741239.3792522,138.2725,63.66
6864,1783741239.3993988,138.2927,63.66
6865,1783741239.4195457,138.3128,63.66
6866,1783741239.439764,138.3330,63.66
6867,1783741239.4599211,138.3532,63.66
6868,1783741239.4800677,138.3733,63.66
6869,1783741239.500213,138.3935,63.66
6870,1783741239.5203652,138.4136,63.66
6871,1783741239.5405207,138.4338,63.66
6872,1783741239.56067,138.4539,63.66
6873,1783741239.5808115,138.4741,63.66
6874,1783741239.6009607,138.4942,63.66
6875,1783741239.6211133,138.5144,63.66
6876,1783741239.6412654,138.5345,63.66
6877,1783741239.6613805,138.5547,63.66
6878,1783741239.6815305,138.5748,63.66
6879,1783741239.7016828,138.5950,63.661
6880,1783741239.721759,138.6150,63.661
6881,1783741239.741868,138.6351,63.661
6882,1783741239.7619972,138.6553,63.661
6883,1783741239.782146,138.6754,63.661
6884,1783741239.802302,138.6956,63.661
6885,1783741239.8224475,138.7157,63.661
6886,1783741239.8425672,138.7358,63.661
6887,1783741239.8627164,138.7560,63.661
6888,1783741239.8829203,138.7762,63.661
6889,1783741239.9030635,138.7963,63.661
6890,1783741239.9232407,138.8165,63.661
6891,1783741239.94339,138.8367,63.661
6892,1783741239.9635472,138.8568,63.661
6893,1783741239.9836984,138.8770,63.661
6894,1783741240.0038943,138.8972,63.661
6895,1783741240.024047,138.9173,63.661
6896,1783741240.0441957,138.9375,63.661
6897,1783741240.0643451,138.9576,63.661
6898,1783741240.0844932,138.9778,63.661
6899,1783741240.104647,138.9979,63.661
6900,1783741240.1247964,139.0181,63.661
6901,1783741240.1449451,139.0382,63.661
6902,1783741240.1650932,139.0584,63.661
6903,1783741240.1852431,139.0785,63.661
6904,1783741240.2053957,139.0987,63.661
6905,1783741240.225554,139.1188,63.661
6906,1783741240.245696,139.1390,63.661
6907,1783741240.2658765,139.1592,63.661
6908,1783741240.2860284,139.1793,63.661
6909,1783741240.3061876,139.1995,63.661
6910,1783741240.326337,139.2196,63.661
6911,1783741240.3464823,139.2398,63.661
6912,1783741240.3666332,139.2599,63.661
6913,1783741240.386794,139.2801,63.661
6914,1783741240.406939,139.3002,63.661
6915,1783741240.4270856,139.3204,63.661
6916,1783741240.4472365,139.3405,63.661
6917,1783741240.467397,139.3607,63.661
6918,1783741240.4875424,139.3808,63.661
6919,1783741240.5076888,139.4010,63.661
6920,1783741240.5278955,139.4212,63.661
6921,1783741240.548048,139.4413,63.661
6922,1783741240.5681996,139.4615,63.661
6923,1783741240.5883472,139.4816,63.661
6924,1783741240.6084971,139.5018,63.661
6925,1783741240.6286516,139.5219,63.661
6926,1783741240.6487997,139.5421,63.661
6927,1783741240.668942,139.5622,63.661
6928,1783741240.6890905,139.5824,63.662
6929,1783741240.7092712,139.6026,63.662
6930,1783741240.72943,139.6227,63.662
6931,1783741240.7495742,139.6429,63.662
6932,1783741240.7697215,139.6630,63.662
6933,1783741240.7899153,139.6832,63.662
6934,1783741240.8100688,139.7033,63.662
6935,1783741240.830217,139.7235,63.662
6936,1783741240.8503633,139.7436,63.662
6937,1783741240.8705122,139.7638,63.662
6938,1783741240.890672,139.7840,63.662
6939,1783741240.910821,139.8041,63.662
6940,1783741240.930967,139.8242,63.662
6941,1783741240.9511154,139.8444,63.662
6942,1783741240.9712746,139.8646,63.662
6943,1783741240.991425,139.8847,63.663
6944,1783741241.0115707,139.9048,63.663
6945,1783741241.0317645,139.9250,63.663
6946,1783741241.0519195,139.9452,63.663
6947,1783741241.0720723,139.9654,63.663
6948,1783741241.092218,139.9855,63.663
6949,1783741241.1123676,140.0056,63.663
6950,1783741241.1325207,140.0258,63.663
6951,1783741241.1526723,140.0460,63.663
6952,1783741241.1728187,140.0661,63.663
6953,1783741241.192965,140.0862,63.663
6954,1783741241.2131443,140.1064,63.663
6955,1783741241.2333024,140.1266,63.663
6956,1783741241.2534463,140.1467,63.663
6957,1783741241.2735937,140.1669,63.663
6958,1783741241.2937906,140.1871,63.663
6959,1783741241.313948,140.2072,63.663
6960,1783741241.3340974,140.2274,63.663
6961,1783741241.3542438,140.2475,63.663
6962,1783741241.374395,140.2677,63.663
6963,1783741241.3945508,140.2878,63.663
6964,1783741241.4147,140.3080,63.663
6965,1783741241.4348817,140.3282,63.663
6966,1783741241.4550352,140.3483,63.663
6967,1783741241.475186,140.3685,63.663
6968,1783741241.495337,140.3886,63.663
6969,1783741241.515484,140.4088,63.663
6970,1783741241.5356336,140.4289,63.663
6971,1783741241.5557878,140.4491,63.663
6972,1783741241.5759408,140.4692,63.663
6973,1783741241.5960863,140.4894,63.663
6974,1783741241.616236,140.5095,63.663
6975,1783741241.6363943,140.5297,63.663
6976,1783741241.656545,140.5498,63.663
6977,1783741241.676689,140.5700,63.663
6978,1783741241.6968393,140.5901,63.663
6979,1783741241.7169929,140.6103,63.663
6980,1783741241.7371416,140.6304,63.663
6981,1783741241.7572908,140.6506,63.663
6982,1783741241.7774396,140.6707,63.663
6983,1783741241.7975907,140.6909,63.663
6984,1783741241.8177764,140.7111,63.663
6985,1783741241.8379257,140.7312,63.663
6986,1783741241.8580732,140.7514,63.663
6987,1783741241.8782248,140.7715,63.663
6988,1783741241.898379,140.7917,63.663
6989,1783741241.9185286,140.8118,63.663
6990,1783741241.9386752,140.8320,63.663
6991,1783741241.9588263,140.8521,63.663
6992,1783741241.9789846,140.8723,63.663
6993,1783741241.9991717,140.8925,63.663
6994,1783741242.01932,140.9126,63.663
6995,1783741242.0394719,140.9328,63.663
6996,1783741242.0596254,140.9529,63.663
6997,1783741242.079779,140.9731,63.663
6998,1783741242.0999255,140.9932,63.663
6999,1783741242.1200724,141.0134,63.663
7000,1783741242.1402316,141.0335,63.663
7001,1783741242.1603816,141.0537,63.663
7002,1783741242.180528,141.0738,63.663
7003,1783741242.2006803,141.0940,63.662
7004,1783741242.2208333,141.1141,63.662
7005,1783741242.2409883,141.1343,63.662
7006,1783741242.2611365,141.1544,63.662
7007,1783741242.2812843,141.1746,63.662
7008,1783741242.301436,141.1947,63.662
7009,1783741242.3215854,141.2149,63.662
7010,1783741242.3417714,141.2351,63.662
7011,1783741242.3619196,141.2552,63.662
7012,1783741242.382071,141.2754,63.662
7013,1783741242.402222,141.2955,63.662
7014,1783741242.422369,141.3156,63.662
7015,1783741242.4425142,141.3358,63.662
7016,1783741242.462668,141.3559,63.662
7017,1783741242.4828193,141.3761,63.662
7018,1783741242.5029936,141.3963,63.662
7019,1783741242.5231407,141.4164,63.662
7020,1783741242.5432904,141.4366,63.662
7021,1783741242.5634131,141.4567,63.662
7022,1783741242.5835228,141.4768,63.662
7023,1783741242.6036556,141.4969,63.662
7024,1783741242.6238086,141.5171,63.662
7025,1783741242.6439588,141.5372,63.662
7026,1783741242.6641114,141.5574,63.662
7027,1783741242.684256,141.5775,63.662
7028,1783741242.7044094,141.5977,63.662
7029,1783741242.724564,141.6178,63.662
7030,1783741242.744713,141.6380,63.662
7031,1783741242.7648697,141.6581,63.662
7032,1783741242.785021,141.6783,63.662
7033,1783741242.8051713,141.6985,63.661
7034,1783741242.8253186,141.7186,63.661
7035,1783741242.8454616,141.7387,63.661
7036,1783741242.8656073,141.7589,63.661
7037,1783741242.8857613,141.7790,63.661
7038,1783741242.905919,141.7992,63.661
7039,1783741242.926066,141.8193,63.661
7040,1783741242.9462094,141.8395,63.661
7041,1783741242.9663646,141.8596,63.661
7042,1783741242.9865253,141.8798,63.661
7043,1783741243.006675,141.9000,63.661
7044,1783741243.026819,141.9201,63.661
7045,1783741243.046967,141.9402,63.661
7046,1783741243.0671265,141.9604,63.661
7047,1783741243.0872777,141.9806,63.661
7048,1783741243.1074228,142.0007,63.661
7049,1783741243.127573,142.0209,63.661
7050,1783741243.1477714,142.0411,63.661
7051,1783741243.1679232,142.0612,63.661
7052,1783741243.188072,142.0814,63.661
7053,1783741243.208225,142.1015,63.661
7054,1783741243.2283773,142.1217,63.661
7055,1783741243.2485251,142.1418,63.661
7056,1783741243.2686746,142.1620,63.661
7057,1783741243.288894,142.1822,63.661
7058,1783741243.3090463,142.2023,63.661
7059,1783741243.329204,142.2225,63.661
7060,1783741243.3493469,142.2426,63.661
7061,1783741243.369493,142.2628,63.661
7062,1783741243.3896453,142.2829,63.661
7063,1783741243.4098046,142.3031,63.661
7064,1783741243.4299495,142.3232,63.661
7065,1783741243.4500954,142.3434,63.661
7066,1783741243.4702485,142.3635,63.661
7067,1783741243.490398,142.3837,63.661
7068,1783741243.5105515,142.4038,63.661
7069,1783741243.5306978,142.4240,63.661
7070,1783741243.5508919,142.4442,63.661
7071,1783741243.571052,142.4643,63.661
7072,1783741243.5911982,142.4845,63.661
7073,1783741243.6113458,142.5046,63.661
7074,1783741243.6314986,142.5248,63.661
7075,1783741243.6516545,142.5449,63.661
7076,1783741243.6718016,142.5651,63.661
7077,1783741243.6919463,142.5852,63.661
7078,1783741243.7120998,142.6054,63.661
7079,1783741243.732249,142.6255,63.661
7080,1783741243.7523975,142.6457,63.661
7081,1783741243.7725456,142.6658,63.661
7082,1783741243.7927668,142.6860,63.661
7083,1783741243.812921,142.7062,63.661
7084,1783741243.8330755,142.7264,63.661
7085,1783741243.8532217,142.7465,63.661
7086,1783741243.8733704,142.7666,63.661
7087,1783741243.8935235,142.7868,63.661
7088,1783741243.9136827,142.8070,63.661
7089,1783741243.933833,142.8271,63.661
7090,1783741243.9539468,142.8472,63.661
7091,1783741243.9740975,142.8674,63.661
7092,1783741243.994252,142.8875,63.662
7093,1783741244.0144002,142.9077,63.662
7094,1783741244.0345514,142.9278,63.662
7095,1783741244.0547051,142.9480,63.662
7096,1783741244.074904,142.9682,63.662
7097,1783741244.0950518,142.9883,63.662
7098,1783741244.1151993,143.0085,63.662
7099,1783741244.135352,143.0286,63.662
7100,1783741244.1554718,143.0488,63.662
7101,1783741244.1756222,143.0689,63.662
7102,1783741244.1957674,143.0890,63.662
7103,1783741244.215918,143.1092,63.662
7104,1783741244.2360704,143.1293,63.662
7105,1783741244.2562215,143.1495,63.662
7106,1783741244.276368,143.1696,63.662
7107,1783741244.2965188,143.1898,63.662
7108,1783741244.316674,143.2100,63.662
7109,1783741244.3368316,143.2301,63.662
7110,1783741244.3569815,143.2503,63.662
7111,1783741244.3771281,143.2704,63.662
7112,1783741244.3972852,143.2906,63.662
7113,1783741244.4174426,143.3107,63.662
7114,1783741244.4375846,143.3309,63.662
7115,1783741244.4577715,143.3511,63.662
7116,1783741244.4779189,143.3712,63.662
7117,1783741244.4980748,143.3914,63.662
7118,1783741244.518216,143.4115,63.662
7119,1783741244.5383558,143.4316,63.662
7120,1783741244.558504,143.4518,63.662
7121,1783741244.5786896,143.4720,63.662
7122,1783741244.5988612,143.4921,63.662
7123,1783741244.6189995,143.5123,63.662
7124,1783741244.6391466,143.5324,63.662
7125,1783741244.659302,143.5526,63.662
7126,1783741244.6794453,143.5727,63.662
7127,1783741244.6995502,143.5928,63.662
7128,1783741244.7196972,143.6130,63.662
7129,1783741244.739887,143.6332,63.662
7130,1783741244.760036,143.6533,63.662
7131,1783741244.7801726,143.6735,63.662
7132,1783741244.8003156,143.6936,63.662
7133,1783741244.8204641,143.7137,63.662
7134,1783741244.8406174,143.7339,63.662
7135,1783741244.8607614,143.7540,63.662
7136,1783741244.8809,143.7742,63.662
7137,1783741244.9010458,143.7943,63.662
7138,1783741244.9212024,143.8145,63.662
7139,1783741244.941345,143.8346,63.662
7140,1783741244.961455,143.8547,63.662
7141,1783741244.9816008,143.8749,63.662
7142,1783741245.001759,143.8950,63.662
7143,1783741245.0218995,143.9152,63.662
7144,1783741245.0420387,143.9353,63.662
7145,1783741245.0622072,143.9555,63.662
7146,1783741245.0823588,143.9756,63.662
7147,1783741245.102501,143.9958,63.662
7148,1783741245.1226404,144.0159,63.662
7149,1783741245.1427853,144.0361,63.662
7150,1783741245.1629336,144.0562,63.662
7151,1783741245.1830769,144.0764,63.662
7152,1783741245.2032144,144.0965,63.662
7153,1783741245.2233617,144.1166,63.662
7154,1783741245.243483,144.1368,63.662
7155,1783741245.2636316,144.1569,63.662
7156,1783741245.2837718,144.1771,63.662
7157,1783741245.3039157,144.1972,63.663
7158,1783741245.3240647,144.2173,63.663
7159,1783741245.3441763,144.2375,63.663
7160,1783741245.364313,144.2576,63.663
7161,1783741245.3844547,144.2777,63.663
7162,1783741245.4046006,144.2979,63.663
7163,1783741245.4247558,144.3180,63.663
7164,1783741245.444895,144.3382,63.663
7165,1783741245.4650354,144.3583,63.663
7166,1783741245.4851775,144.3785,63.663
7167,1783741245.5053265,144.3986,63.663
7168,1783741245.5254688,144.4187,63.663
7169,1783741245.5455785,144.4389,63.663
7170,1783741245.565765,144.4590,63.663
7171,1783741245.585919,144.4792,63.663
7172,1783741245.6060627,144.4993,63.663
7173,1783741245.6262026,144.5195,63.663
7174,1783741245.6463468,144.5396,63.663
7175,1783741245.6665008,144.5598,63.663
7176,1783741245.6866412,144.5799,63.663
7177,1783741245.7067802,144.6001,63.663
7178,1783741245.7269254,144.6202,63.663
7179,1783741245.747074,144.6404,63.663
7180,1783741245.7672203,144.6605,63.663
7181,1783741245.7873573,144.6806,63.663
7182,1783741245.8075035,144.7008,63.664
7183,1783741245.82765,144.7209,63.664
7184,1783741245.8478172,144.7411,63.664
7185,1783741245.8679562,144.7612,63.664
7186,1783741245.8880968,144.7814,63.664
7187,1783741245.9082415,144.8015,63.664
7188,1783741245.9283955,144.8217,63.664
7189,1783741245.9485354,144.8418,63.664
7190,1783741245.968677,144.8620,63.664
7191,1783741245.9888196,144.8821,63.664
7192,1783741246.0089648,144.9022,63.664
7193,1783741246.0291076,144.9224,63.664
7194,1783741246.0492475,144.9425,63.664
7195,1783741246.0693936,144.9627,63.664
7196,1783741246.0895455,144.9828,63.664
7197,1783741246.1096885,145.0030,63.663
7198,1783741246.12985,145.0231,63.663
7199,1783741246.1499932,145.0433,63.663
7200,1783741246.170145,145.0634,63.663
7201,1783741246.1902864,145.0836,63.663
7202,1783741246.2104244,145.1037,63.663
7203,1783741246.2305698,145.1238,63.663
7204,1783741246.2507207,145.1440,63.663
7205,1783741246.2709005,145.1642,63.663
7206,1783741246.2910054,145.1843,63.664
7207,1783741246.3111188,145.2044,63.664
7208,1783741246.3312316,145.2245,63.664
7209,1783741246.3513973,145.2447,63.664
7210,1783741246.3715374,145.2648,63.664
7211,1783741246.3916786,145.2850,63.664
7212,1783741246.4118247,145.3051,63.664
7213,1783741246.4319685,145.3252,63.664
7214,1783741246.4521074,145.3454,63.664
7215,1783741246.472247,145.3655,63.664
7216,1783741246.4923894,145.3857,63.663
7217,1783741246.5125425,145.4058,63.663
7218,1783741246.5326812,145.4260,63.663
7219,1783741246.5528207,145.4461,63.663
7220,1783741246.5729642,145.4662,63.663
7221,1783741246.5931177,145.4864,63.663
7222,1783741246.6132586,145.5065,63.663
7223,1783741246.6333961,145.5267,63.663
7224,1783741246.6535413,145.5468,63.663
7225,1783741246.673686,145.5670,63.663
7226,1783741246.693829,145.5871,63.663
7227,1783741246.713964,145.6072,63.663
7228,1783741246.734109,145.6274,63.663
7229,1783741246.754259,145.6475,63.663
7230,1783741246.7744033,145.6677,63.663
7231,1783741246.794542,145.6878,63.663
7232,1783741246.8146863,145.7080,63.663
7233,1783741246.8348322,145.7281,63.663
7234,1783741246.8549836,145.7483,63.663
7235,1783741246.8751206,145.7684,63.663
7236,1783741246.8952618,145.7885,63.663
7237,1783741246.915406,145.8087,63.663
7238,1783741246.9355597,145.8288,63.663
7239,1783741246.9556963,145.8490,63.663
7240,1783741246.9758732,145.8692,63.663
7241,1783741246.9960191,145.8893,63.663
7242,1783741247.016172,145.9095,63.663
7243,1783741247.036312,145.9296,63.663
7244,1783741247.056452,145.9497,63.663
7245,1783741247.0765975,145.9699,63.663
7246,1783741247.0967913,145.9901,63.663
7247,1783741247.116933,146.0102,63.663
7248,1783741247.1370993,146.0304,63.663
7249,1783741247.1572452,146.0505,63.663
7250,1783741247.1773949,146.0707,63.663
7251,1783741247.1975358,146.0908,63.663
7252,1783741247.2176719,146.1110,63.663
7253,1783741247.237818,146.1311,63.663
7254,1783741247.2579691,146.1512,63.663
7255,1783741247.2781117,146.1714,63.663
7256,1783741247.2982502,146.1915,63.663
7257,1783741247.3183951,146.2117,63.663
7258,1783741247.3385406,146.2318,63.663
7259,1783741247.3586907,146.2520,63.663
7260,1783741247.3788548,146.2721,63.663
7261,1783741247.3989928,146.2923,63.663
7262,1783741247.4191396,146.3124,63.663
7263,1783741247.4392862,146.3326,63.663
7264,1783741247.4594233,146.3527,63.663
7265,1783741247.4795628,146.3728,63.663
7266,1783741247.4997063,146.3930,63.663
7267,1783741247.519903,146.4132,63.663
7268,1783741247.5400126,146.4333,63.663
7269,1783741247.5601187,146.4534,63.663
7270,1783741247.5802624,146.4735,63.663
7271,1783741247.600384,146.4937,63.663
7272,1783741247.6204913,146.5138,63.663
7273,1783741247.6406193,146.5339,63.663
7274,1783741247.6607857,146.5541,63.663
7275,1783741247.6809359,146.5742,63.663
7276,1783741247.701078,146.5944,63.663
7277,1783741247.7212152,146.6145,63.663
7278,1783741247.741359,146.6346,63.663
7279,1783741247.76151,146.6548,63.663
7280,1783741247.7816236,146.6749,63.663
7281,1783741247.8017673,146.6950,63.662
7282,1783741247.8219106,146.7152,63.662
7283,1783741247.8420596,146.7353,63.662
7284,1783741247.8621724,146.7555,63.662
7285,1783741247.88231,146.7756,63.662
7286,1783741247.9024527,146.7957,63.662
7287,1783741247.9226003,146.8159,63.662
7288,1783741247.942757,146.8360,63.662
7289,1783741247.9628935,146.8562,63.662
7290,1783741247.9830308,146.8763,63.662
7291,1783741248.0031755,146.8965,63.662
7292,1783741248.0233266,146.9166,63.662
7293,1783741248.0434642,146.9367,63.662
7294,1783741248.063603,146.9569,63.662
7295,1783741248.083794,146.9771,63.662
7296,1783741248.103948,146.9972,63.662
7297,1783741248.1240885,147.0174,63.662
7298,1783741248.1442263,147.0375,63.662
7299,1783741248.164372,147.0577,63.662
7300,1783741248.184521,147.0778,63.662
7301,1783741248.2046607,147.0979,63.663
7302,1783741248.224798,147.1181,63.663
7303,1783741248.244943,147.1382,63.663
7304,1783741248.2650924,147.1584,63.663
7305,1783741248.285238,147.1785,63.663
7306,1783741248.3053775,147.1987,63.663
7307,1783741248.3255227,147.2188,63.663
7308,1783741248.3456712,147.2390,63.663
7309,1783741248.3658168,147.2591,63.663
7310,1783741248.3859577,147.2792,63.663
7311,1783741248.4061005,147.2994,63.663
7312,1783741248.4262772,147.3196,63.663
7313,1783741248.4463887,147.3397,63.663
7314,1783741248.4665246,147.3598,63.663
7315,1783741248.4866643,147.3799,63.663
7316,1783741248.5068102,147.4001,63.663
7317,1783741248.5269573,147.4202,63.663
7318,1783741248.5470953,147.4404,63.663
7319,1783741248.567234,147.4605,63.663
7320,1783741248.5873766,147.4807,63.663
7321,1783741248.6075299,147.5008,63.663
7322,1783741248.6276705,147.5209,63.663
7323,1783741248.6478078,147.5411,63.663
7324,1783741248.6679523,147.5612,63.663
7325,1783741248.6880996,147.5814,63.663
7326,1783741248.7082376,147.6015,63.663
7327,1783741248.7283716,147.6217,63.663
7328,1783741248.748514,147.6418,63.663
7329,1783741248.768667,147.6619,63.663
7330,1783741248.788809,147.6821,63.663
7331,1783741248.8089182,147.7022,63.663
7332,1783741248.8290622,147.7223,63.663
7333,1783741248.8492088,147.7425,63.663
7334,1783741248.869351,147.7626,63.663
7335,1783741248.8894925,147.7828,63.663
7336,1783741248.909636,147.8029,63.663
7337,1783741248.9298155,147.8231,63.663
7338,1783741248.9499283,147.8432,63.663
7339,1783741248.9700756,147.8634,63.663
7340,1783741248.9902146,147.8835,63.663
7341,1783741249.0103586,147.9036,63.663
7342,1783741249.0305138,147.9238,63.663
7343,1783741249.050653,147.9439,63.663
7344,1783741249.0707939,147.9641,63.663
7345,1783741249.0909398,147.9842,63.663
7346,1783741249.111087,148.0044,63.663
7347,1783741249.1312265,148.0245,63.663
7348,1783741249.1513655,148.0446,63.663
7349,1783741249.171509,148.0648,63.663
7350,1783741249.1916635,148.0849,63.663
7351,1783741249.2118077,148.1051,63.663
7352,1783741249.2319458,148.1252,63.663
7353,1783741249.2520921,148.1454,63.663
7354,1783741249.2722435,148.1655,63.663
7355,1783741249.2923932,148.1857,63.662
7356,1783741249.312532,148.2058,63.662
7357,1783741249.3326764,148.2260,63.662
7358,1783741249.3528235,148.2461,63.662
7359,1783741249.3729646,148.2662,63.662
7360,1783741249.3931003,148.2864,63.662
7361,1783741249.413245,148.3065,63.662
7362,1783741249.4333901,148.3267,63.662
7363,1783741249.4535334,148.3468,63.662
7364,1783741249.4736743,148.3670,63.662
7365,1783741249.4938157,148.3871,63.662
7366,1783741249.5139585,148.4072,63.662
7367,1783741249.534111,148.4274,63.662
7368,1783741249.5542176,148.4475,63.662
7369,1783741249.5743146,148.4676,63.662
7370,1783741249.5944045,148.4877,63.662
7371,1783741249.6145377,148.5078,63.662
7372,1783741249.634685,148.5280,63.662
7373,1783741249.6548254,148.5481,63.662
7374,1783741249.6749718,148.5683,63.662
7375,1783741249.6951194,148.5884,63.662
7376,1783741249.715286,148.6086,63.662
7377,1783741249.7354255,148.6287,63.662
7378,1783741249.7555702,148.6488,63.662
7379,1783741249.7757206,148.6690,63.662
7380,1783741249.7959146,148.6892,63.662
7381,1783741249.8160553,148.7093,63.662
7382,1783741249.8362062,148.7295,63.662
7383,1783741249.8563592,148.7496,63.662
7384,1783741249.876513,148.7698,63.662
7385,1783741249.8966591,148.7899,63.663
7386,1783741249.9168088,148.8101,63.663
7387,1783741249.936963,148.8302,63.663
7388,1783741249.957078,148.8504,63.663
7389,1783741249.9772234,148.8705,63.663
7390,1783741249.9973748,148.8907,63.663
7391,1783741250.0175257,148.9108,63.663
7392,1783741250.0376813,148.9310,63.663
7393,1783741250.0578263,148.9511,63.663
7394,1783741250.0779734,148.9713,63.663
7395,1783741250.0981228,148.9914,63.663
7396,1783741250.1182814,149.0116,63.663
7397,1783741250.1384318,149.0317,63.663
7398,1783741250.1585786,149.0519,63.663
7399,1783741250.1787705,149.0720,63.663
7400,1783741250.198946,149.0922,63.663
7401,1783741250.2190957,149.1124,63.663
7402,1783741250.2392426,149.1325,63.663
7403,1783741250.259395,149.1527,63.663
7404,1783741250.2795506,149.1728,63.663
7405,1783741250.2997026,149.1930,63.663
7406,1783741250.3198998,149.2132,63.663
7407,1783741250.3400533,149.2333,63.663
7408,1783741250.360206,149.2535,63.663
7409,1783741250.3803601,149.2736,63.663
7410,1783741250.4005067,149.2938,63.663
7411,1783741250.4206588,149.3139,63.663
7412,1783741250.440812,149.3341,63.663
7413,1783741250.4609704,149.3542,63.663
7414,1783741250.481117,149.3744,63.663
7415,1783741250.501266,149.3945,63.664
7416,1783741250.521417,149.4147,63.664
7417,1783741250.5415778,149.4349,63.664
7418,1783741250.5617752,149.4551,63.664
7419,1783741250.5819237,149.4752,63.664
7420,1783741250.602071,149.4954,63.664
7421,1783741250.6222281,149.5155,63.664
7422,1783741250.6423764,149.5357,63.664
7423,1783741250.6625228,149.5558,63.664
7424,1783741250.6826725,149.5760,63.664
7425,1783741250.7028303,149.5961,63.663
7426,1783741250.7229803,149.6163,63.663
7427,1783741250.7431238,149.6364,63.663
7428,1783741250.7632744,149.6566,63.663
7429,1783741250.783429,149.6767,63.663
7430,1783741250.80358,149.6969,63.663
7431,1783741250.8237212,149.7170,63.663
7432,1783741250.843916,149.7372,63.663
7433,1783741250.864073,149.7574,63.663
7434,1783741250.884226,149.7775,63.663
7435,1783741250.9043715,149.7977,63.664
7436,1783741250.9245243,149.8178,63.664
7437,1783741250.9446766,149.8380,63.664
7438,1783741250.964825,149.8581,63.664
7439,1783741250.9849966,149.8783,63.664
7440,1783741251.005145,149.8984,63.664
7441,1783741251.025296,149.9186,63.664
7442,1783741251.045454,149.9387,63.664
7443,1783741251.065602,149.9589,63.664
7444,1783741251.0857913,149.9791,63.664
7445,1783741251.1059387,149.9992,63.664
7446,1783741251.1260984,150.0194,63.664
7447,1783741251.1462479,150.0395,63.664
7448,1783741251.1663938,150.0597,63.664
7449,1783741251.1865451,150.0798,63.664
7450,1783741251.2066998,150.1000,63.664
7451,1783741251.2269006,150.1202,63.664
7452,1783741251.2470462,150.1403,63.664
7453,1783741251.2671974,150.1605,63.664
7454,1783741251.2873538,150.1806,63.664
7455,1783741251.3075058,150.2008,63.664
7456,1783741251.3276517,150.2209,63.664
7457,1783741251.3478043,150.2411,63.664
7458,1783741251.3679597,150.2612,63.664
7459,1783741251.3881404,150.2814,63.664
7460,1783741251.408288,150.3016,63.664
7461,1783741251.428433,150.3217,63.664
7462,1783741251.4485836,150.3419,63.664
7463,1783741251.4687848,150.3621,63.664
7464,1783741251.4889512,150.3822,63.664
7465,1783741251.509101,150.4024,63.663
7466,1783741251.5292516,150.4225,63.663
7467,1783741251.5494008,150.4427,63.663
7468,1783741251.569544,150.4628,63.663
7469,1783741251.5896924,150.4830,63.663
7470,1783741251.609885,150.5032,63.664
7471,1783741251.6300435,150.5233,63.664
7472,1783741251.6501925,150.5435,63.664
7473,1783741251.6703117,150.5636,63.664
7474,1783741251.6904607,150.5837,63.664
7475,1783741251.7106192,150.6039,63.663
7476,1783741251.730766,150.6240,63.663
7477,1783741251.7509131,150.6442,63.663
7478,1783741251.7710645,150.6643,63.663
7479,1783741251.7912216,150.6845,63.663
7480,1783741251.8113697,150.7046,63.663
7481,1783741251.8315115,150.7248,63.663
7482,1783741251.8516612,150.7449,63.663
7483,1783741251.8718204,150.7651,63.663
7484,1783741251.8919709,150.7852,63.663
7485,1783741251.912114,150.8054,63.663
7486,1783741251.9322667,150.8255,63.663
7487,1783741251.9524188,150.8457,63.663
7488,1783741251.9725716,150.8659,63.663
7489,1783741251.9927182,150.8860,63.663
7490,1783741252.0129197,150.9062,63.663
7491,1783741252.0330703,150.9263,63.663
7492,1783741252.0532284,150.9465,63.663
7493,1783741252.073376,150.9667,63.663
7494,1783741252.0935252,150.9868,63.663
7495,1783741252.113676,151.0070,63.663
7496,1783741252.1338363,151.0271,63.663
7497,1783741252.1539848,151.0473,63.663
7498,1783741252.1741319,151.0674,63.663
7499,1783741252.1942797,151.0876,63.663
7500,1783741252.214438,151.1077,63.663
7501,1783741252.2345867,151.1279,63.663
7502,1783741252.2547703,151.1480,63.663
7503,1783741252.274951,151.1682,63.663
7504,1783741252.2951071,151.1884,63.664
7505,1783741252.3152568,151.2085,63.664
7506,1783741252.335402,151.2287,63.664
7507,1783741252.3555534,151.2488,63.664
7508,1783741252.375708,151.2690,63.664
7509,1783741252.395912,151.2892,63.664
7510,1783741252.4160564,151.3093,63.664
7511,1783741252.4362075,151.3295,63.664
7512,1783741252.4563599,151.3496,63.664
7513,1783741252.4765146,151.3698,63.664
7514,1783741252.4966571,151.3899,63.665
7515,1783741252.516807,151.4101,63.665
7516,1783741252.536957,151.4302,63.665
7517,1783741252.5571113,151.4504,63.665
7518,1783741252.577259,151.4705,63.665
7519,1783741252.5974078,151.4907,63.665
7520,1783741252.6175587,151.5108,63.665
7521,1783741252.637709,151.5310,63.665
7522,1783741252.6579008,151.5512,63.665
7523,1783741252.6780486,151.5713,63.665
7524,1783741252.6981988,151.5915,63.665
7525,1783741252.7183535,151.6116,63.665
7526,1783741252.7385032,151.6318,63.665
7527,1783741252.7586498,151.6519,63.665
7528,1783741252.7788286,151.6721,63.665
7529,1783741252.798986,151.6923,63.665
7530,1783741252.8191366,151.7124,63.665
7531,1783741252.8392823,151.7326,63.665
7532,1783741252.8594334,151.7527,63.665
7533,1783741252.8795912,151.7729,63.665
7534,1783741252.8997808,151.7931,63.665
7535,1783741252.9199238,151.8132,63.665
7536,1783741252.9400713,151.8334,63.665
7537,1783741252.9602215,151.8535,63.665
7538,1783741252.9803758,151.8737,63.665
7539,1783741253.0005229,151.8938,63.664
7540,1783741253.0206752,151.9140,63.664
7541,1783741253.0408287,151.9341,63.664
7542,1783741253.060985,151.9543,63.664
7543,1783741253.0811293,151.9744,63.664
7544,1783741253.1012776,151.9946,63.664
7545,1783741253.1214223,152.0147,63.664
7546,1783741253.1415734,152.0349,63.664
7547,1783741253.1617646,152.0550,63.664
7548,1783741253.1819143,152.0752,63.664
7549,1783741253.2020292,152.0953,63.664
7550,1783741253.2221782,152.1155,63.664
7551,1783741253.2423234,152.1356,63.664
7552,1783741253.2624683,152.1557,63.664
7553,1783741253.282617,152.1759,63.664
7554,1783741253.302779,152.1961,63.664
7555,1783741253.3229296,152.2162,63.664
7556,1783741253.3430736,152.2364,63.664
7557,1783741253.363224,152.2565,63.664
7558,1783741253.3833792,152.2767,63.664
7559,1783741253.4035325,152.2968,63.663
7560,1783741253.4236755,152.3170,63.663
7561,1783741253.443823,152.3371,63.663
7562,1783741253.4639766,152.3573,63.663
7563,1783741253.4841251,152.3774,63.663
7564,1783741253.5042713,152.3976,63.663
7565,1783741253.5244226,152.4177,63.663
7566,1783741253.5445752,152.4379,63.663
7567,1783741253.5647619,152.4580,63.663
7568,1783741253.58491,152.4782,63.663
7569,1783741253.6050575,152.4983,63.663
7570,1783741253.625207,152.5185,63.663
7571,1783741253.6453686,152.5386,63.663
7572,1783741253.6655166,152.5588,63.663
7573,1783741253.685662,152.5789,63.663
7574,1783741253.70581,152.5991,63.663
7575,1783741253.7259667,152.6192,63.663
7576,1783741253.746117,152.6394,63.663
7577,1783741253.7662652,152.6595,63.663
7578,1783741253.7864163,152.6797,63.663
7579,1783741253.8065703,152.6998,63.663
7580,1783741253.8267605,152.7200,63.663
7581,1783741253.846908,152.7402,63.663
7582,1783741253.867061,152.7603,63.663
7583,1783741253.8872435,152.7805,63.663
7584,1783741253.9073915,152.8007,63.663
7585,1783741253.9275334,152.8208,63.663
7586,1783741253.9476838,152.8410,63.663
7587,1783741253.9678664,152.8611,63.663
7588,1783741253.988014,152.8813,63.663
7589,1783741254.0081558,152.9014,63.663
7590,1783741254.0283077,152.9216,63.663
7591,1783741254.0484586,152.9417,63.663
7592,1783741254.0686433,152.9619,63.663
7593,1783741254.088791,152.9821,63.663
7594,1783741254.108937,153.0022,63.664
7595,1783741254.1290963,153.0224,63.664
7596,1783741254.1492496,153.0425,63.664
7597,1783741254.1693995,153.0627,63.664
7598,1783741254.1895468,153.0828,63.664
7599,1783741254.209693,153.1030,63.664
7600,1783741254.229891,153.1232,63.664
7601,1783741254.2500339,153.1433,63.664
7602,1783741254.2701778,153.1635,63.664
7603,1783741254.2903275,153.1836,63.664
7604,1783741254.310483,153.2038,63.664
7605,1783741254.3306293,153.2239,63.664
7606,1783741254.3507743,153.2441,63.664
7607,1783741254.3709216,153.2642,63.664
7608,1783741254.3910735,153.2844,63.664
7609,1783741254.4112196,153.3045,63.664
7610,1783741254.4313304,153.3246,63.664
7611,1783741254.4514782,153.3448,63.664
7612,1783741254.47163,153.3649,63.664
7613,1783741254.4917753,153.3851,63.664
7614,1783741254.5119202,153.4052,63.664
7615,1783741254.532071,153.4254,63.664
7616,1783741254.5522206,153.4455,63.664
7617,1783741254.5723658,153.4656,63.664
7618,1783741254.5925097,153.4858,63.664
7619,1783741254.612656,153.5059,63.664
7620,1783741254.6328073,153.5261,63.664
7621,1783741254.652957,153.5462,63.664
7622,1783741254.6731045,153.5664,63.664
7623,1783741254.6932511,153.5865,63.664
7624,1783741254.7133994,153.6067,63.664
7625,1783741254.7335596,153.6268,63.664
7626,1783741254.7537065,153.6470,63.664
7627,1783741254.773894,153.6672,63.664
7628,1783741254.794044,153.6873,63.664
7629,1783741254.8142016,153.7075,63.664
7630,1783741254.8343503,153.7276,63.664
7631,1783741254.8545237,153.7478,63.664
7632,1783741254.8746753,153.7680,63.664
7633,1783741254.8948333,153.7881,63.664
7634,1783741254.9149828,153.8083,63.664
7635,1783741254.9351277,153.8284,63.664
7636,1783741254.9552777,153.8486,63.664
7637,1783741254.9754338,153.8687,63.664
7638,1783741254.9955866,153.8889,63.664
7639,1783741255.0157652,153.9090,63.664
7640,1783741255.0359163,153.9292,63.664
7641,1783741255.0560675,153.9493,63.664
7642,1783741255.0762205,153.9695,63.664
7643,1783741255.0963688,153.9896,63.664
7644,1783741255.1165185,154.0098,63.664
7645,1783741255.136677,154.0300,63.664
7646,1783741255.156831,154.0501,63.664
7647,1783741255.1769764,154.0703,63.664
7648,1783741255.1971264,154.0904,63.664
7649,1783741255.2172778,154.1106,63.664
7650,1783741255.2374377,154.1307,63.664
7651,1783741255.2575867,154.1509,63.664
7652,1783741255.2777815,154.1711,63.664
7653,1783741255.2979329,154.1912,63.664
7654,1783741255.3180923,154.2114,63.664
7655,1783741255.3382668,154.2315,63.664
7656,1783741255.35841,154.2517,63.664
7657,1783741255.3785622,154.2718,63.664
7658,1783741255.3987193,154.2920,63.664
7659,1783741255.4189253,154.3122,63.664
7660,1783741255.4390693,154.3323,63.664
7661,1783741255.459218,154.3525,63.664
7662,1783741255.479376,154.3727,63.664
7663,1783741255.4995244,154.3928,63.664
7664,1783741255.5196662,154.4129,63.664
7665,1783741255.5398197,154.4331,63.664
7666,1783741255.5599709,154.4532,63.664
7667,1783741255.5801258,154.4734,63.664
7668,1783741255.6002736,154.4936,63.664
7669,1783741255.6204238,154.5137,63.664
7670,1783741255.6405764,154.5339,63.664
7671,1783741255.6607704,154.5540,63.664
7672,1783741255.6809149,154.5742,63.664
7673,1783741255.7010658,154.5943,63.664
7674,1783741255.7212157,154.6145,63.664
7675,1783741255.7413752,154.6347,63.664
7676,1783741255.7615242,154.6548,63.664
7677,1783741255.7816699,154.6749,63.664
7678,1783741255.8018212,154.6951,63.663
7679,1783741255.821979,154.7153,63.663
7680,1783741255.8421302,154.7354,63.663
7681,1783741255.8622777,154.7556,63.663
7682,1783741255.8824298,154.7757,63.663
7683,1783741255.9025874,154.7959,63.662
7684,1783741255.9227695,154.8160,63.662
7685,1783741255.9429142,154.8362,63.662
7686,1783741255.9630759,154.8564,63.662
7687,1783741255.98323,154.8765,63.662
7688,1783741256.0033846,154.8967,63.663
7689,1783741256.0235295,154.9168,63.663
7690,1783741256.0436764,154.9370,63.663
7691,1783741256.063829,154.9571,63.663
7692,1783741256.0839846,154.9773,63.663
7693,1783741256.104129,154.9974,63.663
7694,1783741256.1243064,155.0176,63.663
7695,1783741256.144455,155.0377,63.663
7696,1783741256.1646106,155.0579,63.663
7697,1783741256.1847584,155.0780,63.663
7698,1783741256.2049048,155.0982,63.663
7699,1783741256.2250545,155.1183,63.663
7700,1783741256.2452044,155.1385,63.663
7701,1783741256.265352,155.1586,63.663
7702,1783741256.2854965,155.1788,63.663
7703,1783741256.3056479,155.1989,63.663
7704,1783741256.325808,155.2191,63.663
7705,1783741256.3459532,155.2392,63.663
7706,1783741256.3660984,155.2594,63.663
7707,1783741256.3862498,155.2795,63.663
7708,1783741256.406405,155.2997,63.663
7709,1783741256.4265554,155.3198,63.663
7710,1783741256.446699,155.3400,63.663
7711,1783741256.4668915,155.3602,63.663
7712,1783741256.4870472,155.3803,63.663
7713,1783741256.5071988,155.4005,63.663
7714,1783741256.5273433,155.4206,63.663
7715,1783741256.547491,155.4408,63.663
7716,1783741256.567639,155.4609,63.663
7717,1783741256.587786,155.4811,63.663
7718,1783741256.6079268,155.5012,63.663
7719,1783741256.628102,155.5214,63.663
7720,1783741256.6482553,155.5415,63.663
7721,1783741256.6684062,155.5617,63.663
7722,1783741256.6885488,155.5818,63.663
7723,1783741256.7086966,155.6020,63.663
7724,1783741256.7288902,155.6222,63.663
7725,1783741256.7490423,155.6423,63.663
7726,1783741256.7691915,155.6625,63.663
7727,1783741256.7893403,155.6826,63.663
7728,1783741256.8094869,155.7028,63.663
7729,1783741256.829642,155.7229,63.663
7730,1783741256.8497887,155.7431,63.663
7731,1783741256.8699334,155.7632,63.663
7732,1783741256.890079,155.7834,63.663
7733,1783741256.9102347,155.8035,63.663
7734,1783741256.9303844,155.8237,63.663
7735,1783741256.950531,155.8438,63.663
7736,1783741256.970679,155.8640,63.663
7737,1783741256.9908364,155.8841,63.663
7738,1783741257.0109847,155.9043,63.664
7739,1783741257.0311277,155.9244,63.664
7740,1783741257.0512755,155.9446,63.664
7741,1783741257.0714285,155.9647,63.664
7742,1783741257.091578,155.9849,63.664
7743,1783741257.111764,156.0050,63.663
7744,1783741257.131917,156.0252,63.663
7745,1783741257.1520681,156.0453,63.663
7746,1783741257.1722245,156.0655,63.663
7747,1783741257.1923673,156.0856,63.663
7748,1783741257.2125123,156.1058,63.663
7749,1783741257.2326603,156.1259,63.663
7750,1783741257.2528124,156.1461,63.663
7751,1783741257.2729607,156.1662,63.663
7752,1783741257.2931077,156.1864,63.663
7753,1783741257.313257,156.2065,63.663
7754,1783741257.333406,156.2267,63.663
7755,1783741257.3535528,156.2468,63.663
7756,1783741257.3736987,156.2670,63.663
7757,1783741257.3939009,156.2872,63.663
7758,1783741257.4140813,156.3074,63.663
7759,1783741257.4342256,156.3275,63.663
7760,1783741257.4543693,156.3476,63.663
7761,1783741257.474521,156.3678,63.663
7762,1783741257.4946704,156.3879,63.663
7763,1783741257.5148168,156.4081,63.662
7764,1783741257.5349562,156.4282,63.662
7765,1783741257.5551062,156.4484,63.662
7766,1783741257.5752292,156.4685,63.662
7767,1783741257.5953395,156.4886,63.662
7768,1783741257.6154633,156.5087,63.662
7769,1783741257.6356144,156.5289,63.662
7770,1783741257.6557667,156.5490,63.662
7771,1783741257.675924,156.5692,63.662
7772,1783741257.6960695,156.5893,63.663
7773,1783741257.7162163,156.6095,63.663
7774,1783741257.7363703,156.6296,63.663
7775,1783741257.7565243,156.6498,63.663
7776,1783741257.7766747,156.6700,63.663
7777,1783741257.7968214,156.6901,63.662
7778,1783741257.8169699,156.7102,63.662
7779,1783741257.837117,156.7304,63.662
7780,1783741257.8572648,156.7505,63.662
7781,1783741257.877409,156.7707,63.662
7782,1783741257.8975635,156.7908,63.663
7783,1783741257.9177852,156.8111,63.663
7784,1783741257.9379346,156.8312,63.663
7785,1783741257.9580817,156.8514,63.663
7786,1783741257.9782326,156.8715,63.663
7787,1783741257.9983845,156.8917,63.663
7788,1783741258.0185375,156.9118,63.663
7789,1783741258.0386832,156.9320,63.663
7790,1783741258.058863,156.9521,63.663
7791,1783741258.0790207,156.9723,63.663
7792,1783741258.09917,156.9924,63.663
7793,1783741258.1193123,157.0126,63.663
7794,1783741258.139466,157.0327,63.663
7795,1783741258.1596227,157.0529,63.663
7796,1783741258.1797802,157.0731,63.663
7797,1783741258.1999288,157.0932,63.663
7798,1783741258.2200727,157.1134,63.663
7799,1783741258.2402248,157.1335,63.663
7800,1783741258.2603827,157.1537,63.663
7801,1783741258.280531,157.1738,63.663
7802,1783741258.3006797,157.1940,63.663
7803,1783741258.3208284,157.2141,63.663
7804,1783741258.3409894,157.2343,63.663
7805,1783741258.361139,157.2544,63.663
7806,1783741258.3812857,157.2746,63.663
7807,1783741258.4014347,157.2947,63.664
7808,1783741258.4215934,157.3149,63.664
7809,1783741258.441779,157.3351,63.664
7810,1783741258.4619257,157.3552,63.664
7811,1783741258.4820788,157.3754,63.664
7812,1783741258.5022316,157.3955,63.664
7813,1783741258.5223825,157.4157,63.664
7814,1783741258.5425258,157.4358,63.664
7815,1783741258.5626757,157.4560,63.664
7816,1783741258.5828326,157.4761,63.664
7817,1783741258.6029522,157.4962,63.664
7818,1783741258.6230948,157.5164,63.664
7819,1783741258.6432447,157.5365,63.664
7820,1783741258.6633995,157.5567,63.664
7821,1783741258.683548,157.5768,63.664
7822,1783741258.7037208,157.5970,63.665
7823,1783741258.7239223,157.6172,63.665
7824,1783741258.744072,157.6374,63.665
7825,1783741258.764226,157.6575,63.665
7826,1783741258.7843757,157.6777,63.665
7827,1783741258.8045259,157.6978,63.665
7828,1783741258.8246746,157.7180,63.665
7829,1783741258.844825,157.7381,63.665
7830,1783741258.8649712,157.7583,63.665
7831,1783741258.88512,157.7784,63.665
7832,1783741258.905274,157.7986,63.665
7833,1783741258.9254336,157.8187,63.665
7834,1783741258.9455788,157.8389,63.665
7835,1783741258.965691,157.8590,63.665
7836,1783741258.9858797,157.8792,63.665
7837,1783741259.0060418,157.8993,63.665
7838,1783741259.0261943,157.9195,63.665
7839,1783741259.0463386,157.9396,63.665
7840,1783741259.0664895,157.9598,63.665
7841,1783741259.0866477,157.9799,63.665
7842,1783741259.1067705,158.0000,63.664
7843,1783741259.1268797,158.0202,63.664
7844,1783741259.1470177,158.0403,63.664
7845,1783741259.1671734,158.0605,63.664
7846,1783741259.1873322,158.0806,63.664
7847,1783741259.2075095,158.1008,63.664
7848,1783741259.2276638,158.1209,63.664
7849,1783741259.2478151,158.1411,63.664
7850,1783741259.2679734,158.1613,63.664
7851,1783741259.2881234,158.1814,63.664
7852,1783741259.3082724,158.2016,63.664
7853,1783741259.3284254,158.2217,63.664
7854,1783741259.3485782,158.2419,63.664
7855,1783741259.36876,158.2620,63.664
7856,1783741259.3889122,158.2822,63.664
7857,1783741259.4090621,158.3023,63.663
7858,1783741259.4292176,158.3225,63.663
7859,1783741259.4493663,158.3426,63.663
7860,1783741259.469516,158.3628,63.663
7861,1783741259.4896698,158.3829,63.663
7862,1783741259.509828,158.4031,63.663
7863,1783741259.529978,158.4233,63.663
7864,1783741259.5501223,158.4434,63.663
7865,1783741259.5702736,158.4636,63.663
7866,1783741259.5904312,158.4837,63.663
7867,1783741259.610587,158.5039,63.663
7868,1783741259.6307704,158.5240,63.663
7869,1783741259.650923,158.5442,63.663
7870,1783741259.6710727,158.5644,63.663
7871,1783741259.6912205,158.5845,63.663
7872,1783741259.711367,158.6046,63.662
7873,1783741259.7315197,158.6248,63.662
7874,1783741259.7516727,158.6450,63.662
7875,1783741259.77183,158.6651,63.662
7876,1783741259.791978,158.6853,63.662
7877,1783741259.8121278,158.7054,63.662
7878,1783741259.8322785,158.7256,63.662
7879,1783741259.8524315,158.7457,63.662
7880,1783741259.8725815,158.7659,63.662
7881,1783741259.8927686,158.7860,63.662
7882,1783741259.9129195,158.8062,63.663
7883,1783741259.9330785,158.8264,63.663
7884,1783741259.953225,158.8465,63.663
7885,1783741259.9733691,158.8666,63.663
7886,1783741259.9935493,158.8868,63.663
7887,1783741260.0137064,158.9070,63.663
7888,1783741260.0338867,158.9272,63.663
7889,1783741260.0540318,158.9473,63.663
7890,1783741260.0741854,158.9675,63.663
7891,1783741260.0943422,158.9876,63.663
7892,1783741260.1144946,159.0078,63.663
7893,1783741260.1346354,159.0279,63.663
7894,1783741260.154782,159.0481,63.663
7895,1783741260.174936,159.0682,63.663
7896,1783741260.1950872,159.0884,63.663
7897,1783741260.215223,159.1085,63.663
7898,1783741260.2353692,159.1286,63.663
7899,1783741260.255515,159.1488,63.663
7900,1783741260.2756677,159.1689,63.663
7901,1783741260.295809,159.1891,63.663
7902,1783741260.3159516,159.2092,63.663
7903,1783741260.3360941,159.2294,63.663
7904,1783741260.3562422,159.2495,63.663
7905,1783741260.376383,159.2697,63.663
7906,1783741260.396524,159.2898,63.663
7907,1783741260.4166687,159.3099,63.663
7908,1783741260.4368176,159.3301,63.663
7909,1783741260.4569585,159.3502,63.663
7910,1783741260.477127,159.3704,63.663
7911,1783741260.4972684,159.3905,63.663
7912,1783741260.51742,159.4107,63.663
7913,1783741260.5375602,159.4308,63.663
7914,1783741260.5576982,159.4510,63.663
7915,1783741260.5779128,159.4712,63.663
7916,1783741260.5980573,159.4913,63.663
7917,1783741260.618199,159.5115,63.663
7918,1783741260.638336,159.5316,63.663
7919,1783741260.6584823,159.5518,63.663
7920,1783741260.6786323,159.5719,63.663
7921,1783741260.698775,159.5921,63.663
7922,1783741260.7189126,159.6122,63.663
7923,1783741260.739058,159.6323,63.663
7924,1783741260.7592037,159.6525,63.663
7925,1783741260.7793477,159.6726,63.663
7926,1783741260.7994869,159.6928,63.663
7927,1783741260.8196287,159.7129,63.663
7928,1783741260.8397722,159.7331,63.663
7929,1783741260.8599257,159.7532,63.663
7930,1783741260.8800664,159.7733,63.663
7931,1783741260.9002066,159.7935,63.662
7932,1783741260.9203517,159.8136,63.662
7933,1783741260.940505,159.8338,63.662
7934,1783741260.9606497,159.8539,63.662
7935,1783741260.9807897,159.8741,63.662
7936,1783741261.000935,159.8942,63.662
7937,1783741261.0210865,159.9144,63.662
7938,1783741261.0412283,159.9345,63.662
7939,1783741261.0613666,159.9546,63.662
7940,1783741261.081512,159.9748,63.662
7941,1783741261.1016622,159.9949,63.662
7942,1783741261.121803,160.0151,63.662
7943,1783741261.1419408,160.0352,63.662
7944,1783741261.1620848,160.0554,63.662
7945,1783741261.1822338,160.0755,63.662
7946,1783741261.2023802,160.0957,63.662
7947,1783741261.2225146,160.1158,63.662
7948,1783741261.2426581,160.1359,63.662
7949,1783741261.2628238,160.1561,63.662
7950,1783741261.2829754,160.1763,63.662
7951,1783741261.3031156,160.1964,63.662
7952,1783741261.3232563,160.2165,63.662
7953,1783741261.3433986,160.2367,63.662
7954,1783741261.3635473,160.2568,63.662
7955,1783741261.3836892,160.2770,63.662
7956,1783741261.4038594,160.2971,63.662
7957,1783741261.4240048,160.3173,63.662
7958,1783741261.4441507,160.3374,63.662
7959,1783741261.4642923,160.3576,63.662
7960,1783741261.4844337,160.3777,63.662
7961,1783741261.5045764,160.3979,63.662
7962,1783741261.524767,160.4180,63.662
7963,1783741261.544906,160.4382,63.662
7964,1783741261.5650444,160.4583,63.662
7965,1783741261.5851884,160.4785,63.662
7966,1783741261.6053357,160.4986,63.663
7967,1783741261.6254756,160.5188,63.663
7968,1783741261.6456127,160.5389,63.663
7969,1783741261.6657586,160.5590,63.663
7970,1783741261.6859083,160.5792,63.663
7971,1783741261.7060537,160.5993,63.663
7972,1783741261.7261918,160.6195,63.663
7973,1783741261.7463338,160.6396,63.663
7974,1783741261.766509,160.6598,63.663
7975,1783741261.7866576,160.6799,63.663
7976,1783741261.806799,160.7001,63.663
7977,1783741261.826942,160.7202,63.663
7978,1783741261.8470843,160.7404,63.663
7979,1783741261.8672383,160.7605,63.663
7980,1783741261.8873782,160.7807,63.663
7981,1783741261.9075189,160.8008,63.663
7982,1783741261.9276617,160.8209,63.663
7983,1783741261.9478085,160.8411,63.663
7984,1783741261.9679482,160.8612,63.663
7985,1783741261.9880903,160.8814,63.663
7986,1783741262.0082319,160.9015,63.664
7987,1783741262.0283809,160.9217,63.664
7988,1783741262.0485213,160.9418,63.664
7989,1783741262.0686595,160.9619,63.664
7990,1783741262.088805,160.9821,63.664
7991,1783741262.1089528,161.0022,63.664
7992,1783741262.1290936,161.0224,63.664
7993,1783741262.1492302,161.0425,63.664
7994,1783741262.1693747,161.0627,63.664
7995,1783741262.1895244,161.0828,63.664
7996,1783741262.2096713,161.1030,63.664
7997,1783741262.2298088,161.1231,63.664
7998,1783741262.2499537,161.1432,63.664
7999,1783741262.2701018,161.1634,63.664
8000,1783741262.2902517,161.1835,63.664
8001,1783741262.3103917,161.2037,63.665
8002,1783741262.3305323,161.2238,63.665
8003,1783741262.35068,161.2440,63.665
8004,1783741262.3708332,161.2641,63.665
8005,1783741262.3909729,161.2843,63.665
8006,1783741262.4111137,161.3044,63.664
8007,1783741262.4312549,161.3245,63.664
8008,1783741262.4514039,161.3447,63.664
8009,1783741262.471546,161.3648,63.664
8010,1783741262.4916868,161.3850,63.664
8011,1783741262.5118275,161.4051,63.664
8012,1783741262.5319812,161.4253,63.664
8013,1783741262.5521493,161.4454,63.664
8014,1783741262.5722873,161.4656,63.664
8015,1783741262.5924325,161.4857,63.664
8016,1783741262.6125834,161.5059,63.665
8017,1783741262.6327672,161.5260,63.665
8018,1783741262.652905,161.5462,63.665
8019,1783741262.6730487,161.5663,63.665
8020,1783741262.693196,161.5865,63.665
8021,1783741262.7133338,161.6066,63.665
8022,1783741262.7334728,161.6268,63.665
8023,1783741262.7536185,161.6469,63.665
8024,1783741262.7737653,161.6670,63.665
8025,1783741262.7939162,161.6872,63.665
8026,1783741262.8140533,161.7073,63.665
8027,1783741262.8341959,161.7275,63.665
8028,1783741262.8543403,161.7476,63.665
8029,1783741262.8744922,161.7678,63.665
8030,1783741262.8946304,161.7879,63.665
8031,1783741262.9147704,161.8080,63.665
8032,1783741262.9349134,161.8282,63.665
8033,1783741262.9550598,161.8483,63.665
8034,1783741262.9751978,161.8685,63.665
8035,1783741262.9953382,161.8886,63.665
8036,1783741263.0154824,161.9088,63.664
8037,1783741263.0356338,161.9289,63.664
8038,1783741263.0558014,161.9491,63.664
8039,1783741263.0759397,161.9692,63.664
8040,1783741263.0960853,161.9894,63.664
8041,1783741263.1162355,162.0095,63.664
8042,1783741263.136377,162.0297,63.664
8043,1783741263.1565137,162.0498,63.664
8044,1783741263.1766608,162.0699,63.664
8045,1783741263.196812,162.0901,63.664
8046,1783741263.2169523,162.1102,63.664
8047,1783741263.2370882,162.1304,63.664
8048,1783741263.2572353,162.1505,63.664
8049,1783741263.277382,162.1707,63.664
8050,1783741263.297522,162.1908,63.663
8051,1783741263.3176613,162.2109,63.663
8052,1783741263.3377702,162.2310,63.663
8053,1783741263.3579166,162.2512,63.663
8054,1783741263.378064,162.2713,63.663
8055,1783741263.3982058,162.2915,63.663
8056,1783741263.4183462,162.3116,63.663
8057,1783741263.4384887,162.3318,63.663
8058,1783741263.4586391,162.3519,63.663
8059,1783741263.4787796,162.3721,63.663
8060,1783741263.4989173,162.3922,63.663
8061,1783741263.5190585,162.4123,63.663
8062,1783741263.5392118,162.4325,63.663
8063,1783741263.55935,162.4526,63.663
8064,1783741263.5794883,162.4728,63.663
8065,1783741263.5996342,162.4929,63.663
8066,1783741263.6197853,162.5131,63.663
8067,1783741263.639928,162.5332,63.663
8068,1783741263.6600657,162.5533,63.663
8069,1783741263.6802115,162.5735,63.663
8070,1783741263.700361,162.5936,63.662
8071,1783741263.7205067,162.6138,63.662
8072,1783741263.7406433,162.6339,63.662
8073,1783741263.7607868,162.6541,63.662
8074,1783741263.7809315,162.6742,63.662
8075,1783741263.8010788,162.6944,63.662
8076,1783741263.8212194,162.7145,63.662
8077,1783741263.84139,162.7347,63.662
8078,1783741263.8615353,162.7548,63.662
8079,1783741263.8816817,162.7750,63.662
8080,1783741263.9018192,162.7951,63.663
8081,1783741263.9219599,162.8152,63.663
8082,1783741263.9421055,162.8354,63.663
8083,1783741263.962258,162.8555,63.663
8084,1783741263.9823976,162.8757,63.663
8085,1783741264.0025384,162.8958,63.663
8086,1783741264.0226834,162.9160,63.663
8087,1783741264.0428293,162.9361,63.663
8088,1783741264.06297,162.9562,63.663
8089,1783741264.0831103,162.9764,63.663
8090,1783741264.1032557,162.9965,63.663
8091,1783741264.1234019,163.0167,63.663
8092,1783741264.1435416,163.0368,63.663
8093,1783741264.16368,163.0570,63.663
8094,1783741264.1838255,163.0771,63.663
8095,1783741264.2039742,163.0973,63.663
8096,1783741264.2241187,163.1174,63.663
8097,1783741264.2442532,163.1375,63.663
8098,1783741264.2643988,163.1577,63.663
8099,1783741264.2845461,163.1778,63.663
8100,1783741264.3046958,163.1980,63.663
8101,1783741264.3248785,163.2182,63.663
8102,1783741264.3450499,163.2383,63.663
8103,1783741264.3651974,163.2585,63.663
8104,1783741264.3853493,163.2786,63.663
8105,1783741264.4054897,163.2988,63.663
8106,1783741264.4256318,163.3189,63.663
8107,1783741264.4457738,163.3391,63.663
8108,1783741264.4659276,163.3592,63.663
8109,1783741264.486067,163.3793,63.663
8110,1783741264.5062065,163.3995,63.664
8111,1783741264.5263517,163.4196,63.664
8112,1783741264.5464985,163.4398,63.664
8113,1783741264.566638,163.4599,63.664
8114,1783741264.586778,163.4801,63.664
8115,1783741264.6069229,163.5002,63.663
8116,1783741264.6270714,163.5204,63.663
8117,1783741264.6472116,163.5405,63.663
8118,1783741264.6673503,163.5606,63.663
8119,1783741264.687497,163.5808,63.663
8120,1783741264.7076457,163.6009,63.663
8121,1783741264.727788,163.6211,63.663
8122,1783741264.7479239,163.6412,63.663
8123,1783741264.768069,163.6613,63.663
8124,1783741264.788217,163.6815,63.663
8125,1783741264.8083634,163.7016,63.663
8126,1783741264.828503,163.7218,63.663
8127,1783741264.848645,163.7419,63.663
8128,1783741264.868791,163.7621,63.663
8129,1783741264.8889432,163.7822,63.663
8130,1783741264.9090815,163.8024,63.663
8131,1783741264.929223,163.8225,63.663
8132,1783741264.9493666,163.8426,63.663
8133,1783741264.9695127,163.8628,63.663
8134,1783741264.9896493,163.8829,63.663
8135,1783741265.0097897,163.9031,63.663
8136,1783741265.0299351,163.9232,63.663
8137,1783741265.0500839,163.9434,63.663
8138,1783741265.0702221,163.9635,63.663
8139,1783741265.0903616,163.9836,63.663
8140,1783741265.110506,164.0038,63.663
8141,1783741265.1306837,164.0240,63.663
8142,1783741265.1508257,164.0441,63.663
8143,1783741265.1709642,164.0642,63.663
8144,1783741265.1911085,164.0844,63.663
8145,1783741265.2112591,164.1045,63.664
8146,1783741265.2314055,164.1247,63.664
8147,1783741265.251541,164.1448,63.664
8148,1783741265.271683,164.1650,63.664
8149,1783741265.291832,164.1851,63.664
8150,1783741265.31198,164.2053,63.664
8151,1783741265.332119,164.2254,63.664
8152,1783741265.3522635,164.2455,63.664
8153,1783741265.3724093,164.2657,63.664
8154,1783741265.3925579,164.2858,63.664
8155,1783741265.412697,164.3060,63.664
8156,1783741265.4328406,164.3261,63.664
8157,1783741265.4529824,164.3463,63.664
8158,1783741265.473137,164.3664,63.664
8159,1783741265.4933124,164.3866,63.664
8160,1783741265.5134578,164.4067,63.664
8161,1783741265.533604,164.4269,63.664
8162,1783741265.5537581,164.4470,63.664
8163,1783741265.5739062,164.4672,63.664
8164,1783741265.5940523,164.4873,63.664
8165,1783741265.6142292,164.5075,63.664
8166,1783741265.6343842,164.5277,63.664
8167,1783741265.6545296,164.5478,63.664
8168,1783741265.6746745,164.5680,63.664
8169,1783741265.694819,164.5881,63.664
8170,1783741265.7149725,164.6083,63.664
8171,1783741265.735123,164.6284,63.664
8172,1783741265.755264,164.6485,63.664
8173,1783741265.7754135,164.6687,63.664
8174,1783741265.7955687,164.6888,63.664
8175,1783741265.8157182,164.7090,63.665
8176,1783741265.8358998,164.7292,63.665
8177,1783741265.8560479,164.7493,63.665
8178,1783741265.876198,164.7695,63.665
8179,1783741265.8963518,164.7896,63.665
8180,1783741265.9164972,164.8098,63.664
8181,1783741265.9366453,164.8299,63.664
8182,1783741265.956795,164.8501,63.664
8183,1783741265.976944,164.8702,63.664
8184,1783741265.9970877,164.8904,63.664
8185,1783741266.017234,164.9105,63.664
8186,1783741266.0373805,164.9307,63.664
8187,1783741266.057536,164.9508,63.664
8188,1783741266.077683,164.9710,63.664
8189,1783741266.0978312,164.9911,63.664
8190,1783741266.1179817,165.0113,63.664
8191,1783741266.1381369,165.0314,63.664
8192,1783741266.1582835,165.0516,63.664
8193,1783741266.178427,165.0717,63.664
8194,1783741266.1985784,165.0919,63.663
8195,1783741266.218771,165.1121,63.663
8196,1783741266.2389202,165.1322,63.663
8197,1783741266.259062,165.1523,63.663
8198,1783741266.2792125,165.1725,63.663
8199,1783741266.2993655,165.1926,63.663
8200,1783741266.319512,165.2128,63.663
8201,1783741266.3396535,165.2329,63.663
8202,1783741266.3598042,165.2531,63.663
8203,1783741266.3799553,165.2732,63.663
8204,1783741266.4001389,165.2934,63.663
8205,1783741266.4202816,165.3136,63.663
8206,1783741266.440427,165.3337,63.663
8207,1783741266.4605734,165.3539,63.663
8208,1783741266.4807732,165.3741,63.663
8209,1783741266.5009189,165.3942,63.663
8210,1783741266.5210655,165.4143,63.663
8211,1783741266.5412114,165.4345,63.663
8212,1783741266.5613678,165.4546,63.663
8213,1783741266.5815146,165.4748,63.663
8214,1783741266.6016612,165.4949,63.663
8215,1783741266.6218116,165.5151,63.663
8216,1783741266.6419673,165.5352,63.663
8217,1783741266.6621134,165.5554,63.663
8218,1783741266.6822584,165.5755,63.663
8219,1783741266.7024062,165.5957,63.663
8220,1783741266.72256,165.6158,63.663
8221,1783741266.742702,165.6360,63.663
8222,1783741266.7628837,165.6562,63.663
8223,1783741266.7830324,165.6763,63.663
8224,1783741266.8031871,165.6965,63.663
8225,1783741266.8233383,165.7166,63.663
8226,1783741266.8434775,165.7368,63.663
8227,1783741266.8636265,165.7569,63.663
8228,1783741266.8837774,165.7771,63.663
8229,1783741266.9039578,165.7972,63.663
8230,1783741266.9241037,165.8174,63.663
8231,1783741266.9442496,165.8375,63.663
8232,1783741266.9643977,165.8577,63.663
8233,1783741266.9845479,165.8778,63.663
8234,1783741267.004694,165.8980,63.663
8235,1783741267.0248816,165.9182,63.663
8236,1783741267.045029,165.9383,63.663
8237,1783741267.0651855,165.9585,63.663
8238,1783741267.085331,165.9786,63.663
8239,1783741267.1054769,165.9988,63.663
8240,1783741267.1256213,166.0189,63.663
8241,1783741267.1457713,166.0391,63.663
8242,1783741267.1659184,166.0592,63.663
8243,1783741267.1860645,166.0793,63.663
8244,1783741267.20621,166.0995,63.663
8245,1783741267.2263634,166.1196,63.663
8246,1783741267.246509,166.1398,63.663
8247,1783741267.2666526,166.1599,63.663
8248,1783741267.2868037,166.1801,63.663
8249,1783741267.3069534,166.2002,63.663
8250,1783741267.327101,166.2204,63.663
8251,1783741267.3472424,166.2405,63.663
8252,1783741267.3687766,166.2621,63.663
8253,1783741267.388926,166.2822,63.663
8254,1783741267.409074,166.3024,63.663
8255,1783741267.4292212,166.3225,63.663
8256,1783741267.4493685,166.3426,63.663
8257,1783741267.4695225,166.3628,63.663
8258,1783741267.4896777,166.3830,63.663
8259,1783741267.509819,166.4031,63.663
8260,1783741267.5299659,166.4232,63.663
8261,1783741267.5501134,166.4434,63.663
8262,1783741267.5702639,166.4635,63.663
8263,1783741267.59041,166.4837,63.663
8264,1783741267.610556,166.5038,63.663
8265,1783741267.6307068,166.5240,63.663
8266,1783741267.6509001,166.5442,63.663
8267,1783741267.6710434,166.5643,63.663
8268,1783741267.6912184,166.5845,63.663
8269,1783741267.711366,166.6046,63.662
8270,1783741267.7315235,166.6248,63.662
8271,1783741267.7516701,166.6449,63.662
8272,1783741267.771817,166.6651,63.662
8273,1783741267.7919636,166.6852,63.662
8274,1783741267.812119,166.7054,63.662
8275,1783741267.8322706,166.7255,63.662
8276,1783741267.852413,166.7457,63.662
8277,1783741267.8725643,166.7658,63.662
8278,1783741267.8927212,166.7860,63.662
8279,1783741267.9129217,166.8062,63.662
8280,1783741267.933063,166.8263,63.662
8281,1783741267.9532099,166.8465,63.662
8282,1783741267.9733615,166.8666,63.662
8283,1783741267.9935162,166.8868,63.662
8284,1783741268.0136566,166.9069,63.662
8285,1783741268.0338016,166.9271,63.662
8286,1783741268.053947,166.9472,63.662
8287,1783741268.0741055,166.9674,63.662
8288,1783741268.0942492,166.9875,63.662
8289,1783741268.1143956,167.0077,63.662
8290,1783741268.1345387,167.0278,63.662
8291,1783741268.154687,167.0480,63.662
8292,1783741268.174832,167.0681,63.662
8293,1783741268.1950037,167.0883,63.662
8294,1783741268.2151551,167.1084,63.671
8295,1783741268.2353024,167.1286,63.671
8296,1783741268.2554467,167.1487,63.671
8297,1783741268.2755888,167.1689,63.671
8298,1783741268.2957773,167.1891,63.671
8299,1783741268.3159308,167.2092,63.671
8300,1783741268.3360758,167.2294,63.671
8301,1783741268.3562174,167.2495,63.671
8302,1783741268.376367,167.2696,63.671
8303,1783741268.3965166,167.2898,63.671
8304,1783741268.4166663,167.3099,63.671
8305,1783741268.436808,167.3301,63.671
8306,1783741268.4569547,167.3502,63.671
8307,1783741268.4771028,167.3704,63.671
8308,1783741268.4972475,167.3905,63.671
8309,1783741268.5173886,167.4107,63.671
8310,1783741268.5375319,167.4308,63.671
8311,1783741268.5576797,167.4510,63.671
8312,1783741268.5778334,167.4711,63.671
8313,1783741268.5979803,167.4913,63.671
8314,1783741268.6181252,167.5114,63.672
8315,1783741268.638276,167.5316,63.672
8316,1783741268.6584344,167.5517,63.672
8317,1783741268.6785815,167.5719,63.672
8318,1783741268.698773,167.5921,63.672
8319,1783741268.7189217,167.6122,63.672
8320,1783741268.7390769,167.6324,63.672
8321,1783741268.759222,167.6525,63.672
8322,1783741268.7793658,167.6726,63.672
8323,1783741268.7995155,167.6928,63.672
8324,1783741268.8196704,167.7129,63.672
8325,1783741268.8398209,167.7331,63.672
8326,1783741268.8599634,167.7532,63.672
8327,1783741268.880113,167.7734,63.672
8328,1783741268.9002702,167.7935,63.672
8329,1783741268.9204206,167.8137,63.672
8330,1783741268.9405627,167.8338,63.672
8331,1783741268.9607153,167.8540,63.672
8332,1783741268.9809332,167.8742,63.672
8333,1783741269.0010877,167.8944,63.672
8334,1783741269.0212293,167.9145,63.672
8335,1783741269.0413754,167.9347,63.672
8336,1783741269.0615268,167.9548,63.672
8337,1783741269.0816836,167.9750,63.672
8338,1783741269.1018302,167.9951,63.672
8339,1783741269.1219726,168.0153,63.672
8340,1783741269.14212,168.0354,63.672
8341,1783741269.1622684,168.0555,63.672
8342,1783741269.1824164,168.0757,63.672
8343,1783741269.202562,168.0958,63.663
8344,1783741269.2227073,168.1160,63.663
8345,1783741269.2429,168.1362,63.663
8346,1783741269.2630515,168.1563,63.663
8347,1783741269.2831957,168.1765,63.663
8348,1783741269.3033426,168.1966,63.662
8349,1783741269.3234959,168.2168,63.662
8350,1783741269.3436384,168.2369,63.662
8351,1783741269.3637815,168.2571,63.662
8352,1783741269.3839316,168.2772,63.662
8353,1783741269.4040868,168.2974,63.663
8354,1783741269.4242365,168.3175,63.663
8355,1783741269.4443772,168.3377,63.663
8356,1783741269.464528,168.3578,63.663
8357,1783741269.484703,168.3780,63.663
8358,1783741269.504915,168.3982,63.662
8359,1783741269.5250604,168.4183,63.662
8360,1783741269.5452075,168.4385,63.662
8361,1783741269.565358,168.4586,63.662
8362,1783741269.5855103,168.4788,63.662
8363,1783741269.6056569,168.4989,63.662
8364,1783741269.6258025,168.5191,63.662
8365,1783741269.6459513,168.5392,63.662
8366,1783741269.6661072,168.5594,63.662
8367,1783741269.6862547,168.5795,63.662
8368,1783741269.7064004,168.5997,63.662
8369,1783741269.7265463,168.6198,63.662
8370,1783741269.7466943,168.6400,63.662
8371,1783741269.766849,168.6601,63.662
8372,1783741269.7869916,168.6803,63.662
8373,1783741269.8071408,168.7004,63.662
8374,1783741269.8272927,168.7206,63.662
8375,1783741269.8474362,168.7407,63.662
8376,1783741269.8675804,168.7609,63.662
8377,1783741269.8877745,168.7811,63.662
8378,1783741269.9079297,168.8012,63.662
8379,1783741269.928047,168.8213,63.662
8380,1783741269.9481854,168.8415,63.662
8381,1783741269.9683325,168.8616,63.662
8382,1783741269.9884808,168.8818,63.662
8383,1783741270.0086312,168.9019,63.661
8384,1783741270.0287795,168.9221,63.661
8385,1783741270.0489285,168.9422,63.661
8386,1783741270.0690787,168.9624,63.661
8387,1783741270.0892346,168.9825,63.661
8388,1783741270.1093786,169.0027,63.661
8389,1783741270.1295242,169.0228,63.661
8390,1783741270.14967,169.0429,63.661
8391,1783741270.1698194,169.0631,63.661
8392,1783741270.1899638,169.0832,63.661
8393,1783741270.2101092,169.1034,63.661
8394,1783741270.230258,169.1235,63.661
8395,1783741270.2504056,169.1437,63.661
8396,1783741270.2705882,169.1639,63.661
8397,1783741270.2907546,169.1840,63.661
8398,1783741270.3109066,169.2042,63.661
8399,1783741270.3310606,169.2243,63.661
8400,1783741270.3512075,169.2445,63.661
8401,1783741270.371349,169.2646,63.661
8402,1783741270.3914661,169.2847,63.661
8403,1783741270.4115875,169.3049,63.661
8404,1783741270.4317038,169.3250,63.661
8405,1783741270.451882,169.3452,63.661
8406,1783741270.4720302,169.3653,63.661
8407,1783741270.492178,169.3855,63.661
8408,1783741270.51232,169.4056,63.661
8409,1783741270.532458,169.4257,63.661
8410,1783741270.5526054,169.4459,63.661
8411,1783741270.5727537,169.4660,63.661
8412,1783741270.5929034,169.4862,63.661
8413,1783741270.6130462,169.5063,63.661
8414,1783741270.6331913,169.5265,63.661
8415,1783741270.6533368,169.5466,63.661
8416,1783741270.6734848,169.5668,63.661
8417,1783741270.6936297,169.5869,63.661
8418,1783741270.713775,169.6071,63.661
8419,1783741270.7339215,169.6272,63.661
8420,1783741270.754104,169.6474,63.661
8421,1783741270.7742467,169.6675,63.661
8422,1783741270.7943902,169.6877,63.661
8423,1783741270.814539,169.7078,63.661
8424,1783741270.8346972,169.7280,63.661
8425,1783741270.8548906,169.7482,63.661
8426,1783741270.875035,169.7683,63.661
8427,1783741270.8951838,169.7885,63.661
8428,1783741270.9153383,169.8086,63.661
8429,1783741270.9354842,169.8288,63.661
8430,1783741270.9556286,169.8489,63.661
8431,1783741270.9757783,169.8691,63.661
8432,1783741270.9959304,169.8892,63.661
8433,1783741271.0160816,169.9094,63.661
8434,1783741271.0362282,169.9295,63.661
8435,1783741271.0563755,169.9497,63.661
8436,1783741271.0765276,169.9698,63.661
8437,1783741271.0966785,169.9900,63.661
8438,1783741271.1168242,170.0101,63.661
8439,1783741271.1369703,170.0302,63.661
8440,1783741271.1571164,170.0504,63.661
8441,1783741271.1772697,170.0705,63.661
8442,1783741271.1974163,170.0907,63.661
8443,1783741271.2175627,170.1108,63.661
8444,1783741271.2377117,170.1310,63.661
8445,1783741271.2579157,170.1512,63.661
8446,1783741271.2780602,170.1713,63.661
8447,1783741271.2982078,170.1915,63.661
8448,1783741271.3183577,170.2116,63.661
8449,1783741271.3384793,170.2318,63.661
8450,1783741271.3586261,170.2519,63.661
8451,1783741271.3787699,170.2720,63.661
8452,1783741271.3989205,170.2922,63.661
8453,1783741271.4190743,170.3124,63.661
8454,1783741271.439221,170.3325,63.661
8455,1783741271.4593651,170.3526,63.661
8456,1783741271.4795175,170.3728,63.661
8457,1783741271.4996722,170.3930,63.661
8458,1783741271.519822,170.4131,63.661
8459,1783741271.5399983,170.4333,63.661
8460,1783741271.560147,170.4534,63.661
8461,1783741271.580296,170.4736,63.661
8462,1783741271.6004472,170.4937,63.661
8463,1783741271.6205878,170.5139,63.661
8464,1783741271.6407738,170.5341,63.661
8465,1783741271.6609251,170.5542,63.661
8466,1783741271.6810808,170.5744,63.661
8467,1783741271.7012227,170.5945,63.661
8468,1783741271.721369,170.6146,63.661
8469,1783741271.7415185,170.6348,63.661
8470,1783741271.761674,170.6550,63.661
8471,1783741271.7818215,170.6751,63.661
8472,1783741271.8019664,170.6952,63.661
8473,1783741271.8221173,170.7154,63.661
8474,1783741271.8422751,170.7356,63.661
8475,1783741271.862422,170.7557,63.661
8476,1783741271.8825693,170.7758,63.661
8477,1783741271.902719,170.7960,63.662
8478,1783741271.9229095,170.8162,63.662
8479,1783741271.943054,170.8363,63.662
8480,1783741271.963198,170.8565,63.662
8481,1783741271.9833457,170.8766,63.662
8482,1783741272.003501,170.8968,63.661
8483,1783741272.023653,170.9169,63.661
8484,1783741272.0438912,170.9372,63.661
8485,1783741272.0640414,170.9573,63.661
8486,1783741272.0841947,170.9775,63.661
8487,1783741272.10434,170.9976,63.662
8488,1783741272.1244793,171.0178,63.662
8489,1783741272.1446235,171.0379,63.662
8490,1783741272.1647747,171.0581,63.662
8491,1783741272.1849313,171.0782,63.662
8492,1783741272.205076,171.0984,63.662
8493,1783741272.2252188,171.1185,63.662
8494,1783741272.2453651,171.1386,63.662
8495,1783741272.2655196,171.1588,63.662
8496,1783741272.285669,171.1789,63.662
8497,1783741272.3058155,171.1991,63.662
8498,1783741272.3259642,171.2192,63.662
8499,1783741272.3461134,171.2394,63.662
8500,1783741272.366262,171.2595,63.662
8501,1783741272.386407,171.2797,63.662
8502,1783741272.4065547,171.2998,63.662
8503,1783741272.426704,171.3200,63.662
8504,1783741272.4468958,171.3402,63.662
8505,1783741272.4670374,171.3603,63.662
8506,1783741272.4871879,171.3805,63.662
8507,1783741272.5073442,171.4006,63.662
8508,1783741272.5274947,171.4208,63.662
8509,1783741272.5476346,171.4409,63.662
8510,1783741272.5677829,171.4611,63.662
8511,1783741272.5879335,171.4812,63.662
8512,1783741272.6080859,171.5014,63.662
8513,1783741272.62823,171.5215,63.662
8514,1783741272.648375,171.5417,63.662
8515,1783741272.6685271,171.5618,63.662
8516,1783741272.688686,171.5820,63.662
8517,1783741272.7088559,171.6021,63.663
8518,1783741272.7289994,171.6223,63.663
8519,1783741272.749147,171.6424,63.663
8520,1783741272.769304,171.6626,63.663
8521,1783741272.7894466,171.6827,63.663
8522,1783741272.8095925,171.7029,63.663
8523,1783741272.8297758,171.7231,63.663
8524,1783741272.8498907,171.7432,63.663
8525,1783741272.8700383,171.7633,63.663
8526,1783741272.8901825,171.7835,63.663
8527,1783741272.9103336,171.8036,63.662
8528,1783741272.93049,171.8238,63.662
8529,1783741272.9506345,171.8439,63.662
8530,1783741272.9707782,171.8641,63.662
8531,1783741272.9909263,171.8842,63.662
8532,1783741273.01108,171.9044,63.663
8533,1783741273.0312312,171.9245,63.663
8534,1783741273.051372,171.9447,63.663
8535,1783741273.0715234,171.9648,63.663
8536,1783741273.0916727,171.9850,63.663
8537,1783741273.1118286,172.0051,63.663
8538,1783741273.131972,172.0253,63.663
8539,1783741273.1521182,172.0454,63.663
8540,1783741273.1722693,172.0655,63.663
8541,1783741273.1924267,172.0857,63.663
8542,1783741273.2125742,172.1059,63.663
8543,1783741273.23272,172.1260,63.663
8544,1783741273.2529082,172.1462,63.663
8545,1783741273.2730644,172.1663,63.663
8546,1783741273.2932076,172.1865,63.663
8547,1783741273.313353,172.2066,63.663
8548,1783741273.333527,172.2268,63.663
8549,1783741273.3536825,172.2470,63.663
8550,1783741273.373826,172.2671,63.663
8551,1783741273.3939703,172.2872,63.663
8552,1783741273.4141197,172.3074,63.663
8553,1783741273.4342692,172.3275,63.663
8554,1783741273.4544137,172.3477,63.663
8555,1783741273.4745579,172.3678,63.663
8556,1783741273.494709,172.3880,63.663
8557,1783741273.5149095,172.4082,63.663
8558,1783741273.535061,172.4283,63.663
8559,1783741273.5552,172.4485,63.663
8560,1783741273.5753484,172.4686,63.663
8561,1783741273.595493,172.4888,63.663
8562,1783741273.6156406,172.5089,63.664
8563,1783741273.635785,172.5291,63.664
8564,1783741273.6559348,172.5492,63.664
8565,1783741273.6760871,172.5694,63.664
8566,1783741273.6962333,172.5895,63.664
8567,1783741273.7163787,172.6097,63.663
8568,1783741273.7365258,172.6298,63.663
8569,1783741273.7566733,172.6500,63.663
8570,1783741273.77683,172.6701,63.663
8571,1783741273.7969768,172.6903,63.663
8572,1783741273.8171241,172.7104,63.663
8573,1783741273.8372743,172.7306,63.663
8574,1783741273.857426,172.7507,63.663
8575,1783741273.8775735,172.7709,63.663
8576,1783741273.8977203,172.7910,63.663
8577,1783741273.917914,172.8112,63.663
8578,1783741273.9380717,172.8314,63.663
8579,1783741273.9582183,172.8515,63.663
8580,1783741273.978361,172.8716,63.663
8581,1783741273.9985404,172.8918,63.663
8582,1783741274.0186656,172.9119,63.662
8583,1783741274.0388167,172.9321,63.662
8584,1783741274.058959,172.9522,63.662
8585,1783741274.0791101,172.9724,63.662
8586,1783741274.0992603,172.9925,63.662
8587,1783741274.1194403,173.0127,63.662
8588,1783741274.1395857,173.0329,63.662
8589,1783741274.1597764,173.0531,63.662
8590,1783741274.1799293,173.0732,63.662
8591,1783741274.2000844,173.0934,63.662
8592,1783741274.2202315,173.1135,63.662
8593,1783741274.2403557,173.1336,63.662
8594,1783741274.260506,173.1538,63.662
8595,1783741274.2806616,173.1739,63.662
8596,1783741274.300809,173.1941,63.662
8597,1783741274.3209524,173.2142,63.662
8598,1783741274.3411036,173.2344,63.662
8599,1783741274.361258,173.2545,63.662
8600,1783741274.381406,173.2747,63.662
8601,1783741274.4015489,173.2948,63.662
8602,1783741274.4217,173.3150,63.662
8603,1783741274.4418921,173.3352,63.662
8604,1783741274.4620385,173.3553,63.662
8605,1783741274.4821854,173.3755,63.662
8606,1783741274.5023358,173.3956,63.662
8607,1783741274.5225167,173.4158,63.662
8608,1783741274.542663,173.4359,63.662
8609,1783741274.5628047,173.4561,63.662
8610,1783741274.5829556,173.4762,63.662
8611,1783741274.603109,173.4964,63.662
8612,1783741274.6232917,173.5166,63.662
8613,1783741274.643434,173.5367,63.662
8614,1783741274.66358,173.5569,63.662
8615,1783741274.6837814,173.5771,63.662
8616,1783741274.7039354,173.5972,63.662
8617,1783741274.7240794,173.6174,63.662
8618,1783741274.7442243,173.6375,63.662
8619,1783741274.7643726,173.6577,63.662
8620,1783741274.7845314,173.6778,63.662
8621,1783741274.80468,173.6980,63.661
8622,1783741274.8248246,173.7181,63.661
8623,1783741274.8449705,173.7382,63.661
8624,1783741274.865128,173.7584,63.661
8625,1783741274.8852758,173.7786,63.661
8626,1783741274.9054213,173.7987,63.661
8627,1783741274.925572,173.8189,63.661
8628,1783741274.9457211,173.8390,63.661
8629,1783741274.9659126,173.8592,63.661
8630,1783741274.9860551,173.8793,63.661
8631,1783741275.0062037,173.8995,63.661
8632,1783741275.0263588,173.9196,63.661
8633,1783741275.0465047,173.9398,63.661
8634,1783741275.0666459,173.9599,63.661
8635,1783741275.0867975,173.9801,63.661
8636,1783741275.1069546,174.0002,63.661
8637,1783741275.127099,174.0204,63.661
8638,1783741275.1472404,174.0405,63.661
8639,1783741275.1673892,174.0607,63.661
8640,1783741275.1875412,174.0808,63.661
8641,1783741275.207691,174.1010,63.661
8642,1783741275.2278795,174.1212,63.661
8643,1783741275.2480233,174.1413,63.661
8644,1783741275.2681732,174.1615,63.661
8645,1783741275.2883198,174.1816,63.661
8646,1783741275.308465,174.2017,63.661
8647,1783741275.3286104,174.2219,63.661
8648,1783741275.348757,174.2420,63.661
8649,1783741275.368909,174.2622,63.661
8650,1783741275.389055,174.2823,63.661
8651,1783741275.409231,174.3025,63.661
8652,1783741275.4293833,174.3227,63.661
8653,1783741275.4495332,174.3428,63.661
8654,1783741275.4696817,174.3630,63.661
8655,1783741275.4898286,174.3831,63.661
8656,1783741275.5099783,174.4033,63.661
8657,1783741275.5301306,174.4234,63.661
8658,1783741275.5502758,174.4436,63.661
8659,1783741275.5704165,174.4637,63.661
8660,1783741275.590569,174.4838,63.661
8661,1783741275.6107712,174.5041,63.661
8662,1783741275.6309223,174.5242,63.661
8663,1783741275.6510355,174.5443,63.661
8664,1783741275.671182,174.5645,63.661
8665,1783741275.6913362,174.5846,63.661
8666,1783741275.7114818,174.6048,63.661
8667,1783741275.7316256,174.6249,63.661
8668,1783741275.7517703,174.6450,63.661
8669,1783741275.7719252,174.6652,63.661
8670,1783741275.7920587,174.6853,63.661
8671,1783741275.8122015,174.7055,63.661
8672,1783741275.8323448,174.7256,63.661
8673,1783741275.852487,174.7458,63.661
8674,1783741275.8726418,174.7659,63.661
8675,1783741275.8928092,174.7861,63.661
8676,1783741275.9129496,174.8062,63.661
8677,1783741275.9330943,174.8264,63.661
8678,1783741275.9532444,174.8465,63.661
8679,1783741275.9733875,174.8667,63.661
8680,1783741275.9935255,174.8868,63.661
8681,1783741276.0136685,174.9069,63.661
8682,1783741276.0338187,174.9271,63.661
8683,1783741276.0539608,174.9472,63.661
8684,1783741276.0740986,174.9674,63.661
8685,1783741276.0942426,174.9875,63.661
8686,1783741276.1143923,175.0077,63.662
8687,1783741276.134536,175.0278,63.662
8688,1783741276.15467,175.0479,63.662
8689,1783741276.1748133,175.0681,63.662
8690,1783741276.194959,175.0882,63.662
8691,1783741276.215108,175.1084,63.662
8692,1783741276.2352452,175.1285,63.662
8693,1783741276.2553852,175.1487,63.662
8694,1783741276.2755105,175.1688,63.662
8695,1783741276.2956638,175.1889,63.662
8696,1783741276.315803,175.2091,63.662
8697,1783741276.335943,175.2292,63.662
8698,1783741276.3560867,175.2494,63.662
8699,1783741276.3762412,175.2695,63.662
8700,1783741276.396381,175.2897,63.662
8701,1783741276.4165204,175.3098,63.662
8702,1783741276.4366632,175.3299,63.662
8703,1783741276.4568136,175.3501,63.662
8704,1783741276.476953,175.3702,63.662
8705,1783741276.4970882,175.3904,63.662
8706,1783741276.5172296,175.4105,63.662
8707,1783741276.5373788,175.4307,63.662
8708,1783741276.5575197,175.4508,63.662
8709,1783741276.5776534,175.4709,63.662
8710,1783741276.597799,175.4911,63.662
8711,1783741276.6179478,175.5112,63.662
8712,1783741276.638091,175.5314,63.662
8713,1783741276.6582286,175.5515,63.662
8714,1783741276.6783917,175.5717,63.662
8715,1783741276.6985393,175.5918,63.662
8716,1783741276.7186804,175.6120,63.663
8717,1783741276.7388196,175.6321,63.663
8718,1783741276.7589602,175.6522,63.663
8719,1783741276.779107,175.6724,63.663
8720,1783741276.7992587,175.6925,63.663
8721,1783741276.8193977,175.7127,63.663
8722,1783741276.839538,175.7328,63.663
8723,1783741276.8596818,175.7530,63.663
8724,1783741276.879834,175.7731,63.663
8725,1783741276.8999758,175.7933,63.663
8726,1783741276.9201126,175.8134,63.662
8727,1783741276.9402583,175.8335,63.662
8728,1783741276.9604027,175.8537,63.662
8729,1783741276.9805448,175.8738,63.662
8730,1783741277.0006814,175.8940,63.662
8731,1783741277.020826,175.9141,63.663
8732,1783741277.0409703,175.9342,63.663
8733,1783741277.061112,175.9544,63.663
8734,1783741277.081247,175.9745,63.663
8735,1783741277.1013932,175.9947,63.663
8736,1783741277.12154,176.0148,63.663
8737,1783741277.141682,176.0350,63.663
8738,1783741277.1618187,176.0551,63.663
8739,1783741277.181983,176.0753,63.663
8740,1783741277.2021286,176.0954,63.663
8741,1783741277.22227,176.1155,63.663
8742,1783741277.2424054,176.1357,63.663
8743,1783741277.262546,176.1558,63.663
8744,1783741277.2826927,176.1760,63.663
8745,1783741277.3028913,176.1962,63.663
8746,1783741277.3230267,176.2163,63.663
8747,1783741277.3431644,176.2364,63.663
8748,1783741277.3633099,176.2566,63.663
8749,1783741277.383459,176.2767,63.663
8750,1783741277.403599,176.2969,63.663
8751,1783741277.4237761,176.3171,63.663
8752,1783741277.4439187,176.3372,63.663
8753,1783741277.46407,176.3573,63.663
8754,1783741277.4842098,176.3775,63.663
8755,1783741277.504347,176.3976,63.663
8756,1783741277.5244899,176.4178,63.663
8757,1783741277.5446339,176.4379,63.663
8758,1783741277.5647726,176.4581,63.663
8759,1783741277.5849068,176.4782,63.663
8760,1783741277.6050518,176.4983,63.663
8761,1783741277.625202,176.5185,63.663
8762,1783741277.6453414,176.5386,63.663
8763,1783741277.6654773,176.5588,63.663
8764,1783741277.6856234,176.5789,63.663
8765,1783741277.7057707,176.5990,63.663
8766,1783741277.7259135,176.6192,63.663
8767,1783741277.746049,176.6393,63.663
8768,1783741277.766192,176.6595,63.663
8769,1783741277.7863367,176.6796,63.663
8770,1783741277.8064873,176.6998,63.662
8771,1783741277.826627,176.7199,63.662
8772,1783741277.8467662,176.7400,63.662
8773,1783741277.8669097,176.7602,63.662
8774,1783741277.8870614,176.7803,63.662
8775,1783741277.907201,176.8005,63.663
8776,1783741277.927338,176.8206,63.663
8777,1783741277.9474797,176.8408,63.663
8778,1783741277.967659,176.8609,63.663
8779,1783741277.987801,176.8811,63.663
8780,1783741278.00794,176.9012,63.662
8781,1783741278.028087,176.9214,63.662
8782,1783741278.0482342,176.9415,63.662
8783,1783741278.0683765,176.9617,63.662
8784,1783741278.0885146,176.9818,63.662
8785,1783741278.1086607,177.0019,63.662
8786,1783741278.1288095,177.0221,63.662
8787,1783741278.1489508,177.0422,63.662
8788,1783741278.169086,177.0624,63.662
8789,1783741278.1892292,177.0825,63.662
8790,1783741278.2093768,177.1027,63.662
8791,1783741278.229517,177.1228,63.662
8792,1783741278.249653,177.1429,63.662
8793,1783741278.269796,177.1631,63.662
8794,1783741278.2899425,177.1832,63.662
8795,1783741278.3100936,177.2034,63.662
8796,1783741278.3302345,177.2235,63.662
8797,1783741278.3503737,177.2437,63.662
8798,1783741278.3705182,177.2638,63.662
8799,1783741278.390669,177.2839,63.662
8800,1783741278.4108098,177.3041,63.662
8801,1783741278.4309464,177.3242,63.662
8802,1783741278.4510882,177.3444,63.662
8803,1783741278.4712598,177.3645,63.662
8804,1783741278.4913816,177.3847,63.662
8805,1783741278.5115201,177.4048,63.662
8806,1783741278.5316637,177.4249,63.662
8807,1783741278.5518107,177.4451,63.662
8808,1783741278.5719488,177.4652,63.662
8809,1783741278.5920863,177.4854,63.662
8810,1783741278.612232,177.5055,63.662
8811,1783741278.632382,177.5257,63.662
8812,1783741278.652525,177.5458,63.662
8813,1783741278.6726623,177.5659,63.662
8814,1783741278.692807,177.5861,63.662
8815,1783741278.7129505,177.6062,63.662
8816,1783741278.7331002,177.6264,63.662
8817,1783741278.753236,177.6465,63.662
8818,1783741278.7733765,177.6667,63.662
8819,1783741278.7935314,177.6868,63.662
8820,1783741278.8136797,177.7070,63.663
8821,1783741278.8338199,177.7271,63.663
8822,1783741278.8539598,177.7472,63.663
8823,1783741278.8741035,177.7674,63.663
8824,1783741278.8942564,177.7875,63.663
8825,1783741278.9143767,177.8077,63.663
8826,1783741278.9345152,177.8278,63.663
8827,1783741278.9546568,177.8479,63.663
8828,1783741278.9748104,177.8681,63.663
8829,1783741278.9949486,177.8882,63.663
8830,1783741279.015086,177.9084,63.663
8831,1783741279.0352318,177.9285,63.663
8832,1783741279.0553777,177.9487,63.663
8833,1783741279.0755184,177.9688,63.663
8834,1783741279.0956562,177.9889,63.663
8835,1783741279.1157973,178.0091,63.663
8836,1783741279.1359453,178.0292,63.663
8837,1783741279.1560864,178.0494,63.663
8838,1783741279.1762235,178.0695,63.663
8839,1783741279.1963692,178.0896,63.663
8840,1783741279.216515,178.1098,63.663
8841,1783741279.2366574,178.1299,63.663
8842,1783741279.2568185,178.1501,63.663
8843,1783741279.2769604,178.1702,63.663
8844,1783741279.2971065,178.1904,63.663
8845,1783741279.3172555,178.2105,63.663
8846,1783741279.3373916,178.2307,63.663
8847,1783741279.3575294,178.2508,63.663
8848,1783741279.377673,178.2710,63.663
8849,1783741279.3978262,178.2911,63.663
8850,1783741279.417966,178.3112,63.663
8851,1783741279.438105,178.3314,63.663
8852,1783741279.4582455,178.3515,63.663
8853,1783741279.478399,178.3717,63.663
8854,1783741279.498538,178.3918,63.663
8855,1783741279.518675,178.4120,63.664
8856,1783741279.5388198,178.4321,63.664
8857,1783741279.5589354,178.4522,63.664
8858,1783741279.5790384,178.4723,63.664
8859,1783741279.5991912,178.4925,63.664
8860,1783741279.6193364,178.5126,63.664
8861,1783741279.639481,178.5328,63.664
8862,1783741279.6596243,178.5529,63.664
8863,1783741279.67976,178.5730,63.664
8864,1783741279.6999035,178.5932,63.664
8865,1783741279.7200491,178.6133,63.664
8866,1783741279.740197,178.6335,63.664
8867,1783741279.7603679,178.6536,63.664
8868,1783741279.7805114,178.6738,63.664
8869,1783741279.8006575,178.6939,63.664
8870,1783741279.8208003,178.7141,63.664
8871,1783741279.8409398,178.7342,63.664
8872,1783741279.8610795,178.7544,63.664
8873,1783741279.8812249,178.7745,63.664
8874,1783741279.901379,178.7947,63.664
8875,1783741279.9215193,178.8148,63.664
8876,1783741279.9416564,178.8349,63.664
8877,1783741279.9617991,178.8551,63.664
8878,1783741279.9819474,178.8752,63.664
8879,1783741280.0020878,178.8954,63.664
8880,1783741280.022226,178.9155,63.664
8881,1783741280.0423667,178.9356,63.664
8882,1783741280.0625196,178.9558,63.664
8883,1783741280.0826626,178.9759,63.664
8884,1783741280.1028,178.9961,63.664
8885,1783741280.1229408,179.0162,63.664
8886,1783741280.1430867,179.0364,63.664
8887,1783741280.163229,179.0565,63.664
8888,1783741280.1833663,179.0766,63.664
8889,1783741280.2035105,179.0968,63.664
8890,1783741280.2236602,179.1169,63.664
8891,1783741280.2438002,179.1371,63.664
8892,1783741280.2639365,179.1572,63.664
8893,1783741280.2840607,179.1773,63.664
8894,1783741280.3042088,179.1975,63.664
8895,1783741280.324339,179.2176,63.664
8896,1783741280.3444755,179.2378,63.664
8897,1783741280.3646142,179.2579,63.664
8898,1783741280.3847601,179.2780,63.664
8899,1783741280.4049113,179.2982,63.663
8900,1783741280.4250486,179.3183,63.663
8901,1783741280.4451864,179.3385,63.663
8902,1783741280.4653265,179.3586,63.663
8903,1783741280.4854794,179.3788,63.663
8904,1783741280.5056217,179.3989,63.664
8905,1783741280.5257587,179.4190,63.664
8906,1783741280.545926,179.4392,63.664
8907,1783741280.5660782,179.4594,63.664
8908,1783741280.5862162,179.4795,63.664
8909,1783741280.6063538,179.4996,63.663
8910,1783741280.6264982,179.5198,63.663
8911,1783741280.646645,179.5399,63.663
8912,1783741280.6667912,179.5601,63.663
8913,1783741280.686927,179.5802,63.663
8914,1783741280.7070725,179.6004,63.664
8915,1783741280.7272227,179.6205,63.664
8916,1783741280.7473629,179.6406,63.664
8917,1783741280.767502,179.6608,63.664
8918,1783741280.7876463,179.6809,63.664
8919,1783741280.8077936,179.7011,63.664
8920,1783741280.8279445,179.7212,63.664
8921,1783741280.848079,179.7414,63.664
8922,1783741280.8682182,179.7615,63.664
8923,1783741280.8883643,179.7816,63.664
8924,1783741280.9085193,179.8018,63.664
8925,1783741280.9286602,179.8219,63.664
8926,1783741280.948797,179.8421,63.664
8927,1783741280.9689395,179.8622,63.664
8928,1783741280.9890935,179.8824,63.664
8929,1783741281.0092351,179.9025,63.664
8930,1783741281.0294008,179.9227,63.664
8931,1783741281.0495415,179.9428,63.664
8932,1783741281.0696943,179.9630,63.664
8933,1783741281.0898798,179.9832,63.664
8934,1783741281.1100194,180.0033,63.664
8935,1783741281.1301653,180.0234,63.664
8936,1783741281.1503148,180.0436,63.664
8937,1783741281.1704597,180.0637,63.664
8938,1783741281.1905968,180.0839,63.664
8939,1783741281.2107916,180.1041,63.664
8940,1783741281.2309496,180.1242,63.664
8941,1783741281.2511027,180.1444,63.664
8942,1783741281.2712111,180.1645,63.664
8943,1783741281.291361,180.1846,63.664
8944,1783741281.3115091,180.2048,63.664
8945,1783741281.3316588,180.2249,63.664
8946,1783741281.3517997,180.2451,63.664
8947,1783741281.371943,180.2652,63.664
8948,1783741281.39209,180.2854,63.664
8949,1783741281.4122453,180.3055,63.664
8950,1783741281.4323907,180.3257,63.664
8951,1783741281.4525363,180.3458,63.664
8952,1783741281.4726856,180.3660,63.664
8953,1783741281.4928725,180.3862,63.664
8954,1783741281.513014,180.4063,63.664
8955,1783741281.5331576,180.4264,63.664
8956,1783741281.553304,180.4466,63.664
8957,1783741281.5734582,180.4667,63.664
8958,1783741281.5936038,180.4869,63.664
8959,1783741281.6137848,180.5071,63.664
8960,1783741281.6339355,180.5272,63.664
8961,1783741281.6540892,180.5474,63.664
8962,1783741281.6742375,180.5675,63.664
8963,1783741281.694378,180.5877,63.664
8964,1783741281.7145247,180.6078,63.663
8965,1783741281.7346778,180.6280,63.663
8966,1783741281.75482,180.6481,63.663
8967,1783741281.7749634,180.6682,63.663
8968,1783741281.7951133,180.6884,63.663
8969,1783741281.8152993,180.7086,63.663
8970,1783741281.8354533,180.7287,63.663
8971,1783741281.8555958,180.7489,63.663
8972,1783741281.875787,180.7691,63.663
8973,1783741281.895937,180.7892,63.663
8974,1783741281.9160936,180.8094,63.664
8975,1783741281.9362037,180.8295,63.664
8976,1783741281.956347,180.8496,63.664
8977,1783741281.976494,180.8698,63.664
8978,1783741281.9966414,180.8899,63.664
8979,1783741282.0167866,180.9101,63.664
8980,1783741282.0369325,180.9302,63.664
8981,1783741282.05708,180.9504,63.664
8982,1783741282.077236,180.9705,63.664
8983,1783741282.0973835,180.9907,63.664
8984,1783741282.117494,181.0108,63.663
8985,1783741282.1376436,181.0309,63.663
8986,1783741282.1577947,181.0511,63.663
8987,1783741282.1779392,181.0712,63.663
8988,1783741282.1980789,181.0914,63.663
8989,1783741282.2182274,181.1115,63.663
8990,1783741282.238378,181.1317,63.663
8991,1783741282.2585235,181.1518,63.663
8992,1783741282.2786663,181.1719,63.663
8993,1783741282.2988145,181.1921,63.663
8994,1783741282.3190007,181.2123,63.663
8995,1783741282.3391502,181.2324,63.663
8996,1783741282.359296,181.2526,63.663
8997,1783741282.3794434,181.2727,63.663
8998,1783741282.3995943,181.2929,63.663
8999,1783741282.4197774,181.3131,63.663
9000,1783741282.4399204,181.3332,63.663
9001,1783741282.4600651,181.3533,63.663
9002,1783741282.4802158,181.3735,63.663
9003,1783741282.5003695,181.3936,63.663
9004,1783741282.5205147,181.4138,63.663
9005,1783741282.5406592,181.4339,63.663
9006,1783741282.5608087,181.4541,63.663
9007,1783741282.5809586,181.4742,63.663
9008,1783741282.6011016,181.4944,63.663
9009,1783741282.6212442,181.5145,63.663
9010,1783741282.6413918,181.5347,63.663
9011,1783741282.661545,181.5548,63.663
9012,1783741282.6816928,181.5750,63.663
9013,1783741282.7018743,181.5952,63.663
9014,1783741282.7220237,181.6153,63.663
9015,1783741282.742179,181.6355,63.663
9016,1783741282.7623293,181.6556,63.663
9017,1783741282.782471,181.6758,63.663
9018,1783741282.8026233,181.6959,63.663
9019,1783741282.822773,181.7161,63.663
9020,1783741282.8428862,181.7362,63.663
9021,1783741282.863021,181.7563,63.663
9022,1783741282.88317,181.7764,63.663
9023,1783741282.903317,181.7966,63.663
9024,1783741282.9234724,181.8168,63.663
9025,1783741282.9435844,181.8369,63.663
9026,1783741282.9637647,181.8570,63.663
9027,1783741282.9839156,181.8772,63.663
9028,1783741283.004066,181.8973,63.663
9029,1783741283.024208,181.9175,63.663
9030,1783741283.04432,181.9376,63.663
9031,1783741283.0644667,181.9577,63.663
9032,1783741283.0846233,181.9779,63.663
9033,1783741283.1047974,181.9981,63.663
9034,1783741283.1249368,182.0182,63.663
9035,1783741283.1450508,182.0383,63.663
9036,1783741283.1652079,182.0585,63.663
9037,1783741283.1853542,182.0786,63.663
9038,1783741283.2054968,182.0988,63.663
9039,1783741283.2256138,182.1189,63.663
9040,1783741283.245764,182.1390,63.663
9041,1783741283.265914,182.1592,63.663
9042,1783741283.2860541,182.1793,63.663
9043,1783741283.3062017,182.1995,63.663
9044,1783741283.3263493,182.2196,63.663
9045,1783741283.346495,182.2398,63.663
9046,1783741283.3666394,182.2599,63.663
9047,1783741283.3867867,182.2801,63.663
9048,1783741283.4069366,182.3002,63.663
9049,1783741283.42709,182.3204,63.663
9050,1783741283.44723,182.3405,63.663
9051,1783741283.4673743,182.3607,63.663
9052,1783741283.487521,182.3808,63.663
9053,1783741283.5076728,182.4010,63.663
9054,1783741283.5278163,182.4211,63.663
9055,1783741283.547956,182.4412,63.663
9056,1783741283.5681024,182.4614,63.663
9057,1783741283.5882523,182.4815,63.663
9058,1783741283.6084237,182.5017,63.663
9059,1783741283.6285658,182.5218,63.663
9060,1783741283.6487136,182.5420,63.663
9061,1783741283.6689107,182.5622,63.663
9062,1783741283.6890526,182.5823,63.663
9063,1783741283.7092042,182.6025,63.663
9064,1783741283.7293541,182.6226,63.663
9065,1783741283.749505,182.6428,63.663
9066,1783741283.7696557,182.6629,63.663
9067,1783741283.789797,182.6831,63.663
9068,1783741283.8099473,182.7032,63.663
9069,1783741283.8301003,182.7234,63.663
9070,1783741283.8502455,182.7435,63.663
9071,1783741283.8703856,182.7637,63.663
9072,1783741283.890532,182.7838,63.663
9073,1783741283.9106822,182.8040,63.663
9074,1783741283.930829,182.8241,63.663
9075,1783741283.9509397,182.8442,63.663
9076,1783741283.971082,182.8644,63.663
9077,1783741283.99123,182.8845,63.663
9078,1783741284.0113842,182.9047,63.663
9079,1783741284.0315275,182.9248,63.663
9080,1783741284.0516694,182.9449,63.663
9081,1783741284.0718172,182.9651,63.663
9082,1783741284.0919755,182.9853,63.663
9083,1783741284.11212,183.0054,63.663
9084,1783741284.132264,183.0255,63.663
9085,1783741284.1524096,183.0457,63.663
9086,1783741284.1725626,183.0658,63.663
9087,1783741284.19271,183.0860,63.663
9088,1783741284.212893,183.1062,63.663
9089,1783741284.2330418,183.1263,63.663
9090,1783741284.2531934,183.1465,63.663
9091,1783741284.2733448,183.1666,63.663
9092,1783741284.2934844,183.1868,63.663
9093,1783741284.3136332,183.2069,63.663
9094,1783741284.3337827,183.2271,63.663
9095,1783741284.353929,183.2472,63.663
9096,1783741284.374072,183.2674,63.663
9097,1783741284.3942416,183.2875,63.663
9098,1783741284.4143925,183.3077,63.663
9099,1783741284.4345403,183.3278,63.663
9100,1783741284.4546802,183.3480,63.663
9101,1783741284.4748244,183.3681,63.663
9102,1783741284.4949732,183.3883,63.663
9103,1783741284.5151296,183.4084,63.663
9104,1783741284.5352736,183.4286,63.663
9105,1783741284.5554173,183.4487,63.663
9106,1783741284.5755653,183.4688,63.663
9107,1783741284.595775,183.4891,63.663
9108,1783741284.6159184,183.5092,63.663
9109,1783741284.636059,183.5293,63.663
9110,1783741284.656209,183.5495,63.663
9111,1783741284.6763594,183.5696,63.663
9112,1783741284.6965072,183.5898,63.663
9113,1783741284.7166576,183.6099,63.663
9114,1783741284.7368083,183.6301,63.663
9115,1783741284.7569613,183.6502,63.663
9116,1783741284.7771118,183.6704,63.663
9117,1783741284.7972558,183.6905,63.663
9118,1783741284.8174055,183.7107,63.662
9119,1783741284.837555,183.7308,63.662
9120,1783741284.8577042,183.7510,63.662
9121,1783741284.8778837,183.7712,63.662
9122,1783741284.8980596,183.7913,63.662
9123,1783741284.9182122,183.8115,63.662
9124,1783741284.9383307,183.8316,63.662
9125,1783741284.9584737,183.8518,63.662
9126,1783741284.9786265,183.8719,63.662
9127,1783741284.9987786,183.8921,63.662
9128,1783741285.0189352,183.9122,63.663
9129,1783741285.0390787,183.9324,63.663
9130,1783741285.0592208,183.9525,63.663
9131,1783741285.0793684,183.9726,63.663
9132,1783741285.0995276,183.9928,63.663
9133,1783741285.119667,184.0129,63.663
9134,1783741285.1398156,184.0331,63.663
9135,1783741285.1599655,184.0532,63.663
9136,1783741285.1801214,184.0734,63.663
9137,1783741285.2002687,184.0935,63.663
9138,1783741285.2204134,184.1137,63.663
9139,1783741285.2405617,184.1338,63.663
9140,1783741285.2607162,184.1540,63.663
9141,1783741285.2809079,184.1742,63.663
9142,1783741285.3010507,184.1943,63.663
9143,1783741285.3211954,184.2145,63.663
9144,1783741285.3413513,184.2346,63.663
9145,1783741285.3614988,184.2548,63.663
9146,1783741285.381643,184.2749,63.663
9147,1783741285.4017932,184.2951,63.663
9148,1783741285.421944,184.3152,63.663
9149,1783741285.4420907,184.3354,63.663
9150,1783741285.4622338,184.3555,63.663
9151,1783741285.4823794,184.3757,63.663
9152,1783741285.502528,184.3958,63.663
9153,1783741285.522677,184.4160,63.663
9154,1783741285.5428176,184.4361,63.663
9155,1783741285.5629623,184.4562,63.663
9156,1783741285.5831084,184.4764,63.663
9157,1783741285.603256,184.4965,63.663
9158,1783741285.6234014,184.5167,63.663
9159,1783741285.6435416,184.5368,63.663
9160,1783741285.6636908,184.5570,63.663
9161,1783741285.6839275,184.5772,63.663
9162,1783741285.7040737,184.5974,63.663
9163,1783741285.7242162,184.6175,63.663
9164,1783741285.7443643,184.6376,63.663
9165,1783741285.76452,184.6578,63.663
9166,1783741285.78467,184.6779,63.663
9167,1783741285.8048103,184.6981,63.663
9168,1783741285.8249598,184.7182,63.663
9169,1783741285.8451095,184.7384,63.663
9170,1783741285.865254,184.7585,63.663
9171,1783741285.885393,184.7787,63.663
9172,1783741285.905544,184.7988,63.663
9173,1783741285.925695,184.8190,63.663
9174,1783741285.9458776,184.8392,63.663
9175,1783741285.9660206,184.8593,63.663
9176,1783741285.9861677,184.8794,63.663
9177,1783741286.0063162,184.8996,63.662
9178,1783741286.026471,184.9197,63.662
9179,1783741286.0466137,184.9399,63.662
9180,1783741286.0667582,184.9600,63.662
9181,1783741286.0869076,184.9802,63.662
9182,1783741286.1070662,185.0003,63.662
9183,1783741286.1272082,185.0205,63.662
9184,1783741286.1473522,185.0406,63.662
9185,1783741286.1675277,185.0608,63.662
9186,1783741286.1876867,185.0810,63.662
9187,1783741286.207832,185.1011,63.662
9188,1783741286.2279735,185.1213,63.662
9189,1783741286.2481205,185.1414,63.662
9190,1783741286.268276,185.1616,63.662
9191,1783741286.2884202,185.1817,63.662
9192,1783741286.3085623,185.2018,63.663
9193,1783741286.3287127,185.2220,63.663
9194,1783741286.348898,185.2422,63.663
9195,1783741286.369043,185.2623,63.663
9196,1783741286.389185,185.2825,63.663
9197,1783741286.409336,185.3026,63.662
9198,1783741286.4294863,185.3228,63.662
9199,1783741286.4496348,185.3429,63.662
9200,1783741286.4697785,185.3631,63.662
9201,1783741286.4899263,185.3832,63.662
9202,1783741286.5100765,185.4034,63.662
9203,1783741286.53023,185.4235,63.662
9204,1783741286.550375,185.4437,63.662
9205,1783741286.5705202,185.4638,63.662
9206,1783741286.5906677,185.4839,63.662
9207,1783741286.6108258,185.5041,63.662
9208,1783741286.6309686,185.5242,63.662
9209,1783741286.6511147,185.5444,63.662
9210,1783741286.6712599,185.5645,63.662
9211,1783741286.6914144,185.5847,63.662
9212,1783741286.7115297,185.6048,63.662
9213,1783741286.7316747,185.6250,63.662
9214,1783741286.7518227,185.6451,63.662
9215,1783741286.7719724,185.6653,63.662
9216,1783741286.7921138,185.6854,63.662
9217,1783741286.8122563,185.7055,63.662
9218,1783741286.8324063,185.7257,63.662
9219,1783741286.852562,185.7458,63.662
9220,1783741286.8727052,185.7660,63.662
9221,1783741286.8928885,185.7862,63.662
9222,1783741286.913035,185.8063,63.662
9223,1783741286.9331818,185.8265,63.662
9224,1783741286.9533558,185.8466,63.662
9225,1783741286.973498,185.8668,63.662
9226,1783741286.993644,185.8869,63.662
9227,1783741287.0137944,185.9071,63.662
9228,1783741287.0339427,185.9272,63.662
9229,1783741287.0540864,185.9474,63.662
9230,1783741287.0742288,185.9675,63.662
9231,1783741287.0943768,185.9877,63.662
9232,1783741287.1145265,186.0078,63.662
9233,1783741287.1346705,186.0279,63.662
9234,1783741287.1548154,186.0481,63.662
9235,1783741287.1749609,186.0682,63.662
9236,1783741287.19512,186.0884,63.662
9237,1783741287.2152627,186.1085,63.661
9238,1783741287.2354069,186.1287,63.661
9239,1783741287.2555573,186.1488,63.661
9240,1783741287.2757149,186.1690,63.661
9241,1783741287.2959123,186.1892,63.661
9242,1783741287.316054,186.2093,63.661
9243,1783741287.3362005,186.2295,63.661
9244,1783741287.3563542,186.2496,63.661
9245,1783741287.3765054,186.2698,63.661
9246,1783741287.3966482,186.2899,63.661
9247,1783741287.4167988,186.3101,63.66
9248,1783741287.4369469,186.3302,63.66
9249,1783741287.4571211,186.3504,63.66
9250,1783741287.4772604,186.3705,63.66
9251,1783741287.4974096,186.3907,63.66
9252,1783741287.5175595,186.4108,63.66
9253,1783741287.5377102,186.4310,63.66
9254,1783741287.5579321,186.4512,63.66
9255,1783741287.5780768,186.4714,63.66
9256,1783741287.598224,186.4915,63.66
9257,1783741287.6183832,186.5117,63.66
9258,1783741287.638531,186.5318,63.66
9259,1783741287.658675,186.5520,63.66
9260,1783741287.678823,186.5721,63.66
9261,1783741287.698982,186.5923,63.66
9262,1783741287.7191226,186.6124,63.66
9263,1783741287.7392673,186.6325,63.66
9264,1783741287.7594163,186.6527,63.66
9265,1783741287.7795737,186.6729,63.66
9266,1783741287.799768,186.6930,63.66
9267,1783741287.8199131,186.7132,63.661
9268,1783741287.8400602,186.7333,63.661
9269,1783741287.860216,186.7535,63.661
9270,1783741287.8803627,186.7736,63.661
9271,1783741287.9005058,186.7938,63.661
9272,1783741287.9206562,186.8139,63.661
9273,1783741287.940807,186.8341,63.661
9274,1783741287.9609592,186.8542,63.661
9275,1783741287.9811041,186.8744,63.661
9276,1783741288.0012524,186.8945,63.661
9277,1783741288.0214043,186.9147,63.661
9278,1783741288.0415595,186.9348,63.661
9279,1783741288.0617023,186.9550,63.661
9280,1783741288.081891,186.9752,63.661
9281,1783741288.102041,186.9953,63.661
9282,1783741288.1221879,187.0155,63.662
9283,1783741288.1423278,187.0356,63.662
9284,1783741288.162474,187.0558,63.662
9285,1783741288.182624,187.0759,63.662
9286,1783741288.2027829,187.0961,63.662
9287,1783741288.222929,187.1162,63.662
9288,1783741288.243101,187.1364,63.662
9289,1783741288.263249,187.1565,63.662
9290,1783741288.2834067,187.1767,63.662
9291,1783741288.303553,187.1968,63.662
9292,1783741288.3236985,187.2170,63.663
9293,1783741288.3438857,187.2372,63.663
9294,1783741288.3640401,187.2573,63.663
9295,1783741288.3841894,187.2775,63.663
9296,1783741288.4043336,187.2976,63.663
9297,1783741288.4244835,187.3178,63.663
9298,1783741288.444635,187.3379,63.663
9299,1783741288.4647856,187.3581,63.663
9300,1783741288.484928,187.3782,63.663
9301,1783741288.5050793,187.3984,63.663
9302,1783741288.525231,187.4185,63.662
9303,1783741288.5453792,187.4387,63.662
9304,1783741288.5655234,187.4588,63.662
9305,1783741288.5856674,187.4789,63.662
9306,1783741288.605817,187.4991,63.662
9307,1783741288.6259723,187.5193,63.662
9308,1783741288.6461134,187.5394,63.662
9309,1783741288.666259,187.5595,63.662
9310,1783741288.6864088,187.5797,63.662
9311,1783741288.7065654,187.5998,63.662
9312,1783741288.7267115,187.6200,63.662
9313,1783741288.7469275,187.6402,63.662
9314,1783741288.767076,187.6604,63.662
9315,1783741288.7872248,187.6805,63.662
9316,1783741288.8073719,187.7007,63.663
9317,1783741288.8275154,187.7208,63.663
9318,1783741288.8476627,187.7409,63.663
9319,1783741288.867782,187.7611,63.663
9320,1783741288.8879352,187.7812,63.663
9321,1783741288.9080765,187.8014,63.662
9322,1783741288.9282198,187.8215,63.662
9323,1783741288.9483721,187.8417,63.662
9324,1783741288.9685206,187.8618,63.662
9325,1783741288.9886632,187.8819,63.662
9326,1783741289.0087597,187.9020,63.662
9327,1783741289.028911,187.9222,63.662
9328,1783741289.0490599,187.9423,63.662
9329,1783741289.069207,187.9625,63.662
9330,1783741289.0893524,187.9826,63.662
9331,1783741289.1095035,188.0028,63.662
9332,1783741289.1296594,188.0229,63.662
9333,1783741289.1498036,188.0431,63.662
9334,1783741289.1699505,188.0632,63.662
9335,1783741289.1901026,188.0834,63.662
9336,1783741289.2102623,188.1035,63.662
9337,1783741289.2304087,188.1237,63.662
9338,1783741289.2505531,188.1438,63.662
9339,1783741289.2706723,188.1640,63.662
9340,1783741289.2908254,188.1841,63.662
9341,1783741289.3109732,188.2043,63.662
9342,1783741289.3311172,188.2244,63.662
9343,1783741289.3512669,188.2445,63.662
9344,1783741289.3714225,188.2647,63.662
9345,1783741289.3915691,188.2848,63.662
9346,1783741289.4117117,188.3050,63.662
9347,1783741289.4319065,188.3252,63.662
9348,1783741289.45206,188.3453,63.662
9349,1783741289.4722111,188.3655,63.662
9350,1783741289.4923515,188.3856,63.662
9351,1783741289.5125034,188.4058,63.662
9352,1783741289.5326822,188.4260,63.662
9353,1783741289.5528276,188.4461,63.662
9354,1783741289.5729694,188.4662,63.662
9355,1783741289.5931172,188.4864,63.662
9356,1783741289.6132677,188.5065,63.662
9357,1783741289.6334226,188.5267,63.662
9358,1783741289.6535647,188.5468,63.662
9359,1783741289.6737132,188.5670,63.662
9360,1783741289.693906,188.5872,63.662
9361,1783741289.7140605,188.6073,63.662
9362,1783741289.7342064,188.6275,63.662
9363,1783741289.7543519,188.6476,63.662
9364,1783741289.7745013,188.6678,63.662
9365,1783741289.7946506,188.6879,63.662
9366,1783741289.8147986,188.7081,63.661
9367,1783741289.834941,188.7282,63.661
9368,1783741289.8550901,188.7484,63.661
9369,1783741289.875242,188.7685,63.661
9370,1783741289.8953912,188.7887,63.661
9371,1783741289.9155307,188.8088,63.661
9372,1783741289.9356813,188.8290,63.661
9373,1783741289.955835,188.8491,63.661
9374,1783741289.9759836,188.8693,63.661
9375,1783741289.996127,188.8894,63.661
9376,1783741290.0162785,188.9096,63.662
9377,1783741290.0365133,188.9298,63.662
9378,1783741290.0566602,188.9499,63.662
9379,1783741290.076804,188.9701,63.662
9380,1783741290.096949,188.9902,63.662
9381,1783741290.117099,189.0104,63.661
9382,1783741290.137254,189.0305,63.661
9383,1783741290.1573777,189.0507,63.661
9384,1783741290.1775234,189.0708,63.661
9385,1783741290.197674,189.0910,63.661
9386,1783741290.2178276,189.1111,63.661
9387,1783741290.2379742,189.1313,63.661
9388,1783741290.2581186,189.1514,63.661
9389,1783741290.2782688,189.1715,63.661
9390,1783741290.2984254,189.1917,63.661
9391,1783741290.3185706,189.2118,63.661
9392,1783741290.3387134,189.2320,63.661
9393,1783741290.3589065,189.2522,63.661
9394,1783741290.3790634,189.2723,63.661
9395,1783741290.3992124,189.2925,63.661
9396,1783741290.419356,189.3126,63.661
9397,1783741290.439503,189.3328,63.661
9398,1783741290.4596539,189.3529,63.661
9399,1783741290.479802,189.3731,63.661
9400,1783741290.499942,189.3932,63.661
9401,1783741290.5200925,189.4134,63.662
9402,1783741290.54024,189.4335,63.662
9403,1783741290.5603876,189.4537,63.662
9404,1783741290.5805333,189.4738,63.662
9405,1783741290.6006792,189.4940,63.662
9406,1783741290.6208296,189.5141,63.662
9407,1783741290.6409855,189.5343,63.662
9408,1783741290.6611292,189.5544,63.662
9409,1783741290.6812735,189.5746,63.662
9410,1783741290.701424,189.5947,63.662
9411,1783741290.7215722,189.6149,63.662
9412,1783741290.7417183,189.6350,63.662
9413,1783741290.7619026,189.6552,63.662
9414,1783741290.7820523,189.6753,63.662
9415,1783741290.8022087,189.6955,63.662
9416,1783741290.8223853,189.7157,63.662
9417,1783741290.8425264,189.7358,63.662
9418,1783741290.8626728,189.7560,63.662
9419,1783741290.882827,189.7761,63.662
9420,1783741290.902975,189.7963,63.662
9421,1783741290.9231186,189.8164,63.662
9422,1783741290.9432635,189.8365,63.662
9423,1783741290.9634154,189.8567,63.662
9424,1783741290.9835663,189.8768,63.662
9425,1783741291.0037065,189.8970,63.662
9426,1783741291.0238986,189.9172,63.662
9427,1783741291.044046,189.9373,63.662
9428,1783741291.0641956,189.9575,63.662
9429,1783741291.0843408,189.9776,63.662
9430,1783741291.104491,189.9978,63.662
9431,1783741291.124639,190.0179,63.663
9432,1783741291.1447911,190.0381,63.663
9433,1783741291.164934,190.0582,63.663
9434,1783741291.1850793,190.0784,63.663
9435,1783741291.2052302,190.0985,63.663
9436,1783741291.2253852,190.1187,63.662
9437,1783741291.2455282,190.1388,63.662
9438,1783741291.265673,190.1590,63.662
9439,1783741291.2858226,190.1791,63.662
9440,1783741291.3060048,190.1993,63.662
9441,1783741291.3261495,190.2194,63.663
9442,1783741291.3462923,190.2396,63.663
9443,1783741291.3664432,190.2597,63.663
9444,1783741291.3866,190.2799,63.663
9445,1783741291.4068012,190.3001,63.663
9446,1783741291.4269447,190.3202,63.663
9447,1783741291.447091,190.3404,63.663
9448,1783741291.4672465,190.3605,63.663
9449,1783741291.4873946,190.3807,63.663
9450,1783741291.5075216,190.4008,63.663
9451,1783741291.5276735,190.4210,63.663
9452,1783741291.547815,190.4411,63.663
9453,1783741291.5679834,190.4613,63.663
9454,1783741291.5881214,190.4814,63.663
9455,1783741291.6082659,190.5015,63.663
9456,1783741291.628413,190.5217,63.662
9457,1783741291.6485574,190.5418,63.662
9458,1783741291.6686912,190.5620,63.662
9459,1783741291.6888614,190.5821,63.662
9460,1783741291.709004,190.6023,63.663
9461,1783741291.729148,190.6224,63.663
9462,1783741291.7492867,190.6426,63.663
9463,1783741291.769426,190.6627,63.663
9464,1783741291.7895706,190.6828,63.663
9465,1783741291.809722,190.7030,63.663
9466,1783741291.8299034,190.7232,63.663
9467,1783741291.8500412,190.7433,63.663
9468,1783741291.8701816,190.7635,63.663
9469,1783741291.890326,190.7836,63.663
9470,1783741291.9104693,190.8037,63.663
9471,1783741291.930607,190.8239,63.663
9472,1783741291.9507918,190.8441,63.663
9473,1783741291.9709387,190.8642,63.663
9474,1783741291.9910831,190.8844,63.663
9475,1783741292.011219,190.9045,63.663
9476,1783741292.0313315,190.9246,63.672
9477,1783741292.051481,190.9448,63.672
9478,1783741292.0716455,190.9649,63.672
9479,1783741292.091794,190.9851,63.672
9480,1783741292.1119475,191.0052,63.672
9481,1783741292.1320927,191.0254,64.973
9482,1783741292.1522312,191.0455,64.973
9483,1783741292.1723666,191.0656,64.973
9484,1783741292.1925027,191.0858,64.973
9485,1783741292.212644,191.1059,64.973
9486,1783741292.2327952,191.1261,68.008
9487,1783741292.2529342,191.1462,68.008
9488,1783741292.2730713,191.1664,68.008
9489,1783741292.293218,191.1865,68.008
9490,1783741292.313376,191.2067,68.008
9491,1783741292.3335273,191.2268,71.73
9492,1783741292.3536747,191.2470,71.73
9493,1783741292.3738332,191.2671,71.73
9494,1783741292.393988,191.2873,71.73
9495,1783741292.414143,191.3074,71.73
9496,1783741292.4342601,191.3275,76.328
9497,1783741292.454409,191.3477,76.328
9498,1783741292.4745615,191.3678,76.328
9499,1783741292.4946973,191.3880,76.328
9500,1783741292.5148892,191.4082,76.328
9501,1783741292.535047,191.4283,80.476
9502,1783741292.555203,191.4485,80.476
9503,1783741292.5753703,191.4686,80.476
9504,1783741292.5954845,191.4888,80.476
9505,1783741292.615635,191.5089,80.476
9506,1783741292.6357806,191.5291,85.747
9507,1783741292.6559286,191.5492,85.747
9508,1783741292.6760643,191.5693,85.747
9509,1783741292.6962042,191.5895,85.747
9510,1783741292.7163463,191.6096,85.747
9511,1783741292.736495,191.6298,96.083
9512,1783741292.7566345,191.6499,96.083
9513,1783741292.7767744,191.6701,96.083
9514,1783741292.7969193,191.6902,96.083
9515,1783741292.8170614,191.7103,96.083
9516,1783741292.837202,191.7305,106.811
9517,1783741292.8573394,191.7506,106.811
9518,1783741292.8774505,191.7707,106.811
9519,1783741292.8975995,191.7909,106.811
9520,1783741292.9177797,191.8111,106.811
9521,1783741292.937917,191.8312,118.418
9522,1783741292.9580622,191.8513,118.418
9523,1783741292.9782124,191.8715,118.418
9524,1783741292.9983501,191.8916,118.418
9525,1783741293.0184858,191.9118,118.418
9526,1783741293.038632,191.9319,127.857
9527,1783741293.0587506,191.9520,127.857
9528,1783741293.07889,191.9722,127.857
9529,1783741293.0990295,191.9923,127.857
9530,1783741293.1191833,192.0125,127.857
9531,1783741293.13933,192.0326,138.524
9532,1783741293.1594777,192.0528,138.524
9533,1783741293.1796148,192.0729,138.524
9534,1783741293.1997578,192.0930,138.524
9535,1783741293.219903,192.1132,138.524
9536,1783741293.2400553,192.1333,146.254
9537,1783741293.2601972,192.1535,146.254
9538,1783741293.2803369,192.1736,146.254
9539,1783741293.300481,192.1938,146.254
9540,1783741293.3206325,192.2139,146.254
9541,1783741293.3407707,192.2340,153.317
9542,1783741293.3609414,192.2542,153.317
9543,1783741293.381087,192.2744,153.317
9544,1783741293.4012332,192.2945,153.317
9545,1783741293.421375,192.3147,158.451
9546,1783741293.4415123,192.3348,158.451
9547,1783741293.4616592,192.3549,158.451
9548,1783741293.4818094,192.3751,158.451
9549,1783741293.5019577,192.3952,158.451
9550,1783741293.5220988,192.4154,164.391
9551,1783741293.542239,192.4355,164.391
9552,1783741293.5623908,192.4557,164.391
9553,1783741293.5825346,192.4758,164.391
9554,1783741293.6026697,192.4959,164.391
9555,1783741293.6228154,192.5161,170.733
9556,1783741293.642925,192.5362,170.733
9557,1783741293.6630666,192.5563,170.733
9558,1783741293.683237,192.5765,170.733
9559,1783741293.7033777,192.5967,170.733
9560,1783741293.7235227,192.6168,171.466
9561,1783741293.7436314,192.6369,171.466
9562,1783741293.7637694,192.6570,171.466
9563,1783741293.7839093,192.6772,171.466
9564,1783741293.8040533,192.6973,171.466
9565,1783741293.8242078,192.7175,171.063
9566,1783741293.8443146,192.7376,171.063
9567,1783741293.864481,192.7578,171.063
9568,1783741293.8846252,192.7779,171.063
9569,1783741293.904779,192.7981,171.063
9570,1783741293.924921,192.8182,170.963
9571,1783741293.9450269,192.8383,170.963
9572,1783741293.9651718,192.8585,170.963
9573,1783741293.9853225,192.8786,170.963
9574,1783741294.0054674,192.8987,170.963
9575,1783741294.0256069,192.9189,171.051
9576,1783741294.0457547,192.9390,171.051
9577,1783741294.0659056,192.9592,171.051
9578,1783741294.0860493,192.9793,171.051
9579,1783741294.1061878,192.9995,171.051
9580,1783741294.1263344,193.0196,170.632
9581,1783741294.1464896,193.0398,170.632
9582,1783741294.1666632,193.0599,170.632
9583,1783741294.186836,193.0801,170.632
9584,1783741294.2070155,193.1003,170.632
9585,1783741294.227199,193.1205,163.148
9586,1783741294.247341,193.1406,163.148
9587,1783741294.2675185,193.1608,163.148
9588,1783741294.2876976,193.1810,163.148
9589,1783741294.3079305,193.2012,163.148
9590,1783741294.3281155,193.2214,155.446
9591,1783741294.348288,193.2416,155.446
9592,1783741294.3684483,193.2617,155.446
9593,1783741294.3885965,193.2819,155.446
9594,1783741294.4087613,193.3020,155.446
9595,1783741294.4289043,193.3222,148.256
9596,1783741294.4490418,193.3423,148.256
9597,1783741294.4691913,193.3625,148.256
9598,1783741294.4893458,193.3826,148.256
9599,1783741294.5094824,193.4028,148.256
9600,1783741294.529618,193.4229,144.116
9601,1783741294.5497577,193.4430,144.116
9602,1783741294.569904,193.4632,144.116
9603,1783741294.5900462,193.4833,144.116
9604,1783741294.6101823,193.5035,144.116
9605,1783741294.6303253,193.5236,144.251
9606,1783741294.6504896,193.5438,144.251
9607,1783741294.6706142,193.5639,144.251
9608,1783741294.690752,193.5840,144.251
9609,1783741294.710895,193.6042,144.251
9610,1783741294.7310376,193.6243,144.667
9611,1783741294.751179,193.6445,144.667
9612,1783741294.7713172,193.6646,144.667
9613,1783741294.7914586,193.6847,144.667
9614,1783741294.811604,193.7049,144.667
9615,1783741294.8317566,193.7250,146.41
9616,1783741294.851891,193.7452,146.41
9617,1783741294.87203,193.7653,146.41
9618,1783741294.8921752,193.7855,146.41
9619,1783741294.912324,193.8056,146.41
9620,1783741294.9324632,193.8257,147.59
9621,1783741294.9525995,193.8459,147.59
9622,1783741294.9727862,193.8661,147.59
9623,1783741294.9929368,193.8862,147.59
9624,1783741295.0130746,193.9064,147.59
9625,1783741295.0332067,193.9265,148.41
9626,1783741295.0533495,193.9466,148.41
9627,1783741295.0734975,193.9668,148.41
9628,1783741295.093641,193.9869,148.41
9629,1783741295.1137774,194.0071,148.41
9630,1783741295.1339214,194.0272,148.813
9631,1783741295.1540995,194.0474,148.813
9632,1783741295.17424,194.0675,148.813
9633,1783741295.1943777,194.0877,148.813
9634,1783741295.2145176,194.1078,148.813
9635,1783741295.2346628,194.1279,157.201
9636,1783741295.2548084,194.1481,157.201
9637,1783741295.2749436,194.1682,157.201
9638,1783741295.2950833,194.1884,157.201
9639,1783741295.3151944,194.2085,157.201
9640,1783741295.3353362,194.2286,165.739
9641,1783741295.355474,194.2488,165.739
9642,1783741295.3756132,194.2689,165.739
9643,1783741295.395757,194.2890,165.739
9644,1783741295.4158826,194.3092,165.739
9645,1783741295.436018,194.3293,172.339
9646,1783741295.456155,194.3494,172.339
9647,1783741295.4762967,194.3696,172.339
9648,1783741295.496442,194.3897,172.339
9649,1783741295.5165834,194.4099,172.339
9650,1783741295.5367184,194.4300,179.262
9651,1783741295.5569022,194.4502,179.262
9652,1783741295.577049,194.4703,179.262
9653,1783741295.5971904,194.4905,179.262
9654,1783741295.617325,194.5106,179.262
9655,1783741295.6374674,194.5307,179.092
9656,1783741295.6576128,194.5509,179.092
9657,1783741295.6777554,194.5710,179.092
9658,1783741295.6978936,194.5912,179.092
9659,1783741295.7180362,194.6113,179.092
9660,1783741295.7381806,194.6315,179.37
9661,1783741295.7583277,194.6516,179.37
9662,1783741295.778465,194.6717,179.37
9663,1783741295.7986035,194.6919,179.37
9664,1783741295.8187852,194.7121,179.37
9665,1783741295.8389316,194.7322,178.736
9666,1783741295.8590689,194.7523,178.736
9667,1783741295.8792057,194.7725,178.736
9668,1783741295.8993464,194.7926,178.736
9669,1783741295.9194944,194.8128,178.736
9670,1783741295.9396608,194.8329,178.403
9671,1783741295.9597967,194.8531,178.403
9672,1783741295.9799385,194.8732,178.403
9673,1783741296.0000918,194.8934,178.403
9674,1783741296.0202317,194.9135,178.403
9675,1783741296.0403671,194.9336,178.113
9676,1783741296.0605116,194.9538,178.113
9677,1783741296.0806599,194.9739,178.113
9678,1783741296.1008074,194.9941,178.113
9679,1783741296.1209424,195.0142,178.113
9680,1783741296.1410854,195.0344,173.026
9681,1783741296.1612313,195.0545,173.026
9682,1783741296.1813734,195.0747,173.026
9683,1783741296.201513,195.0948,173.026
9684,1783741296.2216578,195.1149,173.026
9685,1783741296.2418058,195.1351,165.369
9686,1783741296.2619529,195.1552,165.369
9687,1783741296.2820897,195.1754,165.369
9688,1783741296.3022308,195.1955,165.369
9689,1783741296.322373,195.2157,156.803
9690,1783741296.3425248,195.2358,156.803
9691,1783741296.3626635,195.2559,156.803
9692,1783741296.3828022,195.2761,156.803
9693,1783741296.4029458,195.2962,156.803
9694,1783741296.4231281,195.3164,147.828
9695,1783741296.4432652,195.3365,147.828
9696,1783741296.4634037,195.3567,147.828
9697,1783741296.4835453,195.3768,147.828
9698,1783741296.503697,195.3970,147.828
9699,1783741296.5238843,195.4172,139.826
9700,1783741296.5440223,195.4373,139.826
9701,1783741296.5641656,195.4574,139.826
9702,1783741296.5843167,195.4776,139.826
9703,1783741296.6044612,195.4977,139.826
9704,1783741296.6245995,195.5179,130.461
9705,1783741296.6447825,195.5381,130.461
9706,1783741296.6649299,195.5582,130.461
9707,1783741296.6850772,195.5784,130.461
9708,1783741296.7052171,195.5985,130.461
9709,1783741296.7253585,195.6186,121.882
9710,1783741296.7455027,195.6388,121.882
9711,1783741296.7656536,195.6589,121.882
9712,1783741296.7857926,195.6791,121.882
9713,1783741296.8059335,195.6992,121.882
9714,1783741296.8260808,195.7194,114.621
9715,1783741296.8462253,195.7395,114.621
9716,1783741296.8663645,195.7596,114.621
9717,1783741296.886504,195.7798,114.621
9718,1783741296.906649,195.7999,114.621
9719,1783741296.9268029,195.8201,106.28
9720,1783741296.9469419,195.8402,106.28
9721,1783741296.967081,195.8604,106.28
9722,1783741296.9872239,195.8805,106.28
9723,1783741297.0073695,195.9006,106.28
9724,1783741297.0275111,195.9208,98.092
9725,1783741297.047647,195.9409,98.092
9726,1783741297.0677934,195.9611,98.092
9727,1783741297.087945,195.9812,98.092
9728,1783741297.1080909,196.0014,98.092
9729,1783741297.1282268,196.0215,93.377
9730,1783741297.14837,196.0416,93.377
9731,1783741297.1685214,196.0618,93.377
9732,1783741297.18867,196.0819,93.377
9733,1783741297.2088668,196.1021,93.377
9734,1783741297.2290096,196.1223,92.644
9735,1783741297.2491536,196.1424,92.644
9736,1783741297.2692962,196.1626,92.644
9737,1783741297.2894344,196.1827,92.644
9738,1783741297.3095758,196.2029,92.644
9739,1783741297.3297188,196.2230,92.633
9740,1783741297.3499146,196.2432,92.633
9741,1783741297.370054,196.2633,92.633
9742,1783741297.390194,196.2835,92.633
9743,1783741297.410339,196.3036,92.633
9744,1783741297.4304907,196.3238,92.647
9745,1783741297.4506319,196.3439,92.647
9746,1783741297.4707706,196.3640,92.647
9747,1783741297.4909148,196.3842,92.647
9748,1783741297.5110667,196.4043,92.647
9749,1783741297.5312076,196.4245,92.665
9750,1783741297.5513456,196.4446,92.665
9751,1783741297.5714862,196.4648,92.665
9752,1783741297.5916352,196.4849,92.665
9753,1783741297.6117778,196.5051,92.665
9754,1783741297.6319163,196.5252,92.654
9755,1783741297.652061,196.5453,92.654
9756,1783741297.6722095,196.5655,92.654
9757,1783741297.6923537,196.5856,92.654
9758,1783741297.7125196,196.6058,92.654
9759,1783741297.7326303,196.6259,92.653
9760,1783741297.752775,196.6461,92.653
9761,1783741297.7729256,196.6662,92.653
9762,1783741297.7930646,196.6863,92.653
9763,1783741297.8132052,196.7065,92.653
9764,1783741297.8333507,196.7266,92.685
9765,1783741297.8534951,196.7468,92.685
9766,1783741297.8736324,196.7669,92.685
9767,1783741297.893773,196.7871,92.685
9768,1783741297.9139185,196.8072,92.685
9769,1783741297.934067,196.8273,92.678
9770,1783741297.9542089,196.8475,92.678
9771,1783741297.9743476,196.8676,92.678
9772,1783741297.9944932,196.8878,92.678
9773,1783741298.0146365,196.9079,92.678
9774,1783741298.0347767,196.9281,92.675
9775,1783741298.054912,196.9482,92.675
9776,1783741298.0750575,196.9683,92.675
9777,1783741298.0952086,196.9885,92.675
9778,1783741298.1153548,197.0086,92.675
9779,1783741298.1354907,197.0288,92.678
9780,1783741298.155631,197.0489,92.678
9781,1783741298.1757808,197.0691,92.678
9782,1783741298.1959205,197.0892,92.678
9783,1783741298.2160578,197.1093,92.678
9784,1783741298.2362034,197.1295,92.697
9785,1783741298.2563467,197.1496,92.697
9786,1783741298.2764885,197.1698,92.697
9787,1783741298.296624,197.1899,92.697
9788,1783741298.3167636,197.2100,92.697
9789,1783741298.336909,197.2302,92.698
9790,1783741298.3570573,197.2503,92.698
9791,1783741298.3771908,197.2705,92.698
9792,1783741298.3973293,197.2906,92.698
9793,1783741298.417471,197.3108,92.698
9794,1783741298.437615,197.3309,92.677
9795,1783741298.4577541,197.3510,92.677
9796,1783741298.4778929,197.3712,92.677
9797,1783741298.4980626,197.3913,92.677
9798,1783741298.5182118,197.4115,92.677
9799,1783741298.5383496,197.4316,92.695
9800,1783741298.558484,197.4518,92.695
9801,1783741298.5786262,197.4719,92.695
9802,1783741298.5987682,197.4920,92.695
9803,1783741298.6189086,197.5122,92.695
9804,1783741298.6390452,197.5323,92.711
9805,1783741298.6591892,197.5525,92.711
9806,1783741298.6793382,197.5726,92.711
9807,1783741298.6994836,197.5928,92.711
9808,1783741298.7196195,197.6129,92.711
9809,1783741298.739765,197.6330,92.71
9810,1783741298.7599092,197.6532,92.71
9811,1783741298.7800584,197.6733,92.71
9812,1783741298.8001974,197.6935,92.71
9813,1783741298.8203373,197.7136,92.71
9814,1783741298.8404813,197.7338,92.707
9815,1783741298.8606324,197.7539,92.707
9816,1783741298.8807695,197.7740,92.707
9817,1783741298.900908,197.7942,92.707
9818,1783741298.921051,197.8143,92.707
9819,1783741298.9412045,197.8345,92.708
9820,1783741298.9613461,197.8546,92.708
9821,1783741298.9814854,197.8748,92.708
9822,1783741299.0016594,197.8949,92.708
9823,1783741299.0218086,197.9151,92.708
9824,1783741299.0419514,197.9352,92.707
9825,1783741299.0620883,197.9554,92.707
9826,1783741299.0822325,197.9755,92.707
9827,1783741299.1023824,197.9957,92.707
9828,1783741299.1225226,198.0158,92.707
9829,1783741299.1426575,198.0359,92.722
9830,1783741299.162802,198.0561,92.722
9831,1783741299.1829505,198.0762,92.722
9832,1783741299.2030878,198.0964,92.722
9833,1783741299.2232242,198.1165,92.73
9834,1783741299.2433636,198.1366,92.73
9835,1783741299.2635098,198.1568,92.73
9836,1783741299.2836578,198.1769,92.73
9837,1783741299.303796,198.1971,92.73
9838,1783741299.323938,198.2172,92.7
9839,1783741299.3440807,198.2374,92.7
9840,1783741299.3642328,198.2575,92.7
9841,1783741299.3843696,198.2776,92.7
9842,1783741299.4044783,198.2978,92.7
9843,1783741299.424586,198.3179,92.693
9844,1783741299.444681,198.3380,92.693
9845,1783741299.4648235,198.3581,92.693
9846,1783741299.4849637,198.3782,92.693
9847,1783741299.5051064,198.3984,92.693
9848,1783741299.525219,198.4185,92.665
9849,1783741299.545324,198.4386,92.665
9850,1783741299.5654607,198.4587,92.665
9851,1783741299.585606,198.4789,92.665
9852,1783741299.605758,198.4990,92.665
9853,1783741299.6258647,198.5191,92.646
9854,1783741299.6459637,198.5392,92.646
9855,1783741299.6660907,198.5594,92.646
9856,1783741299.6862426,198.5795,92.646
9857,1783741299.7063863,198.5997,92.646
9858,1783741299.7265227,198.6198,92.646
9859,1783741299.746633,198.6399,92.646
9860,1783741299.7667706,198.6600,92.646
9861,1783741299.7868867,198.6802,92.646
9862,1783741299.8070123,198.7003,92.646
9863,1783741299.8271587,198.7204,92.6
9864,1783741299.8472722,198.7406,92.6
9865,1783741299.8674235,198.7607,92.6
9866,1783741299.8875623,198.7808,92.6
9867,1783741299.9076712,198.8010,92.6
9868,1783741299.927815,198.8211,92.592
9869,1783741299.9479609,198.8412,92.592
9870,1783741299.968103,198.8614,92.592
9871,1783741299.9882414,198.8815,92.592
9872,1783741300.0083852,198.9017,92.592
9873,1783741300.0285354,198.9218,92.626
9874,1783741300.0486743,198.9420,92.626
9875,1783741300.0688124,198.9621,92.626
9876,1783741300.0889583,198.9822,92.626
9877,1783741300.1091087,199.0024,92.626
9878,1783741300.1292481,199.0225,92.655
9879,1783741300.149353,199.0426,92.655
9880,1783741300.1694963,199.0628,92.655
9881,1783741300.1896474,199.0829,92.655
9882,1783741300.2097933,199.1031,92.655
9883,1783741300.2299333,199.1232,92.658
9884,1783741300.2500772,199.1434,92.658
9885,1783741300.2702224,199.1635,92.658
9886,1783741300.2903957,199.1837,92.658
9887,1783741300.3105354,199.2038,92.658
9888,1783741300.3306773,199.2240,92.678
9889,1783741300.350819,199.2441,92.678
9890,1783741300.3709714,199.2643,92.678
9891,1783741300.3911114,199.2844,92.678
9892,1783741300.4112508,199.3045,92.678
9893,1783741300.4313967,199.3247,92.68
9894,1783741300.4515433,199.3448,92.68
9895,1783741300.4716845,199.3650,92.68
9896,1783741300.4918246,199.3851,92.68
9897,1783741300.5119686,199.4052,92.68
9898,1783741300.5320835,199.4254,92.657
9899,1783741300.5522227,199.4455,92.657
9900,1783741300.5723605,199.4656,92.657
9901,1783741300.592503,199.4858,92.657
9902,1783741300.612653,199.5059,92.657
9903,1783741300.632798,199.5261,92.676
9904,1783741300.652915,199.5462,92.676
9905,1783741300.6730611,199.5663,92.676
9906,1783741300.6932116,199.5865,92.676
9907,1783741300.7133543,199.6066,92.676
9908,1783741300.7334988,199.6268,92.699
9909,1783741300.7536438,199.6469,92.699
9910,1783741300.7737901,199.6671,92.699
9911,1783741300.793936,199.6872,92.699
9912,1783741300.8140743,199.7074,92.699
9913,1783741300.8342154,199.7275,92.715
9914,1783741300.854362,199.7476,92.715
9915,1783741300.874493,199.7678,92.715
9916,1783741300.8946295,199.7879,92.715
9917,1783741300.9147682,199.8080,92.715
9918,1783741300.9349134,199.8282,92.716
9919,1783741300.9550288,199.8483,92.716
9920,1783741300.975165,199.8684,92.716
9921,1783741300.995303,199.8886,92.716
9922,1783741301.015443,199.9087,92.716
9923,1783741301.0355885,199.9289,92.698
9924,1783741301.0557714,199.9491,92.698
9925,1783741301.075938,199.9692,92.698
9926,1783741301.0960822,199.9894,92.698
9927,1783741301.1162343,200.0095,92.698
9928,1783741301.1363735,200.0297,92.675
9929,1783741301.1565092,200.0498,92.675
9930,1783741301.1766534,200.0699,92.675
9931,1783741301.1968029,200.0901,92.675
9932,1783741301.2169473,200.1102,92.675
9933,1783741301.2370834,200.1304,92.644
9934,1783741301.257227,200.1505,92.644
9935,1783741301.2773721,200.1707,92.644
9936,1783741301.2975218,200.1908,92.644
9937,1783741301.3176603,200.2109,92.644
9938,1783741301.3378038,200.2311,92.653
9939,1783741301.357947,200.2512,92.653
9940,1783741301.3780916,200.2714,92.653
9941,1783741301.3982275,200.2915,92.653
9942,1783741301.418365,200.3116,92.653
9943,1783741301.4385066,200.3318,92.682
9944,1783741301.458657,200.3519,92.682
9945,1783741301.4787948,200.3721,92.682
9946,1783741301.498934,200.3922,92.682
9947,1783741301.5190783,200.4124,92.682
9948,1783741301.5392294,200.4325,92.712
9949,1783741301.5593956,200.4527,92.712
9950,1783741301.5795312,200.4728,92.712
9951,1783741301.5996754,200.4930,92.712
9952,1783741301.619831,200.5131,92.712
9953,1783741301.639981,200.5333,92.706
9954,1783741301.6601229,200.5534,92.706
9955,1783741301.6802711,200.5736,92.706
9956,1783741301.700426,200.5937,92.706
9957,1783741301.7205758,200.6139,92.706
9958,1783741301.7407174,200.6340,92.703
9959,1783741301.7609062,200.6542,92.703
9960,1783741301.781057,200.6743,92.703
9961,1783741301.801209,200.6945,92.703
9962,1783741301.8213553,200.7146,92.703
9963,1783741301.841503,200.7348,92.714
9964,1783741301.8616552,200.7549,92.714
9965,1783741301.8818102,200.7751,92.714
9966,1783741301.9019563,200.7952,92.714
9967,1783741301.9220994,200.8154,92.714
9968,1783741301.9422457,200.8355,92.724
9969,1783741301.9624007,200.8557,92.724
9970,1783741301.9825456,200.8758,92.724
9971,1783741302.002688,200.8960,92.724
9972,1783741302.0228732,200.9162,92.724
9973,1783741302.043022,200.9363,92.734
9974,1783741302.0631678,200.9564,92.734
9975,1783741302.0833054,200.9766,92.734
9976,1783741302.1034548,200.9967,92.734
9977,1783741302.1235995,201.0169,92.713
9978,1783741302.1437836,201.0371,92.713
9979,1783741302.163923,201.0572,92.713
9980,1783741302.18407,201.0773,92.713
9981,1783741302.204222,201.0975,92.713
9982,1783741302.224369,201.1176,92.727
9983,1783741302.2445097,201.1378,92.727
9984,1783741302.2646563,201.1579,92.727
9985,1783741302.2848077,201.1781,92.727
9986,1783741302.3049505,201.1982,92.727
9987,1783741302.3250895,201.2184,92.73
9988,1783741302.3452613,201.2385,92.73
9989,1783741302.3654115,201.2587,92.73
9990,1783741302.3855572,201.2788,92.73
9991,1783741302.4056997,201.2990,92.73
9992,1783741302.4258938,201.3192,92.699
9993,1783741302.4460392,201.3393,92.699
9994,1783741302.466194,201.3595,92.699
9995,1783741302.4863393,201.3796,92.699
9996,1783741302.5064807,201.3998,92.699
9997,1783741302.5266273,201.4199,92.688
9998,1783741302.5467763,201.4401,92.688
9999,1783741302.5668845,201.4602,92.688
10000,1783741302.5869877,201.4803,92.688
10001,1783741302.6071181,201.5004,92.688
10002,1783741302.6272757,201.5206,92.683
10003,1783741302.6474223,201.5407,92.683
10004,1783741302.6675637,201.5608,92.683
10005,1783741302.6877112,201.5810,92.683
10006,1783741302.7079132,201.6012,92.683
10007,1783741302.7280567,201.6213,92.657
10008,1783741302.7481933,201.6415,92.657
10009,1783741302.7683406,201.6616,92.657
10010,1783741302.7884908,201.6818,92.657
10011,1783741302.8086364,201.7019,92.657
10012,1783741302.8287761,201.7221,92.648
10013,1783741302.8489525,201.7422,92.648
10014,1783741302.869098,201.7624,92.648
10015,1783741302.889245,201.7825,92.648
10016,1783741302.909389,201.8027,92.648
10017,1783741302.929532,201.8228,92.644
10018,1783741302.9496806,201.8430,92.644
10019,1783741302.9698606,201.8631,92.644
10020,1783741302.9900022,201.8833,92.644
10021,1783741303.0101438,201.9034,92.644
10022,1783741303.0302885,201.9236,92.628
10023,1783741303.0504391,201.9437,92.628
10024,1783741303.0705833,201.9639,92.628
10025,1783741303.0907679,201.9840,92.628
10026,1783741303.1109145,202.0042,92.628
10027,1783741303.1310635,202.0243,92.653
10028,1783741303.1512077,202.0445,92.653
10029,1783741303.1713488,202.0646,92.653
10030,1783741303.191493,202.0848,92.653
10031,1783741303.211644,202.1049,92.653
10032,1783741303.2317905,202.1251,92.656
10033,1783741303.2519288,202.1452,92.656
10034,1783741303.2720752,202.1654,92.656
10035,1783741303.2922237,202.1855,92.656
10036,1783741303.3123682,202.2056,92.656
10037,1783741303.3325076,202.2258,92.654
10038,1783741303.3526528,202.2459,92.654
10039,1783741303.3728027,202.2661,92.654
10040,1783741303.3929477,202.2862,92.654
10041,1783741303.4130886,202.3064,92.654
10042,1783741303.4332292,202.3265,92.638
10043,1783741303.4533741,202.3467,92.638
10044,1783741303.4735324,202.3668,92.638
10045,1783741303.4936757,202.3870,92.638
10046,1783741303.5138178,202.4071,92.638
10047,1783741303.5339649,202.4272,92.64
10048,1783741303.5541143,202.4474,92.64
10049,1783741303.5742617,202.4675,92.64
10050,1783741303.594405,202.4877,92.64
10051,1783741303.6145544,202.5078,92.64
10052,1783741303.6347835,202.5281,92.657
10053,1783741303.6549299,202.5482,92.657
10054,1783741303.6750712,202.5684,92.657
10055,1783741303.6952174,202.5885,92.657
10056,1783741303.7153683,202.6086,92.657
10057,1783741303.7355163,202.6288,92.659
10058,1783741303.7556567,202.6489,92.659
10059,1783741303.7758079,202.6691,92.659
10060,1783741303.7959604,202.6892,92.659
10061,1783741303.816108,202.7094,92.659
10062,1783741303.836251,202.7295,92.646
10063,1783741303.8563979,202.7497,92.646
10064,1783741303.8765476,202.7698,92.646
10065,1783741303.8966923,202.7900,92.646
10066,1783741303.91688,202.8102,92.646
10067,1783741303.9370236,202.8303,92.639
10068,1783741303.9571712,202.8505,92.639
10069,1783741303.9773257,202.8706,92.639
10070,1783741303.9974656,202.8907,92.639
10071,1783741304.0176141,202.9109,92.639
10072,1783741304.0377629,202.9310,92.684
10073,1783741304.0579133,202.9512,92.684
10074,1783741304.0780604,202.9713,92.684
10075,1783741304.0982046,202.9915,92.684
10076,1783741304.1183548,203.0116,92.684
10077,1783741304.138539,203.0318,92.666
10078,1783741304.1586795,203.0520,92.666
10079,1783741304.178792,203.0721,92.666
10080,1783741304.1989422,203.0922,92.666
10081,1783741304.2190976,203.1124,92.666
10082,1783741304.239247,203.1325,92.676
10083,1783741304.2593877,203.1527,92.676
10084,1783741304.2795374,203.1728,92.676
10085,1783741304.299695,203.1930,92.676
10086,1783741304.3198645,203.2131,92.676
10087,1783741304.3400064,203.2333,92.67
10088,1783741304.360156,203.2534,92.67
10089,1783741304.380287,203.2736,92.67
10090,1783741304.4004343,203.2937,92.67
10091,1783741304.4205775,203.3139,92.67
10092,1783741304.4407766,203.3341,92.699
10093,1783741304.460929,203.3542,92.699
10094,1783741304.4810853,203.3744,92.699
10095,1783741304.5012293,203.3945,92.699
10096,1783741304.521374,203.4147,92.699
10097,1783741304.5415223,203.4348,92.732
10098,1783741304.561677,203.4550,92.732
10099,1783741304.581825,203.4751,92.732
10100,1783741304.6019707,203.4952,92.732
10101,1783741304.6221156,203.5154,92.732
10102,1783741304.642272,203.5356,92.726
10103,1783741304.6624174,203.5557,92.726
10104,1783741304.6825306,203.5758,92.726
10105,1783741304.7026813,203.5960,92.726
10106,1783741304.722836,203.6161,92.726
10107,1783741304.742981,203.6363,92.74
10108,1783741304.763124,203.6564,92.74
10109,1783741304.7832747,203.6766,92.74
10110,1783741304.8034306,203.6967,92.74
10111,1783741304.8235807,203.7169,92.74
10112,1783741304.8437693,203.7370,92.764
10113,1783741304.8639183,203.7572,92.764
10114,1783741304.884071,203.7774,92.764
10115,1783741304.9042225,203.7975,92.764
10116,1783741304.9243987,203.8177,92.765
10117,1783741304.9445477,203.8378,92.765
10118,1783741304.9647017,203.8580,92.765
10119,1783741304.9849002,203.8782,92.765
10120,1783741305.005043,203.8983,92.765
10121,1783741305.0251646,203.9184,92.749
10122,1783741305.0453138,203.9386,92.749
10123,1783741305.0654724,203.9588,92.749
10124,1783741305.0856166,203.9789,92.749
10125,1783741305.1057634,203.9990,92.749
10126,1783741305.1258929,204.0192,92.753
10127,1783741305.146047,204.0393,92.753
10128,1783741305.1661952,204.0595,92.753
10129,1783741305.1863403,204.0796,92.753
10130,1783741305.20649,204.0998,92.753
10131,1783741305.226645,204.1199,92.767
10132,1783741305.246794,204.1401,92.767
10133,1783741305.266937,204.1602,92.767
10134,1783741305.2870877,204.1804,92.767
10135,1783741305.3072438,204.2005,92.767
10136,1783741305.3273911,204.2207,92.756
10137,1783741305.347536,204.2408,92.756
10138,1783741305.3676882,204.2610,92.756
10139,1783741305.3878782,204.2812,92.756
10140,1783741305.4080315,204.3013,92.756
10141,1783741305.4281847,204.3215,92.758
10142,1783741305.4483335,204.3416,92.758
10143,1783741305.4684858,204.3618,92.758
10144,1783741305.4886403,204.3819,92.758
10145,1783741305.508787,204.4021,92.758
10146,1783741305.5289314,204.4222,92.729
10147,1783741305.549075,204.4424,92.729
10148,1783741305.5692327,204.4625,92.729
10149,1783741305.589376,204.4827,92.729
10150,1783741305.6095207,204.5028,92.729
10151,1783741305.6296687,204.5229,92.728
10152,1783741305.649828,204.5431,92.728
10153,1783741305.669975,204.5633,92.728
10154,1783741305.69012,204.5834,92.728
10155,1783741305.7102702,204.6035,92.728
10156,1783741305.7304277,204.6237,92.737
10157,1783741305.7505684,204.6438,92.737
10158,1783741305.7707143,204.6640,92.737
10159,1783741305.7909086,204.6842,92.737
10160,1783741305.8110638,204.7043,92.737
10161,1783741305.8312113,204.7245,92.763
10162,1783741305.851352,204.7446,92.763
10163,1783741305.8715022,204.7648,92.763
10164,1783741305.8916497,204.7849,92.763
10165,1783741305.9118032,204.8051,92.763
10166,1783741305.931948,204.8252,92.796
10167,1783741305.952095,204.8454,92.796
10168,1783741305.9722462,204.8655,92.796
10169,1783741305.9924006,204.8857,92.796
10170,1783741306.0125453,204.9058,92.796
10171,1783741306.0326886,204.9260,92.783
10172,1783741306.0528784,204.9462,92.783
10173,1783741306.073036,204.9663,92.783
10174,1783741306.0931826,204.9865,92.783
10175,1783741306.1133268,205.0066,92.783
10176,1783741306.133475,205.0268,92.777
10177,1783741306.1536338,205.0469,92.777
10178,1783741306.1737797,205.0671,92.777
10179,1783741306.1939242,205.0872,92.777
10180,1783741306.2141032,205.1074,92.777
10181,1783741306.2342594,205.1275,92.794
10182,1783741306.2544084,205.1477,92.794
10183,1783741306.2745502,205.1678,92.794
10184,1783741306.2947028,205.1880,92.794
10185,1783741306.3148978,205.2082,92.794
10186,1783741306.335047,205.2283,92.795
10187,1783741306.3551903,205.2485,92.795
10188,1783741306.3753383,205.2686,92.795
10189,1783741306.3954916,205.2888,92.795
10190,1783741306.4156458,205.3089,92.795
10191,1783741306.4357905,205.3291,92.776
10192,1783741306.4559376,205.3492,92.776
10193,1783741306.4760892,205.3694,92.776
10194,1783741306.4962437,205.3895,92.776
10195,1783741306.5163898,205.4097,92.776
10196,1783741306.5365362,205.4298,92.776
10197,1783741306.5566819,205.4500,92.776
10198,1783741306.5768394,205.4701,92.776
10199,1783741306.5969846,205.4903,92.776
10200,1783741306.617128,205.5104,92.776
10201,1783741306.6372764,205.5306,92.776
10202,1783741306.6574311,205.5507,92.776
10203,1783741306.6775804,205.5709,92.776
10204,1783741306.6977534,205.5910,92.776
10205,1783741306.7179058,205.6112,92.776
10206,1783741306.7380586,205.6313,92.756
10207,1783741306.7582078,205.6515,92.756
10208,1783741306.778353,205.6716,92.756
10209,1783741306.7985032,205.6918,92.756
10210,1783741306.8186588,205.7119,92.756
10211,1783741306.8388088,205.7321,92.721
10212,1783741306.8589542,205.7522,92.721
10213,1783741306.8791034,205.7724,92.721
10214,1783741306.8992548,205.7925,92.721
10215,1783741306.9194036,205.8127,92.721
10216,1783741306.939547,205.8328,92.702
10217,1783741306.9596972,205.8530,92.702
10218,1783741306.9798956,205.8732,92.702
10219,1783741307.0000513,205.8933,92.702
10220,1783741307.020198,205.9135,92.702
10221,1783741307.0403433,205.9336,92.674
10222,1783741307.0604947,205.9538,92.674
10223,1783741307.080649,205.9739,92.674
10224,1783741307.1007962,205.9941,92.674
10225,1783741307.1209424,206.0142,92.674
10226,1783741307.141091,206.0344,92.686
10227,1783741307.1612494,206.0545,92.686
10228,1783741307.1813939,206.0747,92.686
10229,1783741307.2015388,206.0948,92.686
10230,1783741307.2216887,206.1150,92.686
10231,1783741307.2418811,206.1352,92.66
10232,1783741307.2620234,206.1553,92.66
10233,1783741307.282167,206.1754,92.66
10234,1783741307.3023183,206.1956,92.66
10235,1783741307.3224704,206.2157,92.66
10236,1783741307.3426182,206.2359,92.636
10237,1783741307.3627605,206.2560,92.636
10238,1783741307.3829103,206.2762,92.636
10239,1783741307.4030628,206.2963,92.636
10240,1783741307.4232118,206.3165,92.636
10241,1783741307.4433525,206.3366,92.637
10242,1783741307.4635048,206.3568,92.637
10243,1783741307.4836812,206.3770,92.637
10244,1783741307.503835,206.3971,92.637
10245,1783741307.5239787,206.4173,92.637
10246,1783741307.5441248,206.4374,92.643
10247,1783741307.564273,206.4576,92.643
10248,1783741307.5844295,206.4777,92.643
10249,1783741307.6045763,206.4979,92.643
10250,1783741307.6247685,206.5180,92.639
10251,1783741307.6449177,206.5382,92.639
10252,1783741307.6650653,206.5583,92.639
10253,1783741307.6852138,206.5785,92.639
10254,1783741307.7053611,206.5986,92.639
10255,1783741307.7255132,206.6188,92.657
10256,1783741307.7456627,206.6389,92.657
10257,1783741307.7658112,206.6591,92.657
10258,1783741307.7859862,206.6793,92.657
10259,1783741307.806135,206.6994,92.657
10260,1783741307.826289,206.7196,92.685
10261,1783741307.8464398,206.7397,92.685
10262,1783741307.8665853,206.7599,92.685
10263,1783741307.886776,206.7801,92.685
10264,1783741307.9069343,206.8002,92.685
10265,1783741307.9270873,206.8204,92.669
10266,1783741307.9472334,206.8405,92.669
10267,1783741307.967384,206.8607,92.669
10268,1783741307.9875648,206.8808,92.669
10269,1783741308.0077136,206.9010,92.669
10270,1783741308.0278971,206.9212,92.712
10271,1783741308.0480485,206.9413,92.712
10272,1783741308.0681994,206.9615,92.712
10273,1783741308.088355,206.9816,92.712
10274,1783741308.1085014,207.0018,92.712
10275,1783741308.128646,207.0219,92.729
10276,1783741308.1487975,207.0421,92.729
10277,1783741308.1689553,207.0622,92.729
10278,1783741308.1891003,207.0824,92.729
10279,1783741308.2092447,207.1025,92.729
10280,1783741308.2293944,207.1227,92.69
10281,1783741308.2495527,207.1428,92.69
10282,1783741308.2697003,207.1630,92.69
10283,1783741308.2898898,207.1832,92.69
10284,1783741308.3100417,207.2033,92.69
10285,1783741308.3301973,207.2235,92.713
10286,1783741308.3503451,207.2436,92.713
10287,1783741308.3704898,207.2638,92.713
10288,1783741308.390641,207.2839,92.713
10289,1783741308.4107964,207.3041,92.713
10290,1783741308.4309473,207.3242,92.755
10291,1783741308.4510887,207.3444,92.755
10292,1783741308.4712415,207.3645,92.755
10293,1783741308.4913914,207.3847,92.755
10294,1783741308.5115407,207.4048,92.755
10295,1783741308.5316873,207.4250,92.775
10296,1783741308.5518734,207.4452,92.775
10297,1783741308.572027,207.4653,92.775
10298,1783741308.592179,207.4855,92.775
10299,1783741308.6123228,207.5056,92.775
10300,1783741308.6324687,207.5257,92.742
10301,1783741308.6526196,207.5459,92.742
10302,1783741308.6727786,207.5661,92.742
10303,1783741308.692923,207.5862,92.742
10304,1783741308.7130704,207.6063,92.742
10305,1783741308.73322,207.6265,92.723
10306,1783741308.7533753,207.6467,92.723
10307,1783741308.7735517,207.6668,92.723
10308,1783741308.7936969,207.6870,92.723
10309,1783741308.8138878,207.7072,92.723
10310,1783741308.834041,207.7273,92.715
10311,1783741308.8541892,207.7475,92.715
10312,1783741308.8743339,207.7676,92.715
10313,1783741308.8944817,207.7878,92.715
10314,1783741308.9146364,207.8079,92.715
10315,1783741308.9347851,207.8281,92.729
10316,1783741308.9549296,207.8482,92.729
10317,1783741308.9750488,207.8683,92.729
10318,1783741308.9951992,207.8885,92.729
10319,1783741309.0153542,207.9086,92.729
10320,1783741309.0354974,207.9288,92.697
10321,1783741309.0556464,207.9489,92.697
10322,1783741309.0757995,207.9691,92.697
10323,1783741309.0959535,207.9892,92.697
10324,1783741309.116099,208.0094,92.697
10325,1783741309.136246,208.0295,92.689
10326,1783741309.1563945,208.0497,92.689
10327,1783741309.1765497,208.0698,92.689
10328,1783741309.1966963,208.0900,92.689
10329,1783741309.216884,208.1102,92.689
10330,1783741309.2370343,208.1303,92.689
10331,1783741309.2571933,208.1505,92.689
10332,1783741309.2773693,208.1706,92.689
10333,1783741309.2975132,208.1908,92.689
10334,1783741309.317664,208.2109,92.689
10335,1783741309.3378196,208.2311,92.672
10336,1783741309.3579671,208.2512,92.672
10337,1783741309.3781126,208.2714,92.672
10338,1783741309.3982642,208.2915,92.672
10339,1783741309.4184146,208.3117,92.672
10340,1783741309.4385617,208.3318,92.633
10341,1783741309.458705,208.3520,92.633
10342,1783741309.478902,208.3722,92.633
10343,1783741309.4990566,208.3923,92.633
10344,1783741309.5192075,208.4125,92.633
10345,1783741309.5393536,208.4326,92.624
10346,1783741309.5595,208.4528,92.624
10347,1783741309.579655,208.4729,92.624
10348,1783741309.599811,208.4931,92.624
10349,1783741309.6199522,208.5132,92.624
10350,1783741309.6400983,208.5334,92.67
10351,1783741309.6602457,208.5535,92.67
10352,1783741309.680403,208.5737,92.67
10353,1783741309.7005458,208.5938,92.67
10354,1783741309.7206917,208.6140,92.67
10355,1783741309.740884,208.6342,92.696
10356,1783741309.7610443,208.6543,92.696
10357,1783741309.7811925,208.6745,92.696
10358,1783741309.8013377,208.6946,92.696
10359,1783741309.821486,208.7148,92.696
10360,1783741309.841643,208.7349,92.699
10361,1783741309.8617725,208.7551,92.699
10362,1783741309.881917,208.7752,92.699
10363,1783741309.9020677,208.7953,92.699
10364,1783741309.9222252,208.8155,92.699
10365,1783741309.9423747,208.8357,92.7
10366,1783741309.9625185,208.8558,92.7
10367,1783741309.9826663,208.8759,92.7
10368,1783741310.0028198,208.8961,92.7
10369,1783741310.0229747,208.9163,92.7
10370,1783741310.0431223,208.9364,92.68
10371,1783741310.0632982,208.9566,92.68
10372,1783741310.083454,208.9767,92.68
10373,1783741310.1036062,208.9969,92.68
10374,1783741310.1237595,209.0170,92.68
10375,1783741310.1439075,209.0372,92.675
10376,1783741310.164057,209.0573,92.675
10377,1783741310.1842146,209.0775,92.675
10378,1783741310.2043633,209.0976,92.675
10379,1783741310.2245095,209.1178,92.675
10380,1783741310.2446566,209.1379,92.728
10381,1783741310.2648048,209.1581,92.728
10382,1783741310.2849507,209.1782,92.728
10383,1783741310.3050988,209.1984,92.728
10384,1783741310.3252478,209.2185,92.728
10385,1783741310.3454032,209.2387,92.772
10386,1783741310.3655534,209.2588,92.772
10387,1783741310.385696,209.2790,92.772
10388,1783741310.4058893,209.2992,92.772
10389,1783741310.426045,209.3193,92.805
10390,1783741310.4461904,209.3395,92.805
10391,1783741310.4663336,209.3596,92.805
10392,1783741310.4864852,209.3798,92.805
10393,1783741310.506641,209.3999,92.805
10394,1783741310.5267663,209.4200,92.8
10395,1783741310.5469098,209.4402,92.8
10396,1783741310.5670853,209.4604,92.8
10397,1783741310.58724,209.4805,92.8
10398,1783741310.60739,209.5007,92.8
10399,1783741310.6275344,209.5208,92.781
10400,1783741310.6476817,209.5410,92.781
10401,1783741310.6678326,209.5611,92.781
10402,1783741310.6879911,209.5813,92.781
10403,1783741310.708138,209.6014,92.781
10404,1783741310.7282825,209.6216,92.777
10405,1783741310.7484279,209.6417,92.777
10406,1783741310.7685878,209.6619,92.777
10407,1783741310.7887776,209.6821,92.777
10408,1783741310.8089237,209.7022,92.777
10409,1783741310.8290768,209.7224,92.809
10410,1783741310.8492343,209.7425,92.809
10411,1783741310.869384,209.7627,92.809
10412,1783741310.8895297,209.7828,92.809
10413,1783741310.909677,209.8030,92.809
10414,1783741310.9298356,209.8231,92.801
10415,1783741310.9499831,209.8433,92.801
10416,1783741310.9701295,209.8634,92.801
10417,1783741310.9902494,209.8835,92.801
10418,1783741311.0103717,209.9037,92.801
10419,1783741311.0305142,209.9238,92.82
10420,1783741311.0506525,209.9439,92.82
10421,1783741311.0708025,209.9641,92.82
10422,1783741311.0909555,209.9842,92.82
10423,1783741311.1111104,210.0044,92.82
10424,1783741311.131253,210.0245,92.856
10425,1783741311.1513982,210.0447,92.856
10426,1783741311.1715486,210.0648,92.856
10427,1783741311.191707,210.0850,92.856
10428,1783741311.2118852,210.1052,92.856
10429,1783741311.23203,210.1253,92.851
10430,1783741311.252178,210.1455,92.851
10431,1783741311.2723305,210.1656,92.851
10432,1783741311.2924778,210.1858,92.851
10433,1783741311.3125863,210.2059,92.851
10434,1783741311.3327737,210.2261,92.828
10435,1783741311.3529618,210.2462,92.828
10436,1783741311.373112,210.2664,92.828
10437,1783741311.3932557,210.2865,92.828
10438,1783741311.4134064,210.3067,92.828
10439,1783741311.433562,210.3268,92.798
10440,1783741311.4537082,210.3470,92.798
10441,1783741311.4738927,210.3672,92.798
10442,1783741311.494043,210.3873,92.798
10443,1783741311.5141644,210.4074,92.798
10444,1783741311.5343108,210.4276,92.808
10445,1783741311.5544536,210.4477,92.808
10446,1783741311.5746055,210.4679,92.808
10447,1783741311.59476,210.4880,92.808
10448,1783741311.6149063,210.5082,92.808
10449,1783741311.6350515,210.5283,92.807
10450,1783741311.655201,210.5485,92.807
10451,1783741311.6753507,210.5686,92.807
10452,1783741311.6955097,210.5888,92.807
10453,1783741311.7156584,210.6089,92.807
10454,1783741311.7358077,210.6291,92.812
10455,1783741311.7559586,210.6492,92.812
10456,1783741311.7761152,210.6694,92.812
10457,1783741311.796262,210.6895,92.812
10458,1783741311.8164093,210.7097,92.812
10459,1783741311.8365855,210.7299,92.792
10460,1783741311.8567858,210.7501,92.792
10461,1783741311.8769312,210.7702,92.792
10462,1783741311.8970788,210.7904,92.792
10463,1783741311.9172375,210.8105,92.792
10464,1783741311.9373968,210.8307,92.775
10465,1783741311.957535,210.8508,92.775
10466,1783741311.9776685,210.8709,92.775
10467,1783741311.9977572,210.8910,92.775
10468,1783741312.017903,210.9112,92.775
10469,1783741312.0380418,210.9313,93.388
10470,1783741312.058177,210.9515,93.388
10471,1783741312.078321,210.9716,93.388
10472,1783741312.098464,210.9917,93.388
10473,1783741312.1186063,211.0119,93.388
10474,1783741312.1387875,211.0321,93.43
10475,1783741312.1589284,211.0522,93.43
10476,1783741312.1790755,211.0724,93.43
10477,1783741312.199227,211.0925,93.43
10478,1783741312.2193675,211.1126,93.43
10479,1783741312.2395062,211.1328,93.514
10480,1783741312.2596495,211.1529,93.514
10481,1783741312.279798,211.1731,93.514
10482,1783741312.2998977,211.1932,93.514
10483,1783741312.32003,211.2133,93.514
10484,1783741312.3401747,211.2335,93.78
10485,1783741312.3603258,211.2536,93.78
