t,W
1783748849.482545,113.626
1783748849.507217,113.626
1783748849.527369,113.626
1783748849.547507,113.626
1783748849.567652,113.626
1783748849.587806,118.864
1783748849.607960,118.864
1783748849.628104,118.864
1783748849.648251,118.864
1783748849.668389,118.864
1783748849.688547,120.476
1783748849.708691,120.476
1783748849.728859,120.476
1783748849.748999,120.476
1783748849.769153,120.476
1783748849.789289,123.331
1783748849.809424,123.331
1783748849.829564,123.331
1783748849.849784,123.331
1783748849.869927,123.331
1783748849.890064,127.847
1783748849.910207,127.847
1783748849.930371,127.847
1783748849.950518,127.847
1783748849.970653,127.847
1783748849.990796,128.763
1783748850.010952,128.763
1783748850.031099,128.763
1783748850.051237,128.763
1783748850.071342,128.763
1783748850.091494,135.193
1783748850.111644,135.193
1783748850.131761,135.193
1783748850.151887,135.193
1783748850.172023,135.193
1783748850.192179,139.692
1783748850.212326,139.692
1783748850.232469,139.692
1783748850.252617,139.692
1783748850.272776,139.692
1783748850.292922,145.363
1783748850.313058,145.363
1783748850.333196,145.363
1783748850.353395,145.363
1783748850.373542,145.363
1783748850.393680,151.455
1783748850.413802,151.455
1783748850.433966,151.455
1783748850.454113,151.455
1783748850.474250,151.455
1783748850.494391,151.595
1783748850.514525,151.595
1783748850.534678,151.595
1783748850.554815,151.595
1783748850.574954,151.595
1783748850.595108,151.714
1783748850.615251,151.714
1783748850.635427,151.714
1783748850.655567,151.714
1783748850.675710,151.714
1783748850.695915,152.017
1783748850.716056,152.017
1783748850.736196,152.017
1783748850.756341,152.017
1783748850.776476,152.017
1783748850.796622,151.902
1783748850.816757,151.902
1783748850.836899,151.902
1783748850.857036,151.902
1783748850.877171,151.902
1783748850.897306,151.942
1783748850.917443,151.942
1783748850.937605,151.942
1783748850.957793,151.942
1783748850.977928,151.942
1783748850.998071,151.575
1783748851.018223,151.575
1783748851.038388,151.575
1783748851.058523,151.575
1783748851.078658,151.575
1783748851.098809,151.221
1783748851.118953,151.221
1783748851.139092,151.221
1783748851.159230,151.221
1783748851.179374,151.221
1783748851.199531,151.574
1783748851.219673,151.574
1783748851.239814,151.574
1783748851.259956,151.574
1783748851.280094,151.574
1783748851.300231,151.658
1783748851.320367,151.658
1783748851.340506,151.658
1783748851.360648,151.658
1783748851.380782,151.658
1783748851.400915,151.595
1783748851.421051,151.595
1783748851.441197,151.595
1783748851.461331,151.595
1783748851.481467,151.595
1783748851.501611,151.677
1783748851.521768,151.677
1783748851.541916,151.677
1783748851.562024,151.677
1783748851.582166,151.677
1783748851.602320,151.824
1783748851.622469,151.824
1783748851.642641,151.824
1783748851.662779,151.824
1783748851.682924,151.824
1783748851.703081,151.550
1783748851.723224,151.550
1783748851.743364,151.550
1783748851.763506,151.550
1783748851.783645,151.549
1783748851.803787,151.549
1783748851.823925,151.549
1783748851.844065,151.549
1783748851.864209,151.549
1783748851.884348,151.687
1783748851.904485,151.687
1783748851.924655,151.687
1783748851.944819,151.687
1783748851.964955,151.687
1783748851.985091,152.228
1783748852.005234,152.228
1783748852.025391,152.228
1783748852.045538,152.228
1783748852.065676,152.228
1783748852.085901,152.112
1783748852.106056,152.112
1783748852.126208,152.112
1783748852.146344,152.112
1783748852.166487,152.112
1783748852.186629,152.525
1783748852.206788,152.525
1783748852.226930,152.525
1783748852.247071,152.525
1783748852.267215,152.525
1783748852.287354,152.269
1783748852.307497,152.269
1783748852.327633,152.269
1783748852.347776,152.269
1783748852.367916,152.269
1783748852.388053,152.317
1783748852.408189,152.317
1783748852.428326,152.317
1783748852.448492,152.317
1783748852.468635,152.317
1783748852.488771,152.295
1783748852.508911,152.295
1783748852.529071,152.295
1783748852.549218,152.295
1783748852.569353,152.295
1783748852.589496,152.346
1783748852.609651,152.346
1783748852.629800,152.346
1783748852.649939,152.346
1783748852.670075,152.346
1783748852.690221,152.406
1783748852.710378,152.406
1783748852.730521,152.406
1783748852.750662,152.406
1783748852.770807,152.406
1783748852.790950,152.434
1783748852.811093,152.434
1783748852.831229,152.434
1783748852.851372,152.434
1783748852.871523,152.434
1783748852.891667,152.087
1783748852.911804,152.087
1783748852.931977,152.087
1783748852.952142,152.087
1783748852.972286,152.087
1783748852.992424,152.090
1783748853.012568,152.090
1783748853.032776,152.090
1783748853.052925,152.090
1783748853.073060,152.090
1783748853.093203,152.118
1783748853.113333,152.118
1783748853.133485,152.118
1783748853.153621,152.118
1783748853.173764,152.118
1783748853.193946,151.804
1783748853.214076,151.804
1783748853.234220,151.804
1783748853.254362,151.804
1783748853.274507,151.804
1783748853.294656,152.014
1783748853.314797,152.014
1783748853.334935,152.014
1783748853.355077,152.014
1783748853.375226,152.014
1783748853.395370,152.065
1783748853.415503,152.065
1783748853.435643,152.065
1783748853.455807,152.065
1783748853.475950,152.065
1783748853.496086,151.767
1783748853.516226,151.767
1783748853.536388,151.767
1783748853.556530,151.767
1783748853.576668,151.767
1783748853.596813,151.666
1783748853.616966,151.666
1783748853.637116,151.666
1783748853.657255,151.666
1783748853.677399,151.666
1783748853.697554,151.441
1783748853.717702,151.441
1783748853.737891,151.441
1783748853.758035,151.441
1783748853.778174,151.441
1783748853.798326,151.526
1783748853.818468,151.526
1783748853.838607,151.526
1783748853.858753,151.526
1783748853.878895,151.526
1783748853.899038,151.569
1783748853.919176,151.569
1783748853.939320,151.569
1783748853.959488,151.569
1783748853.979633,151.569
1783748853.999772,151.502
1783748854.019914,151.502
1783748854.040076,151.502
1783748854.060225,151.502
1783748854.080362,151.502
1783748854.100509,151.610
1783748854.120664,151.610
1783748854.140817,151.610
1783748854.160956,151.610
1783748854.181102,151.610
1783748854.201255,151.657
1783748854.221437,151.657
1783748854.241579,151.657
1783748854.261780,151.657
1783748854.281920,151.657
1783748854.302082,151.757
1783748854.322220,151.757
1783748854.342361,151.757
1783748854.362502,151.757
1783748854.382643,151.757
1783748854.402786,151.923
1783748854.422925,151.923
1783748854.443070,151.923
1783748854.463237,151.923
1783748854.483418,151.923
1783748854.503556,151.945
1783748854.523697,151.945
1783748854.543908,151.945
1783748854.564050,151.945
1783748854.584183,151.945
1783748854.604329,152.205
1783748854.624485,152.205
1783748854.644639,152.205
1783748854.664777,152.205
1783748854.684922,152.171
1783748854.705075,152.171
1783748854.725224,152.171
1783748854.745360,152.171
1783748854.765498,152.171
1783748854.785637,151.972
1783748854.805796,151.972
1783748854.825942,151.972
1783748854.846084,151.972
1783748854.866229,151.972
1783748854.886373,152.057
1783748854.906518,152.057
1783748854.926656,152.057
1783748854.946801,152.057
1783748854.966943,152.057
1783748854.987089,152.202
1783748855.007228,152.202
1783748855.027371,152.202
1783748855.047537,152.202
1783748855.067676,152.202
1783748855.087814,151.884
1783748855.107960,151.884
1783748855.128118,151.884
1783748855.148268,151.884
1783748855.168404,151.884
1783748855.188550,152.119
1783748855.208705,152.119
1783748855.228944,152.119
1783748855.249089,152.119
1783748855.269228,152.119
1783748855.289374,152.354
1783748855.309536,152.354
1783748855.329674,152.354
1783748855.349817,152.354
1783748855.369959,152.354
1783748855.390103,152.363
1783748855.410247,152.363
1783748855.430386,152.363
1783748855.450530,152.363
1783748855.470672,152.363
1783748855.490888,152.587
1783748855.511025,152.587
1783748855.531164,152.587
1783748855.551331,152.587
1783748855.571468,152.587
1783748855.591603,152.518
1783748855.611797,152.518
1783748855.631959,152.518
1783748855.652110,152.518
1783748855.672247,152.518
1783748855.692390,152.446
1783748855.712547,152.446
1783748855.732702,152.446
1783748855.752885,152.446
1783748855.773061,152.446
1783748855.793204,152.554
1783748855.813335,152.554
1783748855.833482,152.554
1783748855.853625,152.554
1783748855.873773,152.554
1783748855.893933,152.900
1783748855.914055,152.900
1783748855.934195,152.900
1783748855.954339,152.900
1783748855.974486,152.900
1783748855.994632,152.826
1783748856.014752,152.826
1783748856.034895,152.826
1783748856.055061,152.826
1783748856.075199,152.826
1783748856.095335,153.045
1783748856.115475,153.045
1783748856.135637,153.045
1783748856.155787,153.045
1783748856.175925,153.045
1783748856.196067,153.156
1783748856.216221,153.156
1783748856.236376,153.156
1783748856.256516,153.156
1783748856.276655,153.156
1783748856.296801,153.053
1783748856.316953,153.053
1783748856.337093,153.053
1783748856.357238,153.053
1783748856.377385,153.053
1783748856.397533,152.910
1783748856.417676,152.910
1783748856.437816,152.910
1783748856.457961,152.910
1783748856.478110,152.910
1783748856.498249,152.809
1783748856.518385,152.809
1783748856.538529,152.809
1783748856.558690,152.809
1783748856.578846,152.809
1783748856.598986,152.904
1783748856.619130,152.904
1783748856.639289,152.904
1783748856.659439,152.904
1783748856.679575,152.904
1783748856.699721,152.804
1783748856.719923,152.804
1783748856.740073,152.804
1783748856.760211,152.804
1783748856.780384,152.804
1783748856.800531,153.132
1783748856.820684,153.132
1783748856.840831,153.132
1783748856.860975,153.132
1783748856.881121,153.132
1783748856.901281,152.661
1783748856.921425,152.661
1783748856.941566,152.661
1783748856.961711,152.661
1783748856.981914,152.661
1783748857.002059,152.709
1783748857.022196,152.709
1783748857.042340,152.709
1783748857.062539,152.709
1783748857.082679,152.709
1783748857.102816,152.605
1783748857.122957,152.605
1783748857.143120,152.605
1783748857.163270,152.605
1783748857.183407,152.605
1783748857.203554,152.572
1783748857.223711,152.572
1783748857.243912,152.572
1783748857.264051,152.572
1783748857.284196,152.572
1783748857.304346,152.902
1783748857.324486,152.902
1783748857.344631,152.902
1783748857.364775,152.902
1783748857.384920,152.902
1783748857.405082,152.699
1783748857.425223,152.699
1783748857.445363,152.699
1783748857.465508,152.699
1783748857.485671,152.446
1783748857.505812,152.446
1783748857.525950,152.446
1783748857.546094,152.446
1783748857.566254,152.446
1783748857.586392,152.614
1783748857.606527,152.614
1783748857.626672,152.614
1783748857.647001,152.614
1783748857.667151,152.614
1783748857.687287,152.813
1783748857.707433,152.813
1783748857.727589,152.813
1783748857.747818,152.813
1783748857.767954,152.813
1783748857.788095,152.314
1783748857.808250,152.314
1783748857.828399,152.314
1783748857.848543,152.314
1783748857.868685,152.314
1783748857.888832,152.436
1783748857.908990,152.436
1783748857.929136,152.436
1783748857.949276,152.436
1783748857.969416,152.436
1783748857.989577,152.593
1783748858.009770,152.593
1783748858.029910,152.593
1783748858.050053,152.593
1783748858.070220,152.593
1783748858.090366,152.640
1783748858.110504,152.640
1783748858.130648,152.640
1783748858.150810,152.640
1783748858.170958,152.640
1783748858.191095,152.984
1783748858.211239,152.984
1783748858.231395,152.984
1783748858.251548,152.984
1783748858.271685,152.984
1783748858.291825,152.840
1783748858.311981,152.840
1783748858.332156,152.840
1783748858.352301,152.840
1783748858.372409,152.840
1783748858.392554,152.444
1783748858.412693,152.444
1783748858.432883,152.444
1783748858.453027,152.444
1783748858.473203,152.444
1783748858.493344,152.761
1783748858.513464,152.761
1783748858.533602,152.761
1783748858.553785,152.761
1783748858.573922,152.761
1783748858.594061,152.729
1783748858.614175,152.729
1783748858.634315,152.729
1783748858.654477,152.729
1783748858.674612,152.729
1783748858.694753,152.513
1783748858.714890,152.513
1783748858.735043,152.513
1783748858.755182,152.513
1783748858.775314,152.513
1783748858.795454,152.662
1783748858.815601,152.662
1783748858.835797,152.662
1783748858.855938,152.662
1783748858.876072,152.662
1783748858.896214,152.634
1783748858.916363,152.634
1783748858.936504,152.634
1783748858.956643,152.634
1783748858.976784,152.634
1783748858.996942,152.318
1783748859.017083,152.318
1783748859.037217,152.318
1783748859.057354,152.318
1783748859.077494,152.318
1783748859.097638,152.459
1783748859.117774,152.459
1783748859.137916,152.459
1783748859.158079,152.459
1783748859.178216,152.459
1783748859.198351,152.530
1783748859.218493,152.530
1783748859.238649,152.530
1783748859.258800,152.530
1783748859.278935,152.530
1783748859.299077,152.557
1783748859.319227,152.557
1783748859.339370,152.557
1783748859.359511,152.557
1783748859.379648,152.557
1783748859.399791,153.029
1783748859.419943,153.029
1783748859.440085,153.029
1783748859.460227,153.029
1783748859.480369,153.029
1783748859.500510,152.861
1783748859.520621,152.861
1783748859.540758,152.861
1783748859.560893,152.861
1783748859.581036,152.861
1783748859.601179,152.723
1783748859.621346,152.723
1783748859.641485,152.723
1783748859.661649,152.723
1783748859.681785,152.723
1783748859.701921,152.942
1783748859.722063,152.942
1783748859.742220,152.942
1783748859.762410,152.942
1783748859.782545,152.942
1783748859.802689,152.830
1783748859.822841,152.830
1783748859.842993,152.830
1783748859.863132,152.830
1783748859.883270,152.830
1783748859.903413,152.959
1783748859.923565,152.959
1783748859.943709,152.959
1783748859.963898,152.959
1783748859.984044,152.959
1783748860.004202,153.002
1783748860.024345,153.002
1783748860.044481,153.002
1783748860.064624,153.002
1783748860.084768,153.002
1783748860.104911,152.944
1783748860.125047,152.944
1783748860.145191,152.944
1783748860.165339,152.944
1783748860.185480,152.944
1783748860.205614,152.828
1783748860.225757,152.828
1783748860.245915,152.828
1783748860.266063,152.828
1783748860.286199,152.766
1783748860.306342,152.766
1783748860.326481,152.766
1783748860.346635,152.766
1783748860.366774,152.766
1783748860.386911,152.612
1783748860.407055,152.612
1783748860.427211,152.612
1783748860.447355,152.612
1783748860.467496,152.612
1783748860.487641,152.682
1783748860.507784,152.682
1783748860.527926,152.682
1783748860.548064,152.682
1783748860.568202,152.682
1783748860.588344,152.734
1783748860.608488,152.734
1783748860.628625,152.734
1783748860.648769,152.734
1783748860.668933,152.734
1783748860.689073,152.574
1783748860.709211,152.574
1783748860.729356,152.574
1783748860.749516,152.574
1783748860.769662,152.574
1783748860.789798,152.843
1783748860.809939,152.843
1783748860.830093,152.843
1783748860.850246,152.843
1783748860.870384,152.843
1783748860.890527,153.098
1783748860.910705,153.098
1783748860.930941,153.098
1783748860.951083,153.098
1783748860.971225,153.098
1783748860.991370,153.074
1783748861.011528,153.074
1783748861.031705,153.074
1783748861.051894,153.074
1783748861.071996,153.074
1783748861.092143,152.971
1783748861.112287,152.971
1783748861.132423,152.971
1783748861.152565,152.971
1783748861.172779,152.971
1783748861.192922,153.152
1783748861.213058,153.152
1783748861.233200,153.152
1783748861.253361,153.152
1783748861.273511,153.152
1783748861.293647,152.689
1783748861.313769,152.689
1783748861.333921,152.689
1783748861.354071,152.689
1783748861.374209,152.689
1783748861.394347,152.833
1783748861.414467,152.833
1783748861.434654,152.833
1783748861.454798,152.833
1783748861.474940,152.833
1783748861.495077,152.799
1783748861.515221,152.799
1783748861.535362,152.799
1783748861.555498,152.799
1783748861.575643,152.799
1783748861.595797,152.250
1783748861.615937,152.250
1783748861.636072,152.250
1783748861.656219,152.250
1783748861.676385,152.250
1783748861.696532,152.221
1783748861.716669,152.221
1783748861.736813,152.221
1783748861.756961,152.221
1783748861.777095,152.221
1783748861.797231,152.210
1783748861.817374,152.210
1783748861.837529,152.210
1783748861.857683,152.210
1783748861.877822,152.210
1783748861.897967,152.147
1783748861.918115,152.147
1783748861.938266,152.147
1783748861.958408,152.147
1783748861.978551,152.147
1783748861.998695,152.033
1783748862.018902,152.033
1783748862.039045,152.033
1783748862.059179,152.033
1783748862.079314,152.033
1783748862.099469,152.158
1783748862.119612,152.158
1783748862.139748,152.158
1783748862.159885,152.158
1783748862.180022,152.158
1783748862.200199,151.971
1783748862.220332,151.971
1783748862.240472,151.971
1783748862.260628,151.971
1783748862.280770,151.971
1783748862.300903,152.404
1783748862.321072,152.404
1783748862.341224,152.404
1783748862.361374,152.404
1783748862.381477,152.404
1783748862.401616,152.675
1783748862.421766,152.675
1783748862.441915,152.675
1783748862.462052,152.675
1783748862.482189,152.675
1783748862.502326,151.980
1783748862.522480,151.980
1783748862.542625,151.980
1783748862.562766,151.980
1783748862.582903,151.980
1783748862.603063,152.217
1783748862.623207,152.217
1783748862.643342,152.217
1783748862.663486,152.217
1783748862.683625,152.217
1783748862.703772,152.764
1783748862.723906,152.764
1783748862.744046,152.764
1783748862.764200,152.764
1783748862.784333,152.764
1783748862.804468,152.704
1783748862.824611,152.704
1783748862.844767,152.704
1783748862.864917,152.704
1783748862.885049,152.704
1783748862.905192,153.200
1783748862.925343,153.200
1783748862.945495,153.200
1783748862.965634,153.200
1783748862.985768,153.200
1783748863.005913,152.916
1783748863.026065,152.916
1783748863.046211,152.916
1783748863.066349,152.916
1783748863.086484,152.916
1783748863.106648,152.835
1783748863.126793,152.835
1783748863.146930,152.835
1783748863.167073,152.835
1783748863.187213,152.944
1783748863.207358,152.944
1783748863.227493,152.944
1783748863.247634,152.944
1783748863.267793,152.944
1783748863.287926,152.230
1783748863.308057,152.230
1783748863.328194,152.230
1783748863.348347,152.230
1783748863.368497,152.230
1783748863.388631,151.862
1783748863.408776,151.862
1783748863.428925,151.862
1783748863.449073,151.862
1783748863.469253,151.862
1783748863.489395,152.907
1783748863.509539,152.907
1783748863.529682,152.907
1783748863.549824,152.907
1783748863.569966,152.907
1783748863.590104,152.715
1783748863.610294,152.715
1783748863.630439,152.715
1783748863.650576,152.715
1783748863.670719,152.715
1783748863.690918,152.843
1783748863.711060,152.843
1783748863.731197,152.843
1783748863.751341,152.843
1783748863.771504,152.843
1783748863.791648,152.800
1783748863.811784,152.800
1783748863.831923,152.800
1783748863.852078,152.800
1783748863.872230,152.800
1783748863.892365,152.365
1783748863.912506,152.365
1783748863.932659,152.365
1783748863.952810,152.365
1783748863.972954,152.365
1783748863.993096,152.432
1783748864.013217,152.432
1783748864.033379,152.432
1783748864.053523,152.432
1783748864.073664,152.432
1783748864.093808,152.969
1783748864.113942,152.969
1783748864.134086,152.969
1783748864.154223,152.969
1783748864.174364,152.969
1783748864.194513,152.822
1783748864.214636,152.822
1783748864.234772,152.822
1783748864.254914,152.822
1783748864.275078,152.822
1783748864.295216,153.523
1783748864.315348,153.523
1783748864.335490,153.523
1783748864.355646,153.523
1783748864.375798,153.523
1783748864.395932,153.759
1783748864.416069,153.759
1783748864.436221,153.759
1783748864.456370,153.759
1783748864.476512,153.759
1783748864.496654,153.360
1783748864.516796,153.360
1783748864.536952,153.360
1783748864.557089,153.360
1783748864.577230,153.360
1783748864.597372,153.276
1783748864.617526,153.276
1783748864.637670,153.276
1783748864.657807,153.276
1783748864.677947,153.276
1783748864.698095,153.211
1783748864.718237,153.211
1783748864.738373,153.211
1783748864.758538,153.211
1783748864.778679,153.211
1783748864.798818,152.966
1783748864.818952,152.966
1783748864.839052,152.966
1783748864.859180,152.966
1783748864.879304,152.966
1783748864.899442,152.798
1783748864.919577,152.798
1783748864.939776,152.798
1783748864.959928,152.798
1783748864.980069,152.798
1783748865.000214,153.112
1783748865.020362,153.112
1783748865.040524,153.112
1783748865.060669,153.112
1783748865.080813,153.112
1783748865.100960,153.074
1783748865.121114,153.074
1783748865.141259,153.074
1783748865.161397,153.074
1783748865.181541,153.074
1783748865.201703,153.250
1783748865.221893,153.250
1783748865.242030,153.250
1783748865.262172,153.250
1783748865.282321,153.250
1783748865.302465,153.310
1783748865.322601,153.310
1783748865.342793,153.310
1783748865.362954,153.310
1783748865.383092,153.310
1783748865.403229,152.894
1783748865.423374,152.894
1783748865.443526,152.894
1783748865.463682,152.894
1783748865.483819,152.894
1783748865.503959,152.995
1783748865.524104,152.995
1783748865.544262,152.995
1783748865.564402,152.995
1783748865.584546,152.995
1783748865.604694,152.835
1783748865.624888,152.835
1783748865.645035,152.835
1783748865.665175,152.835
1783748865.685313,152.835
1783748865.705472,152.625
1783748865.725618,152.625
1783748865.745756,152.625
1783748865.765895,152.625
1783748865.786047,152.625
1783748865.806191,152.808
1783748865.826330,152.808
1783748865.846476,152.808
1783748865.866638,152.808
1783748865.886788,152.808
1783748865.906927,153.378
1783748865.927070,153.378
1783748865.947228,153.378
1783748865.967383,153.378
1783748865.987523,153.378
1783748866.007666,153.106
1783748866.027814,153.106
1783748866.048006,153.106
1783748866.068151,153.106
1783748866.088296,153.232
1783748866.108443,153.232
1783748866.128602,153.232
1783748866.148791,153.232
1783748866.168963,153.232
1783748866.189103,152.942
1783748866.209270,152.942
1783748866.229416,152.942
1783748866.249554,152.942
1783748866.269698,152.942
1783748866.289905,152.853
1783748866.310050,152.853
1783748866.330187,152.853
1783748866.350332,152.853
1783748866.370495,152.853
1783748866.390632,152.865
1783748866.410769,152.865
1783748866.430913,152.865
1783748866.451067,152.865
1783748866.471218,152.865
1783748866.491355,152.941
1783748866.511500,152.941
1783748866.531651,152.941
1783748866.551810,152.941
1783748866.571948,152.941
1783748866.592084,152.729
1783748866.612233,152.729
1783748866.632395,152.729
1783748866.652539,152.729
1783748866.672679,152.729
1783748866.692815,152.898
1783748866.712981,152.898
1783748866.733128,152.898
1783748866.753263,152.898
1783748866.773404,152.898
1783748866.793548,153.088
1783748866.813675,153.088
1783748866.833815,153.088
1783748866.853961,153.088
1783748866.874124,153.088
1783748866.894262,152.650
1783748866.914377,152.650
1783748866.934524,152.650
1783748866.954682,152.650
1783748866.974835,152.650
1783748866.994972,152.748
1783748867.015115,152.748
1783748867.035271,152.748
1783748867.055424,152.748
1783748867.075562,152.748
1783748867.095704,152.573
1783748867.115890,152.573
1783748867.136052,152.573
1783748867.156197,152.573
1783748867.176337,152.573
1783748867.196475,152.467
1783748867.216633,152.467
1783748867.236779,152.467
1783748867.256918,152.467
1783748867.277062,152.467
1783748867.297205,152.716
1783748867.317347,152.716
1783748867.337517,152.716
1783748867.357661,152.716
1783748867.377825,152.716
1783748867.397963,152.595
1783748867.418096,152.595
1783748867.438242,152.595
1783748867.458430,152.595
1783748867.478583,152.595
1783748867.498719,152.515
1783748867.518911,152.515
1783748867.539063,152.515
1783748867.559203,152.515
1783748867.579347,152.515
1783748867.599491,153.185
1783748867.619638,153.185
1783748867.639799,153.185
1783748867.659942,153.185
1783748867.680083,153.185
1783748867.700223,153.306
1783748867.720383,153.306
1783748867.740529,153.306
1783748867.760666,153.306
1783748867.780804,153.306
1783748867.800948,153.117
1783748867.821089,153.117
1783748867.841226,153.117
1783748867.861371,153.117
1783748867.881519,153.117
1783748867.901662,153.089
1783748867.921800,153.089
1783748867.941944,153.089
1783748867.962102,153.089
1783748867.982256,153.089
1783748868.002391,153.297
1783748868.022536,153.297
1783748868.042691,153.297
1783748868.062874,153.297
1783748868.083012,153.297
1783748868.103156,153.030
1783748868.123301,153.030
1783748868.143462,153.030
1783748868.163607,153.030
1783748868.183752,153.030
1783748868.203893,153.314
1783748868.224037,153.314
1783748868.244181,153.314
1783748868.264320,153.314
1783748868.284459,153.314
1783748868.304612,153.283
1783748868.324750,153.283
1783748868.344886,153.283
1783748868.365030,153.283
1783748868.385174,153.283
1783748868.405318,153.245
1783748868.425452,153.245
1783748868.445596,153.245
1783748868.465761,153.245
1783748868.485911,153.245
1783748868.506047,153.479
1783748868.526191,153.479
1783748868.546347,153.479
1783748868.566489,153.479
1783748868.586634,153.479
1783748868.606812,153.732
1783748868.626959,153.732
1783748868.647121,153.732
1783748868.667267,153.732
1783748868.687410,153.732
1783748868.707558,153.381
1783748868.727714,153.381
1783748868.747941,153.381
1783748868.768078,153.381
1783748868.788217,153.381
1783748868.808370,153.637
1783748868.828514,153.637
1783748868.848653,153.637
1783748868.868798,153.637
1783748868.888963,153.537
1783748868.909106,153.537
1783748868.929243,153.537
1783748868.949389,153.537
1783748868.969543,153.537
1783748868.989696,153.932
1783748869.009879,153.932
1783748869.030022,153.932
1783748869.050178,153.932
1783748869.070331,153.932
1783748869.090471,154.266
1783748869.110615,154.266
1783748869.130762,154.266
1783748869.150923,154.266
1783748869.171069,154.266
1783748869.191211,154.020
1783748869.211358,154.020
1783748869.231519,154.020
1783748869.251664,154.020
1783748869.271803,154.020
1783748869.291943,153.929
1783748869.312106,153.929
1783748869.332244,153.929
1783748869.352380,153.929
1783748869.372524,153.929
1783748869.392677,153.881
1783748869.412821,153.881
1783748869.432957,153.881
1783748869.453102,153.881
1783748869.473264,153.881
1783748869.493415,153.633
1783748869.513533,153.633
1783748869.533677,153.633
1783748869.553818,153.633
1783748869.573969,153.633
1783748869.594111,153.529
1783748869.614235,153.529
1783748869.634382,153.529
1783748869.654540,153.529
1783748869.674683,153.529
1783748869.694824,153.713
1783748869.714968,153.713
1783748869.735119,153.713
1783748869.755261,153.713
1783748869.775398,153.713
1783748869.795541,153.364
1783748869.815694,153.364
1783748869.835886,153.364
1783748869.856021,153.364
1783748869.876165,153.364
1783748869.896351,153.424
1783748869.916494,153.424
1783748869.936629,153.424
1783748869.956774,153.424
1783748869.976930,153.424
1783748869.997080,153.572
1783748870.017214,153.572
1783748870.037386,153.572
1783748870.057541,153.572
1783748870.077683,153.572
1783748870.097816,153.382
1783748870.117955,153.382
1783748870.138096,153.382
1783748870.158254,153.382
1783748870.178398,153.382
1783748870.198539,153.382
1783748870.218680,153.382
1783748870.238836,153.382
1783748870.258978,153.382
1783748870.279109,153.382
1783748870.299240,153.386
1783748870.319396,153.386
1783748870.339541,153.386
1783748870.359677,153.386
1783748870.379818,153.386
1783748870.399960,153.339
1783748870.420097,153.339
1783748870.440234,153.339
1783748870.460378,153.339
1783748870.480538,153.339
1783748870.500674,153.578
1783748870.520806,153.578
1783748870.540949,153.578
1783748870.561098,153.578
1783748870.581251,153.578
1783748870.601387,153.459
1783748870.621527,153.459
1783748870.641674,153.459
1783748870.661832,153.459
1783748870.681977,153.459
1783748870.702116,152.961
1783748870.722262,152.961
1783748870.742421,152.961
1783748870.762566,152.961
1783748870.782703,152.961
1783748870.802900,153.227
1783748870.823061,153.227
1783748870.843205,153.227
1783748870.863342,153.227
1783748870.883484,153.227
1783748870.903626,153.176
1783748870.923775,153.176
1783748870.943910,153.176
1783748870.964055,153.176
1783748870.984215,153.176
1783748871.004351,152.938
1783748871.024488,152.938
1783748871.044631,152.938
1783748871.064786,152.938
1783748871.084931,152.938
1783748871.105065,152.847
1783748871.125208,152.847
1783748871.145358,152.847
1783748871.165511,152.847
1783748871.185688,152.847
1783748871.205826,152.869
1783748871.225969,152.869
1783748871.246124,152.869
1783748871.266270,152.869
1783748871.286406,152.869
1783748871.306576,152.815
1783748871.326716,152.815
1783748871.346909,152.815
1783748871.367043,152.815
1783748871.387175,152.815
1783748871.407322,153.253
1783748871.427467,153.253
1783748871.447604,153.253
1783748871.467712,153.253
1783748871.487921,153.253
1783748871.508057,152.789
1783748871.528190,152.789
1783748871.548334,152.789
1783748871.568489,152.789
1783748871.588641,152.789
1783748871.608777,152.849
1783748871.628921,152.849
1783748871.649076,152.849
1783748871.669260,152.849
1783748871.689394,152.849
1783748871.709534,153.346
1783748871.729680,153.346
1783748871.749917,153.346
1783748871.770051,153.346
1783748871.790186,153.146
1783748871.810323,153.146
1783748871.830485,153.146
1783748871.850629,153.146
1783748871.870767,153.146
1783748871.890910,153.137
1783748871.911061,153.137
1783748871.931207,153.137
1783748871.951343,153.137
1783748871.971484,153.137
1783748871.991645,153.360
1783748872.011787,153.360
1783748872.031924,153.360
1783748872.052067,153.360
1783748872.072222,153.360
1783748872.092372,153.109
1783748872.112505,153.109
1783748872.132649,153.109
1783748872.152801,153.109
1783748872.172953,153.109
1783748872.193088,153.548
1783748872.213165,153.548
1783748872.233310,153.548
1783748872.253469,153.548
1783748872.273613,153.548
1783748872.293753,152.916
1783748872.313871,152.916
1783748872.334013,152.916
1783748872.354156,152.916
1783748872.374292,152.916
1783748872.394428,152.631
1783748872.414556,152.631
1783748872.434702,152.631
1783748872.454890,152.631
1783748872.475065,152.631
1783748872.495224,152.895
1783748872.515363,152.895
1783748872.535499,152.895
1783748872.555635,152.895
1783748872.575790,152.895
1783748872.595973,153.006
1783748872.616107,153.006
1783748872.636249,153.006
1783748872.656400,153.006
1783748872.676536,153.006
1783748872.696669,153.158
1783748872.716808,153.158
1783748872.736952,153.158
1783748872.757113,153.158
1783748872.777250,153.158
1783748872.797392,153.351
1783748872.817531,153.351
1783748872.837694,153.351
1783748872.857899,153.351
1783748872.878035,153.351
1783748872.898173,153.508
1783748872.918330,153.508
1783748872.938478,153.508
1783748872.958618,153.508
1783748872.978762,153.508
1783748872.998927,153.446
1783748873.019071,153.446
1783748873.039208,153.446
1783748873.059354,153.446
1783748873.079506,153.446
1783748873.099651,153.416
1783748873.119786,153.416
1783748873.139931,153.416
1783748873.160085,153.416
1783748873.180235,153.416
1783748873.200379,153.044
1783748873.220521,153.044
1783748873.240666,153.044
1783748873.260826,153.044
1783748873.280961,153.044
1783748873.301093,153.523
1783748873.321236,153.523
1783748873.341393,153.523
1783748873.361537,153.523
1783748873.381670,153.523
1783748873.401807,153.681
1783748873.421953,153.681
1783748873.442097,153.681
1783748873.462232,153.681
1783748873.482373,153.681
1783748873.502532,154.161
1783748873.522674,154.161
1783748873.542808,154.161
1783748873.562943,154.161
1783748873.583098,154.161
1783748873.603238,154.366
1783748873.623374,154.366
1783748873.643515,154.366
1783748873.663666,154.366
1783748873.683815,154.366
1783748873.703952,154.065
1783748873.724093,154.065
1783748873.744272,154.065
1783748873.764434,154.065
1783748873.784570,154.065
1783748873.804710,154.085
1783748873.824907,154.085
1783748873.845068,154.085
1783748873.865211,154.085
1783748873.885380,154.085
1783748873.905517,153.663
1783748873.925680,153.663
1783748873.945823,153.663
1783748873.965959,153.663
1783748873.986102,153.663
1783748874.006266,153.415
1783748874.026411,153.415
1783748874.046546,153.415
1783748874.066690,153.415
1783748874.086879,153.415
1783748874.107015,153.640
1783748874.127152,153.640
1783748874.147297,153.640
1783748874.167450,153.640
1783748874.187604,153.640
1783748874.207785,153.610
1783748874.227928,153.610
1783748874.248074,153.610
1783748874.268234,153.610
1783748874.288371,153.610
1783748874.308505,153.448
1783748874.328649,153.448
1783748874.348807,153.448
1783748874.368952,153.448
1783748874.389090,153.448
1783748874.409226,153.577
1783748874.429389,153.577
1783748874.449536,153.577
1783748874.469673,153.577
1783748874.489815,153.577
1783748874.509957,153.710
1783748874.530101,153.710
1783748874.550237,153.710
1783748874.570381,153.710
1783748874.590541,153.472
1783748874.610676,153.472
1783748874.630813,153.472
1783748874.650956,153.472
1783748874.671110,153.472
1783748874.691264,153.752
1783748874.711401,153.752
1783748874.731545,153.752
1783748874.751668,153.752
1783748874.771765,153.752
1783748874.791847,153.455
1783748874.811929,153.455
1783748874.832052,153.455
1783748874.852195,153.455
1783748874.872329,153.455
1783748874.892464,153.398
1783748874.912601,153.398
1783748874.932781,153.398
1783748874.952919,153.398
1783748874.973053,153.398
1783748874.993189,153.885
1783748875.013315,153.885
1783748875.033492,153.885
1783748875.053627,153.885
1783748875.073772,153.885
1783748875.093921,153.945
1783748875.114040,153.945
1783748875.134177,153.945
1783748875.154322,153.945
1783748875.174508,153.945
1783748875.194661,153.529
1783748875.214797,153.529
1783748875.234940,153.529
1783748875.255084,153.529
1783748875.275242,153.529
1783748875.295381,153.882
1783748875.315521,153.882
1783748875.335667,153.882
1783748875.355826,153.882
1783748875.375971,153.882
1783748875.396108,153.800
1783748875.416244,153.800
1783748875.436406,153.800
1783748875.456552,153.800
1783748875.476686,153.800
1783748875.496827,153.501
1783748875.516967,153.501
1783748875.537110,153.501
1783748875.557246,153.501
1783748875.577389,153.501
1783748875.597548,154.169
1783748875.617690,154.169
1783748875.637827,154.169
1783748875.657972,154.169
1783748875.678126,154.169
1783748875.698267,154.105
1783748875.718401,154.105
1783748875.738543,154.105
1783748875.758689,154.105
1783748875.778753,154.105
1783748875.798894,153.919
1783748875.819034,153.919
1783748875.839180,153.919
1783748875.859338,153.919
1783748875.879482,153.919
1783748875.899590,154.020
1783748875.919768,154.020
1783748875.939933,154.020
1783748875.960079,154.020
1783748875.980213,154.020
1783748876.000354,154.050
1783748876.020504,154.050
1783748876.040650,154.050
1783748876.060785,154.050
1783748876.080923,154.050
1783748876.101065,153.642
1783748876.121204,153.642
1783748876.141342,153.642
1783748876.161488,153.642
1783748876.181644,153.642
1783748876.201794,154.153
1783748876.221931,154.153
1783748876.242075,154.153
1783748876.262221,154.153
1783748876.282358,154.153
1783748876.302500,154.054
1783748876.322677,154.054
1783748876.342825,154.054
1783748876.362987,154.054
1783748876.383130,154.054
1783748876.403268,153.631
1783748876.423407,153.631
1783748876.443603,153.631
1783748876.463795,153.631
1783748876.483930,153.631
1783748876.504075,153.700
1783748876.524229,153.700
1783748876.544376,153.700
1783748876.564512,153.700
1783748876.584655,153.700
1783748876.604800,153.304
1783748876.624941,153.304
1783748876.645080,153.304
1783748876.665225,153.304
1783748876.685384,153.304
1783748876.705530,153.127
1783748876.725667,153.127
1783748876.745814,153.127
1783748876.765969,153.127
1783748876.786112,153.127
1783748876.806247,153.312
1783748876.826390,153.312
1783748876.846538,153.312
1783748876.866700,153.312
1783748876.886903,153.312
1783748876.907041,153.537
1783748876.927181,153.537
1783748876.947349,153.537
1783748876.967494,153.537
1783748876.987633,153.537
1783748877.007777,153.502
1783748877.027938,153.502
1783748877.048082,153.502
1783748877.068221,153.502
1783748877.088368,153.502
1783748877.108524,153.874
1783748877.128671,153.874
1783748877.148808,153.874
1783748877.168952,153.874
1783748877.189108,153.874
1783748877.209259,153.565
1783748877.229398,153.565
1783748877.249543,153.565
1783748877.269698,153.565
1783748877.289886,153.565
1783748877.310025,153.504
1783748877.330164,153.504
1783748877.350311,153.504
1783748877.370472,153.504
1783748877.390609,153.504
1783748877.410791,153.884
1783748877.430933,153.884
1783748877.451098,153.884
1783748877.471244,153.884
1783748877.491384,154.057
1783748877.511490,154.057
1783748877.531650,154.057
1783748877.551797,154.057
1783748877.571934,154.057
1783748877.592077,153.947
1783748877.612270,153.947
1783748877.632416,153.947
1783748877.652554,153.947
1783748877.672699,153.947
1783748877.692913,154.353
1783748877.713062,154.353
1783748877.733238,154.353
1783748877.753384,154.353
1783748877.773529,154.353
1783748877.793681,154.528
1783748877.813799,154.528
1783748877.833941,154.528
1783748877.854089,154.528
1783748877.874249,154.528
1783748877.894390,154.447
1783748877.914515,154.447
1783748877.934658,154.447
1783748877.954822,154.447
1783748877.974966,154.447
1783748877.995105,154.518
1783748878.015248,154.518
1783748878.035414,154.518
1783748878.055561,154.518
1783748878.075667,154.518
1783748878.095810,154.063
1783748878.115953,154.063
1783748878.136100,154.063
1783748878.156237,154.063
1783748878.176382,154.063
1783748878.196540,154.188
1783748878.216677,154.188
1783748878.236815,154.188
1783748878.256962,154.188
1783748878.277118,154.188
1783748878.297267,154.238
1783748878.317405,154.238
1783748878.337551,154.238
1783748878.357698,154.238
1783748878.377908,154.238
1783748878.398045,154.597
1783748878.418186,154.597
1783748878.438331,154.597
1783748878.458490,154.597
1783748878.478636,154.597
1783748878.498774,154.571
1783748878.518882,154.571
1783748878.539047,154.571
1783748878.559184,154.571
1783748878.579319,154.571
1783748878.599460,154.650
1783748878.619602,154.650
1783748878.639805,154.650
1783748878.659941,154.650
1783748878.680082,154.650
1783748878.700220,154.592
1783748878.720360,154.592
1783748878.740496,154.592
1783748878.760637,154.592
1783748878.780780,154.592
1783748878.800928,154.015
1783748878.821062,154.015
1783748878.841200,154.015
1783748878.861341,154.015
1783748878.881532,154.015
1783748878.901637,154.023
1783748878.921774,154.023
1783748878.941918,154.023
1783748878.962076,154.023
1783748878.982217,154.023
1783748879.002351,153.950
1783748879.022521,153.950
1783748879.042684,153.950
1783748879.062829,153.950
1783748879.082967,153.950
1783748879.103101,153.968
1783748879.123249,153.968
1783748879.143394,153.968
1783748879.163532,153.968
1783748879.183677,153.968
1783748879.203840,154.109
1783748879.223979,154.109
1783748879.244119,154.109
1783748879.264264,154.109
1783748879.284410,154.109
1783748879.304569,154.187
1783748879.324706,154.187
1783748879.344901,154.187
1783748879.365048,154.187
1783748879.385189,154.187
1783748879.405325,153.940
1783748879.425468,153.940
1783748879.445617,153.940
1783748879.465778,153.940
1783748879.485924,153.940
1783748879.506061,154.155
1783748879.526199,154.155
1783748879.546365,154.155
1783748879.566509,154.155
1783748879.586645,154.155
1783748879.606781,153.933
1783748879.626932,153.933
1783748879.647078,153.933
1783748879.667215,153.933
1783748879.687361,153.933
1783748879.707516,153.121
1783748879.727661,153.121
1783748879.747798,153.121
1783748879.767942,153.121
1783748879.788099,153.121
1783748879.808240,153.108
1783748879.828376,153.108
1783748879.848521,153.108
1783748879.868668,153.108
1783748879.888827,153.108
1783748879.908966,153.381
1783748879.929108,153.381
1783748879.949256,153.381
1783748879.969419,153.381
1783748879.989564,153.381
1783748880.009704,153.280
1783748880.029891,153.280
1783748880.050057,153.280
1783748880.070206,153.280
1783748880.090345,153.280
1783748880.110482,153.488
1783748880.130642,153.488
1783748880.150789,153.488
1783748880.170959,153.488
1783748880.191105,153.488
1783748880.211267,153.669
1783748880.231411,153.669
1783748880.251550,153.669
1783748880.271696,153.669
1783748880.291899,153.669
1783748880.312077,153.624
1783748880.332217,153.624
1783748880.352362,153.624
1783748880.372509,153.624
1783748880.392650,153.667
1783748880.412787,153.667
1783748880.432929,153.667
1783748880.453078,153.667
1783748880.473238,153.667
1783748880.493384,153.451
1783748880.513503,153.451
1783748880.533644,153.451
1783748880.553812,153.451
1783748880.573957,153.451
1783748880.594095,153.553
1783748880.614212,153.553
1783748880.634372,153.553
1783748880.654520,153.553
1783748880.674658,153.553
1783748880.694804,154.396
1783748880.714957,154.396
1783748880.735102,154.396
1783748880.755241,154.396
1783748880.775388,154.396
1783748880.795548,154.645
1783748880.815691,154.645
1783748880.835857,154.645
1783748880.856002,154.645
1783748880.876154,154.645
1783748880.896310,154.580
1783748880.916450,154.580
1783748880.936591,154.580
1783748880.956784,154.580
1783748880.976946,154.580
1783748880.997090,154.697
1783748881.017228,154.697
1783748881.037367,154.697
1783748881.057535,154.697
1783748881.077674,154.697
1783748881.097811,154.308
1783748881.117948,154.308
1783748881.138114,154.308
1783748881.158262,154.308
1783748881.178401,154.308
1783748881.198545,154.170
1783748881.218702,154.170
1783748881.238901,154.170
1783748881.259039,154.170
1783748881.279186,154.170
1783748881.299343,153.900
1783748881.319487,153.900
1783748881.339624,153.900
1783748881.359769,153.900
1783748881.379923,153.900
1783748881.400034,153.706
1783748881.420205,153.706
1783748881.440349,153.706
1783748881.460472,153.706
1783748881.480570,153.706
1783748881.500664,154.254
1783748881.520803,154.254
1783748881.540947,154.254
1783748881.561093,154.254
1783748881.581268,154.254
1783748881.601403,154.089
1783748881.621543,154.089
1783748881.641710,154.089
1783748881.661918,154.089
1783748881.682055,154.089
1783748881.702193,154.187
1783748881.722355,154.187
1783748881.742503,154.187
1783748881.762640,154.187
1783748881.782781,154.187
1783748881.802937,154.148
1783748881.823079,154.148
1783748881.843218,154.148
1783748881.863364,154.148
1783748881.883521,154.148
1783748881.903673,154.001
1783748881.923809,154.001
1783748881.943951,154.001
1783748881.964100,154.001
1783748881.984262,154.001
1783748882.004407,153.918
1783748882.024547,153.918
1783748882.044690,153.918
1783748882.064914,153.918
1783748882.085053,153.918
1783748882.105191,154.250
1783748882.125328,154.250
1783748882.145496,154.250
1783748882.165644,154.250
1783748882.185780,154.250
1783748882.205925,154.437
1783748882.226068,154.437
1783748882.246215,154.437
1783748882.266352,154.437
1783748882.286492,154.437
1783748882.306648,154.633
1783748882.326789,154.633
1783748882.346925,154.633
1783748882.367070,154.633
1783748882.387217,154.633
1783748882.407355,154.939
1783748882.427491,154.939
1783748882.447635,154.939
1783748882.467784,154.939
1783748882.487946,154.939
1783748882.508092,154.839
1783748882.528234,154.839
1783748882.548380,154.839
1783748882.568532,154.839
1783748882.588677,154.839
1783748882.608813,154.650
1783748882.628952,154.650
1783748882.649115,154.650
1783748882.669263,154.650
1783748882.689400,154.650
1783748882.709540,154.692
1783748882.729689,154.692
1783748882.749931,154.692
1783748882.770066,154.692
1783748882.790214,154.692
1783748882.810373,154.178
1783748882.830517,154.178
1783748882.850653,154.178
1783748882.870827,154.178
1783748882.890983,154.178
1783748882.911121,154.313
1783748882.931259,154.313
1783748882.951402,154.313
1783748882.971551,154.313
1783748882.991712,154.313
1783748883.011912,154.383
1783748883.032053,154.383
1783748883.052203,154.383
1783748883.072365,154.383
1783748883.092511,154.383
1783748883.112646,154.320
1783748883.132786,154.320
1783748883.152955,154.320
1783748883.173101,154.320
1783748883.193238,154.109
1783748883.213380,154.109
1783748883.233531,154.109
1783748883.253678,154.109
1783748883.273816,154.109
1783748883.293962,154.286
1783748883.314106,154.286
1783748883.334248,154.286
1783748883.354386,154.286
1783748883.374533,154.286
1783748883.394687,154.213
1783748883.414829,154.213
1783748883.434964,154.213
1783748883.455106,154.213
1783748883.475255,154.213
1783748883.495417,154.132
1783748883.515556,154.132
1783748883.535697,154.132
1783748883.555892,154.132
1783748883.576053,154.132
1783748883.596199,154.437
1783748883.616336,154.437
1783748883.636475,154.437
1783748883.656643,154.437
1783748883.676790,154.437
1783748883.696926,153.531
1783748883.717070,153.531
1783748883.737231,153.531
1783748883.757377,153.531
1783748883.777511,153.531
1783748883.797657,153.643
1783748883.817812,153.643
1783748883.837956,153.643
1783748883.858094,153.643
1783748883.878239,153.643
1783748883.898395,153.951
1783748883.918539,153.951
1783748883.938676,153.951
1783748883.958820,153.951
1783748883.978968,153.951
1783748883.999129,153.752
1783748884.019307,153.752
1783748884.039449,153.752
1783748884.059600,153.752
1783748884.079800,153.752
1783748884.099946,153.972
1783748884.120084,153.972
1783748884.140225,153.972
1783748884.160424,153.972
1783748884.180570,153.972
1783748884.200706,154.004
1783748884.220896,154.004
1783748884.241058,154.004
1783748884.261205,154.004
1783748884.281341,154.004
1783748884.301488,153.728
1783748884.321645,153.728
1783748884.341788,153.728
1783748884.361923,153.728
1783748884.382070,153.728
1783748884.402213,153.625
1783748884.422355,153.625
1783748884.442491,153.625
1783748884.462636,153.625
1783748884.482787,153.625
1783748884.502945,153.876
1783748884.523083,153.876
1783748884.543224,153.876
1783748884.563373,153.876
1783748884.583533,153.876
1783748884.603678,153.719
1783748884.623816,153.719
1783748884.643955,153.719
1783748884.664124,153.719
1783748884.684273,153.719
1783748884.704407,154.571
1783748884.724551,154.571
1783748884.744713,154.571
1783748884.764909,154.571
1783748884.785043,154.571
1783748884.805187,154.481
1783748884.825349,154.481
1783748884.845494,154.481
1783748884.865632,154.481
1783748884.885778,154.481
1783748884.905937,154.355
1783748884.926087,154.355
1783748884.946226,154.355
1783748884.966372,154.355
1783748884.986527,154.355
1783748885.006684,154.207
1783748885.026830,154.207
1783748885.046970,154.207
1783748885.067121,154.207
1783748885.087271,154.207
1783748885.107416,154.178
1783748885.127553,154.178
1783748885.147695,154.178
1783748885.167919,154.178
1783748885.188062,154.178
1783748885.208200,154.080
1783748885.228343,154.080
1783748885.248510,154.080
1783748885.268657,154.080
1783748885.288793,154.080
1783748885.308971,154.624
1783748885.329111,154.624
1783748885.349255,154.624
1783748885.369393,154.624
1783748885.389534,154.624
1783748885.409687,154.754
1783748885.429833,154.754
1783748885.450005,154.754
1783748885.470151,154.754
1783748885.490306,154.754
1783748885.510459,154.637
1783748885.530598,154.637
1783748885.550789,154.637
1783748885.570937,154.637
1783748885.591100,154.637
1783748885.611243,154.621
1783748885.631382,154.621
1783748885.651527,154.621
1783748885.671695,154.621
1783748885.691899,154.621
1783748885.712035,154.482
1783748885.732173,154.482
1783748885.752340,154.482
1783748885.772487,154.482
1783748885.792623,154.482
1783748885.812774,154.507
1783748885.832916,154.507
1783748885.853091,154.507
1783748885.873229,154.507
1783748885.893377,154.507
1783748885.913525,154.600
1783748885.933661,154.600
1783748885.953797,154.600
1783748885.973942,154.600
1783748885.994098,154.291
1783748886.014244,154.291
1783748886.034380,154.291
1783748886.054524,154.291
1783748886.074663,154.291
1783748886.094823,154.104
1783748886.114960,154.104
1783748886.135100,154.104
1783748886.155243,154.104
1783748886.175409,154.104
1783748886.195555,154.201
1783748886.215692,154.201
1783748886.235861,154.201
1783748886.256029,154.201
1783748886.276176,154.201
1783748886.296314,154.250
1783748886.316451,154.250
1783748886.336599,154.250
1783748886.356795,154.250
1783748886.376932,154.250
1783748886.397079,154.103
1783748886.417225,154.103
1783748886.437366,154.103
1783748886.457503,154.103
1783748886.477648,154.103
1783748886.497805,153.674
1783748886.517951,153.674
1783748886.538088,153.674
1783748886.558228,153.674
1783748886.578375,153.674
1783748886.598568,153.658
1783748886.618706,153.658
1783748886.638894,153.658
1783748886.659001,153.658
1783748886.679133,153.658
1783748886.699234,153.578
1783748886.719373,153.578
1783748886.739486,153.578
1783748886.759629,153.578
1783748886.779746,153.578
1783748886.799841,153.075
1783748886.819954,153.075
1783748886.840079,153.075
1783748886.860203,153.075
1783748886.880314,153.075
1783748886.900418,153.045
1783748886.920549,153.045
1783748886.940666,153.045
1783748886.960779,153.045
1783748886.980899,153.045
1783748887.001027,153.464
1783748887.021147,153.464
1783748887.041257,153.464
1783748887.061375,153.464
1783748887.081496,153.464
1783748887.101605,153.847
1783748887.121719,153.847
1783748887.141867,153.847
1783748887.161984,153.847
1783748887.182102,153.847
1783748887.202216,153.573
1783748887.222327,153.573
1783748887.242441,153.573
1783748887.262583,153.573
1783748887.285758,153.573
1783748887.305871,153.337
1783748887.325984,153.337
1783748887.346118,153.337
1783748887.366240,153.337
1783748887.386332,153.337
1783748887.406446,153.312
1783748887.426576,153.312
1783748887.446692,153.312
1783748887.466805,153.312
1783748887.486904,153.312
1783748887.507037,153.426
1783748887.527154,153.426
1783748887.547263,153.426
1783748887.567383,153.426
1783748887.587491,153.426
1783748887.607610,153.361
1783748887.627755,153.361
1783748887.647873,153.361
1783748887.667996,153.361
1783748887.688095,153.361
1783748887.708207,153.239
1783748887.728319,153.239
1783748887.748433,153.239
1783748887.768577,153.239
1783748887.788671,153.239
1783748887.808782,153.244
1783748887.828896,153.244
1783748887.849033,153.244
1783748887.869156,153.244
1783748887.889277,153.244
1783748887.909399,154.085
1783748887.929535,154.085
1783748887.949655,154.085
1783748887.969766,154.085
1783748887.989864,154.085
1783748888.010024,153.900
1783748888.030151,153.900
1783748888.050261,153.900
1783748888.070381,153.900
1783748888.090488,153.900
1783748888.110618,153.962
1783748888.130769,153.962
1783748888.150887,153.962
1783748888.171009,153.962
1783748888.191113,153.962
1783748888.211231,153.971
1783748888.231342,153.971
1783748888.251456,153.971
1783748888.271600,153.971
1783748888.291696,153.971
1783748888.311807,153.741
1783748888.331920,153.741
1783748888.352056,153.741
1783748888.372179,153.741
1783748888.392271,153.741
1783748888.412387,154.109
1783748888.432524,154.109
1783748888.452645,154.109
1783748888.472759,154.109
1783748888.492860,154.109
1783748888.512995,153.969
1783748888.533112,153.969
1783748888.553224,153.969
1783748888.573344,153.969
1783748888.593450,153.969
1783748888.613573,153.994
1783748888.633687,153.994
1783748888.653803,153.994
1783748888.673927,153.994
1783748888.694027,153.994
1783748888.714139,154.355
1783748888.734251,154.355
1783748888.754365,154.355
1783748888.774507,154.355
1783748888.794601,154.355
1783748888.814714,154.603
1783748888.834886,154.603
1783748888.855053,154.603
1783748888.875201,154.603
1783748888.895300,154.200
1783748888.915416,154.200
1783748888.935554,154.200
1783748888.955674,154.200
1783748888.975787,154.200
1783748888.995888,154.152
1783748889.016018,154.152
1783748889.036146,154.152
1783748889.056259,154.152
1783748889.076371,154.152
1783748889.096466,154.301
1783748889.116579,154.301
1783748889.136698,154.301
1783748889.156877,154.301
1783748889.177002,154.301
1783748889.197107,154.152
1783748889.217224,154.152
1783748889.237337,154.152
1783748889.257451,154.152
1783748889.277595,154.152
1783748889.297756,153.891
1783748889.317867,153.891
1783748889.337980,153.891
1783748889.358122,153.891
1783748889.378245,153.891
1783748889.398340,154.009
1783748889.418452,154.009
1783748889.438590,154.009
1783748889.458712,154.009
1783748889.478860,154.009
1783748889.498961,153.907
1783748889.519092,153.907
1783748889.539210,153.907
1783748889.559319,153.907
1783748889.579439,153.907
1783748889.599540,153.967
1783748889.619653,153.967
1783748889.639765,153.967
1783748889.659880,153.967
1783748889.680004,153.967
1783748889.700128,154.259
1783748889.720242,154.259
1783748889.740353,154.259
1783748889.760472,154.259
1783748889.780587,154.259
1783748889.800701,154.182
1783748889.820811,154.182
1783748889.840923,154.182
1783748889.861061,154.182
1783748889.881185,154.182
1783748889.901279,154.314
1783748889.921396,154.314
1783748889.941520,154.314
1783748889.961644,154.314
1783748889.981757,154.314
1783748890.001875,154.308
1783748890.022006,154.308
1783748890.042123,154.308
1783748890.062237,154.308
1783748890.082355,154.308
1783748890.102477,153.839
1783748890.122622,153.839
1783748890.142768,153.839
1783748890.162884,153.839
1783748890.182979,153.839
1783748890.203105,154.045
1783748890.223224,154.045
1783748890.243335,154.045
1783748890.263456,154.045
1783748890.285756,154.045
1783748890.305874,154.268
1783748890.325985,154.268
1783748890.346098,154.268
1783748890.366240,154.268
1783748890.386337,154.268
1783748890.406449,154.264
1783748890.426564,154.264
1783748890.446716,154.264
1783748890.466878,154.264
1783748890.486972,154.264
1783748890.507095,154.656
1783748890.527212,154.656
1783748890.547328,154.656
1783748890.567438,154.656
1783748890.587570,154.656
1783748890.607679,154.622
1783748890.627785,154.622
1783748890.647897,154.622
1783748890.668015,154.622
1783748890.688112,154.622
1783748890.708226,154.189
1783748890.728345,154.189
1783748890.748457,154.189
1783748890.768578,154.189
1783748890.788681,154.189
1783748890.808801,154.470
1783748890.828912,154.470
1783748890.849025,154.470
1783748890.869165,154.470
1783748890.889262,154.470
1783748890.909375,154.307
1783748890.929495,154.307
1783748890.949625,154.307
1783748890.969777,154.307
1783748890.989868,154.307
1783748891.009991,153.974
1783748891.030125,153.974
1783748891.050243,153.974
1783748891.070355,153.974
1783748891.090457,153.974
1783748891.110590,154.296
1783748891.130710,154.296
1783748891.150857,154.296
1783748891.170974,154.296
1783748891.191074,154.296
1783748891.211206,154.148
1783748891.231340,154.148
1783748891.251477,154.148
1783748891.271624,154.148
1783748891.291778,154.148
1783748891.311923,154.001
1783748891.332058,154.001
1783748891.352195,154.001
1783748891.372359,154.001
1783748891.392497,154.001
1783748891.412631,154.050
1783748891.432769,154.050
1783748891.452923,154.050
1783748891.473070,154.050
1783748891.493204,154.050
1783748891.513342,154.042
1783748891.533481,154.042
1783748891.553622,154.042
1783748891.573761,154.042
1783748891.593904,154.042
1783748891.614055,153.996
1783748891.634200,153.996
1783748891.654336,153.996
1783748891.674478,153.996
1783748891.694625,153.996
1783748891.714764,154.282
1783748891.734940,154.282
1783748891.755076,154.282
1783748891.775219,154.282
1783748891.795359,154.282
1783748891.815501,153.921
1783748891.835637,153.921
1783748891.855808,153.921
1783748891.875973,153.921
1783748891.896120,154.392
1783748891.916256,154.392
1783748891.936398,154.392
1783748891.956553,154.392
1783748891.976699,154.392
1783748891.996919,154.648
1783748892.017060,154.648
1783748892.037218,154.648
1783748892.057359,154.648
1783748892.077492,154.648
1783748892.097635,154.517
1783748892.117783,154.517
1783748892.137930,154.517
1783748892.158064,154.517
1783748892.178207,154.517
1783748892.198354,154.615
1783748892.218508,154.615
1783748892.238653,154.615
1783748892.258791,154.615
1783748892.278932,154.615
1783748892.299091,154.636
1783748892.319232,154.636
1783748892.339366,154.636
1783748892.359505,154.636
1783748892.379671,154.636
1783748892.399814,154.272
1783748892.419949,154.272
1783748892.440091,154.272
1783748892.460254,154.272
1783748892.480401,154.272
1783748892.500538,154.411
1783748892.520682,154.411
1783748892.540833,154.411
1783748892.560974,154.411
1783748892.581109,154.411
1783748892.601251,154.731
1783748892.621390,154.731
1783748892.641539,154.731
1783748892.661675,154.731
1783748892.681814,154.731
1783748892.701961,154.524
1783748892.722102,154.524
1783748892.742246,154.524
1783748892.762385,154.524
1783748892.782528,154.524
1783748892.802680,154.289
1783748892.822815,154.289
1783748892.842949,154.289
1783748892.863087,154.289
1783748892.883227,154.289
1783748892.903372,154.592
1783748892.923506,154.592
1783748892.943647,154.592
1783748892.963810,154.592
1783748892.983956,154.592
1783748893.004092,154.435
1783748893.024270,154.435
1783748893.044427,154.435
1783748893.064574,154.435
1783748893.084709,154.435
1783748893.104901,154.691
1783748893.125054,154.691
1783748893.145237,154.691
1783748893.165374,154.691
1783748893.185518,154.691
1783748893.205663,154.834
1783748893.225818,154.834
1783748893.245962,154.834
1783748893.266102,154.834
1783748893.286246,154.834
1783748893.306404,154.641
1783748893.326539,154.641
1783748893.346672,154.641
1783748893.366817,154.641
1783748893.386985,154.641
1783748893.407128,154.442
1783748893.427263,154.442
1783748893.447403,154.442
1783748893.467564,154.442
1783748893.487710,154.442
1783748893.507895,154.527
1783748893.528033,154.527
1783748893.548171,154.527
1783748893.568313,154.527
1783748893.588449,154.527
1783748893.608593,154.326
1783748893.628698,154.326
1783748893.648786,154.326
1783748893.668910,154.326
1783748893.689056,154.326
1783748893.709205,154.511
1783748893.729360,154.511
1783748893.749496,154.511
1783748893.769639,154.511
1783748893.789788,154.511
1783748893.809949,154.836
1783748893.830085,154.836
1783748893.850222,154.836
1783748893.870368,154.836
1783748893.890537,154.836
1783748893.910685,154.794
1783748893.930823,154.794
1783748893.950962,154.794
1783748893.971126,154.794
1783748893.991274,154.794
1783748894.011379,154.593
1783748894.031486,154.593
1783748894.051616,154.593
1783748894.071768,154.593
1783748894.091905,154.593
1783748894.112051,154.468
1783748894.132204,154.468
1783748894.152344,154.468
1783748894.172486,154.468
1783748894.192632,154.468
1783748894.212781,153.592
1783748894.232942,153.592
1783748894.253078,153.592
1783748894.273220,153.592
1783748894.293404,153.592
1783748894.313557,153.796
1783748894.333692,153.796
1783748894.353829,153.796
1783748894.373942,153.796
1783748894.394085,153.796
1783748894.414219,154.112
1783748894.434414,154.112
1783748894.454553,154.112
1783748894.474720,154.112
1783748894.494915,154.112
1783748894.515055,154.144
1783748894.535196,154.144
1783748894.555346,154.144
1783748894.575496,154.144
1783748894.595634,154.144
1783748894.615778,154.355
1783748894.635935,154.355
1783748894.656076,154.355
1783748894.676216,154.355
1783748894.696326,154.355
1783748894.716461,154.336
1783748894.736604,154.336
1783748894.756781,154.336
1783748894.776921,154.336
1783748894.797069,154.346
1783748894.817220,154.346
1783748894.837366,154.346
1783748894.857504,154.346
1783748894.877649,154.346
1783748894.897817,154.214
1783748894.917957,154.214
1783748894.938093,154.214
1783748894.958230,154.214
1783748894.978393,154.214
1783748894.998541,154.358
1783748895.018678,154.358
1783748895.038760,154.358
1783748895.058915,154.358
1783748895.079050,154.358
1783748895.099188,153.773
1783748895.119329,153.773
1783748895.139485,153.773
1783748895.159629,153.773
1783748895.179767,153.773
1783748895.199913,154.244
1783748895.220061,154.244
1783748895.240222,154.244
1783748895.260360,154.244
1783748895.280504,154.244
1783748895.300653,154.149
1783748895.320807,154.149
1783748895.340947,154.149
1783748895.361053,154.149
1783748895.381160,154.149
1783748895.401294,154.205
1783748895.421435,154.205
1783748895.441570,154.205
1783748895.461710,154.205
1783748895.481924,154.205
1783748895.502073,154.278
1783748895.522209,154.278
1783748895.542351,154.278
1783748895.562501,154.278
1783748895.582682,154.278
1783748895.602822,154.346
1783748895.622966,154.346
1783748895.643125,154.346
1783748895.663267,154.346
1783748895.683416,154.346
1783748895.703557,154.426
1783748895.723805,154.426
1783748895.743960,154.426
1783748895.764098,154.426
1783748895.784238,154.426
1783748895.804384,154.638
1783748895.824492,154.638
1783748895.844635,154.638
1783748895.864772,154.638
1783748895.884917,154.638
1783748895.905083,154.505
1783748895.925222,154.505
1783748895.945356,154.505
1783748895.965493,154.505
1783748895.985659,154.505
1783748896.005805,154.609
1783748896.025938,154.609
1783748896.046079,154.609
1783748896.066236,154.609
1783748896.086378,154.609
1783748896.106515,155.044
1783748896.126653,155.044
1783748896.146810,155.044
1783748896.166954,155.044
1783748896.187091,155.044
1783748896.207233,155.198
1783748896.227385,155.198
1783748896.247540,155.198
1783748896.267677,155.198
1783748896.287818,155.198
1783748896.307966,155.424
1783748896.328105,155.424
1783748896.348238,155.424
1783748896.368372,155.424
1783748896.388514,155.424
1783748896.408676,155.604
1783748896.428813,155.604
1783748896.448949,155.604
1783748896.469086,155.604
1783748896.489252,155.604
1783748896.509397,155.773
1783748896.529533,155.773
1783748896.549672,155.773
1783748896.569819,155.773
1783748896.589967,155.773
1783748896.610105,155.456
1783748896.630244,155.456
1783748896.650402,155.456
1783748896.670547,155.456
1783748896.690680,155.456
1783748896.710821,155.209
1783748896.730973,155.209
1783748896.751124,155.209
1783748896.771261,155.209
1783748896.791403,155.209
1783748896.811550,154.955
1783748896.831692,154.955
1783748896.851862,154.955
1783748896.872031,154.955
1783748896.892175,154.955
1783748896.912340,154.479
1783748896.932484,154.479
1783748896.952620,154.479
1783748896.972764,154.479
1783748896.992959,154.479
1783748897.013105,154.568
1783748897.033207,154.568
1783748897.053343,154.568
1783748897.073501,154.568
1783748897.093645,154.568
1783748897.113780,154.565
1783748897.133922,154.565
1783748897.154079,154.565
1783748897.174227,154.565
1783748897.194363,154.565
1783748897.214505,154.136
1783748897.234659,154.136
1783748897.254809,154.136
1783748897.274953,154.136
1783748897.295093,154.136
1783748897.315235,154.580
1783748897.335376,154.580
1783748897.355519,154.580
1783748897.375630,154.580
1783748897.395762,154.580
1783748897.415891,154.375
1783748897.436032,154.375
1783748897.456168,154.375
1783748897.476313,154.375
1783748897.496480,154.375
1783748897.516625,154.161
1783748897.536762,154.161
1783748897.556901,154.161
1783748897.577065,154.161
1783748897.597214,154.161
1783748897.617350,154.291
1783748897.637494,154.291
1783748897.657636,154.291
1783748897.677788,154.291
1783748897.697927,154.492
1783748897.718032,154.492
1783748897.738146,154.492
1783748897.758263,154.492
1783748897.778397,154.492
1783748897.798533,154.237
1783748897.818677,154.237
1783748897.838816,154.237
1783748897.858951,154.237
1783748897.879056,154.237
1783748897.899196,154.575
1783748897.919350,154.575
1783748897.939496,154.575
1783748897.959632,154.575
1783748897.979779,154.575
1783748897.999947,154.428
1783748898.020091,154.428
1783748898.040226,154.428
1783748898.060332,154.428
1783748898.080475,154.428
1783748898.100621,154.591
1783748898.120756,154.591
1783748898.140901,154.591
1783748898.161081,154.591
1783748898.181234,154.591
1783748898.201372,155.097
1783748898.221512,155.097
1783748898.241667,155.097
1783748898.261806,155.097
1783748898.281971,155.097
1783748898.302115,154.395
1783748898.322263,154.395
1783748898.342410,154.395
1783748898.362547,154.395
1783748898.382689,154.395
1783748898.402782,154.035
1783748898.422921,154.035
1783748898.443066,154.035
1783748898.463202,154.035
1783748898.483349,154.035
1783748898.503517,154.312
1783748898.523663,154.312
1783748898.543800,154.312
1783748898.563938,154.312
1783748898.584103,154.312
1783748898.604252,154.252
1783748898.624388,154.252
1783748898.644537,154.252
1783748898.664690,154.252
1783748898.684871,154.252
1783748898.705008,154.200
1783748898.725154,154.200
1783748898.745310,154.200
1783748898.765448,154.200
1783748898.785585,154.200
1783748898.805783,154.789
1783748898.825931,154.789
1783748898.846094,154.789
1783748898.866231,154.789
1783748898.886372,154.789
1783748898.906521,154.822
1783748898.926663,154.822
1783748898.946808,154.822
1783748898.966943,154.822
1783748898.987090,154.822
1783748899.007255,154.685
1783748899.027401,154.685
1783748899.047539,154.685
1783748899.067679,154.685
1783748899.087839,154.685
1783748899.107945,154.921
1783748899.128040,154.921
1783748899.148132,154.921
1783748899.168268,154.921
1783748899.188424,154.921
1783748899.208560,154.865
1783748899.228705,154.865
1783748899.248904,154.865
1783748899.269042,154.865
1783748899.289173,154.865
1783748899.309313,154.971
1783748899.329449,154.971
1783748899.349607,154.971
1783748899.369789,154.971
1783748899.389928,154.971
1783748899.410073,154.961
1783748899.430246,154.961
1783748899.450387,154.961
1783748899.470518,154.961
1783748899.490658,154.961
1783748899.510822,155.038
1783748899.530960,155.038
1783748899.551095,155.038
1783748899.571263,155.038
1783748899.591422,155.038
1783748899.611569,154.877
1783748899.631702,154.877
1783748899.651888,154.877
1783748899.672041,154.877
1783748899.692189,154.877
1783748899.712325,155.136
1783748899.732469,155.136
1783748899.752621,155.136
1783748899.772762,155.136
1783748899.792899,155.136
1783748899.813041,154.983
1783748899.833183,154.983
1783748899.853342,154.983
1783748899.873478,154.983
1783748899.893617,154.983
1783748899.913761,155.180
1783748899.933910,155.180
1783748899.954082,155.180
1783748899.974217,155.180
1783748899.994360,155.180
1783748900.014515,155.510
1783748900.034660,155.510
1783748900.054795,155.510
1783748900.074931,155.510
1783748900.095094,155.510
1783748900.115238,155.198
1783748900.135372,155.198
1783748900.155515,155.198
1783748900.175674,155.198
1783748900.195822,155.198
1783748900.215956,155.166
1783748900.236100,155.166
1783748900.256255,155.166
1783748900.276400,155.166
1783748900.296536,155.166
1783748900.316675,155.092
1783748900.336818,155.092
1783748900.356977,155.092
1783748900.377114,155.092
1783748900.397255,155.092
1783748900.417401,154.998
1783748900.437546,154.998
1783748900.457690,154.998
1783748900.477853,154.998
1783748900.497993,154.998
1783748900.518149,155.239
1783748900.538287,155.239
1783748900.558420,155.239
1783748900.578562,155.239
1783748900.598776,155.256
1783748900.618920,155.256
1783748900.639054,155.256
1783748900.659199,155.256
1783748900.679358,155.256
1783748900.699506,155.003
1783748900.719644,155.003
1783748900.739788,155.003
1783748900.759941,155.003
1783748900.780082,155.003
1783748900.800219,155.345
1783748900.820361,155.345
1783748900.840505,155.345
1783748900.860701,155.345
1783748900.880745,155.345
1783748900.900831,155.364
1783748900.920963,155.364
1783748900.941124,155.364
1783748900.961269,155.364
1783748900.981406,155.364
1783748901.001551,154.615
1783748901.021710,154.615
1783748901.041910,154.615
1783748901.062045,154.615
1783748901.082214,154.615
1783748901.102374,154.749
1783748901.122519,154.749
1783748901.142654,154.749
1783748901.162798,154.749
1783748901.182959,154.749
1783748901.203108,154.437
1783748901.223244,154.437
1783748901.243389,154.437
1783748901.263541,154.437
1783748901.283683,154.437
1783748901.303821,154.424
1783748901.323964,154.424
1783748901.344114,154.424
1783748901.364265,154.424
1783748901.384408,154.424
1783748901.404550,154.612
1783748901.424696,154.612
1783748901.444895,154.612
1783748901.465028,154.612
1783748901.485164,154.612
1783748901.505308,154.565
1783748901.525471,154.565
1783748901.545606,154.565
1783748901.565782,154.565
1783748901.585925,154.565
1783748901.606090,154.376
1783748901.626237,154.376
1783748901.646370,154.376
1783748901.666506,154.376
1783748901.686666,154.376
1783748901.706815,154.451
1783748901.726949,154.451
1783748901.747092,154.451
1783748901.767235,154.451
1783748901.787376,154.451
1783748901.807511,154.291
1783748901.827657,154.291
1783748901.847812,154.291
1783748901.867951,154.291
1783748901.888095,154.291
1783748901.908237,154.229
1783748901.928380,154.229
1783748901.948539,154.229
1783748901.968675,154.229
1783748901.988812,154.229
1783748902.008986,154.661
1783748902.029151,154.661
1783748902.049295,154.661
1783748902.069429,154.661
1783748902.089567,154.661
1783748902.109846,154.957
1783748902.129979,154.957
1783748902.150089,154.957
1783748902.170221,154.957
1783748902.190375,154.957
1783748902.210522,154.817
1783748902.230658,154.817
1783748902.250805,154.817
1783748902.270957,154.817
1783748902.291100,154.817
1783748902.311239,155.038
1783748902.331379,155.038
1783748902.351534,155.038
1783748902.371674,155.038
1783748902.391809,155.038
1783748902.411949,154.581
1783748902.432090,154.581
1783748902.452251,154.581
1783748902.472387,154.581
1783748902.492524,154.581
1783748902.512671,154.545
1783748902.532837,154.545
1783748902.552975,154.545
1783748902.573111,154.545
1783748902.593257,154.545
1783748902.613415,155.052
1783748902.633549,155.052
1783748902.653685,155.052
1783748902.673823,155.052
1783748902.693984,155.052
1783748902.714129,155.359
1783748902.734264,155.359
1783748902.754406,155.359
1783748902.774553,155.359
1783748902.794696,155.359
1783748902.814876,155.328
1783748902.835011,155.328
1783748902.855160,155.328
1783748902.875297,155.328
1783748902.895433,155.328
1783748902.915572,155.338
1783748902.935714,155.338
1783748902.955921,155.338
1783748902.976056,155.338
1783748902.996196,155.338
1783748903.016333,155.176
1783748903.036495,155.176
1783748903.056639,155.176
1783748903.076769,155.176
1783748903.096910,155.176
1783748903.117066,154.839
1783748903.137204,154.839
1783748903.157337,154.839
1783748903.177475,154.839
1783748903.197638,154.839
1783748903.217782,154.549
1783748903.237918,154.549
1783748903.258064,154.549
1783748903.278217,154.549
1783748903.298399,154.549
1783748903.318535,154.487
1783748903.338680,154.487
1783748903.358835,154.487
1783748903.378977,154.487
1783748903.399113,154.603
1783748903.419287,154.603
1783748903.439433,154.603
1783748903.459594,154.603
1783748903.479779,154.603
1783748903.499923,154.554
1783748903.520065,154.554
1783748903.540208,154.554
1783748903.560344,154.554
1783748903.580481,154.554
1783748903.600628,154.575
1783748903.620791,154.575
1783748903.640929,154.575
1783748903.661065,154.575
1783748903.681205,154.575
1783748903.701372,154.386
1783748903.721481,154.386
1783748903.741614,154.386
1783748903.761761,154.386
1783748903.781903,154.386
1783748903.802056,154.449
1783748903.822193,154.449
1783748903.842340,154.449
1783748903.862498,154.449
1783748903.882639,154.449
1783748903.902784,154.493
1783748903.922930,154.493
1783748903.943077,154.493
1783748903.963230,154.493
1783748903.983370,154.493
1783748904.003513,154.396
1783748904.023662,154.396
1783748904.043824,154.396
1783748904.063967,154.396
1783748904.084103,154.396
1783748904.104249,154.323
1783748904.124413,154.323
1783748904.144556,154.323
1783748904.164693,154.323
1783748904.184896,154.323
1783748904.205063,154.552
1783748904.225209,154.552
1783748904.245344,154.552
1783748904.265489,154.552
1783748904.285633,154.552
1783748904.305784,154.441
1783748904.325922,154.441
1783748904.346066,154.441
1783748904.366220,154.441
1783748904.386365,154.441
1783748904.406503,154.932
1783748904.426640,154.932
1783748904.446787,154.932
1783748904.466941,154.932
1783748904.487081,154.932
1783748904.507223,155.260
1783748904.527373,155.260
1783748904.547520,155.260
1783748904.567690,155.260
1783748904.587852,155.260
1783748904.607998,155.090
1783748904.628166,155.090
1783748904.648310,155.090
1783748904.668444,155.090
1783748904.688589,155.090
1783748904.708786,155.270
1783748904.728930,155.270
1783748904.749066,155.270
1783748904.769209,155.270
1783748904.789365,155.270
1783748904.809507,154.740
1783748904.829643,154.740
1783748904.849788,154.740
1783748904.869940,154.740
1783748904.890091,154.740
1783748904.910230,154.267
1783748904.930369,154.267
1783748904.950515,154.267
1783748904.970667,154.267
1783748904.990811,154.267
1783748905.010952,154.585
1783748905.031099,154.585
1783748905.051259,154.585
1783748905.071401,154.585
1783748905.091538,154.585
1783748905.111680,154.881
1783748905.131820,154.881
1783748905.151963,154.881
1783748905.172097,154.881
1783748905.192239,154.881
1783748905.212402,154.722
1783748905.232549,154.722
1783748905.252686,154.722
1783748905.272828,154.722
1783748905.292984,154.722
1783748905.313132,154.924
1783748905.333266,154.924
1783748905.353410,154.924
1783748905.373550,154.924
1783748905.393697,154.924
1783748905.413882,154.499
1783748905.434019,154.499
1783748905.454165,154.499
1783748905.474301,154.499
1783748905.494444,154.499
1783748905.514584,154.362
1783748905.534784,154.362
1783748905.554924,154.362
1783748905.575057,154.362
1783748905.595193,154.362
1783748905.615334,154.378
1783748905.635497,154.378
1783748905.655640,154.378
1783748905.675774,154.378
1783748905.695917,154.378
1783748905.716074,154.212
1783748905.736218,154.212
1783748905.756352,154.212
1783748905.776462,154.212
1783748905.796620,154.212
1783748905.816761,154.171
1783748905.836896,154.171
1783748905.857074,154.171
1783748905.877216,154.171
1783748905.897368,154.171
1783748905.917505,154.923
1783748905.937648,154.923
1783748905.957795,154.923
1783748905.977932,154.923
1783748905.998107,154.923
1783748906.018247,155.066
1783748906.038394,155.066
1783748906.058553,155.066
1783748906.078687,155.066
1783748906.098824,155.066
1783748906.118965,154.764
1783748906.139110,154.764
1783748906.159254,154.764
1783748906.179388,154.764
1783748906.199531,154.764
1783748906.219691,155.105
1783748906.239865,155.105
1783748906.260001,155.105
1783748906.280139,155.105
1783748906.300299,154.804
1783748906.320444,154.804
1783748906.340578,154.804
1783748906.360777,154.804
1783748906.380928,154.804
1783748906.401068,154.672
1783748906.421202,154.672
1783748906.441343,154.672
1783748906.461496,154.672
1783748906.481635,154.672
1783748906.501778,154.909
1783748906.521918,154.909
1783748906.542056,154.909
1783748906.562197,154.909
1783748906.582332,154.909
1783748906.602468,154.983
1783748906.622608,154.983
1783748906.642751,154.983
1783748906.662894,154.983
1783748906.683030,154.983
1783748906.703174,155.131
1783748906.723337,155.131
1783748906.743486,155.131
1783748906.763621,155.131
1783748906.783759,155.131
1783748906.803919,155.519
1783748906.824062,155.519
1783748906.844198,155.519
1783748906.864340,155.519
1783748906.884489,155.519
1783748906.904640,155.216
1783748906.924775,155.216
1783748906.944917,155.216
1783748906.965068,155.216
1783748906.985180,155.216
1783748907.005277,155.132
1783748907.025365,155.132
1783748907.045483,155.132
1783748907.065629,155.132
1783748907.085767,155.132
1783748907.105903,155.374
1783748907.126045,155.374
1783748907.146234,155.374
1783748907.166377,155.374
1783748907.186513,155.374
1783748907.206658,154.996
1783748907.226822,154.996
1783748907.246968,154.996
1783748907.267140,154.996
1783748907.287279,154.996
1783748907.307441,155.093
1783748907.327581,155.093
1783748907.347715,155.093
1783748907.367916,155.093
1783748907.388073,155.093
1783748907.408219,155.351
1783748907.428353,155.351
1783748907.448498,155.351
1783748907.468651,155.351
1783748907.488793,155.351
1783748907.508937,155.352
1783748907.529080,155.352
1783748907.549227,155.352
1783748907.569371,155.352
1783748907.589510,155.352
1783748907.609693,155.058
1783748907.629885,155.058
1783748907.650038,155.058
1783748907.670179,155.058
1783748907.690316,155.058
1783748907.710463,155.061
1783748907.730613,155.061
1783748907.750758,155.061
1783748907.770893,155.061
1783748907.791033,155.061
1783748907.811177,154.893
1783748907.831324,154.893
1783748907.851461,154.893
1783748907.871605,154.893
1783748907.891788,154.893
1783748907.911909,154.706
1783748907.932037,154.706
1783748907.952182,154.706
1783748907.972337,154.706
1783748907.992480,154.706
1783748908.012624,155.201
1783748908.032772,155.201
1783748908.052921,155.201
1783748908.073076,155.201
1783748908.093214,155.201
1783748908.113353,154.552
1783748908.133496,154.552
1783748908.153660,154.552
1783748908.173806,154.552
1783748908.193942,154.552
1783748908.214086,154.591
1783748908.234246,154.591
1783748908.254394,154.591
1783748908.274530,154.591
1783748908.294670,154.591
1783748908.314828,154.666
1783748908.334964,154.666
1783748908.355099,154.666
1783748908.375246,154.666
1783748908.395392,154.666
1783748908.415539,154.742
1783748908.435710,154.742
1783748908.455905,154.742
1783748908.476061,154.742
1783748908.496206,154.742
1783748908.516347,154.737
1783748908.536493,154.737
1783748908.556674,154.737
1783748908.576830,154.737
1783748908.596975,154.737
1783748908.617117,155.152
1783748908.637267,155.152
1783748908.657429,155.152
1783748908.677574,155.152
1783748908.697710,155.152
1783748908.717903,155.042
1783748908.738066,155.042
1783748908.758212,155.042
1783748908.778350,155.042
1783748908.798494,155.042
1783748908.818644,155.011
1783748908.838782,155.011
1783748908.858917,155.011
1783748908.879063,155.011
1783748908.899220,155.011
1783748908.919366,155.082
1783748908.939501,155.082
1783748908.959647,155.082
1783748908.979803,155.082
1783748908.999951,155.082
1783748909.020092,154.704
1783748909.040239,154.704
1783748909.060387,154.704
1783748909.080526,154.704
1783748909.100671,154.704
1783748909.120813,154.817
1783748909.140961,154.817
1783748909.161123,154.817
1783748909.181267,154.817
1783748909.201404,154.941
1783748909.221549,154.941
1783748909.241715,154.941
1783748909.261913,154.941
1783748909.282048,154.941
1783748909.302192,155.153
1783748909.322356,155.153
1783748909.342495,155.153
1783748909.362631,155.153
1783748909.382772,155.153
1783748909.402928,155.298
1783748909.423072,155.298
1783748909.443208,155.298
1783748909.463349,155.298
1783748909.483491,155.298
1783748909.503646,155.161
1783748909.523786,155.161
1783748909.543923,155.161
1783748909.564067,155.161
1783748909.584207,155.161
1783748909.604351,154.926
1783748909.624493,154.926
1783748909.644641,154.926
1783748909.664793,154.926
1783748909.684930,154.926
1783748909.705099,155.225
1783748909.725244,155.225
1783748909.745412,155.225
1783748909.765556,155.225
1783748909.785693,155.225
1783748909.805921,154.596
1783748909.826083,154.596
1783748909.846262,154.596
1783748909.866398,154.596
1783748909.886538,154.596
1783748909.906700,154.566
1783748909.926902,154.566
1783748909.947038,154.566
1783748909.967182,154.566
1783748909.987334,154.566
1783748910.007489,155.283
1783748910.027627,155.283
1783748910.047770,155.283
1783748910.067916,155.283
1783748910.088056,155.283
1783748910.108200,155.052
1783748910.128342,155.052
1783748910.148490,155.052
1783748910.168644,155.052
1783748910.188781,155.052
1783748910.208918,154.991
1783748910.229063,154.991
1783748910.249231,154.991
1783748910.269377,154.991
1783748910.289511,154.991
1783748910.309656,154.835
1783748910.329798,154.835
1783748910.349942,154.835
1783748910.370077,154.835
1783748910.390218,154.835
1783748910.410380,154.706
1783748910.430528,154.706
1783748910.450665,154.706
1783748910.470810,154.706
1783748910.490960,154.706
1783748910.511114,154.607
1783748910.531253,154.607
1783748910.551398,154.607
1783748910.571547,154.607
1783748910.591688,154.607
1783748910.611835,155.059
1783748910.631978,155.059
1783748910.652127,155.059
1783748910.672281,155.059
1783748910.692421,155.059
1783748910.712557,154.966
1783748910.732697,154.966
1783748910.752923,154.966
1783748910.773068,154.966
1783748910.793203,154.966
1783748910.813310,155.539
1783748910.833477,155.539
1783748910.853624,155.539
1783748910.873760,155.539
1783748910.893902,155.539
1783748910.914058,155.467
1783748910.934195,155.467
1783748910.954331,155.467
1783748910.974478,155.467
1783748910.994665,155.467
1783748911.014813,155.218
1783748911.034952,155.218
1783748911.055098,155.218
1783748911.075253,155.218
1783748911.095395,155.218
1783748911.115537,155.167
1783748911.135713,155.167
1783748911.155907,155.167
1783748911.176064,155.167
1783748911.196202,155.167
1783748911.216339,155.150
1783748911.236486,155.150
1783748911.256655,155.150
1783748911.276802,155.150
1783748911.296939,155.150
1783748911.317082,155.240
1783748911.337229,155.240
1783748911.357375,155.240
1783748911.377512,155.240
1783748911.397652,155.240
1783748911.417810,155.122
1783748911.437953,155.122
1783748911.458090,155.122
1783748911.478238,155.122
1783748911.498395,155.122
1783748911.518541,155.136
1783748911.538679,155.136
1783748911.558820,155.136
1783748911.578974,155.136
1783748911.599086,155.136
1783748911.619224,154.609
1783748911.639368,154.609
1783748911.659478,154.609
1783748911.679594,154.609
1783748911.699719,154.609
1783748911.719867,154.399
1783748911.740010,154.399
1783748911.760156,154.399
1783748911.780293,154.399
1783748911.800431,154.399
1783748911.820571,154.602
1783748911.840713,154.602
1783748911.860904,154.602
1783748911.881040,154.602
1783748911.901185,154.602
1783748911.921335,154.495
1783748911.941479,154.495
1783748911.961615,154.495
1783748911.981759,154.495
1783748912.001900,154.742
1783748912.022042,154.742
1783748912.042179,154.742
1783748912.062325,154.742
1783748912.082448,154.742
1783748912.102592,155.137
1783748912.122766,155.137
1783748912.142908,155.137
1783748912.163057,155.137
1783748912.183168,155.137
1783748912.203305,154.871
1783748912.223444,154.871
1783748912.243587,154.871
1783748912.263784,154.871
1783748912.283951,154.871
1783748912.304088,154.561
1783748912.324233,154.561
1783748912.344376,154.561
1783748912.364483,154.561
1783748912.384582,154.561
1783748912.404761,154.926
1783748912.424902,154.926
1783748912.445008,154.926
1783748912.465137,154.926
1783748912.485279,154.926
1783748912.505427,154.816
1783748912.525566,154.816
1783748912.545697,154.816
1783748912.565873,154.816
1783748912.586019,154.816
1783748912.606125,154.892
1783748912.626257,154.892
1783748912.646363,154.892
1783748912.666498,154.892
1783748912.686634,154.892
1783748912.706766,155.124
1783748912.726899,155.124
1783748912.747038,155.124
1783748912.767187,155.124
1783748912.787324,155.124
1783748912.807456,155.050
1783748912.827590,155.050
1783748912.847761,155.050
1783748912.867900,155.050
1783748912.888031,155.050
1783748912.908165,155.281
1783748912.928319,155.281
1783748912.948455,155.281
1783748912.968588,155.281
1783748912.988763,155.281
1783748913.008915,155.247
1783748913.029063,155.247
1783748913.049200,155.247
1783748913.069340,155.247
1783748913.089488,155.247
1783748913.109633,154.712
1783748913.129775,154.712
1783748913.149916,154.712
1783748913.170056,154.712
1783748913.190194,154.712
1783748913.210329,154.670
1783748913.230463,154.670
1783748913.250607,154.670
1783748913.270785,154.670
1783748913.290920,154.670
1783748913.311055,155.027
1783748913.331187,155.027
1783748913.351333,155.027
1783748913.371466,155.027
1783748913.391599,155.027
1783748913.411774,154.826
1783748913.431916,154.826
1783748913.452051,154.826
1783748913.472181,154.826
1783748913.492317,154.826
1783748913.512474,155.062
1783748913.532612,155.062
1783748913.552778,155.062
1783748913.572940,155.062
1783748913.593085,155.062
1783748913.613228,155.210
1783748913.633364,155.210
1783748913.653504,155.210
1783748913.673647,155.210
1783748913.693812,155.210
1783748913.713948,155.193
1783748913.734085,155.193
1783748913.754226,155.193
1783748913.774364,155.193
1783748913.794498,155.193
1783748913.814630,155.142
1783748913.834769,155.142
1783748913.854927,155.142
1783748913.875072,155.142
1783748913.895205,155.142
1783748913.915344,154.943
1783748913.935499,154.943
1783748913.955634,154.943
1783748913.975766,154.943
1783748913.995903,154.943
1783748914.016039,154.772
1783748914.036172,154.772
1783748914.056331,154.772
1783748914.076470,154.772
1783748914.096616,154.772
1783748914.116760,154.774
1783748914.136894,154.774
1783748914.157033,154.774
1783748914.177177,154.774
1783748914.197313,154.774
1783748914.217451,154.875
1783748914.237590,154.875
1783748914.257780,154.875
1783748914.277917,154.875
1783748914.298049,154.875
1783748914.318183,154.924
1783748914.338318,154.924
1783748914.358461,154.924
1783748914.378596,154.924
1783748914.398771,154.924
1783748914.418907,155.121
1783748914.439051,155.121
1783748914.459195,155.121
1783748914.479329,155.121
1783748914.499467,155.121
1783748914.519622,155.481
1783748914.539768,155.481
1783748914.559903,155.481
1783748914.580043,155.481
1783748914.600190,155.481
1783748914.620332,155.402
1783748914.640473,155.402
1783748914.660613,155.402
1783748914.680757,155.402
1783748914.700897,155.402
1783748914.721037,155.151
1783748914.741177,155.151
1783748914.761323,155.151
1783748914.781461,155.151
1783748914.801595,155.151
1783748914.821791,155.267
1783748914.841957,155.267
1783748914.862122,155.267
1783748914.882264,155.267
1783748914.902397,155.267
1783748914.922535,154.987
1783748914.942682,154.987
1783748914.962825,154.987
1783748914.982994,154.987
1783748915.003132,155.053
1783748915.023288,155.053
1783748915.043436,155.053
1783748915.063571,155.053
1783748915.083708,155.053
1783748915.103905,155.569
1783748915.124053,155.569
1783748915.144186,155.569
1783748915.164325,155.569
1783748915.184470,155.569
1783748915.204610,155.543
1783748915.224756,155.543
1783748915.244895,155.543
1783748915.265038,155.543
1783748915.285175,155.543
1783748915.305316,155.696
1783748915.325455,155.696
1783748915.345597,155.696
1783748915.365764,155.696
1783748915.385915,155.696
1783748915.406052,155.455
1783748915.426192,155.455
1783748915.446335,155.455
1783748915.466477,155.455
1783748915.486615,155.455
1783748915.506763,155.328
1783748915.526912,155.328
1783748915.547060,155.328
1783748915.567196,155.328
1783748915.587342,155.328
1783748915.607498,155.223
1783748915.627650,155.223
1783748915.647789,155.223
1783748915.667933,155.223
1783748915.688081,155.223
1783748915.708226,155.209
1783748915.728371,155.209
1783748915.748512,155.209
1783748915.768662,155.209
1783748915.788803,155.209
1783748915.808941,155.047
1783748915.829078,155.047
1783748915.849215,155.047
1783748915.869373,155.047
1783748915.889520,155.047
1783748915.909653,155.533
1783748915.929795,155.533
1783748915.949951,155.533
1783748915.970094,155.533
1783748915.990229,155.533
1783748916.010372,155.157
1783748916.030532,155.157
1783748916.050681,155.157
1783748916.070816,155.157
1783748916.090956,155.157
1783748916.111109,154.963
1783748916.131295,154.963
1783748916.151427,154.963
1783748916.171566,154.963
1783748916.191711,154.963
1783748916.211910,154.970
1783748916.232053,154.970
1783748916.252190,154.970
1783748916.272368,154.970
1783748916.292508,154.970
1783748916.312651,154.534
1783748916.332776,154.534
1783748916.352911,154.534
1783748916.373051,154.534
1783748916.393186,154.534
1783748916.413318,154.544
1783748916.433456,154.544
1783748916.453606,154.544
1783748916.473754,154.544
1783748916.493890,154.544
1783748916.514032,154.755
1783748916.534194,154.755
1783748916.554335,154.755
1783748916.574470,154.755
1783748916.594614,154.755
1783748916.614765,154.985
1783748916.634914,154.985
1783748916.655049,154.985
1783748916.675192,154.985
1783748916.695342,154.985
1783748916.715487,155.123
1783748916.735622,155.123
1783748916.755764,155.123
1783748916.775904,155.123
1783748916.796060,155.123
1783748916.816202,155.035
1783748916.836339,155.035
1783748916.856477,155.035
1783748916.876641,155.035
1783748916.896785,155.035
1783748916.916920,155.161
1783748916.937062,155.161
1783748916.957225,155.161
1783748916.977370,155.161
1783748916.997504,155.161
1783748917.017646,155.160
1783748917.037807,155.160
1783748917.057957,155.160
1783748917.078093,155.160
1783748917.098232,155.160
1783748917.118386,155.158
1783748917.138537,155.158
1783748917.158672,155.158
1783748917.178815,155.158
1783748917.198959,155.158
1783748917.219104,154.924
1783748917.239247,154.924
1783748917.259387,154.924
1783748917.279532,154.924
1783748917.299668,154.924
1783748917.319809,155.161
1783748917.339945,155.161
1783748917.360083,155.161
1783748917.380249,155.161
1783748917.400385,155.161
1783748917.420549,155.435
1783748917.440685,155.435
1783748917.460843,155.435
1783748917.480990,155.435
1783748917.501125,155.435
1783748917.521267,155.315
1783748917.541474,155.315
1783748917.561610,155.315
1783748917.581791,155.315
1783748917.601932,155.315
1783748917.622085,155.536
1783748917.642239,155.536
1783748917.662374,155.536
1783748917.682517,155.536
1783748917.702663,155.536
1783748917.722810,155.281
1783748917.742945,155.281
1783748917.763086,155.281
1783748917.783224,155.281
1783748917.803362,155.281
1783748917.823495,155.129
1783748917.843631,155.129
1783748917.863769,155.129
1783748917.883911,155.129
1783748917.904046,155.078
1783748917.924181,155.078
1783748917.944317,155.078
1783748917.964471,155.078
1783748917.984618,155.078
1783748918.004755,155.112
1783748918.024897,155.112
1783748918.045059,155.112
1783748918.065203,155.112
1783748918.085337,155.112
1783748918.105476,155.058
1783748918.125627,155.058
1783748918.145780,155.058
1783748918.165916,155.058
1783748918.186062,155.058
1783748918.206209,155.146
1783748918.226345,155.146
1783748918.246486,155.146
1783748918.266630,155.146
1783748918.286769,155.146
1783748918.306908,155.519
1783748918.327051,155.519
1783748918.347188,155.519
1783748918.367327,155.519
1783748918.387492,155.519
1783748918.407630,155.392
1783748918.427765,155.392
1783748918.447901,155.392
1783748918.468059,155.392
1783748918.488206,155.392
1783748918.508341,155.620
1783748918.528485,155.620
1783748918.548648,155.620
1783748918.568786,155.620
1783748918.588921,155.620
1783748918.609060,155.526
1783748918.629163,155.526
1783748918.649282,155.526
1783748918.669389,155.526
1783748918.689523,155.526
1783748918.709705,155.248
1783748918.729895,155.248
1783748918.750030,155.248
1783748918.770166,155.248
1783748918.790307,155.248
1783748918.810446,155.183
1783748918.830608,155.183
1783748918.850757,155.183
1783748918.870898,155.183
1783748918.891057,155.183
1783748918.911197,155.104
1783748918.931334,155.104
1783748918.951475,155.104
1783748918.971637,155.104
1783748918.991784,155.104
1783748919.011922,155.364
1783748919.032067,155.364
1783748919.052232,155.364
1783748919.072379,155.364
1783748919.092514,155.364
1783748919.112655,155.850
1783748919.132815,155.850
1783748919.152961,155.850
1783748919.173098,155.850
1783748919.193244,155.850
1783748919.213391,155.701
1783748919.233542,155.701
1783748919.253686,155.701
1783748919.273833,155.701
1783748919.293981,155.701
1783748919.314126,155.781
1783748919.334264,155.781
1783748919.354406,155.781
1783748919.374554,155.781
1783748919.394696,155.781
1783748919.414883,155.363
1783748919.435018,155.363
1783748919.455158,155.363
1783748919.475324,155.363
1783748919.495471,155.363
1783748919.515608,155.135
1783748919.535751,155.135
1783748919.555896,155.135
1783748919.576041,155.135
1783748919.596178,155.135
1783748919.616323,154.990
1783748919.636480,154.990
1783748919.656623,154.990
1783748919.676759,154.990
1783748919.696905,154.990
1783748919.717060,154.802
1783748919.737198,154.802
1783748919.757342,154.802
1783748919.777481,154.802
1783748919.797629,154.802
1783748919.817775,155.245
1783748919.837915,155.245
1783748919.858056,155.245
1783748919.878206,155.245
1783748919.898367,155.245
1783748919.918511,155.508
1783748919.938649,155.508
1783748919.958791,155.508
1783748919.978987,155.508
1783748919.999134,155.508
1783748920.019270,155.461
1783748920.039409,155.461
1783748920.059575,155.461
1783748920.079711,155.461
1783748920.099960,155.461
1783748920.120136,155.268
1783748920.140294,155.268
1783748920.160440,155.268
1783748920.180578,155.268
1783748920.200773,155.268
1783748920.220926,155.358
1783748920.241079,155.358
1783748920.261221,155.358
1783748920.281366,155.358
1783748920.301513,155.358
1783748920.321660,154.694
1783748920.341797,154.694
1783748920.361939,154.694
1783748920.382090,154.694
1783748920.402234,154.694
1783748920.422378,154.617
1783748920.442514,154.617
1783748920.462656,154.617
1783748920.482824,154.617
1783748920.502971,154.617
1783748920.523108,154.853
1783748920.543253,154.853
1783748920.563397,154.853
1783748920.583543,154.853
1783748920.603681,154.853
1783748920.623827,154.913
1783748920.643989,154.913
1783748920.664132,154.913
1783748920.684267,154.913
1783748920.704414,154.913
1783748920.724571,155.376
1783748920.744715,155.376
1783748920.764906,155.376
1783748920.785045,155.376
1783748920.805193,155.122
1783748920.825333,155.122
1783748920.845478,155.122
1783748920.865618,155.122
1783748920.885769,155.122
1783748920.905931,154.839
1783748920.926076,154.839
1783748920.946211,154.839
1783748920.966356,154.839
1783748920.986523,154.839
1783748921.006671,154.795
1783748921.026807,154.795
1783748921.046953,154.795
1783748921.067113,154.795
1783748921.087259,154.795
1783748921.107393,155.100
1783748921.127540,155.100
1783748921.147702,155.100
1783748921.167901,155.100
1783748921.188040,155.100
1783748921.208179,155.260
1783748921.228337,155.260
1783748921.248488,155.260
1783748921.268659,155.260
1783748921.288800,155.260
1783748921.308941,155.674
1783748921.329094,155.674
1783748921.349231,155.674
1783748921.369371,155.674
1783748921.389522,155.674
1783748921.409696,155.369
1783748921.429874,155.369
1783748921.450011,155.369
1783748921.470155,155.369
1783748921.490325,155.369
1783748921.510461,155.570
1783748921.530596,155.570
1783748921.550786,155.570
1783748921.570931,155.570
1783748921.591079,155.570
1783748921.611215,155.359
1783748921.631361,155.359
1783748921.651526,155.359
1783748921.671670,155.359
1783748921.691808,155.359
1783748921.711949,155.633
1783748921.732109,155.633
1783748921.752255,155.633
1783748921.772392,155.633
1783748921.792536,155.633
1783748921.812685,155.858
1783748921.832828,155.858
1783748921.852964,155.858
1783748921.873104,155.858
1783748921.893254,155.858
1783748921.913393,155.792
1783748921.933537,155.792
1783748921.953676,155.792
1783748921.973820,155.792
1783748921.993989,155.792
1783748922.014128,155.862
1783748922.034264,155.862
1783748922.054408,155.862
1783748922.074573,155.862
1783748922.094716,155.862
1783748922.114902,155.967
1783748922.135045,155.967
1783748922.155192,155.967
1783748922.175338,155.967
1783748922.195470,155.967
1783748922.215611,155.660
1783748922.235770,155.660
1783748922.255922,155.660
1783748922.276058,155.660
1783748922.296204,155.660
1783748922.316355,155.648
1783748922.336495,155.648
1783748922.356631,155.648
1783748922.376773,155.648
1783748922.396919,155.648
1783748922.417060,155.814
1783748922.437204,155.814
1783748922.457342,155.814
1783748922.477489,155.814
1783748922.497657,155.814
1783748922.517797,155.658
1783748922.537931,155.658
1783748922.558102,155.658
1783748922.578256,155.658
1783748922.598404,155.658
1783748922.618541,155.879
1783748922.638686,155.879
1783748922.658831,155.879
1783748922.679002,155.879
1783748922.699138,155.879
1783748922.719280,155.974
1783748922.739438,155.974
1783748922.759589,155.974
1783748922.779786,155.974
1783748922.799932,155.974
1783748922.820086,155.385
1783748922.840228,155.385
1783748922.860365,155.385
1783748922.880503,155.385
1783748922.900652,155.385
1783748922.920794,155.387
1783748922.940940,155.387
1783748922.961083,155.387
1783748922.981226,155.387
1783748923.001393,155.387
1783748923.021534,155.285
1783748923.041669,155.285
1783748923.061815,155.285
1783748923.081959,155.285
1783748923.102106,155.285
1783748923.122243,155.166
1783748923.142388,155.166
1783748923.162548,155.166
1783748923.182696,155.166
1783748923.202880,155.166
1783748923.223023,155.474
1783748923.243200,155.474
1783748923.263347,155.474
1783748923.283481,155.474
1783748923.303625,155.474
1783748923.323779,155.601
1783748923.343920,155.601
1783748923.364055,155.601
1783748923.384198,155.601
1783748923.404342,155.601
1783748923.424489,155.611
1783748923.444624,155.611
1783748923.464765,155.611
1783748923.484911,155.611
1783748923.505074,155.611
1783748923.525212,155.862
1783748923.545349,155.862
1783748923.565488,155.862
1783748923.585650,155.862
1783748923.605799,155.377
1783748923.625936,155.377
1783748923.646080,155.377
1783748923.666235,155.377
1783748923.686382,155.377
1783748923.706519,155.037
1783748923.726666,155.037
1783748923.746819,155.037
1783748923.766968,155.037
1783748923.787104,155.037
1783748923.807249,155.214
1783748923.827390,155.214
1783748923.847574,155.214
1783748923.867711,155.214
1783748923.887963,155.214
1783748923.908112,155.087
1783748923.928261,155.087
1783748923.948396,155.087
1783748923.968570,155.087
1783748923.988720,155.087
1783748924.008953,155.099
1783748924.029098,155.099
1783748924.049235,155.099
1783748924.069379,155.099
1783748924.089534,155.099
1783748924.109679,155.492
1783748924.129816,155.492
1783748924.149958,155.492
1783748924.170119,155.492
1783748924.190264,155.492
1783748924.210398,155.267
1783748924.230544,155.267
1783748924.250701,155.267
1783748924.270903,155.267
1783748924.291037,155.267
1783748924.311179,155.486
1783748924.331315,155.486
1783748924.351461,155.486
1783748924.371596,155.486
1783748924.391783,155.486
1783748924.411924,155.374
1783748924.432071,155.374
1783748924.452203,155.374
1783748924.472341,155.374
1783748924.492487,155.374
1783748924.512643,154.983
1783748924.532788,154.983
1783748924.552921,154.983
1783748924.573024,154.983
1783748924.593184,154.983
1783748924.613322,155.258
1783748924.633456,155.258
1783748924.653597,155.258
1783748924.673813,155.258
1783748924.693959,155.258
1783748924.714092,155.594
1783748924.734238,155.594
1783748924.754397,155.594
1783748924.774539,155.594
1783748924.794673,155.594
1783748924.814816,155.539
1783748924.834966,155.539
1783748924.855108,155.539
1783748924.875243,155.539
1783748924.895386,155.539
1783748924.915523,155.708
1783748924.935681,155.708
1783748924.955817,155.708
1783748924.975957,155.708
1783748924.996105,155.708
1783748925.016241,155.794
1783748925.036383,155.794
1783748925.056520,155.794
1783748925.076661,155.794
1783748925.096822,155.794
1783748925.116992,155.442
1783748925.137126,155.442
1783748925.157259,155.442
1783748925.177422,155.442
1783748925.197567,155.442
1783748925.217700,154.927
1783748925.237897,154.927
1783748925.258089,154.927
1783748925.278235,154.927
1783748925.298370,154.927
1783748925.318507,154.520
1783748925.338658,154.520
1783748925.358800,154.520
1783748925.378936,154.520
1783748925.399079,154.520
1783748925.419219,154.501
1783748925.439375,154.501
1783748925.459512,154.501
1783748925.479652,154.501
1783748925.499799,154.501
1783748925.519937,154.435
1783748925.540081,154.435
1783748925.560216,154.435
1783748925.580352,154.435
1783748925.600518,154.435
1783748925.620655,154.533
1783748925.640790,154.533
1783748925.660927,154.533
1783748925.681092,154.533
1783748925.701239,154.533
1783748925.721375,154.550
1783748925.741517,154.550
1783748925.761678,154.550
1783748925.781820,154.550
1783748925.801957,154.550
1783748925.822096,154.317
1783748925.842252,154.317
1783748925.862395,154.317
1783748925.882532,154.317
1783748925.902675,154.317
1783748925.922819,154.784
1783748925.942973,154.784
1783748925.963111,154.784
1783748925.983251,154.784
1783748926.003397,154.784
1783748926.023539,154.667
1783748926.043682,154.667
1783748926.063819,154.667
1783748926.083956,154.667
1783748926.104122,154.667
1783748926.124260,154.540
1783748926.144395,154.540
1783748926.164532,154.540
1783748926.184697,154.540
1783748926.204894,154.540
1783748926.225028,155.079
1783748926.245172,155.079
1783748926.265335,155.079
1783748926.285484,155.079
1783748926.305620,155.079
1783748926.325760,155.265
1783748926.345916,155.265
1783748926.366060,155.265
1783748926.386197,155.265
1783748926.406373,155.431
1783748926.426524,155.431
1783748926.446673,155.431
1783748926.466809,155.431
1783748926.486949,155.431
1783748926.507097,155.881
1783748926.527238,155.881
1783748926.547414,155.881
1783748926.567550,155.881
1783748926.587690,155.881
1783748926.607903,155.747
1783748926.628039,155.747
1783748926.648175,155.747
1783748926.668311,155.747
1783748926.688477,155.747
1783748926.708622,155.676
1783748926.728758,155.676
1783748926.748894,155.676
1783748926.769056,155.676
1783748926.789197,155.676
1783748926.809334,155.842
1783748926.829471,155.842
1783748926.849633,155.842
1783748926.869778,155.842
1783748926.889916,155.842
1783748926.910060,155.887
1783748926.930212,155.887
1783748926.950347,155.887
1783748926.970491,155.887
1783748926.990633,155.887
1783748927.010781,155.560
1783748927.030925,155.560
1783748927.051070,155.560
1783748927.071203,155.560
1783748927.091341,155.560
1783748927.111459,155.678
1783748927.131580,155.678
1783748927.151712,155.678
1783748927.171897,155.678
1783748927.192059,155.678
1783748927.212205,155.778
1783748927.232342,155.778
1783748927.252486,155.778
1783748927.272648,155.778
1783748927.292792,155.778
1783748927.312927,155.814
1783748927.333070,155.814
1783748927.353230,155.814
1783748927.373381,155.814
1783748927.393519,155.814
1783748927.413662,155.869
1783748927.433816,155.869
1783748927.453957,155.869
1783748927.474094,155.869
1783748927.494238,155.869
1783748927.514383,155.383
1783748927.534528,155.383
1783748927.554670,155.383
1783748927.574811,155.383
1783748927.594953,155.383
1783748927.615108,155.523
1783748927.635254,155.523
1783748927.655389,155.523
1783748927.675527,155.523
1783748927.695795,155.523
1783748927.715938,155.495
1783748927.736072,155.495
1783748927.756209,155.495
1783748927.776346,155.495
1783748927.796486,155.495
1783748927.816653,155.418
1783748927.836791,155.418
1783748927.856927,155.418
1783748927.877075,155.418
1783748927.897211,155.418
1783748927.917350,155.287
1783748927.937500,155.287
1783748927.957634,155.287
1783748927.977776,155.287
1783748927.997917,155.287
1783748928.018061,155.165
1783748928.038211,155.165
1783748928.058353,155.165
1783748928.078493,155.165
1783748928.098639,155.165
1783748928.118791,155.272
1783748928.138928,155.272
1783748928.159090,155.272
1783748928.179236,155.272
1783748928.199401,155.272
1783748928.219537,155.460
1783748928.239674,155.460
1783748928.259818,155.460
1783748928.279985,155.460
1783748928.300131,155.460
1783748928.320267,155.604
1783748928.340408,155.604
1783748928.360554,155.604
1783748928.380706,155.604
1783748928.400887,155.604
1783748928.421032,155.375
1783748928.441188,155.375
1783748928.461328,155.375
1783748928.481472,155.375
1783748928.501618,155.375
1783748928.521766,155.461
1783748928.541924,155.461
1783748928.562060,155.461
1783748928.582201,155.461
1783748928.602350,155.461
1783748928.622507,155.164
1783748928.642653,155.164
1783748928.662791,155.164
1783748928.682937,155.164
1783748928.703106,155.164
1783748928.723251,155.259
1783748928.743387,155.259
1783748928.763532,155.259
1783748928.783673,155.259
1783748928.803821,155.259
1783748928.823956,154.942
1783748928.844103,154.942
1783748928.864255,154.942
1783748928.884408,154.942
1783748928.904545,154.942
1783748928.924685,155.236
1783748928.944843,155.236
1783748928.964987,155.236
1783748928.985163,155.236
1783748929.005308,155.236
1783748929.025449,155.247
1783748929.045609,155.247
1783748929.065755,155.247
1783748929.085897,155.247
1783748929.106080,155.247
1783748929.126220,155.235
1783748929.146365,155.235
1783748929.166501,155.235
1783748929.186649,155.235
1783748929.206817,155.235
1783748929.226954,155.423
1783748929.247089,155.423
1783748929.267234,155.423
1783748929.287377,155.423
1783748929.307524,155.004
1783748929.327661,155.004
1783748929.347806,155.004
1783748929.367964,155.004
1783748929.388115,155.004
1783748929.408249,155.287
1783748929.428388,155.287
1783748929.448546,155.287
1783748929.468691,155.287
1783748929.488859,155.287
1783748929.509004,155.576
1783748929.529145,155.576
1783748929.549305,155.576
1783748929.569443,155.576
1783748929.589584,155.576
1783748929.609784,155.575
1783748929.629927,155.575
1783748929.650072,155.575
1783748929.670208,155.575
1783748929.690355,155.575
1783748929.710509,155.655
1783748929.730648,155.655
1783748929.750783,155.655
1783748929.770930,155.655
1783748929.791083,155.655
1783748929.811230,155.828
1783748929.831366,155.828
1783748929.851514,155.828
1783748929.871676,155.828
1783748929.891826,155.828
1783748929.911965,155.347
1783748929.932069,155.347
1783748929.952204,155.347
1783748929.972350,155.347
1783748929.992490,155.347
1783748930.012636,155.566
1783748930.032782,155.566
1783748930.052945,155.566
1783748930.073088,155.566
1783748930.093228,155.566
1783748930.113375,155.784
1783748930.133516,155.784
1783748930.153615,155.784
1783748930.173764,155.784
1783748930.193904,155.784
1783748930.214063,155.860
1783748930.234203,155.860
1783748930.254375,155.860
1783748930.274522,155.860
1783748930.294676,155.860
1783748930.314821,155.941
1783748930.334933,155.941
1783748930.355080,155.941
1783748930.375242,155.941
1783748930.395413,155.941
1783748930.415548,155.574
1783748930.435690,155.574
1783748930.455843,155.574
1783748930.475993,155.574
1783748930.496132,155.574
1783748930.516289,155.382
1783748930.536437,155.382
1783748930.556594,155.382
1783748930.576794,155.382
1783748930.596936,155.382
1783748930.617084,155.564
1783748930.637225,155.564
1783748930.657369,155.564
1783748930.677506,155.564
1783748930.697651,155.564
1783748930.717810,155.542
1783748930.737949,155.542
1783748930.758083,155.542
1783748930.778188,155.542
1783748930.798346,155.542
1783748930.818492,155.568
1783748930.838628,155.568
1783748930.858779,155.568
1783748930.878941,155.568
1783748930.899089,155.568
1783748930.919225,155.887
1783748930.939369,155.887
1783748930.959518,155.887
1783748930.979670,155.887
1783748930.999805,155.887
1783748931.019949,155.666
1783748931.040102,155.666
1783748931.060257,155.666
1783748931.080400,155.666
1783748931.100543,155.666
1783748931.120690,155.549
1783748931.140863,155.549
1783748931.161007,155.549
1783748931.181144,155.549
1783748931.201287,155.549
1783748931.221447,155.391
1783748931.241592,155.391
1783748931.261777,155.391
1783748931.281920,155.391
1783748931.302080,155.391
1783748931.322225,155.288
1783748931.342361,155.288
1783748931.362498,155.288
1783748931.382659,155.288
1783748931.402801,155.288
1783748931.422935,155.362
1783748931.443080,155.362
1783748931.463222,155.362
1783748931.483374,155.362
1783748931.503512,155.362
1783748931.523652,155.291
1783748931.543841,155.291
1783748931.563980,155.291
1783748931.584116,155.291
1783748931.604258,155.291
1783748931.624404,155.196
1783748931.644555,155.196
1783748931.664698,155.196
1783748931.684920,155.196
1783748931.705064,155.196
1783748931.725225,155.356
1783748931.745369,155.356
1783748931.765505,155.356
1783748931.785643,155.356
1783748931.805807,155.356
1783748931.825951,154.916
1783748931.846085,154.916
1783748931.866223,154.916
1783748931.886386,154.916
1783748931.906537,154.916
1783748931.926672,154.982
1783748931.946816,154.982
1783748931.966973,154.982
1783748931.987124,154.982
1783748932.007262,154.982
1783748932.027405,155.398
1783748932.047559,155.398
1783748932.067709,155.398
1783748932.087903,155.398
1783748932.108046,155.414
1783748932.128193,155.414
1783748932.148343,155.414
1783748932.168479,155.414
1783748932.188619,155.414
1783748932.208760,155.421
1783748932.228923,155.421
1783748932.249067,155.421
1783748932.269205,155.421
1783748932.289341,155.421
1783748932.309507,155.353
1783748932.329651,155.353
1783748932.349787,155.353
1783748932.369925,155.353
1783748932.390090,155.353
1783748932.410232,155.455
1783748932.430368,155.455
1783748932.450514,155.455
1783748932.470665,155.455
1783748932.490818,155.455
1783748932.510955,155.640
1783748932.531099,155.640
1783748932.551254,155.640
1783748932.571391,155.640
1783748932.591559,155.640
1783748932.611702,155.689
1783748932.631896,155.689
1783748932.652056,155.689
1783748932.672191,155.689
1783748932.692331,155.689
1783748932.712479,155.309
1783748932.732640,155.309
1783748932.752774,155.309
1783748932.772911,155.309
1783748932.793049,155.309
1783748932.813207,155.499
1783748932.833375,155.499
1783748932.853510,155.499
1783748932.873647,155.499
1783748932.893810,155.499
1783748932.913954,155.516
1783748932.934088,155.516
1783748932.954263,155.516
1783748932.974422,155.516
1783748932.994574,155.516
1783748933.014710,155.339
1783748933.034897,155.339
1783748933.055052,155.339
1783748933.075204,155.339
1783748933.095342,155.339
1783748933.115483,155.164
1783748933.135621,155.164
1783748933.155780,155.164
1783748933.175918,155.164
1783748933.196059,155.164
1783748933.216206,155.346
1783748933.236347,155.346
1783748933.256489,155.346
1783748933.276626,155.346
1783748933.296771,155.346
1783748933.316929,155.512
1783748933.337064,155.512
1783748933.357198,155.512
1783748933.377341,155.512
1783748933.397484,155.512
1783748933.417621,155.344
1783748933.437755,155.344
1783748933.457893,155.344
1783748933.478053,155.344
1783748933.498200,155.344
1783748933.518336,155.528
1783748933.538475,155.528
1783748933.558628,155.528
1783748933.578773,155.528
1783748933.598911,155.528
1783748933.619052,155.418
1783748933.639194,155.418
1783748933.659353,155.418
1783748933.679492,155.418
1783748933.699633,155.418
1783748933.719780,155.655
1783748933.739922,155.655
1783748933.760059,155.655
1783748933.780194,155.655
1783748933.800333,155.655
1783748933.820494,155.622
1783748933.840631,155.622
1783748933.860768,155.622
1783748933.880912,155.622
1783748933.901078,155.622
1783748933.921223,155.428
1783748933.941359,155.428
1783748933.961498,155.428
1783748933.981659,155.428
1783748934.001807,155.428
1783748934.021944,155.684
1783748934.042083,155.684
1783748934.062237,155.684
1783748934.082377,155.684
1783748934.102515,155.684
1783748934.122692,155.701
1783748934.142838,155.701
1783748934.162997,155.701
1783748934.183140,155.701
1783748934.203282,155.701
1783748934.223430,155.713
1783748934.243606,155.713
1783748934.263792,155.713
1783748934.283930,155.713
1783748934.304069,155.713
1783748934.324231,155.976
1783748934.344368,155.976
1783748934.364502,155.976
1783748934.384647,155.976
1783748934.404802,155.976
1783748934.424947,155.889
1783748934.445083,155.889
1783748934.465220,155.889
1783748934.485380,155.889
1783748934.505529,155.889
1783748934.525666,155.513
1783748934.545809,155.513
1783748934.565959,155.513
1783748934.586101,155.513
1783748934.606238,155.513
1783748934.626381,156.248
1783748934.646528,156.248
1783748934.666687,156.248
1783748934.686827,156.248
1783748934.706967,156.248
1783748934.727117,156.155
1783748934.747261,156.155
1783748934.767404,156.155
1783748934.787543,156.155
1783748934.807688,156.155
1783748934.827880,156.043
1783748934.848019,156.043
1783748934.868154,156.043
1783748934.888296,156.043
1783748934.908462,156.043
1783748934.928608,156.203
1783748934.948778,156.203
1783748934.968918,156.203
1783748934.989078,156.203
1783748935.009226,156.193
1783748935.029362,156.193
1783748935.049506,156.193
1783748935.069663,156.193
1783748935.089805,156.193
1783748935.109942,156.383
1783748935.130086,156.383
1783748935.150233,156.383
1783748935.170373,156.383
1783748935.190515,156.383
1783748935.210656,156.275
1783748935.230805,156.275
1783748935.250954,156.275
1783748935.271098,156.275
1783748935.291234,156.275
1783748935.311379,156.021
1783748935.331522,156.021
1783748935.351664,156.021
1783748935.371800,156.021
1783748935.391978,156.021
1783748935.412143,155.884
1783748935.432290,155.884
1783748935.452425,155.884
1783748935.472564,155.884
1783748935.492774,155.884
1783748935.512887,155.898
1783748935.533055,155.898
1783748935.553200,155.898
1783748935.573351,155.898
1783748935.593492,155.898
1783748935.613627,155.558
1783748935.633771,155.558
1783748935.653926,155.558
1783748935.674061,155.558
1783748935.694206,155.558
1783748935.714346,155.633
1783748935.734494,155.633
1783748935.754633,155.633
1783748935.774774,155.633
1783748935.794912,155.633
1783748935.815053,155.660
1783748935.835221,155.660
1783748935.855366,155.660
1783748935.875502,155.660
1783748935.895646,155.660
1783748935.915800,156.071
1783748935.935946,156.071
1783748935.956082,156.071
1783748935.976226,156.071
1783748935.996388,156.071
1783748936.016532,156.148
1783748936.036669,156.148
1783748936.056813,156.148
1783748936.076970,156.148
1783748936.097115,156.148
1783748936.117251,155.702
1783748936.137395,155.702
1783748936.157546,155.702
1783748936.177686,155.702
1783748936.197829,155.702
1783748936.217971,155.636
1783748936.238118,155.636
1783748936.258278,155.636
1783748936.278420,155.636
1783748936.298557,155.636
1783748936.318700,155.712
1783748936.338897,155.712
1783748936.359040,155.712
1783748936.379174,155.712
1783748936.399311,155.712
1783748936.419455,155.814
1783748936.439601,155.814
1783748936.459784,155.814
1783748936.479927,155.814
1783748936.500090,155.814
1783748936.520235,156.132
1783748936.540372,156.132
1783748936.560517,156.132
1783748936.580673,156.132
1783748936.600818,156.132
1783748936.620955,156.130
1783748936.641099,156.130
1783748936.661254,156.130
1783748936.681427,156.130
1783748936.701569,156.130
1783748936.721712,155.975
1783748936.741900,155.975
1783748936.762042,155.975
1783748936.782176,155.975
1783748936.802316,155.975
1783748936.822490,155.934
1783748936.842628,155.934
1783748936.862772,155.934
1783748936.882907,155.934
1783748936.903052,155.934
1783748936.923213,155.764
1783748936.943348,155.764
1783748936.963483,155.764
1783748936.983627,155.764
1783748937.003791,155.764
1783748937.023937,155.501
1783748937.044071,155.501
1783748937.064215,155.501
1783748937.084358,155.501
1783748937.104508,155.501
1783748937.124645,155.915
1783748937.144783,155.915
1783748937.164939,155.915
1783748937.185077,155.915
1783748937.205220,155.915
1783748937.225363,155.720
1783748937.245501,155.720
1783748937.265659,155.720
1783748937.285803,155.720
1783748937.305943,155.720
1783748937.326091,156.043
1783748937.346231,156.043
1783748937.366366,156.043
1783748937.386502,156.043
1783748937.406641,156.043
1783748937.426805,156.132
1783748937.446942,156.132
1783748937.467077,156.132
1783748937.487222,156.132
1783748937.507386,156.132
1783748937.527533,155.640
1783748937.547667,155.640
1783748937.567806,155.640
1783748937.587947,155.640
1783748937.608099,155.640
1783748937.628234,155.636
1783748937.648372,155.636
1783748937.668528,155.636
1783748937.688671,155.636
1783748937.708815,155.636
1783748937.728958,155.575
1783748937.749103,155.575
1783748937.769253,155.575
1783748937.789388,155.575
1783748937.809529,155.575
1783748937.829677,155.502
1783748937.849818,155.502
1783748937.869954,155.502
1783748937.890090,155.502
1783748937.910234,155.814
1783748937.930402,155.814
1783748937.950540,155.814
1783748937.970706,155.814
1783748937.990909,155.814
1783748938.011075,155.990
1783748938.031220,155.990
1783748938.051354,155.990
1783748938.071499,155.990
1783748938.091683,155.990
1783748938.111821,156.023
1783748938.131958,156.023
1783748938.152096,156.023
1783748938.172236,156.023
1783748938.192386,156.023
1783748938.212530,156.236
1783748938.232673,156.236
1783748938.252820,156.236
1783748938.272980,156.236
1783748938.293117,156.236
1783748938.313256,156.214
1783748938.333400,156.214
1783748938.353544,156.214
1783748938.373683,156.214
1783748938.393819,156.214
1783748938.413961,155.978
1783748938.434127,155.978
1783748938.454265,155.978
1783748938.474400,155.978
1783748938.494543,155.978
1783748938.514700,156.067
1783748938.534892,156.067
1783748938.555027,156.067
1783748938.575165,156.067
1783748938.595319,156.067
1783748938.615462,155.689
1783748938.635601,155.689
1783748938.655789,155.689
1783748938.675928,155.689
1783748938.696081,155.689
1783748938.716217,156.167
1783748938.736362,156.167
1783748938.756498,156.167
1783748938.776635,156.167
1783748938.796771,156.167
1783748938.816912,156.326
1783748938.837062,156.326
1783748938.857209,156.326
1783748938.877346,156.326
1783748938.897484,156.326
1783748938.917624,156.370
1783748938.937790,156.370
1783748938.957933,156.370
1783748938.978066,156.370
1783748938.998210,156.370
1783748939.018369,156.358
1783748939.038516,156.358
1783748939.058651,156.358
1783748939.078797,156.358
1783748939.098953,156.358
1783748939.119096,156.289
1783748939.139235,156.289
1783748939.159379,156.289
1783748939.179530,156.289
1783748939.199684,156.289
1783748939.219821,155.899
1783748939.239965,155.899
1783748939.260146,155.899
1783748939.280303,155.899
1783748939.300442,155.899
1783748939.320583,155.779
1783748939.340764,155.779
1783748939.360911,155.779
1783748939.381083,155.779
1783748939.401220,155.779
1783748939.421356,155.731
1783748939.441522,155.731
1783748939.461666,155.731
1783748939.481800,155.731
1783748939.501943,155.731
1783748939.522089,155.716
1783748939.542232,155.716
1783748939.562364,155.716
1783748939.582508,155.716
1783748939.602669,155.716
1783748939.622810,156.259
1783748939.642948,156.259
1783748939.663091,156.259
1783748939.683242,156.259
1783748939.703395,156.259
1783748939.723531,156.275
1783748939.743675,156.275
1783748939.763821,156.275
1783748939.783960,156.275
1783748939.804104,156.275
1783748939.824245,156.318
1783748939.844385,156.318
1783748939.864535,156.318
1783748939.884678,156.318
1783748939.904816,156.318
1783748939.924959,156.076
1783748939.945125,156.076
1783748939.965262,156.076
1783748939.985396,156.076
1783748940.005539,156.076
1783748940.025687,155.776
1783748940.045828,155.776
1783748940.065963,155.776
1783748940.086102,155.776
1783748940.106258,155.776
1783748940.126398,155.838
1783748940.146536,155.838
1783748940.166677,155.838
1783748940.186835,155.838
1783748940.206986,155.838
1783748940.227125,156.004
1783748940.247272,156.004
1783748940.267425,156.004
1783748940.287564,156.004
1783748940.307709,156.004
1783748940.327904,156.057
1783748940.348052,156.057
1783748940.368192,156.057
1783748940.388335,156.057
1783748940.408474,156.057
1783748940.428619,156.298
1783748940.448788,156.298
1783748940.468931,156.298
1783748940.489068,156.298
1783748940.509212,156.298
1783748940.529414,156.228
1783748940.549562,156.228
1783748940.569699,156.228
1783748940.589887,156.228
1783748940.610051,156.228
1783748940.630198,156.269
1783748940.650334,156.269
1783748940.670514,156.269
1783748940.690670,156.269
1783748940.710825,156.327
1783748940.730965,156.327
1783748940.751106,156.327
1783748940.771261,156.327
1783748940.791403,156.327
1783748940.811547,155.706
1783748940.831690,155.706
1783748940.851859,155.706
1783748940.871999,155.706
1783748940.892143,155.706
1783748940.912282,155.746
1783748940.932428,155.746
1783748940.952572,155.746
1783748940.972710,155.746
1783748940.992896,155.746
1783748941.013042,155.694
1783748941.033211,155.694
1783748941.053350,155.694
1783748941.073488,155.694
1783748941.093627,155.694
1783748941.113783,155.785
1783748941.133933,155.785
1783748941.154068,155.785
1783748941.174205,155.785
1783748941.194362,155.785
1783748941.214511,156.054
1783748941.234651,156.054
1783748941.254790,156.054
1783748941.274947,156.054
1783748941.295089,156.054
1783748941.315232,156.140
1783748941.335369,156.140
1783748941.355516,156.140
1783748941.375659,156.140
1783748941.395796,156.140
1783748941.415937,155.922
1783748941.436080,155.922
1783748941.456226,155.922
1783748941.476366,155.922
1783748941.496503,155.922
1783748941.516647,155.671
1783748941.536813,155.671
1783748941.556952,155.671
1783748941.577089,155.671
1783748941.597226,155.671
1783748941.617376,155.360
1783748941.637524,155.360
1783748941.657660,155.360
1783748941.677805,155.360
1783748941.697964,155.360
1783748941.718115,155.351
1783748941.738253,155.351
1783748941.758395,155.351
1783748941.778544,155.351
1783748941.798688,155.351
1783748941.818905,155.637
1783748941.839047,155.637
1783748941.859157,155.637
1783748941.879265,155.637
1783748941.899365,155.637
1783748941.919467,155.854
1783748941.939598,155.854
1783748941.959797,155.854
1783748941.979940,155.854
1783748942.000076,155.854
1783748942.020218,155.954
1783748942.040358,155.954
1783748942.060494,155.954
1783748942.080630,155.954
1783748942.100773,155.954
1783748942.120931,156.015
1783748942.141079,156.015
1783748942.161213,156.015
1783748942.181351,156.015
1783748942.201508,156.015
1783748942.221654,155.455
1783748942.241792,155.455
1783748942.261961,155.455
1783748942.282116,155.455
1783748942.302259,155.455
1783748942.322399,155.593
1783748942.342542,155.593
1783748942.362688,155.593
1783748942.382835,155.593
1783748942.402971,155.593
1783748942.423112,155.709
1783748942.443260,155.709
1783748942.463405,155.709
1783748942.483543,155.709
1783748942.503678,155.709
1783748942.523821,155.615
1783748942.543986,155.615
1783748942.564122,155.615
1783748942.584257,155.615
1783748942.604399,155.615
1783748942.624544,156.067
1783748942.644690,156.067
1783748942.664845,156.067
1783748942.684983,156.067
1783748942.705143,156.067
1783748942.725294,156.213
1783748942.745431,156.213
1783748942.765571,156.213
1783748942.785708,156.213
1783748942.805913,156.213
1783748942.826055,155.996
1783748942.846198,155.996
1783748942.866348,155.996
1783748942.886489,155.996
1783748942.906631,155.996
1783748942.926773,155.988
1783748942.946921,155.988
1783748942.967060,155.988
1783748942.987195,155.988
1783748943.007330,155.988
1783748943.027468,155.764
1783748943.047635,155.764
1783748943.067807,155.764
1783748943.087940,155.764
1783748943.108101,155.764
1783748943.128255,155.878
1783748943.148397,155.878
1783748943.168530,155.878
1783748943.188674,155.878
1783748943.208823,155.878
1783748943.228996,156.009
1783748943.249134,156.009
1783748943.269277,156.009
1783748943.289415,156.009
1783748943.309554,156.009
1783748943.329686,155.900
1783748943.349825,155.900
1783748943.369971,155.900
1783748943.390129,155.900
1783748943.410264,155.900
1783748943.430403,156.140
1783748943.450551,156.140
1783748943.470687,156.140
1783748943.490821,156.140
1783748943.510957,156.140
1783748943.531094,156.146
1783748943.551234,156.146
1783748943.571370,156.146
1783748943.591504,156.146
1783748943.611640,155.786
1783748943.631798,155.786
1783748943.651937,155.786
1783748943.672069,155.786
1783748943.692208,155.786
1783748943.712346,155.783
1783748943.732487,155.783
1783748943.752622,155.783
1783748943.772769,155.783
1783748943.792923,155.783
1783748943.813067,155.730
1783748943.833202,155.730
1783748943.853344,155.730
1783748943.873450,155.730
1783748943.893586,155.730
1783748943.913769,155.556
1783748943.933905,155.556
1783748943.954049,155.556
1783748943.974190,155.556
1783748943.994324,155.556
1783748944.014460,156.019
1783748944.034605,156.019
1783748944.054770,156.019
1783748944.074903,156.019
1783748944.095037,156.019
1783748944.115176,156.122
1783748944.135329,156.122
1783748944.155468,156.122
1783748944.175603,156.122
1783748944.195778,156.122
1783748944.215919,155.959
1783748944.236053,155.959
1783748944.256188,155.959
1783748944.276331,155.959
1783748944.296471,155.959
1783748944.316610,155.980
1783748944.336780,155.980
1783748944.356922,155.980
1783748944.377063,155.980
1783748944.397231,155.980
1783748944.417365,155.565
1783748944.437505,155.565
1783748944.457654,155.565
1783748944.477794,155.565
1783748944.497931,155.565
1783748944.518073,155.568
1783748944.538210,155.568
1783748944.558351,155.568
1783748944.578486,155.568
1783748944.598618,155.568
1783748944.618760,155.727
1783748944.638925,155.727
1783748944.659034,155.727
1783748944.679168,155.727
1783748944.699311,155.727
1783748944.719470,155.840
1783748944.739619,155.840
1783748944.759753,155.840
1783748944.779890,155.840
1783748944.800000,155.840
1783748944.820144,156.012
1783748944.840282,156.012
1783748944.860420,156.012
1783748944.880562,156.012
1783748944.900665,156.012
1783748944.920799,156.187
1783748944.940914,156.187
1783748944.961055,156.187
1783748944.981164,156.187
1783748945.001299,156.187
1783748945.021469,155.867
1783748945.041606,155.867
1783748945.061783,155.867
1783748945.081918,155.867
1783748945.102053,155.867
1783748945.122190,155.859
1783748945.142348,155.859
1783748945.162457,155.859
1783748945.182590,155.859
1783748945.202775,155.859
1783748945.222930,155.693
1783748945.243073,155.693
1783748945.263208,155.693
1783748945.283347,155.693
1783748945.303489,155.693
1783748945.323638,155.475
1783748945.343775,155.475
1783748945.363915,155.475
1783748945.384062,155.475
1783748945.404200,155.475
1783748945.424333,155.668
1783748945.444438,155.668
1783748945.464583,155.668
1783748945.484769,155.668
1783748945.504913,155.668
1783748945.525051,155.735
1783748945.545190,155.735
1783748945.565331,155.735
1783748945.585469,155.735
1783748945.605602,155.735
1783748945.625792,155.898
1783748945.645904,155.898
1783748945.666074,155.898
1783748945.686208,155.898
1783748945.706353,155.898
1783748945.726515,156.082
1783748945.746651,156.082
1783748945.766786,156.082
1783748945.786923,156.082
1783748945.807065,156.082
1783748945.827208,155.661
1783748945.847315,155.661
1783748945.867456,155.661
1783748945.887567,155.661
1783748945.907705,155.661
1783748945.927886,155.804
1783748945.948026,155.804
1783748945.968173,155.804
1783748945.988283,155.804
1783748946.008388,155.804
1783748946.028493,155.879
1783748946.048630,155.879
1783748946.068774,155.879
1783748946.088913,155.879
1783748946.109047,155.879
1783748946.129186,155.560
1783748946.149340,155.560
1783748946.169477,155.560
1783748946.189610,155.560
1783748946.209755,155.560
1783748946.229910,155.817
1783748946.250058,155.817
1783748946.270163,155.817
1783748946.290301,155.817
1783748946.310445,155.817
1783748946.330580,155.996
1783748946.350714,155.996
1783748946.370903,155.996
1783748946.391049,155.996
1783748946.411197,155.996
1783748946.431339,156.140
1783748946.451479,156.140
1783748946.471618,156.140
1783748946.491770,156.140
1783748946.511914,156.140
1783748946.532052,156.243
1783748946.552197,156.243
1783748946.572347,156.243
1783748946.592490,156.243
1783748946.612626,156.059
1783748946.632771,156.059
1783748946.652936,156.059
1783748946.673079,156.059
1783748946.693212,156.059
1783748946.713353,155.926
1783748946.733514,155.926
1783748946.753664,155.926
1783748946.773800,155.926
1783748946.793940,155.926
1783748946.814091,156.160
1783748946.834241,156.160
1783748946.854375,156.160
1783748946.874517,156.160
1783748946.894675,156.160
1783748946.914822,156.263
1783748946.934959,156.263
1783748946.955138,156.263
1783748946.975283,156.263
1783748946.995443,156.263
1783748947.015585,156.271
1783748947.035721,156.271
1783748947.055913,156.271
1783748947.076066,156.271
1783748947.096242,156.271
1783748947.116379,156.247
1783748947.136521,156.247
1783748947.156687,156.247
1783748947.176802,156.247
1783748947.196938,156.247
1783748947.217078,156.114
1783748947.237240,156.114
1783748947.257387,156.114
1783748947.277519,156.114
1783748947.297659,156.114
1783748947.317801,155.894
1783748947.337934,155.894
1783748947.358038,155.894
1783748947.378144,155.894
1783748947.398248,155.894
1783748947.418388,155.869
1783748947.438524,155.869
1783748947.458661,155.869
1783748947.478750,155.869
1783748947.498891,155.869
1783748947.519027,155.650
1783748947.539162,155.650
1783748947.559301,155.650
1783748947.579461,155.650
1783748947.599598,155.650
1783748947.619781,155.899
1783748947.639925,155.899
1783748947.660065,155.899
1783748947.680202,155.899
1783748947.700335,155.899
1783748947.720442,155.845
1783748947.740586,155.845
1783748947.760761,155.845
1783748947.780892,155.845
1783748947.801030,155.845
1783748947.821177,155.872
1783748947.841311,155.872
1783748947.861416,155.872
1783748947.881552,155.872
1783748947.901700,155.872
1783748947.921895,155.988
1783748947.942029,155.988
1783748947.962162,155.988
1783748947.982304,155.988
1783748948.002442,155.988
1783748948.022545,155.905
1783748948.042641,155.905
1783748948.062763,155.905
1783748948.082848,155.905
1783748948.102969,155.905
1783748948.123106,155.891
1783748948.143243,155.891
1783748948.163406,155.891
1783748948.183542,155.891
1783748948.203676,155.891
1783748948.223811,156.095
1783748948.243998,156.095
1783748948.264139,156.095
1783748948.284273,156.095
1783748948.304414,156.095
1783748948.324562,156.383
1783748948.344701,156.383
1783748948.364913,156.383
1783748948.385053,156.383
1783748948.405198,156.383
1783748948.425338,156.279
1783748948.445441,156.279
1783748948.465547,156.279
1783748948.485686,156.279
1783748948.505830,156.279
1783748948.525966,156.309
1783748948.546102,156.309
1783748948.566239,156.309
1783748948.586381,156.309
1783748948.606517,156.309
1783748948.626651,156.077
1783748948.646791,156.077
1783748948.666947,156.077
1783748948.687081,156.077
1783748948.707221,156.077
1783748948.727360,156.341
1783748948.747514,156.341
1783748948.767620,156.341
1783748948.787751,156.341
1783748948.807894,156.341
1783748948.828034,156.476
1783748948.848184,156.476
1783748948.868313,156.476
1783748948.888457,156.476
1783748948.908597,156.476
1783748948.928768,156.410
1783748948.948908,156.410
1783748948.969043,156.410
1783748948.989185,156.410
1783748949.009335,156.410
1783748949.029475,156.391
1783748949.049614,156.391
1783748949.069750,156.391
1783748949.089887,156.391
1783748949.110015,156.391
1783748949.130150,156.331
1783748949.150286,156.331
1783748949.170424,156.331
1783748949.190561,156.331
1783748949.210692,156.331
1783748949.230774,156.204
1783748949.250880,156.204
1783748949.271012,156.204
1783748949.291143,156.204
1783748949.311279,156.204
1783748949.331416,156.182
1783748949.351522,156.182
1783748949.371624,156.182
1783748949.391760,156.182
1783748949.411906,156.182
1783748949.432051,156.008
1783748949.452186,156.008
1783748949.472321,156.008
1783748949.492426,156.008
1783748949.512565,156.008
1783748949.532779,156.097
1783748949.552915,156.097
1783748949.573052,156.097
1783748949.593191,156.097
1783748949.613327,156.302
1783748949.633462,156.302
1783748949.653636,156.302
1783748949.673777,156.302
1783748949.693911,156.302
1783748949.714045,156.200
1783748949.734186,156.200
1783748949.754347,156.200
1783748949.774484,156.200
1783748949.794616,156.200
1783748949.814757,155.985
1783748949.834910,155.985
1783748949.855044,155.985
1783748949.875175,155.985
1783748949.895318,155.985
1783748949.915468,155.878
1783748949.935617,155.878
1783748949.955759,155.878
1783748949.975891,155.878
1783748949.996035,155.878
1783748950.016135,155.618
1783748950.036229,155.618
1783748950.056327,155.618
1783748950.076448,155.618
1783748950.096599,155.618
1783748950.116795,155.553
1783748950.136932,155.553
1783748950.157074,155.553
1783748950.177221,155.553
1783748950.197365,155.553
1783748950.217465,155.530
1783748950.237591,155.530
1783748950.257793,155.530
1783748950.277936,155.530
1783748950.298070,155.530
1783748950.318213,155.693
1783748950.338354,155.693
1783748950.358503,155.693
1783748950.378637,155.693
1783748950.398775,155.693
1783748950.418924,156.132
1783748950.439073,156.132
1783748950.459212,156.132
1783748950.479350,156.132
1783748950.499497,156.132
1783748950.519650,156.050
1783748950.539795,156.050
1783748950.559901,156.050
1783748950.580005,156.050
1783748950.600148,156.050
1783748950.620294,155.754
1783748950.640429,155.754
1783748950.660574,155.754
1783748950.680764,155.754
1783748950.700907,155.754
1783748950.721040,155.925
1783748950.741184,155.925
1783748950.761347,155.925
1783748950.781486,155.925
1783748950.801654,155.925
1783748950.821797,155.733
1783748950.841955,155.733
1783748950.862098,155.733
1783748950.882233,155.733
1783748950.902341,155.733
1783748950.922451,155.634
1783748950.942609,155.634
1783748950.962753,155.634
1783748950.982896,155.634
1783748951.003041,155.634
1783748951.023193,156.106
1783748951.043338,156.106
1783748951.063479,156.106
1783748951.083618,156.106
1783748951.103771,156.106
1783748951.123914,155.946
1783748951.144049,155.946
1783748951.164192,155.946
1783748951.184332,155.946
1783748951.204476,155.946
1783748951.224613,156.250
1783748951.244719,156.250
1783748951.264875,156.250
1783748951.284999,156.250
1783748951.305134,156.250
1783748951.325278,156.092
1783748951.345431,156.092
1783748951.365582,156.092
1783748951.385716,156.092
1783748951.405909,156.092
1783748951.426061,155.531
1783748951.446208,155.531
1783748951.466351,155.531
1783748951.486493,155.531
1783748951.506640,155.531
1783748951.526783,155.684
1783748951.546928,155.684
1783748951.567037,155.684
1783748951.587139,155.684
1783748951.607267,155.684
1783748951.627414,155.674
1783748951.647548,155.674
1783748951.667693,155.674
1783748951.687902,155.674
1783748951.708046,155.674
1783748951.728180,155.503
1783748951.748322,155.503
1783748951.768487,155.503
1783748951.788625,155.503
1783748951.808758,155.503
1783748951.828903,155.469
1783748951.849060,155.469
1783748951.869205,155.469
1783748951.889341,155.469
1783748951.909458,155.469
1783748951.929610,155.557
1783748951.949763,155.557
1783748951.969903,155.557
1783748951.990046,155.557
1783748952.010194,155.557
1783748952.030349,155.887
1783748952.050494,155.887
1783748952.070636,155.887
1783748952.090818,155.887
1783748952.110978,155.887
1783748952.131122,155.959
1783748952.151259,155.959
1783748952.171404,155.959
1783748952.191548,155.959
1783748952.211692,155.959
1783748952.231867,155.666
1783748952.251973,155.666
1783748952.272119,155.666
1783748952.292259,155.666
1783748952.312393,155.666
1783748952.332538,155.660
1783748952.352698,155.660
1783748952.372893,155.660
1783748952.393028,155.660
1783748952.413170,155.660
1783748952.433326,155.716
1783748952.453481,155.716
1783748952.473619,155.716
1783748952.493762,155.716
1783748952.513906,155.716
1783748952.534065,155.958
1783748952.554209,155.958
1783748952.574320,155.958
1783748952.594463,155.958
1783748952.614607,155.848
1783748952.634797,155.848
1783748952.654932,155.848
1783748952.675076,155.848
1783748952.695215,155.848
1783748952.715357,155.806
1783748952.735492,155.806
1783748952.755635,155.806
1783748952.775788,155.806
1783748952.795930,155.806
1783748952.816066,156.040
1783748952.836210,156.040
1783748952.856371,156.040
1783748952.876519,156.040
1783748952.896655,156.040
1783748952.916757,156.092
1783748952.936903,156.092
1783748952.957057,156.092
1783748952.977192,156.092
1783748952.997335,156.092
1783748953.017480,156.156
1783748953.037639,156.156
1783748953.057782,156.156
1783748953.077919,156.156
1783748953.098068,156.156
1783748953.118219,155.982
1783748953.138363,155.982
1783748953.158501,155.982
1783748953.178638,155.982
1783748953.198789,155.982
1783748953.218932,156.040
1783748953.239038,156.040
1783748953.259140,156.040
1783748953.279267,156.040
1783748953.299411,156.040
1783748953.319545,155.784
1783748953.339684,155.784
1783748953.359845,155.784
1783748953.380018,155.784
1783748953.400153,155.784
1783748953.420295,155.815
1783748953.440453,155.815
1783748953.460600,155.815
1783748953.480768,155.815
1783748953.500941,155.815
1783748953.521088,155.735
1783748953.541245,155.735
1783748953.561391,155.735
1783748953.581501,155.735
1783748953.601645,155.735
1783748953.621797,155.913
1783748953.641938,155.913
1783748953.662076,155.913
1783748953.682213,155.913
1783748953.702363,155.913
1783748953.722505,156.105
1783748953.742641,156.105
1783748953.762784,156.105
1783748953.782926,156.105
1783748953.803071,156.105
1783748953.823208,156.330
1783748953.843353,156.330
1783748953.863499,156.330
1783748953.883634,156.330
1783748953.903771,156.330
1783748953.923880,156.216
1783748953.944029,156.216
1783748953.964173,156.216
1783748953.984312,156.216
1783748954.004452,156.216
1783748954.024603,155.920
1783748954.044760,155.920
1783748954.064904,155.920
1783748954.085039,155.920
1783748954.105188,155.920
1783748954.125328,156.041
1783748954.145466,156.041
1783748954.165603,156.041
1783748954.185789,156.041
1783748954.205951,156.041
1783748954.226096,155.776
1783748954.246233,155.776
1783748954.266339,155.776
1783748954.286479,155.776
1783748954.306626,155.776
1783748954.326766,155.882
1783748954.346904,155.882
1783748954.367064,155.882
1783748954.387203,155.882
1783748954.407338,155.882
1783748954.427483,156.081
1783748954.447640,156.081
1783748954.467792,156.081
1783748954.487925,156.081
1783748954.508068,156.081
1783748954.528222,156.195
1783748954.548374,156.195
1783748954.568509,156.195
1783748954.588645,156.195
1783748954.608756,156.195
1783748954.628871,156.349
1783748954.649001,156.349
1783748954.669172,156.349
1783748954.689310,156.349
1783748954.709470,156.349
1783748954.729614,156.380
1783748954.749752,156.380
1783748954.769895,156.380
1783748954.790071,156.380
1783748954.810217,156.380
1783748954.830380,155.905
1783748954.850525,155.905
1783748954.870680,155.905
1783748954.890821,155.905
1783748954.910957,155.905
1783748954.931098,156.161
1783748954.951255,156.161
1783748954.971407,156.161
1783748954.991542,156.161
1783748955.011685,156.161
1783748955.031840,155.957
1783748955.051991,155.957
1783748955.072134,155.957
1783748955.092275,155.957
1783748955.112423,155.957
1783748955.132583,155.954
1783748955.152775,155.954
1783748955.172912,155.954
1783748955.193049,155.954
1783748955.213207,155.954
1783748955.233352,155.960
1783748955.253488,155.960
1783748955.273664,155.960
1783748955.293809,155.960
1783748955.313950,155.960
1783748955.334085,155.885
1783748955.354228,155.885
1783748955.374390,155.885
1783748955.394531,155.885
1783748955.414665,155.885
1783748955.434810,155.960
1783748955.454967,155.960
1783748955.475081,155.960
1783748955.495176,155.960
1783748955.515260,155.779
1783748955.535398,155.779
1783748955.555553,155.779
1783748955.575689,155.779
1783748955.595827,155.779
1783748955.615969,155.800
1783748955.636125,155.800
1783748955.656266,155.800
1783748955.676404,155.800
1783748955.696537,155.800
1783748955.716690,155.870
1783748955.736832,155.870
1783748955.756965,155.870
1783748955.777098,155.870
1783748955.797247,155.870
1783748955.817388,155.738
1783748955.837521,155.738
1783748955.857660,155.738
1783748955.877818,155.738
1783748955.897957,155.738
1783748955.918089,155.857
1783748955.938266,155.857
1783748955.958419,155.857
1783748955.978569,155.857
1783748955.998703,155.857
1783748956.018891,155.931
1783748956.039042,155.931
1783748956.059191,155.931
1783748956.079364,155.931
1783748956.099505,155.931
1783748956.119650,155.824
1783748956.139807,155.824
1783748956.159950,155.824
1783748956.180089,155.824
1783748956.200230,155.824
1783748956.220385,156.297
1783748956.240528,156.297
1783748956.260662,156.297
1783748956.280804,156.297
1783748956.300958,156.297
1783748956.321099,156.273
1783748956.341233,156.273
1783748956.361401,156.273
1783748956.381564,156.273
1783748956.401698,156.273
1783748956.421875,156.239
1783748956.442019,156.239
1783748956.462174,156.239
1783748956.482311,156.239
1783748956.502445,156.239
1783748956.522586,156.372
1783748956.542785,156.372
1783748956.562931,156.372
1783748956.583069,156.372
1783748956.603209,156.372
1783748956.623353,156.161
1783748956.643510,156.161
1783748956.663652,156.161
1783748956.683791,156.161
1783748956.703935,156.161
1783748956.724090,155.775
1783748956.744231,155.775
1783748956.764368,155.775
1783748956.784503,155.775
1783748956.804667,155.775
1783748956.824810,156.065
1783748956.844943,156.065
1783748956.865078,156.065
1783748956.885216,156.065
1783748956.905360,156.065
1783748956.925492,155.969
1783748956.945635,155.969
1783748956.965790,155.969
1783748956.985926,155.969
1783748957.006060,155.969
1783748957.026201,156.133
1783748957.046354,156.133
1783748957.066503,156.133
1783748957.086635,156.133
1783748957.106776,156.133
1783748957.126920,156.304
1783748957.147077,156.304
1783748957.167221,156.304
1783748957.187359,156.304
1783748957.207504,156.304
1783748957.227692,156.161
1783748957.247861,156.161
1783748957.267997,156.161
1783748957.288131,156.161
1783748957.308296,156.161
1783748957.328439,155.934
1783748957.348574,155.934
1783748957.368755,155.934
1783748957.388896,155.934
1783748957.409036,155.934
1783748957.429169,155.996
1783748957.449312,155.996
1783748957.469472,155.996
1783748957.489607,155.996
1783748957.509779,155.996
1783748957.529921,155.841
1783748957.550075,155.841
1783748957.570214,155.841
1783748957.590345,155.841
1783748957.610480,155.841
1783748957.630625,156.111
1783748957.650784,156.111
1783748957.670929,156.111
1783748957.691066,156.111
1783748957.711210,156.111
1783748957.731367,156.277
1783748957.751511,156.277
1783748957.771647,156.277
1783748957.791781,156.277
1783748957.811944,156.277
1783748957.832087,156.311
1783748957.852220,156.311
1783748957.872357,156.311
1783748957.892502,156.311
1783748957.912647,156.311
1783748957.932783,156.550
1783748957.952927,156.550
1783748957.973085,156.550
1783748957.993226,156.550
1783748958.013361,156.550
1783748958.033503,156.111
1783748958.053656,156.111
1783748958.073809,156.111
1783748958.093942,156.111
1783748958.114080,156.111
1783748958.134225,156.215
1783748958.154382,156.215
1783748958.174524,156.215
1783748958.194664,156.215
1783748958.214810,156.215
1783748958.234960,156.200
1783748958.255102,156.200
1783748958.275236,156.200
1783748958.295369,156.200
1783748958.315524,156.200
1783748958.335658,155.897
1783748958.355792,155.897
1783748958.375932,155.897
1783748958.396078,155.897
1783748958.416220,156.021
1783748958.436356,156.021
1783748958.456499,156.021
1783748958.476616,156.021
1783748958.496763,156.021
1783748958.516897,156.129
1783748958.537014,156.129
1783748958.557148,156.129
1783748958.577283,156.129
1783748958.597417,156.129
1783748958.617557,156.225
1783748958.637780,156.225
1783748958.657938,156.225
1783748958.678078,156.225
1783748958.698219,156.225
1783748958.718368,156.395
1783748958.738526,156.395
1783748958.758671,156.395
1783748958.778808,156.395
1783748958.798945,156.395
1783748958.819104,155.975
1783748958.839250,155.975
1783748958.859385,155.975
1783748958.879523,155.975
1783748958.899681,155.975
1783748958.919825,155.781
1783748958.939962,155.781
1783748958.960106,155.781
1783748958.980267,155.781
1783748959.000407,155.781
1783748959.020541,155.894
1783748959.040684,155.894
1783748959.060836,155.894
1783748959.080986,155.894
1783748959.101120,155.894
1783748959.121258,155.728
1783748959.141401,155.728
1783748959.161556,155.728
1783748959.181699,155.728
1783748959.201884,155.728
1783748959.222026,155.940
1783748959.242182,155.940
1783748959.262325,155.940
1783748959.282458,155.940
1783748959.302593,155.940
1783748959.322797,156.155
1783748959.342934,156.155
1783748959.363065,156.155
1783748959.383206,156.155
1783748959.403351,156.155
1783748959.423493,156.260
1783748959.443629,156.260
1783748959.463766,156.260
1783748959.483923,156.260
1783748959.504065,156.260
1783748959.524201,156.251
1783748959.544346,156.251
1783748959.564501,156.251
1783748959.584654,156.251
1783748959.604788,156.251
1783748959.624931,156.280
1783748959.645082,156.280
1783748959.665238,156.280
1783748959.685381,156.280
1783748959.705522,156.280
1783748959.725670,155.743
1783748959.745831,155.743
1783748959.765974,155.743
1783748959.786112,155.743
1783748959.806286,155.743
1783748959.826448,155.844
1783748959.846594,155.844
1783748959.866777,155.844
1783748959.886919,155.844
1783748959.907079,155.844
1783748959.927255,155.855
1783748959.947390,155.855
1783748959.967534,155.855
1783748959.987679,155.855
1783748960.007822,155.855
1783748960.027958,155.782
1783748960.048104,155.782
1783748960.068262,155.782
1783748960.088403,155.782
1783748960.108539,155.782
1783748960.128682,156.377
1783748960.148837,156.377
1783748960.168990,156.377
1783748960.189126,156.377
1783748960.209269,156.377
1783748960.229416,156.181
1783748960.249576,156.181
1783748960.269719,156.181
1783748960.289907,156.181
1783748960.310046,156.181
1783748960.330208,156.375
1783748960.350346,156.375
1783748960.370482,156.375
1783748960.390619,156.375
1783748960.410778,156.375
1783748960.430923,156.232
1783748960.451059,156.232
1783748960.471200,156.232
1783748960.491344,156.232
1783748960.511488,156.232
1783748960.531625,155.972
1783748960.551771,155.972
1783748960.571922,155.972
1783748960.592073,155.972
1783748960.612207,155.972
1783748960.632350,156.204
1783748960.652505,156.204
1783748960.672656,156.204
1783748960.692793,156.204
1783748960.712935,156.204
1783748960.733082,156.165
1783748960.753242,156.165
1783748960.773387,156.165
1783748960.793528,156.165
1783748960.813667,156.165
1783748960.833832,156.414
1783748960.853977,156.414
1783748960.874114,156.414
1783748960.894249,156.414
1783748960.914405,156.414
1783748960.934550,156.575
1783748960.954687,156.575
1783748960.974831,156.575
1783748960.994972,156.575
1783748961.015115,156.575
1783748961.035252,156.697
1783748961.055397,156.697
1783748961.075586,156.697
1783748961.095721,156.697
1783748961.115903,156.697
1783748961.136048,156.300
1783748961.156202,156.300
1783748961.176353,156.300
1783748961.196488,156.300
1783748961.216659,156.360
1783748961.236805,156.360
1783748961.256966,156.360
1783748961.277111,156.360
1783748961.297249,156.360
1783748961.317394,156.084
1783748961.337535,156.084
1783748961.357677,156.084
1783748961.377811,156.084
1783748961.397945,156.084
1783748961.418105,155.887
1783748961.438250,155.887
1783748961.458385,155.887
1783748961.478524,155.887
1783748961.498670,155.887
1783748961.518812,156.148
1783748961.538947,156.148
1783748961.559092,156.148
1783748961.579244,156.148
1783748961.599385,156.148
1783748961.619518,156.168
1783748961.639661,156.168
1783748961.659815,156.168
1783748961.679963,156.168
1783748961.700097,156.168
1783748961.720237,156.351
1783748961.740383,156.351
1783748961.760540,156.351
1783748961.780675,156.351
1783748961.800812,156.351
1783748961.820958,156.156
1783748961.841114,156.156
1783748961.861258,156.156
1783748961.881391,156.156
1783748961.901528,156.156
1783748961.921686,155.627
1783748961.941831,155.627
1783748961.961966,155.627
1783748961.982107,155.627
1783748962.002253,155.627
1783748962.022397,155.757
1783748962.042532,155.757
1783748962.062675,155.757
1783748962.082829,155.757
1783748962.102970,155.757
1783748962.123104,155.795
1783748962.143246,155.795
1783748962.163399,155.795
1783748962.183536,155.795
1783748962.203670,155.795
1783748962.223811,155.840
1783748962.243955,155.840
1783748962.264112,155.840
1783748962.284256,155.840
1783748962.304395,155.840
1783748962.324539,156.250
1783748962.344679,156.250
1783748962.364899,156.250
1783748962.385032,156.250
1783748962.405167,156.250
1783748962.425326,156.162
1783748962.445471,156.162
1783748962.465605,156.162
1783748962.485781,156.162
1783748962.505951,156.162
1783748962.526095,155.947
1783748962.546231,155.947
1783748962.566367,155.947
1783748962.586526,155.947
1783748962.606667,155.947
1783748962.626801,156.155
1783748962.646944,156.155
1783748962.667096,156.155
1783748962.687235,156.155
1783748962.707369,156.155
1783748962.727507,155.703
1783748962.747653,155.703
1783748962.767811,155.703
1783748962.787946,155.703
1783748962.808082,155.703
1783748962.828227,155.640
1783748962.848386,155.640
1783748962.868528,155.640
1783748962.888664,155.640
1783748962.908799,155.640
1783748962.928960,156.058
1783748962.949103,156.058
1783748962.969237,156.058
1783748962.989371,156.058
1783748963.009526,156.058
1783748963.029672,156.196
1783748963.049808,156.196
1783748963.069952,156.196
1783748963.090096,156.196
1783748963.110236,156.196
1783748963.130372,156.401
1783748963.150514,156.401
1783748963.170666,156.401
1783748963.190812,156.401
1783748963.210945,156.401
1783748963.231085,156.247
1783748963.251230,156.247
1783748963.271389,156.247
1783748963.291522,156.247
1783748963.311660,156.247
1783748963.331804,156.095
1783748963.351955,156.095
1783748963.372097,156.095
1783748963.392232,156.095
1783748963.412369,156.095
1783748963.432530,155.968
1783748963.452674,155.968
1783748963.472808,155.968
1783748963.492942,155.968
1783748963.513056,155.968
1783748963.533198,155.936
1783748963.553334,155.936
1783748963.573472,155.936
1783748963.593576,155.936
1783748963.613664,155.936
1783748963.633745,155.918
1783748963.653876,155.918
1783748963.674023,155.918
1783748963.694174,155.918
1783748963.714308,155.918
1783748963.734452,156.465
1783748963.754600,156.465
1783748963.774791,156.465
1783748963.794926,156.465
1783748963.815067,156.465
1783748963.835214,156.268
1783748963.855319,156.268
1783748963.875426,156.268
1783748963.895540,156.268
1783748963.915669,156.268
1783748963.935836,155.975
1783748963.955979,155.975
1783748963.976116,155.975
1783748963.996254,155.975
1783748964.016411,155.975
1783748964.036558,155.953
1783748964.056694,155.953
1783748964.076887,155.953
1783748964.097044,155.953
1783748964.117188,155.953
1783748964.137326,155.816
1783748964.157471,155.816
1783748964.177628,155.816
1783748964.197751,155.816
1783748964.217880,155.745
1783748964.238024,155.745
1783748964.258170,155.745
1783748964.278326,155.745
1783748964.298462,155.745
1783748964.318603,156.027
1783748964.338788,156.027
1783748964.358945,156.027
1783748964.379090,156.027
1783748964.399225,156.027
1783748964.419362,156.295
1783748964.439527,156.295
1783748964.459671,156.295
1783748964.479807,156.295
1783748964.499944,156.295
1783748964.520071,156.515
1783748964.540214,156.515
1783748964.560349,156.515
1783748964.580496,156.515
1783748964.600639,156.515
1783748964.620780,156.497
1783748964.640918,156.497
1783748964.661063,156.497
1783748964.681220,156.497
1783748964.701373,156.497
1783748964.721510,156.336
1783748964.741654,156.336
1783748964.761802,156.336
1783748964.781943,156.336
1783748964.802079,156.336
1783748964.822221,156.335
1783748964.842337,156.335
1783748964.862494,156.335
1783748964.882632,156.335
1783748964.902774,156.335
1783748964.922917,156.184
1783748964.943116,156.184
1783748964.963263,156.184
1783748964.983399,156.184
1783748965.003535,156.184
1783748965.023696,156.125
1783748965.043891,156.125
1783748965.064059,156.125
1783748965.084202,156.125
1783748965.104342,156.125
1783748965.124486,156.623
1783748965.144623,156.623
1783748965.164768,156.623
1783748965.184886,156.623
1783748965.205013,156.623
1783748965.225151,156.631
1783748965.245295,156.631
1783748965.265448,156.631
1783748965.285603,156.631
1783748965.305785,156.631
1783748965.325926,156.432
1783748965.346072,156.432
1783748965.366233,156.432
1783748965.386375,156.432
1783748965.406512,156.432
1783748965.426654,156.291
1783748965.446821,156.291
1783748965.466968,156.291
1783748965.487103,156.291
1783748965.507215,156.291
1783748965.527375,155.824
1783748965.547522,155.824
1783748965.567658,155.824
1783748965.587802,155.824
1783748965.607948,155.824
1783748965.628090,155.760
1783748965.648226,155.760
1783748965.668372,155.760
1783748965.688527,155.760
1783748965.708665,155.760
1783748965.728801,155.886
1783748965.748945,155.886
1783748965.769100,155.886
1783748965.789237,155.886
1783748965.809373,155.886
1783748965.829483,155.925
1783748965.849626,155.925
1783748965.869787,155.925
1783748965.889929,155.925
1783748965.910066,155.925
1783748965.930210,156.399
1783748965.950377,156.399
1783748965.970522,156.399
1783748965.990658,156.399
1783748966.010794,156.399
1783748966.030959,156.395
1783748966.051105,156.395
1783748966.071242,156.395
1783748966.091381,156.395
1783748966.111526,156.395
1783748966.131672,156.195
1783748966.151809,156.195
1783748966.171922,156.195
1783748966.192078,156.195
1783748966.212251,156.195
1783748966.232388,156.195
1783748966.252532,156.195
1783748966.272686,156.195
1783748966.292824,156.195
1783748966.312958,156.195
1783748966.333097,155.979
1783748966.353274,155.979
1783748966.373430,155.979
1783748966.393575,155.979
1783748966.413710,155.979
1783748966.433904,155.771
1783748966.454070,155.771
1783748966.474215,155.771
1783748966.494319,155.771
1783748966.514419,155.771
1783748966.534565,156.252
1783748966.554713,156.252
1783748966.574892,156.252
1783748966.595035,156.252
1783748966.615187,156.252
1783748966.635329,156.150
1783748966.655468,156.150
1783748966.675613,156.150
1783748966.695772,156.150
1783748966.715915,156.150
1783748966.736052,156.460
1783748966.756194,156.460
1783748966.776334,156.460
1783748966.796471,156.460
1783748966.816606,156.460
1783748966.836712,156.549
1783748966.856888,156.549
1783748966.877020,156.549
1783748966.897152,156.549
1783748966.917293,156.549
1783748966.937434,156.146
1783748966.957598,156.146
1783748966.977788,156.146
1783748966.997925,156.146
1783748967.018061,156.146
1783748967.038226,155.833
1783748967.058370,155.833
1783748967.078507,155.833
1783748967.098644,155.833
1783748967.118799,155.896
1783748967.138943,155.896
1783748967.159080,155.896
1783748967.179192,155.896
1783748967.199347,155.896
1783748967.219489,155.780
1783748967.239625,155.780
1783748967.259770,155.780
1783748967.279923,155.780
1783748967.300064,155.780
1783748967.320200,155.825
1783748967.340337,155.825
1783748967.360484,155.825
1783748967.380644,155.825
1783748967.400779,155.825
1783748967.420918,156.263
1783748967.441066,156.263
1783748967.461226,156.263
1783748967.481369,156.263
1783748967.501510,156.263
1783748967.521608,156.290
1783748967.541797,156.290
1783748967.561947,156.290
1783748967.582083,156.290
1783748967.602220,156.290
1783748967.622365,156.255
1783748967.642549,156.255
1783748967.662685,156.255
1783748967.682830,156.255
1783748967.702987,156.255
1783748967.723131,156.235
1783748967.743268,156.235
1783748967.763413,156.235
1783748967.783562,156.235
1783748967.803705,156.235
1783748967.823889,155.864
1783748967.844002,155.864
1783748967.864144,155.864
1783748967.884284,155.864
1783748967.904421,155.864
1783748967.924561,155.981
1783748967.944678,155.981
1783748967.964799,155.981
1783748967.984885,155.981
1783748968.004998,155.981
1783748968.025130,156.303
1783748968.045296,156.303
1783748968.065442,156.303
1783748968.085578,156.303
1783748968.105721,156.303
1783748968.125972,156.354
1783748968.146120,156.354
1783748968.166224,156.354
1783748968.186328,156.354
1783748968.206456,156.354
1783748968.226599,156.226
1783748968.246784,156.226
1783748968.266928,156.226
1783748968.287082,156.226
1783748968.307223,156.226
1783748968.327361,156.520
1783748968.347503,156.520
1783748968.367649,156.520
1783748968.387808,156.520
1783748968.407944,156.520
1783748968.428086,156.353
1783748968.448234,156.353
1783748968.468395,156.353
1783748968.488539,156.353
1783748968.508674,156.353
1783748968.528817,156.087
1783748968.548982,156.087
1783748968.569118,156.087
1783748968.589253,156.087
1783748968.609390,156.087
1783748968.629548,156.140
1783748968.649695,156.140
1783748968.669878,156.140
1783748968.690023,156.140
1783748968.710174,156.140
1783748968.730319,155.773
1783748968.750456,155.773
1783748968.770601,155.773
1783748968.790785,155.773
1783748968.810937,155.773
1783748968.831075,155.972
1783748968.851218,155.972
1783748968.871364,155.972
1783748968.891514,155.972
1783748968.911682,155.972
1783748968.931823,156.064
1783748968.951935,156.064
1783748968.972041,156.064
1783748968.992161,156.064
1783748969.012296,156.064
1783748969.032438,156.368
1783748969.052599,156.368
1783748969.072795,156.368
1783748969.092925,156.368
1783748969.113058,156.368
1783748969.133213,156.328
1783748969.153357,156.328
1783748969.173491,156.328
1783748969.193631,156.328
1783748969.213772,156.328
1783748969.233917,156.284
1783748969.254052,156.284
1783748969.274193,156.284
1783748969.294336,156.284
1783748969.314474,156.284
1783748969.334609,155.874
1783748969.354753,155.874
1783748969.374892,155.874
1783748969.395049,155.874
1783748969.415182,155.874
1783748969.435322,156.405
1783748969.455465,156.405
1783748969.475621,156.405
1783748969.495761,156.405
1783748969.515894,156.405
1783748969.536036,156.507
1783748969.556200,156.507
1783748969.576338,156.507
1783748969.596471,156.507
1783748969.616607,156.507
1783748969.636769,156.462
1783748969.656912,156.462
1783748969.677045,156.462
1783748969.697188,156.462
1783748969.717331,156.462
1783748969.737477,156.870
1783748969.757614,156.870
1783748969.777755,156.870
1783748969.797908,156.870
1783748969.818047,156.870
1783748969.838183,156.578
1783748969.858324,156.578
1783748969.878461,156.578
1783748969.898594,156.578
1783748969.918779,156.578
1783748969.938917,156.676
1783748969.959062,156.676
1783748969.979220,156.676
1783748969.999355,156.676
1783748970.019489,156.223
1783748970.039630,156.223
1783748970.059792,156.223
1783748970.079977,156.223
1783748970.100109,156.223
1783748970.120242,156.344
1783748970.140405,156.344
1783748970.160550,156.344
1783748970.180686,156.344
1783748970.200908,156.344
1783748970.221059,156.890
1783748970.241207,156.890
1783748970.261342,156.890
1783748970.281483,156.890
1783748970.301636,156.890
1783748970.321776,156.716
1783748970.341909,156.716
1783748970.362049,156.716
1783748970.382194,156.716
1783748970.402328,156.716
1783748970.422461,156.317
1783748970.442600,156.317
1783748970.462774,156.317
1783748970.482931,156.317
1783748970.503065,156.317
1783748970.523199,156.418
1783748970.543343,156.418
1783748970.563509,156.418
1783748970.583653,156.418
1783748970.603786,156.418
1783748970.623920,156.205
1783748970.644081,156.205
1783748970.664226,156.205
1783748970.684358,156.205
1783748970.704499,156.205
1783748970.724653,156.119
1783748970.744800,156.119
1783748970.764935,156.119
1783748970.785071,156.119
1783748970.805227,156.119
1783748970.825369,156.600
1783748970.845506,156.600
1783748970.865646,156.600
1783748970.885794,156.600
1783748970.905930,156.600
1783748970.926064,156.488
1783748970.946203,156.488
1783748970.966347,156.488
1783748970.986505,156.488
1783748971.006641,156.488
1783748971.026776,156.520
1783748971.046919,156.520
1783748971.067081,156.520
1783748971.087215,156.520
1783748971.107348,156.520
1783748971.127483,156.528
1783748971.147647,156.528
1783748971.167784,156.528
1783748971.187917,156.528
1783748971.208051,156.528
1783748971.228202,156.180
1783748971.248349,156.180
1783748971.268484,156.180
1783748971.288626,156.180
1783748971.308780,156.180
1783748971.328922,156.090
1783748971.349086,156.090
1783748971.369228,156.090
1783748971.389381,156.090
1783748971.409520,156.090
1783748971.429656,155.821
1783748971.449794,155.821
1783748971.469939,155.821
1783748971.490129,155.821
1783748971.510265,155.821
1783748971.530397,155.985
1783748971.550539,155.985
1783748971.570679,155.985
1783748971.590821,155.985
1783748971.610953,155.985
1783748971.631088,156.175
1783748971.651250,156.175
1783748971.671396,156.175
1783748971.691532,156.175
1783748971.711674,156.175
1783748971.731831,156.212
1783748971.751977,156.212
1783748971.772113,156.212
1783748971.792249,156.212
1783748971.812404,156.212
1783748971.832547,156.190
1783748971.852683,156.190
1783748971.872823,156.190
1783748971.892972,156.190
1783748971.913114,156.190
1783748971.933249,156.232
1783748971.953351,156.232
1783748971.973473,156.232
1783748971.993625,156.232
1783748972.013766,156.232
1783748972.033903,156.121
1783748972.054049,156.121
1783748972.074212,156.121
1783748972.094351,156.121
1783748972.114486,156.121
1783748972.134625,156.088
1783748972.154790,156.088
1783748972.174933,156.088
1783748972.195067,156.088
1783748972.215204,156.088
1783748972.235363,155.663
1783748972.255510,155.663
1783748972.275647,155.663
1783748972.295786,155.663
1783748972.315938,155.663
1783748972.336074,155.987
1783748972.356210,155.987
1783748972.376353,155.987
1783748972.396508,155.987
1783748972.416652,155.987
1783748972.436790,156.286
1783748972.456931,156.286
1783748972.477078,156.286
1783748972.497233,156.286
1783748972.517371,156.286
1783748972.537509,156.176
1783748972.557647,156.176
1783748972.577794,156.176
1783748972.597934,156.176
1783748972.618068,156.176
1783748972.638239,156.438
1783748972.658398,156.438
1783748972.678539,156.438
1783748972.698671,156.438
1783748972.718802,156.438
1783748972.738959,156.430
1783748972.759103,156.430
1783748972.779267,156.430
1783748972.799402,156.430
1783748972.819551,156.430
1783748972.839701,156.314
1783748972.859895,156.314
1783748972.880029,156.314
1783748972.900179,156.314
1783748972.920312,156.048
1783748972.940453,156.048
1783748972.960591,156.048
1783748972.980786,156.048
1783748973.000920,156.048
1783748973.021052,155.988
1783748973.041190,155.988
1783748973.061332,155.988
1783748973.081489,155.988
1783748973.101631,155.988
1783748973.121764,155.933
1783748973.141907,155.933
1783748973.162072,155.933
1783748973.182217,155.933
1783748973.202352,155.933
1783748973.222486,156.489
1783748973.242646,156.489
1783748973.262791,156.489
1783748973.282923,156.489
1783748973.303066,156.489
1783748973.323203,156.281
1783748973.343342,156.281
1783748973.363477,156.281
1783748973.383621,156.281
1783748973.403766,156.281
1783748973.423902,156.566
1783748973.444042,156.566
1783748973.464184,156.566
1783748973.484329,156.566
1783748973.504465,156.566
1783748973.524598,156.395
1783748973.544785,156.395
1783748973.564930,156.395
1783748973.585088,156.395
1783748973.605230,156.395
1783748973.625363,155.967
1783748973.645507,155.967
1783748973.665671,155.967
1783748973.685815,155.967
1783748973.705951,155.967
1783748973.726085,156.174
1783748973.746247,156.174
1783748973.766392,156.174
1783748973.786526,156.174
1783748973.806668,156.174
1783748973.826809,156.110
1783748973.846960,156.110
1783748973.867096,156.110
1783748973.887230,156.110
1783748973.907377,156.110
1783748973.927545,155.924
1783748973.947686,155.924
1783748973.967827,155.924
1783748973.987972,155.924
1783748974.008116,155.924
1783748974.028249,156.430
1783748974.048417,156.430
1783748974.068563,156.430
1783748974.088701,156.430
1783748974.108886,156.430
1783748974.129021,155.856
1783748974.149164,155.856
1783748974.169327,155.856
1783748974.189471,155.856
1783748974.209605,155.856
1783748974.229779,156.073
1783748974.249941,156.073
1783748974.270087,156.073
1783748974.290222,156.073
1783748974.310364,156.073
1783748974.330516,156.061
1783748974.350657,156.061
1783748974.370792,156.061
1783748974.390935,156.061
1783748974.411086,156.061
1783748974.431225,155.770
1783748974.451358,155.770
1783748974.471499,155.770
1783748974.491643,155.770
1783748974.511781,155.770
1783748974.531917,155.856
1783748974.552056,155.856
1783748974.572199,155.856
1783748974.592357,155.856
1783748974.612492,155.856
1783748974.632626,156.061
1783748974.652770,156.061
1783748974.672932,156.061
1783748974.693078,156.061
1783748974.713211,156.061
1783748974.733346,156.000
1783748974.753508,156.000
1783748974.773653,156.000
1783748974.793785,156.000
1783748974.813926,156.000
1783748974.834079,155.895
1783748974.854224,155.895
1783748974.874362,155.895
1783748974.894503,155.895
1783748974.914651,155.895
1783748974.934792,156.174
1783748974.954931,156.174
1783748974.975072,156.174
1783748974.995219,156.174
1783748975.015359,156.174
1783748975.035493,156.003
1783748975.055632,156.003
1783748975.075778,156.003
1783748975.095919,156.003
1783748975.116058,156.003
1783748975.136192,156.197
1783748975.156334,156.197
1783748975.176496,156.197
1783748975.196640,156.197
1783748975.216809,156.197
1783748975.236944,155.930
1783748975.257106,155.930
1783748975.277250,155.930
1783748975.297381,155.930
1783748975.317522,155.930
1783748975.337696,156.279
1783748975.357887,156.279
1783748975.377983,156.279
1783748975.398072,156.279
1783748975.418158,156.279
1783748975.438266,156.298
1783748975.458383,156.298
1783748975.478519,156.298
1783748975.498666,156.298
1783748975.518806,156.298
1783748975.538944,155.890
1783748975.559085,155.890
1783748975.579192,155.890
1783748975.599336,155.890
1783748975.619469,155.890
1783748975.639603,156.145
1783748975.659776,156.145
1783748975.679927,156.145
1783748975.700060,156.145
1783748975.720191,156.145
1783748975.740328,155.849
1783748975.760479,155.849
1783748975.780614,155.849
1783748975.800749,155.849
1783748975.820891,155.849
1783748975.841050,155.921
1783748975.861197,155.921
1783748975.881332,155.921
1783748975.901476,155.921
1783748975.921595,156.025
1783748975.941779,156.025
1783748975.961914,156.025
1783748975.982055,156.025
1783748976.002191,156.025
1783748976.022337,156.319
1783748976.042472,156.319
1783748976.062609,156.319
1783748976.082754,156.319
1783748976.102901,156.319
1783748976.123034,156.315
1783748976.143169,156.315
1783748976.163304,156.315
1783748976.183458,156.315
1783748976.203592,156.315
1783748976.223761,156.384
1783748976.243867,156.384
1783748976.263983,156.384
1783748976.284103,156.384
1783748976.304238,156.384
1783748976.324374,156.149
1783748976.344515,156.149
1783748976.364647,156.149
1783748976.384779,156.149
1783748976.404915,156.149
1783748976.425062,155.975
1783748976.445195,155.975
1783748976.465329,155.975
1783748976.485492,155.975
1783748976.505628,155.975
1783748976.525780,156.200
1783748976.545918,156.200
1783748976.566056,156.200
1783748976.586171,156.200
1783748976.606323,156.200
1783748976.626490,156.152
1783748976.646627,156.152
1783748976.666765,156.152
1783748976.686912,156.152
1783748976.707047,156.152
1783748976.727180,156.353
1783748976.747317,156.353
1783748976.767476,156.353
1783748976.787612,156.353
1783748976.807813,156.353
1783748976.827948,156.568
1783748976.848106,156.568
1783748976.868240,156.568
1783748976.888374,156.568
1783748976.908483,156.568
1783748976.928632,156.566
1783748976.948768,156.566
1783748976.968902,156.566
1783748976.989039,156.566
1783748977.009182,156.566
1783748977.029313,156.362
1783748977.049446,156.362
1783748977.069582,156.362
1783748977.089764,156.362
1783748977.109902,156.362
1783748977.130035,156.378
1783748977.150169,156.378
1783748977.170305,156.378
1783748977.190444,156.378
1783748977.210581,156.378
1783748977.230685,156.171
1783748977.250783,156.171
1783748977.270906,156.171
1783748977.291046,156.171
1783748977.311180,156.171
1783748977.331317,156.262
1783748977.351470,156.262
1783748977.371610,156.262
1783748977.391788,156.262
1783748977.411926,156.262
1783748977.432068,156.328
1783748977.452206,156.328
1783748977.472342,156.328
1783748977.492483,156.328
1783748977.512630,156.328
1783748977.532765,156.514
1783748977.552905,156.514
1783748977.573019,156.514
1783748977.593160,156.514
1783748977.613296,156.514
1783748977.633427,156.768
1783748977.653563,156.768
1783748977.673703,156.768
1783748977.693890,156.768
1783748977.714028,156.768
1783748977.734162,156.844
1783748977.754306,156.844
1783748977.774502,156.844
1783748977.794641,156.844
1783748977.814773,156.844
1783748977.834909,156.730
1783748977.855067,156.730
1783748977.875216,156.730
1783748977.895321,156.730
1783748977.915477,156.730
1783748977.935628,156.360
1783748977.955779,156.360
1783748977.975917,156.360
1783748977.996060,156.360
1783748978.016210,156.360
1783748978.036347,156.275
1783748978.056489,156.275
1783748978.076631,156.275
1783748978.096777,156.275
1783748978.116931,156.275
1783748978.137063,156.343
1783748978.157198,156.343
1783748978.177341,156.343
1783748978.197508,156.343
1783748978.217644,156.343
1783748978.237753,156.275
1783748978.257893,156.275
1783748978.278058,156.275
1783748978.298197,156.275
1783748978.318332,156.275
1783748978.338469,156.607
1783748978.358629,156.607
1783748978.378777,156.607
1783748978.398913,156.607
1783748978.419053,156.607
1783748978.439202,156.666
1783748978.459353,156.666
1783748978.479487,156.666
1783748978.499631,156.666
1783748978.519784,156.666
1783748978.539922,156.283
1783748978.560027,156.283
1783748978.580128,156.283
1783748978.600262,156.283
1783748978.620407,156.283
1783748978.640543,156.132
1783748978.660678,156.132
1783748978.680823,156.132
1783748978.700990,156.132
1783748978.721135,156.132
1783748978.741270,156.039
1783748978.761411,156.039
1783748978.781555,156.039
1783748978.801689,156.039
1783748978.821822,156.039
1783748978.841960,155.902
1783748978.862120,155.902
1783748978.882268,155.902
1783748978.902373,155.902
1783748978.922511,155.968
1783748978.942666,155.968
1783748978.962817,155.968
1783748978.982954,155.968
1783748979.003092,155.968
1783748979.023245,156.075
1783748979.043385,156.075
1783748979.063562,156.075
1783748979.083703,156.075
1783748979.103895,156.075
1783748979.124051,156.079
1783748979.144188,156.079
1783748979.164323,156.079
1783748979.184499,156.079
1783748979.204665,156.079
1783748979.224749,156.082
1783748979.244843,156.082
1783748979.264971,156.082
1783748979.285135,156.082
1783748979.305280,156.082
1783748979.325415,155.837
1783748979.345552,155.837
1783748979.365713,155.837
1783748979.385906,155.837
1783748979.406041,155.837
1783748979.426183,156.050
1783748979.446328,156.050
1783748979.466479,156.050
1783748979.486617,156.050
1783748979.506756,156.050
1783748979.526906,156.274
1783748979.547044,156.274
1783748979.567178,156.274
1783748979.587314,156.274
1783748979.607454,156.274
1783748979.627596,156.146
1783748979.647772,156.146
1783748979.667913,156.146
1783748979.688052,156.146
1783748979.708218,156.146
1783748979.728355,156.517
1783748979.748490,156.517
1783748979.768635,156.517
1783748979.788795,156.517
1783748979.808938,156.517
1783748979.829073,156.394
1783748979.849210,156.394
1783748979.869355,156.394
1783748979.889460,156.394
1783748979.909557,156.394
1783748979.929683,156.372
1783748979.949842,156.372
1783748979.969994,156.372
1783748979.990131,156.372
1783748980.010275,156.372
1783748980.030429,156.507
1783748980.050573,156.507
1783748980.070717,156.507
1783748980.090907,156.507
1783748980.111017,156.507
1783748980.131171,156.270
1783748980.151310,156.270
1783748980.171450,156.270
1783748980.191590,156.270
1783748980.211805,156.270
1783748980.231949,156.417
1783748980.252085,156.417
1783748980.272230,156.417
1783748980.292372,156.417
1783748980.312516,156.417
1783748980.332652,156.628
1783748980.352826,156.628
1783748980.372985,156.628
1783748980.393132,156.628
1783748980.413237,156.628
1783748980.433382,156.388
1783748980.453534,156.388
1783748980.473710,156.388
1783748980.493890,156.388
1783748980.514028,156.388
1783748980.534173,156.549
1783748980.554314,156.549
1783748980.574450,156.549
1783748980.594593,156.549
1783748980.614779,156.549
1783748980.634918,156.069
1783748980.655053,156.069
1783748980.675193,156.069
1783748980.695334,156.069
1783748980.715477,156.069
1783748980.735615,156.014
1783748980.755719,156.014
1783748980.775854,156.014
1783748980.795956,156.014
1783748980.816076,156.014
1783748980.836211,156.014
1783748980.856351,156.014
1783748980.876505,156.014
1783748980.896641,156.014
1783748980.916774,156.014
1783748980.936915,155.961
1783748980.957060,155.961
1783748980.977207,155.961
1783748980.997342,155.961
1783748981.017482,155.961
1783748981.037618,156.050
1783748981.057762,156.050
1783748981.077903,156.050
1783748981.098043,156.050
1783748981.118186,156.050
1783748981.138317,156.440
1783748981.158457,156.440
1783748981.178595,156.440
1783748981.198781,156.440
1783748981.218917,156.440
1783748981.239049,156.260
1783748981.259181,156.260
1783748981.279321,156.260
1783748981.299464,156.260
1783748981.319604,156.260
1783748981.339781,156.566
1783748981.359920,156.566
1783748981.380082,156.566
1783748981.400227,156.566
1783748981.420331,156.566
1783748981.440466,156.320
1783748981.460622,156.320
1783748981.480772,156.320
1783748981.500908,156.320
1783748981.521050,156.320
1783748981.541194,156.148
1783748981.561343,156.148
1783748981.581479,156.148
1783748981.601620,156.148
1783748981.621801,156.148
1783748981.641936,156.259
1783748981.662076,156.259
1783748981.682215,156.259
1783748981.702359,156.259
1783748981.722513,156.259
1783748981.742648,156.080
1783748981.762812,156.080
1783748981.782948,156.080
1783748981.803090,156.080
1783748981.823233,156.352
1783748981.843367,156.352
1783748981.863508,156.352
1783748981.883614,156.352
1783748981.903715,156.352
1783748981.923828,156.568
1783748981.943909,156.568
1783748981.964001,156.568
1783748981.984091,156.568
1783748982.004183,156.568
1783748982.024302,156.279
1783748982.044452,156.279
1783748982.064600,156.279
1783748982.084776,156.279
1783748982.104914,156.279
1783748982.125057,156.334
1783748982.145194,156.334
1783748982.165333,156.334
1783748982.185471,156.334
1783748982.205617,156.334
1783748982.225759,156.684
1783748982.245892,156.684
1783748982.266025,156.684
1783748982.286167,156.684
1783748982.306322,156.684
1783748982.326461,156.533
1783748982.346595,156.533
1783748982.366773,156.533
1783748982.386935,156.533
1783748982.407073,156.533
1783748982.427206,156.479
1783748982.447344,156.479
1783748982.467501,156.479
1783748982.487649,156.479
1783748982.507784,156.479
1783748982.527926,156.200
1783748982.548073,156.200
1783748982.568210,156.200
1783748982.588348,156.200
1783748982.608490,156.200
1783748982.628635,156.203
1783748982.648773,156.203
1783748982.668915,156.203
1783748982.689054,156.203
1783748982.709200,156.203
1783748982.729339,156.306
1783748982.749475,156.306
1783748982.769610,156.306
1783748982.789752,156.306
1783748982.809901,156.306
1783748982.830042,156.454
1783748982.850175,156.454
1783748982.870316,156.454
1783748982.890472,156.454
1783748982.910653,156.454
1783748982.930788,156.607
1783748982.950927,156.607
1783748982.971086,156.607
1783748982.991233,156.607
1783748983.011366,156.607
1783748983.031541,156.813
1783748983.051715,156.813
1783748983.071930,156.813
1783748983.092063,156.813
1783748983.112205,156.813
1783748983.132350,156.649
1783748983.152488,156.649
1783748983.172630,156.649
1783748983.192770,156.649
1783748983.212916,156.649
1783748983.233067,155.615
1783748983.253203,155.615
1783748983.273338,155.615
1783748983.293471,155.615
1783748983.313622,155.615
1783748983.333767,155.501
1783748983.353901,155.501
1783748983.374042,155.501
1783748983.394206,155.501
1783748983.414341,155.501
1783748983.434474,155.654
1783748983.454611,155.654
1783748983.474769,155.654
1783748983.494917,155.654
1783748983.515023,155.654
1783748983.535166,155.909
1783748983.555319,155.909
1783748983.575461,155.909
1783748983.595598,155.909
1783748983.615788,155.909
1783748983.635925,156.011
1783748983.656027,156.011
1783748983.676116,156.011
1783748983.696192,156.011
1783748983.716269,156.011
1783748983.736342,155.964
1783748983.756420,155.964
1783748983.776536,155.964
1783748983.796679,155.964
1783748983.816816,155.964
1783748983.836950,155.768
1783748983.857084,155.768
1783748983.877227,155.768
1783748983.897373,155.768
1783748983.917509,155.768
1783748983.937644,155.740
1783748983.957790,155.740
1783748983.977929,155.740
1783748983.998071,155.740
1783748984.018206,155.740
1783748984.038350,155.513
1783748984.058506,155.513
1783748984.078660,155.513
1783748984.098795,155.513
1783748984.118938,155.513
1783748984.139077,155.663
1783748984.159225,155.663
1783748984.179368,155.663
1783748984.199541,155.663
1783748984.219689,155.663
1783748984.239878,156.791
1783748984.260020,156.791
1783748984.280156,156.791
1783748984.300292,156.791
1783748984.320481,156.791
1783748984.340616,156.816
1783748984.360748,156.816
1783748984.380887,156.816
1783748984.401021,156.816
1783748984.421154,156.816
1783748984.441286,156.515
1783748984.461426,156.515
1783748984.481583,156.515
1783748984.501778,156.515
1783748984.521912,156.515
1783748984.542052,155.931
1783748984.562232,155.931
1783748984.582376,155.931
1783748984.602512,155.931
1783748984.622648,155.931
1783748984.642789,156.152
1783748984.662937,156.152
1783748984.683043,156.152
1783748984.703181,156.152
1783748984.723320,156.152
1783748984.743468,156.016
1783748984.763609,156.016
1783748984.783788,156.016
1783748984.803920,156.016
1783748984.824075,156.050
1783748984.844217,156.050
1783748984.864351,156.050
1783748984.884492,156.050
1783748984.904645,156.050
1783748984.924788,156.264
1783748984.944923,156.264
1783748984.965065,156.264
1783748984.985224,156.264
1783748985.005369,156.264
1783748985.025505,156.035
1783748985.045648,156.035
1783748985.065804,156.035
1783748985.085955,156.035
1783748985.106091,156.035
1783748985.126230,156.051
1783748985.146371,156.051
1783748985.166524,156.051
1783748985.186668,156.051
1783748985.206807,156.051
1783748985.226952,155.755
1783748985.247089,155.755
1783748985.267230,155.755
1783748985.287366,155.755
1783748985.307501,155.755
1783748985.327664,155.545
1783748985.347798,155.545
1783748985.367932,155.545
1783748985.388072,155.545
1783748985.408218,155.545
1783748985.428360,155.857
1783748985.448493,155.857
1783748985.468630,155.857
1783748985.488811,155.857
1783748985.508956,155.857
1783748985.529091,156.567
1783748985.549228,156.567
1783748985.569366,156.567
1783748985.589516,156.567
1783748985.609686,156.567
1783748985.629827,156.446
1783748985.649972,156.446
1783748985.670122,156.446
1783748985.690264,156.446
1783748985.710404,156.446
1783748985.730542,156.392
1783748985.750679,156.392
1783748985.770820,156.392
1783748985.790955,156.392
1783748985.811092,156.392
1783748985.831253,156.017
1783748985.851389,156.017
1783748985.871523,156.017
1783748985.891664,156.017
1783748985.911828,156.017
1783748985.931972,156.271
1783748985.952106,156.271
1783748985.972245,156.271
1783748985.992405,156.271
1783748986.012542,156.271
1783748986.032675,156.044
1783748986.052813,156.044
1783748986.072969,156.044
1783748986.093109,156.044
1783748986.113244,156.044
1783748986.133388,156.251
1783748986.153534,156.251
1783748986.173684,156.251
1783748986.193827,156.251
1783748986.213998,156.251
1783748986.234142,156.844
1783748986.254280,156.844
1783748986.274421,156.844
1783748986.294555,156.844
1783748986.314694,156.844
1783748986.334906,156.592
1783748986.355042,156.592
1783748986.375178,156.592
1783748986.395320,156.592
1783748986.415459,156.592
1783748986.435603,155.965
1783748986.455783,155.965
1783748986.475924,155.965
1783748986.496084,155.965
1783748986.516220,155.965
1783748986.536353,156.087
1783748986.556491,156.087
1783748986.576639,156.087
1783748986.596789,156.087
1783748986.616924,156.087
1783748986.637065,155.931
1783748986.657215,155.931
1783748986.677364,155.931
1783748986.697507,155.931
1783748986.717648,155.931
1783748986.737793,156.319
1783748986.757966,156.319
1783748986.778100,156.319
1783748986.798238,156.319
1783748986.818376,156.319
1783748986.838538,156.440
1783748986.858674,156.440
1783748986.878808,156.440
1783748986.898975,156.440
1783748986.919116,156.440
1783748986.939258,156.632
1783748986.959393,156.632
1783748986.979536,156.632
1783748986.999699,156.632
1783748987.019894,156.632
1783748987.040028,156.568
1783748987.060166,156.568
1783748987.080320,156.568
1783748987.100463,156.568
1783748987.120599,156.568
1783748987.140790,156.510
1783748987.160940,156.510
1783748987.181075,156.510
1783748987.201216,156.510
1783748987.221356,156.510
1783748987.241466,156.177
1783748987.261609,156.177
1783748987.281755,156.177
1783748987.301894,156.177
1783748987.322040,156.177
1783748987.342178,156.319
1783748987.362316,156.319
1783748987.382452,156.319
1783748987.402587,156.319
1783748987.422780,156.319
1783748987.442926,157.065
1783748987.463063,157.065
1783748987.483206,157.065
1783748987.503370,157.065
1783748987.523510,157.065
1783748987.543645,157.028
1783748987.563790,157.028
1783748987.583946,157.028
1783748987.604095,157.028
1783748987.624229,157.028
1783748987.644368,156.920
1783748987.664521,156.920
1783748987.684671,156.920
1783748987.704815,156.920
1783748987.724958,156.559
1783748987.745104,156.559
1783748987.765250,156.559
1783748987.785388,156.559
1783748987.805523,156.559
1783748987.825670,156.513
1783748987.845829,156.513
1783748987.865973,156.513
1783748987.886108,156.513
1783748987.906245,156.513
1783748987.926397,156.433
1783748987.946542,156.433
1783748987.966679,156.433
1783748987.986821,156.433
1783748988.006985,156.433
1783748988.027131,156.380
1783748988.047299,156.380
1783748988.067444,156.380
1783748988.087603,156.380
1783748988.107797,156.380
1783748988.127934,156.489
1783748988.148077,156.489
1783748988.168232,156.489
1783748988.188416,156.489
1783748988.208560,156.489
1783748988.228697,156.520
1783748988.248898,156.520
1783748988.269047,156.520
1783748988.289191,156.520
1783748988.309331,156.520
1783748988.329477,156.770
1783748988.349621,156.770
1783748988.369765,156.770
1783748988.389900,156.770
1783748988.410036,156.770
1783748988.430196,156.426
1783748988.450339,156.426
1783748988.470475,156.426
1783748988.490619,156.426
1783748988.510783,156.426
1783748988.530927,156.519
1783748988.551063,156.519
1783748988.571201,156.519
1783748988.591362,156.519
1783748988.611510,156.519
1783748988.631645,156.320
1783748988.651788,156.320
1783748988.671944,156.320
1783748988.692097,156.320
1783748988.712237,156.320
1783748988.732380,156.090
1783748988.752527,156.090
1783748988.772678,156.090
1783748988.792814,156.090
1783748988.812955,156.090
1783748988.833102,156.263
1783748988.853262,156.263
1783748988.873406,156.263
1783748988.893543,156.263
1783748988.913681,156.263
1783748988.933841,156.615
1783748988.953988,156.615
1783748988.974124,156.615
1783748988.994267,156.615
1783748989.014407,156.615
1783748989.034552,156.362
1783748989.054689,156.362
1783748989.074861,156.362
1783748989.095014,156.362
1783748989.115158,156.362
1783748989.135296,156.503
1783748989.155431,156.503
1783748989.175587,156.503
1783748989.195791,156.503
1783748989.215929,156.503
1783748989.236072,156.680
1783748989.256211,156.680
1783748989.276369,156.680
1783748989.296504,156.680
1783748989.316644,156.680
1783748989.336826,156.660
1783748989.356962,156.660
1783748989.377103,156.660
1783748989.397241,156.660
1783748989.417377,156.660
1783748989.437543,156.732
1783748989.457714,156.732
1783748989.477896,156.732
1783748989.498039,156.732
1783748989.518191,156.732
1783748989.538306,156.599
1783748989.558394,156.599
1783748989.578515,156.599
1783748989.598664,156.599
1783748989.618810,156.599
1783748989.638946,156.691
1783748989.659086,156.691
1783748989.679241,156.691
1783748989.699395,156.691
1783748989.719533,156.691
1783748989.739674,156.728
1783748989.759813,156.728
1783748989.779952,156.728
1783748989.800088,156.728
1783748989.820229,156.728
1783748989.840376,156.518
1783748989.860515,156.518
1783748989.880658,156.518
1783748989.900797,156.518
1783748989.920936,156.518
1783748989.941101,156.517
1783748989.961239,156.517
1783748989.981374,156.517
1783748990.001512,156.517
1783748990.021663,156.517
1783748990.041808,156.954
1783748990.061944,156.954
1783748990.082088,156.954
1783748990.102249,156.954
1783748990.122394,156.954
1783748990.142531,156.775
1783748990.162671,156.775
1783748990.182826,156.775
1783748990.202975,156.775
1783748990.223112,156.775
1783748990.243256,156.787
1783748990.263403,156.787
1783748990.283556,156.787
1783748990.303691,156.787
1783748990.323831,156.787
1783748990.343971,156.214
1783748990.364111,156.214
1783748990.384254,156.214
1783748990.404390,156.214
1783748990.424528,156.214
1783748990.444697,156.281
1783748990.464889,156.281
1783748990.485024,156.281
1783748990.505166,156.281
1783748990.525310,156.281
1783748990.545456,156.286
1783748990.565590,156.286
1783748990.585782,156.286
1783748990.605939,156.286
1783748990.626115,156.213
1783748990.646248,156.213
1783748990.666388,156.213
1783748990.686544,156.213
1783748990.706698,156.213
1783748990.726892,156.495
1783748990.747069,156.495
1783748990.767221,156.495
1783748990.787362,156.495
1783748990.807498,156.495
1783748990.827641,156.527
1783748990.847787,156.527
1783748990.867929,156.527
1783748990.888071,156.527
1783748990.908207,156.527
1783748990.928344,156.324
1783748990.948507,156.324
1783748990.968646,156.324
1783748990.988781,156.324
1783748991.008923,156.324
1783748991.029083,155.981
1783748991.049228,155.981
1783748991.069365,155.981
1783748991.089501,155.981
1783748991.109662,155.981
1783748991.129808,156.325
1783748991.149944,156.325
1783748991.170089,156.325
1783748991.190246,156.325
1783748991.210398,156.325
1783748991.230532,156.215
1783748991.250676,156.215
1783748991.270829,156.215
1783748991.290979,156.215
1783748991.311118,156.215
1783748991.331259,156.265
1783748991.351403,156.265
1783748991.371547,156.265
1783748991.391691,156.265
1783748991.411861,156.265
1783748991.432000,156.461
1783748991.452165,156.461
1783748991.472304,156.461
1783748991.492440,156.461
1783748991.512584,156.461
1783748991.532779,156.498
1783748991.552924,156.498
1783748991.573059,156.498
1783748991.593202,156.498
1783748991.613354,156.498
1783748991.633498,156.589
1783748991.653632,156.589
1783748991.673776,156.589
1783748991.693933,156.589
1783748991.714081,156.589
1783748991.734217,156.796
1783748991.754362,156.796
1783748991.774515,156.796
1783748991.794652,156.796
1783748991.814785,156.796
1783748991.834929,156.624
1783748991.855076,156.624
1783748991.875212,156.624
1783748991.895385,156.624
1783748991.915526,156.624
1783748991.935668,157.010
1783748991.955830,157.010
1783748991.975972,157.010
1783748991.996109,157.010
1783748992.016247,157.010
1783748992.036444,157.113
1783748992.056590,157.113
1783748992.076785,157.113
1783748992.096921,157.113
1783748992.117079,157.113
1783748992.137227,156.653
1783748992.157362,156.653
1783748992.177507,156.653
1783748992.197665,156.653
1783748992.217812,156.653
1783748992.237946,156.693
1783748992.258090,156.693
1783748992.278243,156.693
1783748992.298381,156.693
1783748992.318522,156.693
1783748992.338657,156.856
1783748992.358802,156.856
1783748992.378953,156.856
1783748992.399097,156.856
1783748992.419240,156.856
1783748992.439386,156.520
1783748992.459547,156.520
1783748992.479692,156.520
1783748992.499856,156.520
1783748992.519997,156.520
1783748992.540159,156.837
1783748992.560303,156.837
1783748992.580439,156.837
1783748992.600582,156.837
1783748992.620785,156.837
1783748992.640929,156.780
1783748992.661063,156.780
1783748992.681202,156.780
1783748992.701360,156.780
1783748992.721507,156.780
1783748992.741641,156.729
1783748992.761784,156.729
1783748992.781929,156.729
1783748992.802066,156.729
1783748992.822200,156.729
1783748992.842340,156.776
1783748992.862484,156.776
1783748992.882620,156.776
1783748992.902761,156.776
1783748992.922896,156.776
1783748992.943037,156.574
1783748992.963193,156.574
1783748992.983334,156.574
1783748993.003466,156.574
1783748993.023600,156.574
1783748993.043761,156.301
1783748993.063894,156.301
1783748993.084025,156.301
1783748993.104164,156.301
1783748993.124320,156.301
1783748993.144465,156.226
1783748993.164597,156.226
1783748993.184769,156.226
1783748993.204923,156.226
1783748993.225067,156.226
1783748993.245199,156.195
1783748993.265336,156.195
1783748993.285485,156.195
1783748993.305625,156.195
1783748993.325794,156.195
1783748993.345932,156.312
1783748993.366067,156.312
1783748993.386224,156.312
1783748993.406359,156.312
1783748993.426497,156.696
1783748993.446640,156.696
1783748993.466778,156.696
1783748993.486919,156.696
1783748993.507053,156.696
1783748993.527189,156.453
1783748993.547352,156.453
1783748993.567487,156.453
1783748993.587620,156.453
1783748993.607760,156.453
1783748993.627898,156.396
1783748993.648032,156.396
1783748993.668165,156.396
1783748993.688308,156.396
1783748993.708469,156.396
1783748993.728615,156.098
1783748993.748749,156.098
1783748993.768885,156.098
1783748993.789035,156.098
1783748993.809185,156.098
1783748993.829320,156.180
1783748993.849462,156.180
1783748993.869597,156.180
1783748993.889809,156.180
1783748993.909944,156.180
1783748993.930081,156.610
1783748993.950226,156.610
1783748993.970364,156.610
1783748993.990507,156.610
1783748994.010643,156.610
1783748994.030779,156.443
1783748994.050944,156.443
1783748994.071079,156.443
1783748994.091211,156.443
1783748994.111352,156.443
1783748994.131514,156.918
1783748994.151660,156.918
1783748994.171794,156.918
1783748994.191935,156.918
1783748994.212092,156.918
1783748994.232228,156.839
1783748994.252362,156.839
1783748994.272499,156.839
1783748994.292654,156.839
1783748994.312804,156.839
1783748994.332941,156.641
1783748994.353082,156.641
1783748994.373222,156.641
1783748994.393380,156.641
1783748994.413515,156.641
1783748994.433654,156.486
1783748994.453799,156.486
1783748994.473971,156.486
1783748994.494113,156.486
1783748994.514249,156.486
1783748994.534385,156.513
1783748994.554548,156.513
1783748994.574684,156.513
1783748994.594892,156.513
1783748994.615031,156.513
1783748994.635180,156.530
1783748994.655315,156.530
1783748994.675448,156.530
1783748994.695590,156.530
1783748994.715788,156.530
1783748994.735933,157.035
1783748994.756067,157.035
1783748994.776201,157.035
1783748994.796347,157.035
1783748994.816486,157.035
1783748994.836623,157.121
1783748994.856764,157.121
1783748994.876909,157.121
1783748994.897066,157.121
1783748994.917203,157.121
1783748994.937342,156.164
1783748994.957487,156.164
1783748994.977629,156.164
1783748994.997772,156.164
1783748995.017906,156.164
1783748995.038052,156.201
1783748995.058218,156.201
1783748995.078354,156.201
1783748995.098487,156.201
1783748995.118627,156.201
1783748995.138790,156.188
1783748995.158926,156.188
1783748995.179059,156.188
1783748995.199201,156.188
1783748995.219355,156.188
1783748995.239496,156.384
1783748995.259632,156.384
1783748995.279774,156.384
1783748995.299921,156.384
1783748995.320068,156.384
1783748995.340200,156.471
1783748995.360341,156.471
1783748995.380488,156.471
1783748995.400641,156.471
1783748995.420782,156.471
1783748995.440922,156.246
1783748995.461068,156.246
1783748995.481216,156.246
1783748995.501360,156.246
1783748995.521492,156.246
1783748995.541630,156.201
1783748995.561794,156.201
1783748995.581937,156.201
1783748995.602071,156.201
1783748995.622210,156.201
1783748995.642367,156.244
1783748995.662509,156.244
1783748995.682642,156.244
1783748995.702745,156.244
1783748995.722844,156.244
1783748995.742955,155.992
1783748995.763119,155.992
1783748995.783253,155.992
1783748995.803409,155.992
1783748995.823551,155.992
1783748995.843689,155.702
1783748995.863863,155.702
1783748995.884046,155.702
1783748995.904199,155.702
1783748995.924332,155.702
1783748995.944473,156.701
1783748995.964620,156.701
1783748995.984770,156.701
1783748996.004912,156.701
1783748996.025048,156.701
1783748996.045192,156.663
1783748996.065359,156.663
1783748996.085502,156.663
1783748996.105637,156.663
1783748996.125779,156.663
1783748996.145942,156.756
1783748996.166089,156.756
1783748996.186225,156.756
1783748996.206367,156.756
1783748996.226526,156.756
1783748996.246666,156.650
1783748996.266801,156.650
1783748996.286942,156.650
1783748996.307091,156.650
1783748996.327239,156.650
1783748996.347371,156.385
1783748996.367510,156.385
1783748996.387657,156.385
1783748996.407791,156.385
1783748996.427922,156.087
1783748996.448058,156.087
1783748996.468201,156.087
1783748996.488350,156.087
1783748996.508490,156.087
1783748996.528623,156.211
1783748996.548762,156.211
1783748996.568900,156.211
1783748996.589042,156.211
1783748996.609175,156.211
1783748996.629313,155.965
1783748996.649473,155.965
1783748996.669617,155.965
1783748996.689751,155.965
1783748996.709891,155.965
1783748996.730050,156.281
1783748996.750191,156.281
1783748996.770325,156.281
1783748996.790467,156.281
1783748996.810620,156.281
1783748996.830766,156.067
1783748996.850902,156.067
1783748996.871042,156.067
1783748996.891194,156.067
1783748996.911330,156.067
1783748996.931462,156.187
1783748996.951602,156.187
1783748996.971799,156.187
1783748996.991957,156.187
1783748997.012100,156.187
1783748997.032272,155.960
1783748997.052411,155.960
1783748997.072575,155.960
1783748997.092710,155.960
1783748997.112889,155.960
1783748997.133033,155.898
1783748997.153197,155.898
1783748997.173363,155.898
1783748997.193495,155.898
1783748997.213630,155.898
1783748997.233792,155.802
1783748997.253936,155.802
1783748997.274069,155.802
1783748997.294211,155.802
1783748997.314360,155.802
1783748997.334511,156.161
1783748997.354644,156.161
1783748997.374781,156.161
1783748997.394933,156.161
1783748997.415072,156.161
1783748997.435205,156.191
1783748997.455345,156.191
1783748997.475481,156.191
1783748997.495637,156.191
1783748997.515777,156.191
1783748997.535916,156.378
1783748997.556057,156.378
1783748997.576195,156.378
1783748997.596334,156.378
1783748997.616469,156.378
1783748997.636606,156.476
1783748997.656753,156.476
1783748997.676888,156.476
1783748997.697021,156.476
1783748997.717160,156.476
1783748997.737322,156.222
1783748997.757465,156.222
1783748997.777596,156.222
1783748997.797780,156.222
1783748997.817920,156.222
1783748997.838066,156.428
1783748997.858202,156.428
1783748997.878336,156.428
1783748997.898485,156.428
1783748997.918621,156.428
1783748997.938757,156.637
1783748997.958899,156.637
1783748997.979039,156.637
1783748997.999197,156.637
1783748998.019338,156.637
1783748998.039476,156.661
1783748998.059620,156.661
1783748998.079758,156.661
1783748998.099893,156.661
1783748998.120026,156.661
1783748998.140168,156.963
1783748998.160328,156.963
1783748998.180465,156.963
1783748998.200599,156.963
1783748998.220788,156.963
1783748998.240934,156.656
1783748998.261079,156.656
1783748998.281212,156.656
1783748998.301349,156.656
1783748998.321534,156.656
1783748998.341666,156.658
1783748998.361801,156.658
1783748998.381938,156.658
1783748998.402088,156.658
1783748998.422232,156.658
1783748998.442366,156.500
1783748998.462565,156.500
1783748998.482709,156.500
1783748998.502901,156.500
1783748998.523040,156.500
1783748998.543180,156.446
1783748998.563324,156.446
1783748998.583466,156.446
1783748998.603608,156.446
1783748998.623786,156.446
1783748998.643922,156.751
1783748998.664365,156.751
1783748998.684500,156.751
1783748998.704632,156.751
1783748998.724771,156.751
1783748998.744934,156.520
1783748998.765077,156.520
1783748998.785208,156.520
1783748998.805350,156.520
1783748998.825504,156.520
1783748998.845652,156.513
1783748998.865788,156.513
1783748998.885930,156.513
1783748998.906083,156.513
1783748998.926226,156.513
1783748998.946361,156.427
1783748998.966502,156.427
1783748998.986644,156.427
1783748999.006798,156.427
1783748999.026933,156.427
1783748999.047069,156.371
1783748999.067172,156.371
1783748999.087286,156.371
1783748999.107401,156.371
1783748999.127517,156.371
1783748999.147652,155.998
1783748999.167815,155.998
1783748999.187958,155.998
1783748999.208091,155.998
1783748999.228234,156.099
1783748999.248390,156.099
1783748999.268533,156.099
1783748999.288668,156.099
1783748999.308809,156.099
1783748999.328954,155.958
1783748999.349094,155.958
1783748999.369226,155.958
1783748999.389370,155.958
1783748999.409519,155.958
1783748999.429662,156.180
1783748999.449797,156.180
1783748999.469940,156.180
1783748999.490079,156.180
1783748999.510237,156.180
1783748999.530372,156.269
1783748999.550513,156.269
1783748999.570651,156.269
1783748999.590800,156.269
1783748999.610978,156.269
1783748999.631116,156.397
1783748999.651255,156.397
1783748999.671417,156.397
1783748999.691555,156.397
1783748999.711690,156.397
1783748999.731916,156.418
1783748999.752065,156.418
1783748999.772207,156.418
1783748999.792373,156.418
1783748999.812518,156.418
1783748999.832678,156.341
1783748999.852827,156.341
1783748999.872964,156.341
1783748999.893107,156.341
1783748999.913248,156.341
1783748999.933387,156.162
1783748999.953524,156.162
1783748999.973667,156.162
1783748999.993814,156.162
1783749000.013965,156.162
1783749000.034101,156.402
1783749000.054241,156.402
1783749000.074389,156.402
1783749000.094528,156.402
1783749000.114669,156.402
1783749000.134806,156.218
1783749000.154949,156.218
1783749000.175114,156.218
1783749000.195259,156.218
1783749000.215394,156.218
1783749000.235535,156.347
1783749000.255699,156.347
1783749000.275898,156.347
1783749000.296032,156.347
1783749000.316174,156.347
1783749000.339003,156.526
1783749000.359148,156.526
1783749000.379282,156.526
1783749000.399428,156.526
1783749000.419585,156.526
1783749000.439775,156.360
1783749000.459911,156.360
1783749000.480055,156.360
1783749000.500212,156.360
1783749000.520360,156.360
1783749000.540495,156.655
1783749000.560638,156.655
1783749000.580777,156.655
1783749000.600926,156.655
1783749000.621064,156.655
1783749000.641204,156.500
1783749000.661351,156.500
1783749000.681486,156.500
1783749000.701629,156.500
1783749000.721765,156.500
1783749000.741910,156.465
1783749000.762070,156.465
1783749000.782207,156.465
1783749000.802341,156.465
1783749000.822477,156.465
1783749000.842640,156.467
1783749000.862787,156.467
1783749000.882921,156.467
1783749000.903101,156.467
1783749000.923257,156.467
1783749000.943401,156.481
1783749000.963539,156.481
1783749000.983678,156.481
1783749001.003828,156.481
1783749001.023996,156.481
1783749001.044131,156.465
1783749001.064276,156.465
1783749001.084415,156.465
1783749001.104558,156.465
1783749001.124701,156.465
1783749001.144897,156.854
1783749001.165045,156.854
1783749001.185184,156.854
1783749001.205327,156.854
1783749001.225464,156.854
1783749001.245602,156.821
1783749001.265770,156.821
1783749001.285906,156.821
1783749001.306042,156.821
1783749001.326180,156.821
1783749001.346324,157.105
1783749001.366470,157.105
1783749001.386605,157.105
1783749001.406794,157.105
1783749001.426952,157.105
1783749001.447096,156.874
1783749001.467233,156.874
1783749001.487372,156.874
1783749001.507527,156.874
1783749001.527679,156.874
1783749001.547814,156.908
1783749001.567958,156.908
1783749001.588103,156.908
1783749001.608258,156.908
1783749001.628401,156.908
1783749001.648553,156.796
1783749001.668700,156.796
1783749001.688881,156.796
1783749001.709026,156.796
1783749001.729166,156.444
1783749001.749303,156.444
1783749001.769471,156.444
1783749001.789610,156.444
1783749001.809754,156.444
1783749001.829892,156.311
1783749001.850059,156.311
1783749001.870204,156.311
1783749001.890342,156.311
1783749001.910486,156.311
1783749001.930625,156.450
1783749001.950775,156.450
1783749001.970914,156.450
1783749001.991054,156.450
1783749002.011210,156.450
1783749002.031353,156.161
1783749002.051491,156.161
1783749002.071635,156.161
1783749002.091782,156.161
1783749002.111933,156.161
1783749002.132078,156.034
1783749002.152221,156.034
1783749002.172407,156.034
1783749002.192549,156.034
1783749002.212694,156.034
1783749002.232850,156.020
1783749002.252990,156.020
1783749002.273157,156.020
1783749002.293297,156.020
1783749002.313463,156.020
1783749002.333608,155.506
1783749002.353767,155.506
1783749002.373914,155.506
1783749002.394051,155.506
1783749002.414188,155.506
1783749002.434335,155.788
1783749002.454483,155.788
1783749002.474622,155.788
1783749002.494766,155.788
1783749002.514918,155.788
1783749002.535055,155.562
1783749002.555194,155.562
1783749002.575333,155.562
1783749002.595486,155.562
1783749002.615630,155.562
1783749002.635774,155.685
1783749002.655918,155.685
1783749002.676065,155.685
1783749002.696212,155.685
1783749002.716354,155.685
1783749002.736497,155.807
1783749002.756636,155.807
1783749002.776776,155.807
1783749002.796912,155.807
1783749002.817050,155.807
1783749002.837191,156.036
1783749002.857357,156.036
1783749002.877504,156.036
1783749002.897642,156.036
1783749002.917780,156.036
1783749002.937928,156.210
1783749002.958073,156.210
1783749002.978213,156.210
1783749002.998359,156.210
1783749003.018513,156.210
1783749003.038657,156.222
1783749003.058795,156.222
1783749003.078940,156.222
1783749003.099093,156.222
1783749003.119238,156.222
1783749003.139374,156.244
1783749003.159518,156.244
1783749003.179665,156.244
1783749003.199815,156.244
1783749003.219955,156.244
1783749003.240098,156.396
1783749003.260242,156.396
1783749003.280406,156.396
1783749003.300545,156.396
1783749003.320683,156.396
1783749003.340821,156.841
1783749003.360985,156.841
1783749003.381131,156.841
1783749003.401269,156.841
1783749003.421406,156.841
1783749003.441564,156.825
1783749003.461782,156.825
1783749003.481918,156.825
1783749003.502064,156.825
1783749003.522207,156.825
1783749003.542350,156.786
1783749003.562488,156.786
1783749003.582632,156.786
1783749003.602821,156.786
1783749003.622968,156.786
1783749003.643105,156.725
1783749003.663248,156.725
1783749003.683393,156.725
1783749003.703544,156.725
1783749003.723688,156.725
1783749003.743832,156.736
1783749003.763978,156.736
1783749003.784121,156.736
1783749003.804261,156.736
1783749003.824397,156.736
1783749003.844542,156.819
1783749003.864708,156.819
1783749003.884900,156.819
1783749003.905038,156.819
1783749003.925177,156.819
1783749003.945337,156.689
1783749003.965485,156.689
1783749003.985623,156.689
1783749004.005774,156.689
1783749004.025932,156.689
1783749004.046082,156.708
1783749004.066219,156.708
1783749004.086364,156.708
1783749004.106518,156.708
1783749004.126666,156.708
1783749004.146810,156.822
1783749004.166955,156.822
1783749004.187101,156.822
1783749004.207259,156.822
1783749004.227403,156.822
1783749004.247545,156.876
1783749004.267693,156.876
1783749004.287901,156.876
1783749004.308040,156.876
1783749004.328179,156.876
1783749004.348318,156.724
1783749004.368484,156.724
1783749004.388630,156.724
1783749004.408767,156.724
1783749004.428910,156.724
1783749004.449074,156.877
1783749004.469222,156.877
1783749004.489356,156.877
1783749004.509501,156.877
1783749004.529661,156.877
1783749004.549804,156.730
1783749004.569942,156.730
1783749004.590079,156.730
1783749004.610231,156.730
1783749004.630383,156.946
1783749004.650519,156.946
1783749004.670659,156.946
1783749004.690793,156.946
1783749004.710946,156.946
1783749004.731089,156.888
1783749004.751281,156.888
1783749004.771423,156.888
1783749004.791559,156.888
1783749004.811700,156.888
1783749004.831877,156.742
1783749004.852018,156.742
1783749004.872210,156.742
1783749004.892343,156.742
1783749004.912475,156.742
1783749004.932615,156.532
1783749004.952775,156.532
1783749004.972920,156.532
1783749004.993052,156.532
1783749005.013192,156.532
1783749005.033334,156.592
1783749005.053481,156.592
1783749005.073618,156.592
1783749005.093755,156.592
1783749005.113904,156.592
1783749005.134058,156.567
1783749005.154195,156.567
1783749005.174337,156.567
1783749005.194473,156.567
1783749005.214621,156.567
1783749005.234766,156.648
1783749005.254906,156.648
1783749005.275052,156.648
1783749005.295190,156.648
1783749005.315331,156.648
1783749005.335468,156.387
1783749005.355605,156.387
1783749005.375769,156.387
1783749005.395908,156.387
1783749005.416042,156.387
1783749005.436176,156.269
1783749005.456338,156.269
1783749005.476484,156.269
1783749005.496619,156.269
1783749005.516759,156.269
1783749005.536902,156.338
1783749005.557048,156.338
1783749005.577183,156.338
1783749005.597321,156.338
1783749005.617476,156.338
1783749005.637626,156.351
1783749005.657765,156.351
1783749005.677907,156.351
1783749005.698050,156.351
1783749005.718200,156.351
1783749005.738343,156.236
1783749005.758482,156.236
1783749005.778622,156.236
1783749005.798763,156.236
1783749005.818903,156.236
1783749005.839039,156.678
1783749005.859181,156.678
1783749005.879341,156.678
1783749005.899478,156.678
1783749005.919611,156.678
1783749005.939784,155.934
1783749005.959946,155.934
1783749005.980089,155.934
1783749006.000224,155.934
1783749006.020365,155.934
1783749006.040552,155.964
1783749006.060697,155.964
1783749006.080883,155.964
1783749006.101022,155.964
1783749006.121173,155.964
1783749006.141325,156.123
1783749006.161494,156.123
1783749006.181639,156.123
1783749006.201785,156.123
1783749006.221933,156.123
1783749006.242074,156.134
1783749006.262215,156.134
1783749006.282361,156.134
1783749006.302502,156.134
1783749006.322644,156.134
1783749006.342780,156.247
1783749006.362924,156.247
1783749006.383090,156.247
1783749006.403229,156.247
1783749006.423365,156.247
1783749006.443500,156.147
1783749006.463665,156.147
1783749006.483811,156.147
1783749006.503946,156.147
1783749006.524086,156.147
1783749006.544231,155.898
1783749006.564366,155.898
1783749006.584498,155.898
1783749006.604640,155.898
1783749006.624795,155.898
1783749006.644938,156.195
1783749006.665072,156.195
1783749006.685212,156.195
1783749006.705362,156.195
1783749006.725506,156.195
1783749006.745649,156.319
1783749006.765789,156.319
1783749006.785932,156.319
1783749006.806080,156.319
1783749006.826212,156.319
1783749006.846380,155.920
1783749006.866523,155.920
1783749006.886689,155.920
1783749006.906834,155.920
1783749006.926969,155.920
1783749006.947106,156.836
1783749006.967271,156.836
1783749006.987416,156.836
1783749007.007552,156.836
1783749007.027693,156.836
1783749007.047907,156.538
1783749007.068053,156.538
1783749007.088190,156.538
1783749007.108332,156.538
1783749007.128486,156.538
1783749007.148636,156.538
1783749007.168774,156.538
1783749007.188913,156.538
1783749007.209065,156.538
1783749007.229214,156.538
1783749007.249350,156.590
1783749007.269485,156.590
1783749007.289627,156.590
1783749007.309808,156.590
1783749007.329947,156.590
1783749007.350085,156.403
1783749007.370223,156.403
1783749007.390386,156.403
1783749007.410522,156.403
1783749007.430658,156.593
1783749007.450826,156.593
1783749007.470988,156.593
1783749007.491135,156.593
1783749007.511273,156.593
1783749007.531410,156.702
1783749007.551564,156.702
1783749007.571699,156.702
1783749007.591883,156.702
1783749007.612026,156.702
1783749007.632182,156.568
1783749007.652324,156.568
1783749007.672457,156.568
1783749007.692602,156.568
1783749007.712763,156.568
1783749007.732914,156.681
1783749007.753054,156.681
1783749007.773198,156.681
1783749007.793305,156.681
1783749007.813450,156.681
1783749007.833589,156.600
1783749007.853782,156.600
1783749007.873927,156.600
1783749007.894085,156.600
1783749007.914196,156.600
1783749007.934330,156.509
1783749007.954471,156.509
1783749007.974636,156.509
1783749007.994780,156.509
1783749008.014915,156.509
1783749008.035049,156.636
1783749008.055211,156.636
1783749008.075356,156.636
1783749008.095490,156.636
1783749008.115628,156.636
1783749008.135781,156.500
1783749008.155931,156.500
1783749008.176067,156.500
1783749008.196208,156.500
1783749008.216355,156.500
1783749008.236495,156.467
1783749008.256629,156.467
1783749008.276769,156.467
1783749008.296904,156.467
1783749008.317052,156.467
1783749008.337191,156.590
1783749008.357329,156.590
1783749008.377472,156.590
1783749008.397612,156.590
1783749008.417754,156.590
1783749008.437888,156.707
1783749008.458028,156.707
1783749008.478189,156.707
1783749008.498321,156.707
1783749008.518456,156.707
1783749008.538590,156.100
1783749008.558799,156.100
1783749008.578942,156.100
1783749008.599106,156.100
1783749008.619248,156.100
1783749008.639404,156.170
1783749008.659551,156.170
1783749008.679685,156.170
1783749008.699822,156.170
1783749008.719972,156.170
1783749008.740156,156.442
1783749008.760290,156.442
1783749008.780425,156.442
1783749008.800562,156.442
1783749008.820711,156.442
1783749008.840895,156.479
1783749008.861034,156.479
1783749008.881182,156.479
1783749008.901322,156.479
1783749008.921456,156.479
1783749008.941589,156.274
1783749008.961784,156.274
1783749008.981950,156.274
1783749009.002086,156.274
1783749009.022220,156.274
1783749009.042355,156.471
1783749009.062518,156.471
1783749009.082662,156.471
1783749009.102797,156.471
1783749009.122938,156.471
1783749009.143093,156.349
1783749009.163244,156.349
1783749009.183380,156.349
1783749009.203518,156.349
1783749009.223670,156.349
1783749009.243820,156.165
1783749009.263957,156.165
1783749009.284099,156.165
1783749009.304241,156.165
1783749009.324392,156.165
1783749009.344526,156.067
1783749009.364664,156.067
1783749009.384810,156.067
1783749009.404948,156.067
1783749009.425086,156.067
1783749009.445222,156.057
1783749009.465368,156.057
1783749009.485533,156.057
1783749009.505670,156.057
1783749009.525804,156.057
1783749009.545939,156.679
1783749009.566102,156.679
1783749009.586243,156.679
1783749009.606377,156.679
1783749009.626519,156.679
1783749009.646664,156.770
1783749009.666800,156.770
1783749009.686936,156.770
1783749009.707073,156.770
1783749009.727226,156.770
1783749009.747380,156.759
1783749009.767515,156.759
1783749009.787658,156.759
1783749009.807801,156.759
1783749009.827939,156.759
1783749009.848083,156.591
1783749009.868223,156.591
1783749009.888402,156.591
1783749009.908541,156.591
1783749009.928677,156.591
1783749009.948814,156.711
1783749009.968955,156.711
1783749009.989118,156.711
1783749010.009288,156.711
1783749010.029423,156.711
1783749010.049564,156.351
1783749010.069808,156.351
1783749010.089956,156.351
1783749010.110088,156.351
1783749010.130230,156.351
1783749010.150390,156.418
1783749010.170532,156.418
1783749010.190666,156.418
1783749010.210807,156.418
1783749010.230960,156.418
1783749010.251101,156.473
1783749010.271237,156.473
1783749010.291379,156.473
1783749010.311523,156.473
1783749010.331678,156.627
1783749010.351815,156.627
1783749010.371954,156.627
1783749010.392100,156.627
1783749010.412242,156.627
1783749010.432384,156.169
1783749010.452521,156.169
1783749010.472663,156.169
1783749010.492827,156.169
1783749010.512970,156.169
1783749010.533104,155.974
1783749010.553240,155.974
1783749010.573380,155.974
1783749010.593524,155.974
1783749010.613660,155.974
1783749010.633804,155.832
1783749010.653958,155.832
1783749010.674100,155.832
1783749010.694237,155.832
1783749010.714378,155.832
1783749010.734535,155.965
1783749010.754684,155.965
1783749010.774820,155.965
1783749010.794927,155.965
1783749010.815067,155.965
1783749010.835203,155.744
1783749010.855339,155.744
1783749010.875479,155.744
1783749010.895626,155.744
1783749010.915772,155.744
1783749010.935910,156.162
1783749010.956049,156.162
1783749010.976194,156.162
1783749010.996360,156.162
1783749011.016504,156.162
1783749011.036639,156.251
1783749011.056782,156.251
1783749011.076947,156.251
1783749011.097086,156.251
1783749011.117222,156.251
1783749011.137367,156.403
1783749011.157528,156.403
1783749011.177706,156.403
1783749011.197898,156.403
1783749011.218043,156.403
1783749011.238200,156.469
1783749011.258343,156.469
1783749011.278482,156.469
1783749011.298656,156.469
1783749011.318806,156.469
1783749011.338962,156.520
1783749011.359102,156.520
1783749011.379244,156.520
1783749011.399393,156.520
1783749011.419533,156.520
1783749011.439668,157.107
1783749011.459807,157.107
1783749011.479944,157.107
1783749011.500108,157.107
1783749011.520250,157.107
1783749011.540389,156.965
1783749011.560531,156.965
1783749011.580687,156.965
1783749011.600836,156.965
1783749011.620976,156.965
1783749011.641124,157.078
1783749011.661289,157.078
1783749011.681435,157.078
1783749011.701572,157.078
1783749011.721716,157.078
1783749011.741915,157.031
1783749011.762053,157.031
1783749011.782187,157.031
1783749011.802331,157.031
1783749011.822484,157.031
1783749011.842627,156.894
1783749011.862772,156.894
1783749011.882914,156.894
1783749011.903063,156.894
1783749011.923218,156.894
1783749011.943353,156.627
1783749011.963490,156.627
1783749011.983635,156.627
1783749012.003802,156.627
1783749012.023944,156.627
1783749012.044082,156.823
1783749012.064227,156.823
1783749012.084389,156.823
1783749012.104532,156.823
1783749012.124667,156.823
1783749012.144806,156.614
1783749012.164966,156.614
1783749012.185108,156.614
1783749012.205244,156.614
1783749012.225389,156.614
1783749012.245546,156.836
1783749012.265692,156.836
1783749012.285831,156.836
1783749012.305975,156.836
1783749012.326129,156.836
1783749012.346268,156.901
1783749012.366411,156.901
1783749012.386555,156.901
1783749012.406694,156.901
1783749012.426902,156.901
1783749012.447069,156.518
1783749012.467210,156.518
1783749012.487352,156.518
1783749012.507492,156.518
1783749012.527636,156.518
1783749012.547773,156.569
1783749012.567918,156.569
1783749012.588110,156.569
1783749012.608246,156.569
1783749012.628383,156.569
1783749012.648520,156.569
1783749012.668676,156.569
1783749012.688820,156.569
1783749012.708954,156.569
1783749012.729100,156.569
1783749012.749255,156.304
1783749012.769425,156.304
1783749012.789557,156.304
1783749012.809698,156.304
1783749012.829880,156.304
1783749012.850031,156.628
1783749012.870172,156.628
1783749012.890315,156.628
1783749012.910455,156.628
1783749012.930595,156.628
1783749012.950779,156.814
1783749012.970922,156.814
1783749012.991067,156.814
1783749013.011209,156.814
1783749013.031353,156.814
1783749013.051491,156.872
1783749013.071636,156.872
1783749013.091802,156.872
1783749013.111938,156.872
1783749013.132076,156.872
1783749013.152219,156.810
1783749013.172384,156.810
1783749013.192532,156.810
1783749013.212667,156.810
1783749013.232812,156.699
1783749013.252953,156.699
1783749013.273104,156.699
1783749013.293241,156.699
1783749013.313381,156.699
1783749013.333537,156.594
1783749013.353679,156.594
1783749013.373824,156.594
1783749013.393967,156.594
1783749013.414110,156.594
1783749013.434244,156.502
1783749013.454381,156.502
1783749013.474523,156.502
1783749013.494671,156.502
1783749013.514812,156.502
1783749013.534956,156.307
1783749013.555094,156.307
1783749013.575231,156.307
1783749013.595398,156.307
1783749013.615535,156.307
1783749013.635672,156.472
1783749013.655811,156.472
1783749013.675961,156.472
1783749013.696108,156.472
1783749013.716244,156.472
1783749013.736419,156.406
1783749013.756576,156.406
1783749013.776677,156.406
1783749013.796742,156.406
1783749013.816865,156.406
1783749013.837010,156.541
1783749013.857158,156.541
1783749013.877346,156.541
1783749013.897489,156.541
1783749013.917634,156.541
1783749013.937776,156.285
1783749013.957916,156.285
1783749013.978056,156.285
1783749013.998202,156.285
1783749014.018346,156.285
1783749014.038481,156.269
1783749014.058619,156.269
1783749014.078766,156.269
1783749014.098910,156.269
1783749014.119013,156.269
1783749014.139109,156.514
1783749014.159236,156.514
1783749014.179404,156.514
1783749014.199549,156.514
1783749014.219685,156.514
1783749014.239830,156.357
1783749014.259984,156.357
1783749014.280136,156.357
1783749014.300272,156.357
1783749014.320412,156.357
1783749014.340568,156.502
1783749014.360717,156.502
1783749014.380909,156.502
1783749014.401056,156.502
1783749014.421195,156.502
1783749014.441336,156.428
1783749014.461472,156.428
1783749014.481612,156.428
1783749014.501760,156.428
1783749014.521908,156.428
1783749014.542053,156.547
1783749014.562191,156.547
1783749014.582329,156.547
1783749014.602496,156.547
1783749014.622638,156.547
1783749014.642775,156.637
1783749014.662918,156.637
1783749014.683075,156.637
1783749014.703222,156.637
1783749014.723359,156.637
1783749014.743504,156.745
1783749014.763664,156.745
1783749014.783798,156.745
1783749014.803932,156.745
1783749014.824077,156.745
1783749014.844232,156.593
1783749014.864388,156.593
1783749014.884529,156.593
1783749014.904670,156.593
1783749014.924815,156.593
1783749014.944952,156.692
1783749014.965092,156.692
1783749014.985236,156.692
1783749015.005382,156.692
1783749015.025570,156.692
1783749015.045708,156.806
1783749015.065912,156.806
1783749015.086055,156.806
1783749015.106216,156.806
1783749015.126352,156.806
1783749015.146519,156.452
1783749015.166663,156.452
1783749015.186827,156.452
1783749015.206975,156.452
1783749015.227112,156.452
1783749015.247256,156.467
1783749015.267415,156.467
1783749015.287564,156.467
1783749015.307700,156.467
1783749015.327891,156.467
1783749015.348040,156.454
1783749015.368194,156.454
1783749015.388334,156.454
1783749015.408434,156.454
1783749015.428524,156.454
1783749015.448604,156.403
1783749015.468680,156.403
1783749015.488806,156.403
1783749015.508960,156.403
1783749015.529105,156.403
1783749015.549242,156.468
1783749015.569382,156.468
1783749015.589522,156.468
1783749015.609689,156.468
1783749015.629862,156.468
1783749015.649998,156.132
1783749015.670141,156.132
1783749015.690302,156.132
1783749015.710449,156.132
1783749015.730586,156.132
1783749015.750776,156.163
1783749015.770922,156.163
1783749015.791068,156.163
1783749015.811205,156.163
1783749015.831349,156.163
1783749015.851506,156.128
1783749015.871659,156.128
1783749015.891798,156.128
1783749015.911941,156.128
1783749015.932080,156.128
1783749015.952220,156.193
1783749015.972365,156.193
1783749015.992505,156.193
1783749016.012655,156.193
1783749016.032815,156.193
1783749016.052954,156.435
1783749016.073092,156.435
1783749016.093230,156.435
1783749016.113386,156.435
1783749016.133532,156.054
1783749016.153669,156.054
1783749016.173813,156.054
1783749016.193978,156.054
1783749016.214123,156.054
1783749016.234259,156.391
1783749016.254396,156.391
1783749016.274552,156.391
1783749016.294701,156.391
1783749016.314917,156.391
1783749016.335065,156.173
1783749016.355218,156.173
1783749016.375370,156.173
1783749016.395508,156.173
1783749016.415643,156.173
1783749016.435820,156.251
1783749016.455959,156.251
1783749016.476098,156.251
1783749016.496238,156.251
1783749016.516373,156.251
1783749016.536529,156.297
1783749016.556661,156.297
1783749016.576794,156.297
1783749016.596935,156.297
1783749016.617072,156.297
1783749016.637213,156.145
1783749016.657345,156.145
1783749016.677478,156.145
1783749016.697637,156.145
1783749016.717774,156.145
1783749016.737906,156.328
1783749016.758047,156.328
1783749016.778184,156.328
1783749016.798318,156.328
1783749016.818423,156.328
1783749016.838559,156.571
1783749016.858713,156.571
1783749016.878915,156.571
1783749016.899051,156.571
1783749016.919189,156.571
1783749016.939336,156.511
1783749016.959479,156.511
1783749016.979621,156.511
1783749016.999762,156.511
1783749017.019903,156.511
1783749017.040040,156.581
1783749017.060181,156.581
1783749017.080316,156.581
1783749017.100451,156.581
1783749017.120591,156.581
1783749017.140786,156.469
1783749017.160920,156.469
1783749017.181053,156.469
1783749017.201215,156.469
1783749017.221350,156.469
1783749017.241485,156.465
1783749017.261621,156.465
1783749017.281780,156.465
1783749017.301915,156.465
1783749017.322050,156.465
1783749017.342186,156.595
1783749017.362340,156.595
1783749017.382490,156.595
1783749017.402626,156.595
1783749017.422764,156.595
1783749017.442915,156.458
1783749017.463066,156.458
1783749017.483208,156.458
1783749017.503351,156.458
1783749017.523491,156.458
1783749017.543651,156.329
1783749017.563789,156.329
1783749017.583956,156.329
1783749017.604098,156.329
1783749017.624243,156.329
1783749017.644385,156.241
1783749017.664520,156.241
1783749017.684655,156.241
1783749017.704819,156.241
1783749017.724989,156.241
1783749017.745122,156.344
1783749017.765264,156.344
1783749017.785417,156.344
1783749017.805558,156.344
1783749017.825693,156.344
1783749017.845891,156.230
1783749017.866046,156.230
1783749017.886187,156.230
1783749017.906322,156.230
1783749017.926464,156.230
1783749017.946604,155.829
1783749017.966754,155.829
1783749017.986897,155.829
1783749018.007037,155.829
1783749018.027178,155.829
1783749018.047317,156.094
1783749018.067460,156.094
1783749018.087599,156.094
1783749018.107788,156.094
1783749018.127934,156.094
1783749018.148077,156.024
1783749018.168213,156.024
1783749018.188354,156.024
1783749018.208517,156.024
1783749018.228653,156.024
1783749018.248786,155.695
1783749018.268921,155.695
1783749018.289081,155.695
1783749018.309223,155.695
1783749018.329355,155.695
1783749018.349493,155.778
1783749018.369647,155.778
1783749018.389798,155.778
1783749018.409932,155.778
1783749018.430074,155.778
1783749018.450219,156.094
1783749018.470369,156.094
1783749018.490511,156.094
1783749018.510654,156.094
1783749018.530797,156.094
1783749018.550935,156.149
1783749018.571077,156.149
1783749018.591216,156.149
1783749018.611357,156.149
1783749018.631507,156.149
1783749018.651682,156.674
1783749018.671818,156.674
1783749018.691963,156.674
1783749018.712126,156.674
1783749018.732270,156.674
1783749018.752404,156.605
1783749018.772540,156.605
1783749018.792702,156.605
1783749018.812911,156.605
1783749018.833045,156.605
1783749018.853187,156.576
1783749018.873374,156.576
1783749018.893526,156.576
1783749018.913661,156.576
1783749018.933798,156.576
1783749018.953948,156.210
1783749018.974098,156.210
1783749018.994242,156.210
1783749019.014418,156.210
1783749019.034560,156.394
1783749019.054704,156.394
1783749019.074894,156.394
1783749019.095034,156.394
1783749019.115177,156.394
1783749019.135329,156.470
1783749019.155471,156.470
1783749019.175606,156.470
1783749019.195799,156.470
1783749019.215952,156.470
1783749019.236094,156.988
1783749019.256232,156.988
1783749019.276375,156.988
1783749019.296536,156.988
1783749019.316681,156.988
1783749019.336818,156.595
1783749019.356964,156.595
1783749019.377121,156.595
1783749019.397272,156.595
1783749019.417409,156.595
1783749019.437553,156.462
1783749019.457705,156.462
1783749019.477906,156.462
1783749019.498049,156.462
1783749019.518162,156.462
1783749019.538311,156.404
1783749019.558450,156.404
1783749019.578586,156.404
1783749019.598776,156.404
1783749019.618919,156.404
1783749019.639081,156.092
1783749019.659219,156.092
1783749019.679354,156.092
1783749019.699498,156.092
1783749019.719657,156.092
1783749019.739800,156.197
1783749019.759934,156.197
1783749019.780067,156.197
1783749019.800211,156.197
1783749019.820353,156.197
1783749019.840486,156.379
1783749019.860627,156.379
1783749019.880785,156.379
1783749019.900932,156.379
1783749019.921064,156.379
1783749019.941200,156.604
1783749019.961347,156.604
1783749019.981500,156.604
1783749020.001636,156.604
1783749020.021775,156.604
1783749020.041914,156.510
1783749020.062069,156.510
1783749020.082211,156.510
1783749020.102349,156.510
1783749020.122490,156.510
1783749020.142647,156.586
1783749020.162823,156.586
1783749020.182959,156.586
1783749020.203102,156.586
1783749020.223257,156.586
1783749020.243402,156.342
1783749020.263536,156.342
1783749020.283707,156.342
1783749020.303900,156.342
1783749020.324034,156.342
1783749020.344167,156.256
1783749020.364309,156.256
1783749020.384467,156.256
1783749020.404614,156.256
1783749020.424750,156.256
1783749020.444891,156.437
1783749020.465044,156.437
1783749020.485197,156.437
1783749020.505334,156.437
1783749020.525471,156.437
1783749020.545614,156.340
1783749020.565755,156.340
1783749020.585891,156.340
1783749020.606032,156.340
1783749020.626174,156.340
1783749020.646332,156.604
1783749020.666470,156.604
1783749020.686607,156.604
1783749020.706751,156.604
1783749020.726888,156.604
1783749020.747033,156.693
1783749020.767168,156.693
1783749020.787303,156.693
1783749020.807458,156.693
1783749020.827596,156.693
1783749020.847769,156.527
1783749020.867912,156.527
1783749020.888070,156.527
1783749020.908216,156.527
1783749020.928350,156.527
1783749020.948492,156.890
1783749020.968645,156.890
1783749020.988797,156.890
1783749021.008934,156.890
1783749021.029071,156.890
1783749021.049213,156.891
1783749021.069369,156.891
1783749021.089513,156.891
1783749021.109653,156.891
1783749021.129798,156.891
1783749021.149956,156.723
1783749021.170099,156.723
1783749021.190236,156.723
1783749021.210377,156.723
1783749021.230518,156.723
1783749021.250661,156.847
1783749021.270797,156.847
1783749021.290940,156.847
1783749021.311095,156.847
1783749021.331232,156.847
1783749021.351365,156.877
1783749021.371507,156.877
1783749021.391666,156.877
1783749021.411809,156.877
1783749021.431944,156.877
1783749021.452115,156.774
1783749021.472271,156.774
1783749021.492424,156.774
1783749021.512562,156.774
1783749021.532703,156.774
1783749021.552897,156.539
1783749021.573077,156.539
1783749021.593221,156.539
1783749021.613360,156.539
1783749021.633502,156.539
1783749021.653660,156.283
1783749021.673803,156.283
1783749021.693941,156.283
1783749021.714081,156.283
1783749021.734225,156.283
1783749021.754368,156.129
1783749021.774502,156.129
1783749021.794642,156.129
1783749021.814797,156.129
1783749021.834936,156.129
1783749021.855068,156.336
1783749021.875208,156.336
1783749021.895348,156.336
1783749021.915492,156.336
1783749021.935625,156.189
1783749021.955770,156.189
1783749021.975923,156.189
1783749021.996074,156.189
1783749022.016208,156.189
1783749022.036350,155.950
1783749022.056498,155.950
1783749022.076650,155.950
1783749022.096785,155.950
1783749022.116925,155.950
1783749022.137061,155.729
1783749022.157196,155.729
1783749022.177327,155.729
1783749022.197463,155.729
1783749022.217598,155.729
1783749022.237784,155.825
1783749022.257925,155.825
1783749022.278063,155.825
1783749022.298205,155.825
1783749022.318364,155.825
1783749022.338507,155.774
1783749022.358644,155.774
1783749022.378788,155.774
1783749022.398947,155.774
1783749022.419088,155.774
1783749022.439221,155.785
1783749022.459359,155.785
1783749022.479514,155.785
1783749022.499665,155.785
1783749022.519802,155.785
1783749022.539943,155.679
1783749022.560089,155.679
1783749022.580225,155.679
1783749022.600368,155.679
1783749022.620511,155.679
1783749022.640656,156.051
1783749022.660796,156.051
1783749022.680903,156.051
1783749022.701039,156.051
1783749022.721220,156.051
1783749022.741374,156.065
1783749022.761519,156.065
1783749022.781656,156.065
1783749022.801794,156.065
1783749022.821956,156.065
1783749022.842095,155.948
1783749022.862263,155.948
1783749022.882401,155.948
1783749022.902544,155.948
1783749022.922689,155.948
1783749022.942854,156.221
1783749022.963000,156.221
1783749022.983155,156.221
1783749023.003305,156.221
1783749023.023443,156.221
1783749023.043588,156.023
1783749023.063788,156.023
1783749023.083940,156.023
1783749023.104077,156.023
1783749023.124220,156.023
1783749023.144365,156.683
1783749023.164525,156.683
1783749023.184670,156.683
1783749023.204813,156.683
1783749023.224953,156.683
1783749023.245114,156.452
1783749023.265250,156.452
1783749023.285389,156.452
1783749023.305526,156.452
1783749023.325690,156.452
1783749023.345856,156.784
1783749023.365993,156.784
1783749023.386136,156.784
1783749023.406279,156.784
1783749023.426422,156.784
1783749023.446557,156.915
1783749023.466702,156.915
1783749023.486912,156.915
1783749023.507064,156.915
1783749023.527197,156.915
1783749023.547342,156.906
1783749023.567492,156.906
1783749023.587636,156.906
1783749023.607780,156.906
1783749023.627925,156.906
1783749023.648072,157.036
1783749023.668217,157.036
1783749023.688350,157.036
1783749023.708492,157.036
1783749023.728640,157.036
1783749023.748801,156.814
1783749023.768945,156.814
1783749023.789081,156.814
1783749023.809221,156.814
1783749023.829386,156.814
1783749023.849525,156.919
1783749023.869663,156.919
1783749023.889807,156.919
1783749023.909971,156.919
1783749023.930120,156.919
1783749023.950255,156.603
1783749023.970400,156.603
1783749023.990558,156.603
1783749024.010800,156.603
1783749024.030939,156.603
1783749024.051077,156.428
1783749024.071234,156.428
1783749024.091385,156.428
1783749024.111524,156.428
1783749024.131669,156.428
1783749024.151899,156.210
1783749024.172058,156.210
1783749024.192203,156.210
1783749024.212346,156.210
1783749024.232484,156.210
1783749024.252645,156.324
1783749024.272782,156.324
1783749024.292920,156.324
1783749024.313061,156.324
1783749024.333204,156.324
1783749024.353341,156.220
1783749024.373478,156.220
1783749024.393621,156.220
1783749024.413766,156.220
1783749024.433902,156.220
1783749024.454037,155.689
1783749024.474181,155.689
1783749024.494343,155.689
1783749024.514486,155.689
1783749024.534621,155.689
1783749024.554762,155.990
1783749024.574903,155.990
1783749024.595052,155.990
1783749024.615192,155.990
1783749024.635332,155.990
1783749024.655478,155.758
1783749024.675630,155.758
1783749024.695769,155.758
1783749024.715910,155.758
1783749024.736055,155.974
1783749024.756213,155.974
1783749024.776349,155.974
1783749024.796453,155.974
1783749024.816592,155.974
1783749024.836783,155.896
1783749024.856926,155.896
1783749024.877061,155.896
1783749024.897203,155.896
1783749024.917362,155.896
1783749024.937499,156.023
1783749024.957635,156.023
1783749024.977781,156.023
1783749024.997942,156.023
1783749025.018089,156.023
1783749025.038225,156.340
1783749025.058369,156.340
1783749025.078526,156.340
1783749025.098668,156.340
1783749025.118805,156.340
1783749025.138944,156.639
1783749025.159091,156.639
1783749025.179201,156.639
1783749025.199308,156.639
1783749025.219434,156.639
1783749025.239584,156.578
1783749025.259792,156.578
1783749025.279931,156.578
1783749025.300106,156.578
1783749025.320249,156.578
1783749025.340393,156.174
1783749025.360537,156.174
1783749025.380674,156.174
1783749025.400818,156.174
1783749025.421007,156.174
1783749025.441144,156.315
1783749025.461281,156.315
1783749025.481423,156.315
1783749025.501583,156.315
1783749025.521780,156.315
1783749025.541917,156.174
1783749025.562057,156.174
1783749025.582211,156.174
1783749025.602363,156.174
1783749025.622501,156.174
1783749025.642612,156.162
1783749025.662753,156.162
1783749025.682889,156.162
1783749025.703032,156.162
1783749025.723173,156.162
1783749025.743320,156.171
1783749025.763480,156.171
1783749025.783618,156.171
1783749025.803758,156.171
1783749025.823901,156.171
1783749025.844040,156.164
1783749025.864186,156.164
1783749025.884324,156.164
1783749025.904468,156.164
1783749025.924631,156.164
1783749025.944769,156.033
1783749025.964904,156.033
1783749025.985049,156.033
1783749026.005211,156.033
1783749026.025357,156.033
1783749026.045493,155.904
1783749026.065638,155.904
1783749026.085795,155.904
1783749026.105941,155.904
1783749026.126078,155.904
1783749026.146222,156.322
1783749026.166370,156.322
1783749026.186529,156.322
1783749026.206674,156.322
1783749026.226816,156.322
1783749026.246963,156.299
1783749026.267122,156.299
1783749026.287266,156.299
1783749026.307405,156.299
1783749026.327549,156.299
1783749026.347692,156.534
1783749026.367865,156.534
1783749026.388001,156.534
1783749026.408138,156.534
1783749026.428289,156.534
1783749026.448434,156.305
1783749026.468571,156.305
1783749026.488716,156.305
1783749026.508931,156.305
1783749026.529078,156.305
1783749026.549214,156.325
1783749026.569354,156.325
1783749026.589542,156.325
1783749026.609695,156.325
1783749026.629878,156.325
1783749026.650020,156.705
1783749026.670173,156.705
1783749026.690312,156.705
1783749026.710488,156.705
1783749026.730631,156.705
1783749026.750777,156.533
1783749026.770939,156.533
1783749026.791076,156.533
1783749026.811215,156.533
1783749026.831359,156.533
1783749026.851506,156.629
1783749026.871678,156.629
1783749026.891816,156.629
1783749026.911958,156.629
1783749026.932125,156.629
1783749026.952270,156.697
1783749026.972405,156.697
1783749026.992550,156.697
1783749027.012712,156.697
1783749027.032920,156.697
1783749027.053056,156.636
1783749027.073199,156.636
1783749027.093356,156.636
1783749027.113503,156.636
1783749027.133641,156.636
1783749027.153785,156.801
1783749027.173939,156.801
1783749027.194085,156.801
1783749027.214227,156.801
1783749027.234368,156.801
1783749027.254515,156.769
1783749027.274657,156.769
1783749027.294801,156.769
1783749027.314941,156.769
1783749027.335084,156.769
1783749027.355236,156.520
1783749027.375380,156.520
1783749027.395518,156.520
1783749027.415656,156.520
1783749027.435821,156.520
1783749027.455958,156.512
1783749027.476125,156.512
1783749027.496268,156.512
1783749027.516386,156.512
1783749027.536531,156.512
1783749027.556665,156.490
1783749027.576804,156.490
1783749027.596958,156.490
1783749027.617107,156.490
1783749027.637244,156.566
1783749027.657389,156.566
1783749027.677543,156.566
1783749027.697685,156.566
1783749027.717827,156.566
1783749027.737971,156.318
1783749027.758119,156.318
1783749027.778257,156.318
1783749027.798392,156.318
1783749027.818531,156.318
1783749027.838672,156.032
1783749027.858914,156.032
1783749027.879049,156.032
1783749027.899187,156.032
1783749027.919329,156.032
1783749027.939496,156.170
1783749027.959634,156.170
1783749027.979771,156.170
1783749027.999934,156.170
1783749028.020095,156.170
1783749028.040244,156.124
1783749028.060380,156.124
1783749028.080524,156.124
1783749028.100672,156.124
1783749028.120819,156.124
1783749028.140955,156.028
1783749028.161096,156.028
1783749028.181244,156.028
1783749028.201394,156.028
1783749028.221534,156.028
1783749028.241669,156.041
1783749028.261812,156.041
1783749028.281953,156.041
1783749028.302085,156.041
1783749028.322224,156.041
1783749028.342363,156.558
1783749028.362519,156.558
1783749028.382661,156.558
1783749028.402796,156.558
1783749028.422930,156.558
1783749028.443068,156.556
1783749028.463202,156.556
1783749028.483335,156.556
1783749028.503475,156.556
1783749028.523634,156.556
1783749028.543772,156.450
1783749028.563903,156.450
1783749028.584040,156.450
1783749028.604195,156.450
1783749028.624341,156.450
1783749028.644476,156.595
1783749028.664613,156.595
1783749028.684766,156.595
1783749028.704914,156.595
1783749028.725058,156.595
1783749028.745194,156.949
1783749028.765340,156.949
1783749028.785477,156.949
1783749028.805612,156.949
1783749028.825752,156.949
1783749028.845890,156.742
1783749028.866047,156.742
1783749028.886191,156.742
1783749028.906327,156.742
1783749028.926468,156.742
1783749028.946609,156.702
1783749028.966867,156.702
1783749028.987001,156.702
1783749029.007143,156.702
1783749029.027303,156.702
1783749029.047440,156.646
1783749029.067575,156.646
1783749029.087717,156.646
1783749029.107898,156.646
1783749029.128036,156.646
1783749029.148193,156.977
1783749029.168334,156.977
1783749029.188486,156.977
1783749029.208634,156.977
1783749029.228776,156.977
1783749029.248916,156.969
1783749029.269061,156.969
1783749029.289245,156.969
1783749029.309383,156.969
1783749029.329521,156.969
1783749029.349663,156.883
1783749029.369822,156.883
1783749029.389966,156.883
1783749029.410102,156.883
1783749029.430239,156.883
1783749029.450382,156.855
1783749029.470524,156.855
1783749029.490659,156.855
1783749029.510800,156.855
1783749029.530964,156.855
1783749029.551106,157.012
1783749029.571240,157.012
1783749029.591386,157.012
1783749029.611542,157.012
1783749029.631691,157.012
1783749029.651855,156.753
1783749029.671997,156.753
1783749029.692144,156.753
1783749029.712297,156.753
1783749029.732436,156.753
1783749029.752576,156.595
1783749029.772720,156.595
1783749029.792906,156.595
1783749029.813045,156.595
1783749029.833186,156.595
1783749029.853332,156.646
1783749029.873491,156.646
1783749029.893636,156.646
1783749029.913772,156.646
1783749029.933914,156.646
1783749029.954061,156.141
1783749029.974203,156.141
1783749029.994338,156.141
1783749030.014476,156.141
1783749030.034638,156.141
1783749030.054774,156.331
1783749030.074908,156.331
1783749030.095045,156.331
1783749030.115199,156.331
1783749030.135346,156.331
1783749030.155480,156.135
1783749030.175624,156.135
1783749030.195783,156.135
1783749030.215930,156.135
1783749030.236068,156.135
1783749030.256209,156.247
1783749030.276348,156.247
1783749030.296504,156.247
1783749030.316643,156.247
1783749030.336784,156.247
1783749030.356928,156.236
1783749030.377086,156.236
1783749030.397230,156.236
1783749030.417367,156.236
1783749030.437544,156.236
1783749030.457694,156.439
1783749030.477891,156.439
1783749030.498027,156.439
1783749030.518167,156.439
1783749030.538330,156.413
1783749030.558504,156.413
1783749030.578639,156.413
1783749030.598781,156.413
1783749030.618936,156.413
1783749030.639083,156.562
1783749030.659218,156.562
1783749030.679360,156.562
1783749030.699514,156.562
1783749030.719661,156.562
1783749030.739799,156.542
1783749030.759942,156.542
1783749030.780079,156.542
1783749030.800215,156.542
1783749030.820357,156.542
1783749030.840498,156.366
1783749030.860644,156.366
1783749030.880803,156.366
1783749030.900946,156.366
1783749030.921083,156.366
1783749030.941225,157.057
1783749030.961365,157.057
1783749030.981505,157.057
1783749031.001597,157.057
1783749031.021680,157.057
1783749031.041765,157.095
1783749031.061876,157.095
1783749031.082007,157.095
1783749031.102143,157.095
1783749031.122241,157.095
1783749031.142341,157.142
1783749031.162427,157.142
1783749031.182512,157.142
1783749031.202647,157.142
1783749031.222751,157.142
1783749031.242847,157.208
1783749031.262938,157.208
1783749031.283028,157.208
1783749031.303161,157.208
1783749031.323310,157.208
1783749031.343451,157.176
1783749031.363606,157.176
1783749031.383772,157.176
1783749031.403918,157.176
1783749031.424026,157.176
1783749031.444131,157.178
1783749031.464262,157.178
1783749031.484415,157.178
1783749031.504555,157.178
1783749031.524697,157.178
1783749031.544914,157.085
1783749031.565052,157.085
1783749031.585188,157.085
1783749031.605334,157.085
1783749031.625491,157.085
1783749031.645642,156.947
1783749031.665779,156.947
1783749031.685922,156.947
1783749031.706075,156.947
1783749031.726266,156.947
1783749031.746406,156.986
1783749031.766548,156.986
1783749031.786686,156.986
1783749031.806827,156.986
1783749031.826970,156.986
1783749031.847147,156.224
1783749031.867293,156.224
1783749031.887453,156.224
1783749031.907557,156.224
1783749031.927690,156.224
1783749031.947826,156.310
1783749031.967967,156.310
1783749031.988070,156.310
1783749032.008169,156.310
1783749032.028265,156.310
1783749032.048365,156.100
1783749032.068472,156.100
1783749032.088599,156.100
1783749032.108784,156.100
1783749032.128946,156.100
1783749032.149091,155.915
1783749032.169227,155.915
1783749032.189364,155.915
1783749032.209521,155.915
1783749032.229657,155.915
1783749032.249792,155.854
1783749032.269933,155.854
1783749032.290083,155.854
1783749032.310224,155.854
1783749032.330360,155.854
1783749032.350494,156.026
1783749032.370637,156.026
1783749032.390797,156.026
1783749032.410936,156.026
1783749032.431077,156.026
1783749032.451215,155.941
1783749032.471364,155.941
1783749032.491508,155.941
1783749032.511645,155.941
1783749032.531813,155.941
1783749032.551951,156.172
1783749032.572089,156.172
1783749032.592224,156.172
1783749032.612368,156.172
1783749032.632522,156.172
1783749032.652659,156.115
1783749032.672792,156.115
1783749032.692931,156.115
1783749032.713082,156.115
1783749032.733224,156.115
1783749032.753360,156.118
1783749032.773499,156.118
1783749032.793649,156.118
1783749032.813758,156.118
1783749032.833898,156.118
1783749032.854036,156.775
1783749032.874183,156.775
1783749032.894325,156.775
1783749032.914460,156.775
1783749032.934597,156.775
1783749032.954777,156.706
1783749032.974939,156.706
1783749032.995107,156.706
1783749033.015243,156.706
1783749033.035386,156.706
1783749033.055497,156.809
1783749033.075642,156.809
1783749033.095777,156.809
1783749033.115914,156.809
1783749033.136110,156.809
1783749033.156249,156.208
1783749033.176385,156.208
1783749033.196532,156.208
1783749033.216673,156.208
1783749033.236825,156.208
1783749033.256961,156.233
1783749033.277099,156.233
1783749033.297253,156.233
1783749033.317399,156.233
1783749033.337544,156.233
1783749033.357685,156.476
1783749033.377833,156.476
1783749033.397991,156.476
1783749033.418127,156.476
1783749033.438265,156.476
1783749033.458403,156.502
1783749033.478565,156.502
1783749033.498711,156.502
1783749033.518900,156.502
1783749033.539044,156.545
1783749033.559194,156.545
1783749033.579332,156.545
1783749033.599468,156.545
1783749033.619611,156.545
1783749033.639773,156.375
1783749033.659915,156.375
1783749033.680051,156.375
1783749033.700191,156.375
1783749033.720346,156.375
1783749033.740499,156.389
1783749033.760634,156.389
1783749033.780773,156.389
1783749033.800919,156.389
1783749033.821061,156.389
1783749033.841200,156.456
1783749033.861339,156.456
1783749033.881450,156.456
1783749033.901558,156.456
1783749033.921685,156.456
1783749033.941822,156.378
1783749033.961961,156.378
1783749033.982105,156.378
1783749034.002249,156.378
1783749034.022384,156.378
1783749034.042527,156.199
1783749034.062675,156.199
1783749034.082821,156.199
1783749034.102955,156.199
1783749034.123093,156.199
1783749034.143253,156.764
1783749034.163394,156.764
1783749034.183530,156.764
1783749034.203671,156.764
1783749034.223826,156.764
1783749034.243976,156.513
1783749034.264110,156.513
1783749034.284281,156.513
1783749034.304427,156.513
1783749034.324564,156.513
1783749034.344698,156.323
1783749034.364884,156.323
1783749034.385027,156.323
1783749034.405179,156.323
1783749034.425353,156.323
1783749034.445493,156.449
1783749034.465628,156.449
1783749034.485791,156.449
1783749034.505935,156.449
1783749034.526073,156.449
1783749034.546215,156.259
1783749034.566356,156.259
1783749034.586498,156.259
1783749034.606633,156.259
1783749034.626774,156.259
1783749034.646937,156.261
1783749034.667079,156.261
1783749034.687215,156.261
1783749034.707358,156.261
1783749034.727514,156.261
1783749034.747664,156.053
1783749034.767799,156.053
1783749034.787935,156.053
1783749034.808086,156.053
1783749034.828233,156.053
1783749034.848372,155.894
1783749034.868508,155.894
1783749034.888646,155.894
1783749034.908751,155.894
1783749034.928889,155.894
1783749034.949029,155.983
1783749034.969169,155.983
1783749034.989322,155.983
1783749035.009467,155.983
1783749035.029572,155.983
1783749035.049706,155.817
1783749035.069895,155.817
1783749035.090039,155.817
1783749035.110175,155.817
1783749035.130311,155.817
1783749035.150472,155.530
1783749035.170615,155.530
1783749035.190749,155.530
1783749035.210890,155.530
1783749035.231035,155.530
1783749035.251180,155.732
1783749035.271314,155.732
1783749035.291457,155.732
1783749035.311604,155.732
1783749035.331776,155.732
1783749035.351910,155.604
1783749035.372050,155.604
1783749035.392192,155.604
1783749035.412327,155.604
1783749035.432462,155.604
1783749035.452603,155.643
1783749035.472791,155.643
1783749035.492936,155.643
1783749035.513073,155.643
1783749035.533208,155.643
1783749035.553345,155.911
1783749035.573491,155.911
1783749035.593629,155.911
1783749035.613766,155.911
1783749035.633901,155.911
1783749035.654053,156.006
1783749035.674188,156.006
1783749035.694353,156.006
1783749035.714495,156.006
1783749035.734653,156.006
1783749035.754804,156.044
1783749035.774940,156.044
1783749035.795077,156.044
1783749035.815228,156.044
1783749035.835371,156.044
1783749035.855505,155.929
1783749035.875648,155.929
1783749035.895790,155.929
1783749035.915903,155.929
1783749035.936039,155.929
1783749035.956178,156.091
1783749035.976318,156.091
1783749035.996475,156.091
1783749036.016613,156.091
1783749036.036711,156.091
1783749036.056833,156.139
1783749036.076975,156.139
1783749036.097114,156.139
1783749036.117252,156.139
1783749036.137394,156.139
1783749036.157559,156.469
1783749036.177706,156.469
1783749036.197900,156.469
1783749036.218046,156.469
1783749036.238205,156.469
1783749036.258343,156.521
1783749036.278477,156.521
1783749036.298621,156.521
1783749036.318775,156.521
1783749036.338881,156.521
1783749036.358992,156.731
1783749036.379129,156.731
1783749036.399277,156.731
1783749036.419421,156.731
1783749036.439567,156.890
1783749036.459707,156.890
1783749036.479902,156.890
1783749036.500063,156.890
1783749036.520206,156.890
1783749036.540346,156.766
1783749036.560484,156.766
1783749036.580629,156.766
1783749036.600776,156.766
1783749036.620913,156.766
1783749036.641057,156.813
1783749036.661213,156.813
1783749036.681355,156.813
1783749036.701495,156.813
1783749036.721640,156.813
1783749036.741803,156.949
1783749036.761944,156.949
1783749036.782083,156.949
1783749036.802226,156.949
1783749036.822384,156.949
1783749036.842542,156.903
1783749036.862722,156.903
1783749036.882985,156.903
1783749036.903136,156.903
1783749036.923293,156.903
1783749036.943442,157.167
1783749036.963586,157.167
1783749036.983768,157.167
1783749037.003931,157.167
1783749037.024076,157.167
1783749037.044219,157.185
1783749037.064358,157.185
1783749037.084522,157.185
1783749037.104661,157.185
1783749037.124797,157.185
1783749037.144940,157.023
1783749037.165088,157.023
1783749037.185225,157.023
1783749037.205362,157.023
1783749037.225507,157.023
1783749037.245669,157.203
1783749037.265811,157.203
1783749037.285947,157.203
1783749037.306085,157.203
1783749037.326242,157.203
1783749037.346386,157.149
1783749037.366523,157.149
1783749037.386667,157.149
1783749037.406812,157.149
1783749037.426958,157.149
1783749037.447103,156.942
1783749037.467243,156.942
1783749037.487392,156.942
1783749037.507553,156.942
1783749037.527698,156.942
1783749037.547891,156.952
1783749037.568026,156.952
1783749037.588182,156.952
1783749037.608330,156.952
1783749037.628467,156.952
1783749037.648610,157.198
1783749037.668761,157.198
1783749037.688895,157.198
1783749037.709030,157.198
1783749037.729165,157.198
1783749037.749321,157.223
1783749037.769464,157.223
1783749037.789600,157.223
1783749037.809825,157.223
1783749037.829984,157.223
1783749037.850134,157.031
1783749037.870271,157.031
1783749037.890414,157.031
1783749037.910568,157.031
1783749037.930709,157.031
1783749037.950900,157.102
1783749037.971043,157.102
1783749037.991190,157.102
1783749038.011351,157.102
1783749038.031491,157.102
1783749038.051630,157.089
1783749038.071767,157.089
1783749038.091934,157.089
1783749038.112078,157.089
1783749038.132244,157.089
1783749038.152388,157.139
1783749038.172543,157.139
1783749038.192688,157.139
1783749038.212824,157.139
1783749038.232963,157.139
1783749038.253125,156.831
1783749038.273298,156.831
1783749038.293433,156.831
1783749038.313575,156.831
1783749038.333780,156.831
1783749038.353895,156.691
1783749038.374027,156.691
1783749038.394166,156.691
1783749038.414309,156.691
1783749038.434448,156.691
1783749038.454583,156.447
1783749038.474766,156.447
1783749038.494913,156.447
1783749038.515066,156.447
1783749038.535210,156.447
1783749038.555348,156.560
1783749038.575485,156.560
1783749038.595649,156.560
1783749038.615793,156.560
1783749038.635930,156.560
1783749038.656075,156.637
1783749038.676221,156.637
1783749038.696331,156.637
1783749038.716464,156.637
1783749038.736601,156.637
1783749038.756804,156.207
1783749038.776944,156.207
1783749038.797084,156.207
1783749038.817228,156.207
1783749038.837384,156.207
1783749038.857520,156.487
1783749038.877654,156.487
1783749038.897800,156.487
1783749038.917952,156.487
1783749038.938103,156.487
1783749038.958239,156.061
1783749038.978381,156.061
1783749038.998527,156.061
1783749039.018634,156.061
1783749039.038770,156.061
1783749039.058903,156.107
1783749039.079042,156.107
1783749039.099181,156.107
1783749039.119324,156.107
1783749039.139461,156.107
1783749039.159606,155.854
1783749039.179767,155.854
1783749039.199913,155.854
1783749039.220050,155.854
1783749039.240195,155.854
1783749039.260357,155.940
1783749039.280501,155.940
1783749039.300636,155.940
1783749039.320779,155.940
1783749039.340938,156.040
1783749039.361051,156.040
1783749039.381185,156.040
1783749039.401324,156.040
1783749039.421498,156.040
1783749039.441649,156.199
1783749039.461794,156.199
1783749039.481938,156.199
1783749039.502086,156.199
1783749039.522226,156.199
1783749039.542373,156.341
1783749039.562550,156.341
1783749039.582689,156.341
1783749039.602882,156.341
1783749039.623024,156.341
1783749039.643162,156.033
1783749039.663303,156.033
1783749039.683412,156.033
1783749039.703510,156.033
1783749039.723628,156.033
1783749039.743766,156.306
1783749039.763921,156.306
1783749039.784065,156.306
1783749039.804199,156.306
1783749039.824345,156.306
1783749039.844503,156.304
1783749039.864645,156.304
1783749039.884782,156.304
1783749039.904927,156.304
1783749039.925117,156.304
1783749039.945268,156.650
1783749039.965405,156.650
1783749039.985548,156.650
1783749040.005694,156.650
1783749040.025850,156.650
1783749040.045955,156.636
1783749040.066075,156.636
1783749040.086219,156.636
1783749040.106369,156.636
1783749040.126513,156.636
1783749040.146650,156.605
1783749040.166788,156.605
1783749040.186950,156.605
1783749040.207098,156.605
1783749040.227237,156.605
1783749040.247382,156.318
1783749040.267525,156.318
1783749040.287664,156.318
1783749040.307799,156.318
1783749040.327945,156.318
1783749040.348085,156.460
1783749040.368193,156.460
1783749040.388327,156.460
1783749040.408465,156.460
1783749040.428615,156.460
1783749040.448766,156.624
1783749040.468904,156.624
1783749040.489045,156.624
1783749040.509192,156.624
1783749040.529351,156.624
1783749040.549497,156.583
1783749040.569638,156.583
1783749040.589783,156.583
1783749040.609924,156.583
1783749040.630069,156.583
1783749040.650206,156.469
1783749040.670344,156.469
1783749040.690454,156.469
1783749040.710577,156.469
1783749040.730697,156.469
1783749040.750873,156.430
1783749040.771017,156.430
1783749040.791161,156.430
1783749040.811296,156.430
1783749040.831475,156.430
1783749040.851633,156.271
1783749040.871775,156.271
1783749040.891912,156.271
1783749040.912057,156.271
1783749040.932211,156.271
1783749040.952353,156.025
1783749040.972517,156.025
1783749040.992661,156.025
1783749041.012808,156.025
1783749041.032968,156.025
1783749041.053112,155.806
1783749041.073254,155.806
1783749041.093402,155.806
1783749041.113554,155.806
1783749041.133698,155.806
1783749041.153892,155.895
1783749041.174030,155.895
1783749041.194196,155.895
1783749041.214339,155.895
1783749041.234477,155.895
1783749041.254621,156.310
1783749041.274777,156.310
1783749041.294921,156.310
1783749041.315056,156.310
1783749041.335201,156.310
1783749041.355355,156.055
1783749041.375496,156.055
1783749041.395633,156.055
1783749041.415774,156.055
1783749041.435929,156.055
1783749041.456082,156.079
1783749041.476219,156.079
1783749041.496330,156.079
1783749041.516476,156.079
1783749041.536636,156.079
1783749041.556780,156.031
1783749041.576916,156.031
1783749041.597062,156.031
1783749041.617214,156.031
1783749041.637357,156.031
1783749041.657492,155.958
1783749041.677627,155.958
1783749041.697788,155.958
1783749041.717929,155.958
1783749041.738063,155.958
1783749041.758203,155.887
1783749041.778341,155.887
1783749041.798474,155.887
1783749041.818607,155.887
1783749041.838754,155.887
1783749041.858892,155.927
1783749041.879032,155.927
1783749041.899168,155.927
1783749041.919307,155.927
1783749041.939458,155.927
1783749041.959610,156.505
1783749041.979795,156.505
1783749041.999969,156.505
1783749042.020110,156.505
1783749042.040266,156.505
1783749042.060408,156.345
1783749042.080547,156.345
1783749042.100687,156.345
1783749042.120939,156.345
1783749042.141082,156.345
1783749042.161217,156.314
1783749042.181353,156.314
1783749042.201516,156.314
1783749042.221660,156.314
1783749042.241795,156.161
1783749042.261935,156.161
1783749042.282089,156.161
1783749042.302224,156.161
1783749042.322359,156.161
1783749042.342503,156.240
1783749042.362661,156.240
1783749042.382801,156.240
1783749042.402935,156.240
1783749042.423077,156.240
1783749042.443229,156.197
1783749042.463376,156.197
1783749042.483510,156.197
1783749042.503653,156.197
1783749042.523799,156.197
1783749042.543958,156.540
1783749042.564098,156.540
1783749042.584238,156.540
1783749042.604385,156.540
1783749042.624539,156.540
1783749042.644682,156.457
1783749042.664819,156.457
1783749042.684954,156.457
1783749042.705092,156.457
1783749042.725235,156.457
1783749042.745368,156.601
1783749042.765508,156.601
1783749042.785658,156.601
1783749042.805799,156.601
1783749042.825935,156.601
1783749042.846079,156.605
1783749042.866226,156.605
1783749042.886367,156.605
1783749042.906503,156.605
1783749042.926647,156.605
1783749042.946801,156.574
1783749042.966940,156.574
1783749042.987076,156.574
1783749043.007216,156.574
1783749043.027358,156.574
1783749043.047511,156.530
1783749043.067647,156.530
1783749043.087787,156.530
1783749043.107932,156.530
1783749043.128087,156.530
1783749043.148231,156.660
1783749043.168367,156.660
1783749043.188503,156.660
1783749043.208668,156.660
1783749043.228812,156.660
1783749043.248948,156.371
1783749043.269120,156.371
1783749043.289262,156.371
1783749043.309404,156.371
1783749043.329538,156.371
1783749043.349673,156.451
1783749043.369828,156.451
1783749043.389973,156.451
1783749043.410137,156.451
1783749043.430281,156.451
1783749043.450425,156.254
1783749043.470573,156.254
1783749043.490710,156.254
1783749043.510904,156.254
1783749043.531053,156.254
1783749043.551207,156.083
1783749043.571346,156.083
1783749043.591486,156.083
1783749043.611629,156.083
1783749043.631788,156.083
1783749043.651932,156.047
1783749043.672069,156.047
1783749043.692207,156.047
1783749043.712355,156.047
1783749043.732499,156.047
1783749043.752635,156.143
1783749043.772775,156.143
1783749043.792938,156.143
1783749043.813082,156.143
1783749043.833217,156.143
1783749043.853360,156.054
1783749043.873516,156.054
1783749043.893662,156.054
1783749043.913795,156.054
1783749043.933940,156.054
1783749043.954096,155.975
1783749043.974231,155.975
1783749043.994365,155.975
1783749044.014504,155.975
1783749044.034644,155.975
1783749044.054781,155.858
1783749044.074912,155.858
1783749044.095046,155.858
1783749044.115183,155.858
1783749044.135329,155.858
1783749044.155467,156.157
1783749044.175571,156.157
1783749044.195713,156.157
1783749044.215915,156.157
1783749044.236057,156.157
1783749044.256193,156.082
1783749044.276328,156.082
1783749044.296476,156.082
1783749044.316618,156.082
1783749044.336754,156.082
1783749044.356891,156.188
1783749044.377027,156.188
1783749044.397172,156.188
1783749044.417307,156.188
1783749044.437449,156.188
1783749044.457604,156.069
1783749044.477790,156.069
1783749044.497925,156.069
1783749044.518066,156.069
1783749044.538220,156.069
1783749044.558407,156.436
1783749044.578542,156.436
1783749044.598684,156.436
1783749044.618829,156.436
1783749044.638989,156.436
1783749044.659132,156.323
1783749044.679270,156.323
1783749044.699444,156.323
1783749044.719598,156.323
1783749044.739788,156.323
1783749044.759925,156.056
1783749044.780064,156.056
1783749044.800202,156.056
1783749044.820346,156.056
1783749044.840484,156.056
1783749044.860628,156.337
1783749044.880775,156.337
1783749044.900923,156.337
1783749044.921060,156.337
1783749044.941206,156.337
1783749044.961364,156.261
1783749044.981506,156.261
1783749045.001643,156.261
1783749045.021787,156.261
1783749045.041944,156.261
1783749045.062096,156.356
1783749045.082232,156.356
1783749045.102373,156.356
1783749045.122516,156.356
1783749045.142674,156.132
1783749045.162817,156.132
1783749045.182954,156.132
1783749045.203093,156.132
1783749045.223249,156.132
1783749045.243391,155.867
1783749045.263524,155.867
1783749045.283658,155.867
1783749045.303795,155.867
1783749045.323938,155.867
1783749045.344072,156.010
1783749045.364208,156.010
1783749045.384352,156.010
1783749045.404497,156.010
1783749045.424631,156.010
1783749045.444772,156.668
1783749045.464917,156.668
1783749045.485057,156.668
1783749045.505193,156.668
1783749045.525332,156.668
1783749045.545483,156.887
1783749045.565626,156.887
1783749045.585759,156.887
1783749045.605901,156.887
1783749045.626046,156.887
1783749045.646203,156.619
1783749045.666344,156.619
1783749045.686485,156.619
1783749045.706626,156.619
1783749045.726784,156.619
1783749045.746927,156.767
1783749045.767064,156.767
1783749045.787201,156.767
1783749045.807349,156.767
1783749045.827492,156.767
1783749045.847661,156.427
1783749045.867797,156.427
1783749045.887955,156.427
1783749045.908101,156.427
1783749045.928238,156.427
1783749045.948382,156.645
1783749045.968560,156.645
1783749045.988703,156.645
1783749046.008917,156.645
1783749046.029061,156.645
1783749046.049216,156.513
1783749046.069352,156.513
1783749046.089487,156.513
1783749046.109630,156.513
1783749046.129773,156.513
1783749046.149933,156.390
1783749046.170075,156.390
1783749046.190217,156.390
1783749046.210364,156.390
1783749046.230526,156.390
1783749046.250671,156.752
1783749046.270808,156.752
1783749046.290945,156.752
1783749046.311098,156.752
1783749046.331241,156.752
1783749046.351379,156.565
1783749046.371520,156.565
1783749046.391680,156.565
1783749046.411818,156.565
1783749046.431954,156.565
1783749046.452099,156.291
1783749046.472253,156.291
1783749046.492397,156.291
1783749046.512533,156.291
1783749046.532678,156.291
1783749046.552831,156.126
1783749046.572971,156.126
1783749046.593109,156.126
1783749046.613250,156.126
1783749046.633396,156.126
1783749046.653558,156.084
1783749046.673702,156.084
1783749046.693892,156.084
1783749046.714036,156.084
1783749046.734196,156.084
1783749046.754340,156.331
1783749046.774478,156.331
1783749046.794617,156.331
1783749046.814770,156.331
1783749046.834916,156.331
1783749046.855052,156.110
1783749046.875190,156.110
1783749046.895350,156.110
1783749046.915494,156.110
1783749046.935631,156.110
1783749046.955778,156.326
1783749046.975922,156.326
1783749046.996067,156.326
1783749047.016205,156.326
1783749047.036350,156.326
1783749047.056501,156.374
1783749047.076643,156.374
1783749047.096784,156.374
1783749047.116924,156.374
1783749047.137100,156.374
1783749047.157258,156.629
1783749047.177400,156.629
1783749047.197540,156.629
1783749047.217684,156.629
1783749047.237842,156.629
1783749047.258019,157.026
1783749047.278156,157.026
1783749047.298291,157.026
1783749047.318443,157.026
1783749047.338586,157.026
1783749047.358721,156.843
1783749047.378911,156.843
1783749047.399073,156.843
1783749047.419217,156.843
1783749047.439351,156.843
1783749047.459494,156.785
1783749047.479638,156.785
1783749047.499782,156.785
1783749047.519927,156.785
1783749047.540067,156.785
1783749047.560222,156.780
1783749047.580361,156.780
1783749047.600500,156.780
1783749047.620643,156.780
1783749047.640791,156.780
1783749047.660953,156.706
1783749047.681090,156.706
1783749047.701232,156.706
1783749047.721378,156.706
1783749047.741533,156.706
1783749047.761674,156.757
1783749047.781812,156.757
1783749047.801950,156.757
1783749047.822106,156.757
1783749047.842251,156.757
1783749047.862387,156.599
1783749047.882523,156.599
1783749047.902689,156.599
1783749047.922864,156.599
1783749047.943002,156.599
1783749047.963147,156.717
1783749047.983310,156.717
1783749048.003458,156.717
1783749048.023594,156.717
1783749048.043784,157.159
1783749048.063935,157.159
1783749048.084070,157.159
1783749048.104238,157.159
1783749048.124379,157.159
1783749048.144526,157.157
1783749048.164675,157.157
1783749048.184811,157.157
1783749048.204952,157.157
1783749048.225095,157.157
1783749048.245254,156.821
1783749048.265397,156.821
1783749048.285534,156.821
1783749048.305669,156.821
1783749048.325830,156.821
1783749048.345966,156.850
1783749048.366101,156.850
1783749048.386234,156.850
1783749048.406429,156.850
1783749048.426570,156.850
1783749048.446707,156.838
1783749048.466900,156.838
1783749048.487043,156.838
1783749048.507191,156.838
1783749048.527327,156.838
1783749048.547503,156.710
1783749048.567657,156.710
1783749048.587767,156.710
1783749048.607904,156.710
1783749048.628047,156.710
1783749048.648200,156.748
1783749048.668347,156.748
1783749048.688483,156.748
1783749048.708623,156.748
1783749048.728770,156.748
1783749048.748930,156.745
1783749048.769071,156.745
1783749048.789208,156.745
1783749048.809344,156.745
1783749048.829508,156.745
1783749048.849653,156.775
1783749048.869790,156.775
1783749048.889926,156.775
1783749048.910090,156.775
1783749048.930234,156.775
1783749048.950371,156.785
1783749048.970506,156.785
1783749048.990653,156.785
1783749049.010798,156.785
1783749049.030934,156.785
1783749049.051078,156.078
1783749049.071232,156.078
1783749049.091375,156.078
1783749049.111511,156.078
1783749049.131657,156.078
1783749049.151811,156.662
1783749049.171958,156.662
1783749049.192095,156.662
1783749049.212236,156.662
1783749049.232383,156.662
1783749049.252543,156.681
1783749049.272685,156.681
1783749049.292821,156.681
1783749049.312961,156.681
1783749049.333126,156.681
1783749049.353264,155.976
1783749049.373398,155.976
1783749049.393502,155.976
1783749049.413635,155.976
1783749049.433782,155.976
1783749049.453921,156.050
1783749049.474064,156.050
1783749049.494218,156.050
1783749049.514363,156.050
1783749049.534502,156.050
1783749049.554649,156.143
1783749049.574792,156.143
1783749049.594935,156.143
1783749049.615073,156.143
1783749049.635220,156.143
1783749049.655374,156.226
1783749049.675525,156.226
1783749049.695700,156.226
1783749049.715889,156.226
1783749049.736038,156.226
1783749049.756197,156.395
1783749049.776335,156.395
1783749049.796476,156.395
1783749049.816617,156.395
1783749049.836812,156.395
1783749049.856959,156.282
1783749049.877098,156.282
1783749049.897238,156.282
1783749049.917398,156.282
1783749049.937544,156.282
1783749049.957683,156.613
1783749049.977825,156.613
1783749049.997983,156.613
1783749050.018129,156.613
1783749050.038264,156.613
1783749050.058412,156.697
1783749050.078567,156.697
1783749050.098705,156.697
1783749050.118891,156.697
1783749050.139036,156.697
1783749050.159194,156.569
1783749050.179345,156.569
1783749050.199483,156.569
1783749050.219628,156.569
1783749050.239777,156.569
1783749050.259939,156.379
1783749050.280085,156.379
1783749050.300228,156.379
1783749050.320377,156.379
1783749050.340538,156.379
1783749050.360684,156.645
1783749050.380822,156.645
1783749050.400963,156.645
1783749050.421106,156.645
1783749050.441248,156.645
1783749050.461385,156.905
1783749050.481523,156.905
1783749050.501682,156.905
1783749050.521829,156.905
1783749050.541964,156.905
1783749050.562111,156.738
1783749050.582256,156.738
1783749050.602395,156.738
1783749050.622531,156.738
1783749050.642678,156.738
1783749050.662835,156.911
1783749050.682985,156.911
1783749050.703122,156.911
1783749050.723267,156.911
1783749050.743415,156.911
1783749050.763565,156.848
1783749050.783701,156.848
1783749050.803923,156.848
1783749050.824072,156.848
1783749050.844234,156.797
1783749050.864377,156.797
1783749050.884515,156.797
1783749050.904657,156.797
1783749050.924820,156.797
1783749050.944966,156.500
1783749050.965104,156.500
1783749050.985244,156.500
1783749051.005405,156.500
1783749051.025551,156.500
1783749051.045687,156.591
1783749051.065831,156.591
1783749051.085990,156.591
1783749051.106172,156.591
1783749051.126309,156.591
1783749051.146455,156.381
1783749051.166609,156.381
1783749051.186762,156.381
1783749051.206900,156.381
1783749051.227044,156.381
1783749051.247193,156.498
1783749051.267346,156.498
1783749051.287492,156.498
1783749051.307634,156.498
1783749051.327783,156.498
1783749051.347936,156.469
1783749051.368081,156.469
1783749051.388220,156.469
1783749051.408361,156.469
1783749051.428527,156.469
1783749051.448673,156.505
1783749051.468811,156.505
1783749051.488949,156.505
1783749051.509113,156.505
1783749051.529255,156.505
1783749051.549393,156.724
1783749051.569535,156.724
1783749051.589692,156.724
1783749051.609868,156.724
1783749051.630007,156.724
1783749051.650153,156.481
1783749051.670305,156.481
1783749051.690449,156.481
1783749051.710588,156.481
1783749051.730779,156.481
1783749051.750924,156.749
1783749051.771074,156.749
1783749051.791214,156.749
1783749051.811355,156.749
1783749051.831503,156.749
1783749051.851663,156.844
1783749051.871801,156.844
1783749051.891938,156.844
1783749051.912083,156.844
1783749051.932250,156.844
1783749051.952397,155.994
1783749051.972534,155.994
1783749051.992671,155.994
1783749052.012836,155.994
1783749052.032982,155.994
1783749052.053120,156.040
1783749052.073263,156.040
1783749052.093408,156.040
1783749052.113549,156.040
1783749052.133686,156.040
1783749052.153832,156.029
1783749052.173987,156.029
1783749052.194130,156.029
1783749052.214267,156.029
1783749052.234411,156.029
1783749052.254558,156.061
1783749052.274796,156.061
1783749052.294934,156.061
1783749052.315072,156.061
1783749052.335220,156.061
1783749052.355362,156.229
1783749052.375505,156.229
1783749052.395675,156.229
1783749052.415813,156.229
1783749052.435980,156.229
1783749052.456126,156.123
1783749052.476263,156.123
1783749052.496397,156.123
1783749052.516554,156.123
1783749052.536701,156.123
1783749052.556891,156.086
1783749052.577033,156.086
1783749052.597177,156.086
1783749052.617322,156.086
1783749052.637461,156.086
1783749052.657606,156.101
1783749052.677764,156.101
1783749052.697906,156.101
1783749052.718041,156.101
1783749052.738186,156.101
1783749052.758337,156.097
1783749052.778476,156.097
1783749052.798613,156.097
1783749052.818755,156.097
1783749052.838903,156.097
1783749052.859063,156.221
1783749052.879200,156.221
1783749052.899337,156.221
1783749052.919479,156.221
1783749052.939647,156.221
1783749052.959794,156.551
1783749052.979928,156.551
1783749053.000065,156.551
1783749053.020224,156.551
1783749053.040373,156.551
1783749053.060509,156.814
1783749053.080646,156.814
1783749053.100792,156.814
1783749053.120938,156.814
1783749053.141076,156.814
1783749053.161221,156.719
1783749053.181380,156.719
1783749053.201523,156.719
1783749053.221659,156.719
1783749053.241804,156.719
1783749053.261955,156.907
1783749053.282109,156.907
1783749053.302245,156.907
1783749053.322387,156.907
1783749053.342534,156.907
1783749053.362687,157.010
1783749053.382831,157.010
1783749053.402969,157.010
1783749053.423107,157.010
1783749053.443270,157.010
1783749053.463414,156.978
1783749053.483551,156.978
1783749053.503688,156.978
1783749053.523881,156.978
1783749053.544060,156.978
1783749053.564198,156.863
1783749053.584336,156.863
1783749053.604489,156.863
1783749053.624635,156.863
1783749053.644774,156.810
1783749053.664917,156.810
1783749053.685107,156.810
1783749053.705249,156.810
1783749053.725384,156.810
1783749053.745528,156.824
1783749053.765680,156.824
1783749053.785821,156.824
1783749053.805957,156.824
1783749053.826099,156.824
1783749053.846246,156.487
1783749053.866400,156.487
1783749053.886544,156.487
1783749053.906682,156.487
1783749053.926826,156.487
1783749053.946993,156.297
1783749053.967136,156.297
1783749053.987273,156.297
1783749054.007412,156.297
1783749054.027576,156.297
1783749054.047773,156.411
1783749054.067911,156.411
1783749054.088050,156.411
1783749054.108206,156.411
1783749054.128353,156.411
1783749054.148491,156.443
1783749054.168635,156.443
1783749054.188791,156.443
1783749054.208936,156.443
1783749054.229073,156.443
1783749054.249218,156.371
1783749054.269371,156.371
1783749054.289522,156.371
1783749054.309658,156.371
1783749054.329801,156.371
1783749054.349940,156.196
1783749054.370093,156.196
1783749054.390237,156.196
1783749054.410349,156.196
1783749054.430490,156.196
1783749054.450656,156.096
1783749054.470800,156.096
1783749054.490936,156.096
1783749054.511076,156.096
1783749054.531242,156.096
1783749054.551389,156.036
1783749054.571527,156.036
1783749054.591662,156.036
1783749054.611826,156.036
1783749054.631971,156.036
1783749054.652109,156.256
1783749054.672252,156.256
1783749054.692399,156.256
1783749054.712544,156.256
1783749054.732681,156.256
1783749054.752825,156.252
1783749054.772979,156.252
1783749054.793129,156.252
1783749054.813264,156.252
1783749054.833438,156.252
1783749054.853585,156.392
1783749054.873777,156.392
1783749054.893920,156.392
1783749054.914062,156.392
1783749054.934204,156.392
1783749054.954365,156.484
1783749054.974507,156.484
1783749054.994640,156.484
1783749055.014775,156.484
1783749055.034938,156.484
1783749055.055083,156.564
1783749055.075244,156.564
1783749055.095385,156.564
1783749055.115537,156.564
1783749055.135682,156.564
1783749055.155816,156.835
1783749055.175957,156.835
1783749055.196106,156.835
1783749055.216246,156.835
1783749055.236381,156.835
1783749055.256522,156.756
1783749055.276673,156.756
1783749055.296819,156.756
1783749055.316955,156.756
1783749055.337096,156.756
1783749055.357238,156.805
1783749055.377391,156.805
1783749055.397533,156.805
1783749055.417672,156.805
1783749055.437817,156.805
1783749055.457975,156.857
1783749055.478119,156.857
1783749055.498254,156.857
1783749055.518363,156.857
1783749055.538520,156.857
1783749055.558665,156.753
1783749055.578800,156.753
1783749055.598934,156.753
1783749055.619090,156.753
1783749055.639235,156.753
1783749055.659370,156.807
1783749055.679513,156.807
1783749055.699667,156.807
1783749055.719803,156.807
1783749055.739939,156.807
1783749055.760081,156.902
1783749055.780226,156.902
1783749055.800362,156.902
1783749055.820495,156.902
1783749055.840636,156.902
1783749055.860781,156.712
1783749055.880921,156.712
1783749055.901057,156.712
1783749055.921195,156.712
1783749055.941340,156.712
1783749055.961499,156.583
1783749055.981635,156.583
1783749056.001770,156.583
1783749056.021908,156.583
1783749056.042071,156.583
1783749056.062212,156.393
1783749056.082347,156.393
1783749056.102481,156.393
1783749056.122662,156.393
1783749056.142806,156.393
1783749056.162938,156.196
1783749056.183072,156.196
1783749056.203214,156.196
1783749056.223351,156.196
1783749056.243528,156.196
1783749056.263668,156.352
1783749056.283813,156.352
1783749056.303950,156.352
1783749056.324087,156.352
1783749056.344228,156.352
1783749056.364368,156.315
1783749056.384517,156.315
1783749056.404652,156.315
1783749056.424791,156.315
1783749056.444928,156.315
1783749056.465076,156.045
1783749056.485212,156.045
1783749056.505344,156.045
1783749056.525481,156.045
1783749056.545623,156.045
1783749056.565757,156.255
1783749056.585889,156.255
1783749056.606022,156.255
1783749056.626173,156.255
1783749056.646308,156.066
1783749056.666443,156.066
1783749056.686581,156.066
1783749056.706764,156.066
1783749056.726903,156.066
1783749056.747040,156.210
1783749056.767177,156.210
1783749056.787328,156.210
1783749056.807470,156.210
1783749056.827604,156.210
1783749056.847772,156.274
1783749056.867914,156.274
1783749056.888052,156.274
1783749056.908187,156.274
1783749056.928328,156.274
1783749056.948465,156.550
1783749056.968606,156.550
1783749056.988774,156.550
1783749057.008911,156.550
1783749057.029051,156.550
1783749057.049206,156.500
1783749057.069340,156.500
1783749057.089474,156.500
1783749057.109609,156.500
1783749057.129756,156.500
1783749057.149896,156.534
1783749057.170029,156.534
1783749057.190164,156.534
1783749057.210270,156.534
1783749057.230412,156.534
1783749057.250547,156.678
1783749057.270686,156.678
1783749057.290839,156.678
1783749057.310945,156.678
1783749057.331080,156.678
1783749057.351217,157.003
1783749057.371357,157.003
1783749057.391509,157.003
1783749057.411652,157.003
1783749057.431790,157.003
1783749057.451900,157.127
1783749057.472049,157.127
1783749057.492187,157.127
1783749057.512322,157.127
1783749057.532491,157.127
1783749057.552632,156.978
1783749057.572773,156.978
1783749057.592906,156.978
1783749057.613043,156.978
1783749057.633152,156.978
1783749057.653292,157.106
1783749057.673399,157.106
1783749057.693536,157.106
1783749057.713686,157.106
1783749057.733825,157.106
1783749057.753959,156.362
1783749057.774099,156.362
1783749057.794208,156.362
1783749057.814347,156.362
1783749057.834482,156.362
1783749057.854609,156.426
1783749057.874788,156.426
1783749057.894930,156.426
1783749057.915065,156.426
1783749057.935207,156.426
1783749057.955356,156.206
1783749057.975513,156.206
1783749057.995654,156.206
1783749058.015793,156.206
1783749058.035933,156.206
1783749058.056096,156.030
1783749058.076242,156.030
1783749058.096377,156.030
1783749058.116517,156.030
1783749058.136677,156.030
1783749058.156768,156.037
1783749058.176870,156.037
1783749058.196976,156.037
1783749058.217121,156.037
1783749058.237239,156.037
1783749058.257375,156.025
1783749058.277523,156.025
1783749058.297679,156.025
1783749058.317826,156.025
1783749058.337931,156.025
1783749058.358073,155.964
1783749058.378181,155.964
1783749058.398280,155.964
1783749058.418372,155.964
1783749058.438458,155.964
1783749058.458589,156.158
1783749058.478791,156.158
1783749058.498926,156.158
1783749058.519058,156.158
1783749058.539198,156.158
1783749058.559335,156.314
1783749058.579466,156.314
1783749058.599598,156.314
1783749058.619768,156.314
1783749058.639908,156.314
1783749058.660048,156.389
1783749058.680210,156.389
1783749058.700344,156.389
1783749058.720477,156.389
1783749058.740612,156.389
1783749058.760753,156.822
1783749058.780888,156.822
1783749058.801023,156.822
1783749058.821193,156.822
1783749058.841327,156.822
1783749058.861468,156.629
1783749058.881575,156.629
1783749058.901710,156.629
1783749058.921854,156.629
1783749058.941994,156.629
1783749058.962133,156.626
1783749058.982282,156.626
1783749059.002427,156.626
1783749059.022567,156.626
1783749059.042713,156.626
1783749059.062926,156.836
1783749059.083064,156.836
1783749059.103201,156.836
1783749059.123341,156.836
1783749059.143507,156.836
1783749059.163651,156.724
1783749059.183791,156.724
1783749059.203904,156.724
1783749059.224069,156.724
1783749059.244221,156.724
1783749059.264357,156.548
1783749059.284468,156.548
1783749059.304579,156.548
1783749059.324698,156.548
1783749059.344877,156.548
1783749059.365020,156.556
1783749059.385169,156.556
1783749059.405329,156.556
1783749059.425468,156.556
1783749059.445610,156.556
1783749059.465759,156.361
1783749059.485920,156.361
1783749059.506061,156.361
1783749059.526168,156.361
1783749059.546314,156.361
1783749059.566464,156.233
1783749059.586604,156.233
1783749059.606781,156.233
1783749059.626928,156.233
1783749059.647078,155.895
1783749059.667220,155.895
1783749059.687356,155.895
1783749059.707498,155.895
1783749059.727647,155.895
1783749059.747794,155.839
1783749059.767931,155.839
1783749059.788073,155.839
1783749059.808226,155.839
1783749059.828369,155.839
1783749059.848504,156.070
1783749059.868647,156.070
1783749059.888800,156.070
1783749059.908908,156.070
1783749059.929049,156.070
1783749059.949191,156.012
1783749059.969372,156.012
1783749059.989481,156.012
1783749060.009586,156.012
1783749060.029693,156.012
1783749060.049884,156.010
1783749060.070028,156.010
1783749060.090168,156.010
1783749060.110307,156.010
1783749060.130451,156.010
1783749060.150596,155.972
1783749060.170715,155.972
1783749060.190851,155.972
1783749060.210944,155.972
1783749060.231093,155.972
1783749060.251248,155.872
1783749060.271385,155.872
1783749060.291531,155.872
1783749060.311674,155.872
1783749060.331826,155.872
1783749060.351962,156.023
1783749060.372103,156.023
1783749060.392257,156.023
1783749060.412395,156.023
1783749060.432532,156.023
1783749060.452669,156.014
1783749060.472818,156.014
1783749060.492960,156.014
1783749060.513097,156.014
1783749060.533235,156.014
1783749060.553380,155.908
1783749060.573535,155.908
1783749060.593676,155.908
1783749060.613810,155.908
1783749060.633945,155.908
1783749060.654109,156.396
1783749060.674254,156.396
1783749060.694389,156.396
1783749060.714526,156.396
1783749060.734677,156.396
1783749060.754825,156.511
1783749060.774960,156.511
1783749060.795105,156.511
1783749060.815250,156.511
1783749060.835392,156.511
1783749060.855528,156.421
1783749060.875673,156.421
1783749060.895826,156.421
1783749060.915963,156.421
1783749060.936099,156.421
1783749060.956242,156.193
1783749060.976384,156.193
1783749060.996524,156.193
1783749061.016659,156.193
1783749061.036793,156.193
1783749061.056930,156.302
1783749061.077088,156.302
1783749061.097229,156.302
1783749061.117363,156.302
1783749061.137504,156.302
1783749061.157664,156.286
1783749061.177810,156.286
1783749061.197945,156.286
1783749061.218082,156.286
1783749061.238243,156.286
1783749061.258427,156.268
1783749061.278563,156.268
1783749061.298707,156.268
1783749061.318909,156.268
1783749061.339060,156.268
1783749061.359193,156.356
1783749061.379367,156.356
1783749061.399521,156.356
1783749061.419660,156.356
1783749061.439796,156.356
1783749061.459939,156.433
1783749061.480086,156.433
1783749061.500230,156.433
1783749061.520368,156.433
1783749061.540509,156.433
1783749061.560649,156.598
1783749061.580791,156.598
1783749061.600927,156.598
1783749061.621063,156.598
1783749061.641206,156.598
1783749061.661354,156.465
1783749061.681491,156.465
1783749061.701626,156.465
1783749061.721772,156.465
1783749061.741929,156.465
1783749061.762075,156.437
1783749061.782212,156.437
1783749061.802351,156.437
1783749061.822490,156.437
1783749061.842639,156.437
1783749061.862778,156.221
1783749061.882916,156.221
1783749061.903070,156.221
1783749061.923208,156.221
1783749061.943342,156.221
1783749061.963481,156.551
1783749061.983618,156.551
1783749062.003759,156.551
1783749062.023898,156.551
1783749062.044038,156.551
1783749062.064178,156.671
1783749062.084340,156.671
1783749062.104479,156.671
1783749062.124616,156.671
1783749062.144760,156.671
1783749062.164914,156.531
1783749062.185053,156.531
1783749062.205188,156.531
1783749062.225324,156.531
1783749062.245482,156.531
1783749062.265620,156.863
1783749062.285756,156.863
1783749062.305892,156.863
1783749062.326048,156.863
1783749062.346197,156.863
1783749062.366332,156.896
1783749062.386476,156.896
1783749062.406631,156.896
1783749062.426769,156.896
1783749062.446907,156.896
1783749062.467049,156.998
1783749062.487194,156.998
1783749062.507344,156.998
1783749062.527482,156.998
1783749062.547654,156.931
1783749062.567797,156.931
1783749062.587940,156.931
1783749062.608079,156.931
1783749062.628216,156.931
1783749062.648360,157.256
1783749062.668550,157.256
1783749062.688689,157.256
1783749062.708822,157.256
1783749062.728959,157.256
1783749062.749105,157.278
1783749062.769249,157.278
1783749062.789384,157.278
1783749062.809520,157.278
1783749062.829671,157.278
1783749062.849813,157.454
1783749062.869948,157.454
1783749062.890091,157.454
1783749062.910199,157.454
1783749062.930290,157.454
1783749062.950396,157.445
1783749062.970530,157.445
1783749062.990676,157.445
1783749063.010816,157.445
1783749063.030957,157.445
1783749063.051095,157.366
1783749063.071245,157.366
1783749063.091389,157.366
1783749063.111528,157.366
1783749063.131668,157.366
1783749063.151814,157.356
1783749063.171973,157.356
1783749063.192120,157.356
1783749063.212258,157.356
1783749063.232397,157.356
1783749063.252560,157.245
1783749063.272707,157.245
1783749063.292889,157.245
1783749063.313032,157.245
1783749063.333184,157.245
1783749063.353328,156.895
1783749063.373464,156.895
1783749063.393611,156.895
1783749063.413757,156.895
1783749063.433897,156.895
1783749063.454041,156.872
1783749063.474187,156.872
1783749063.494327,156.872
1783749063.514472,156.872
1783749063.534609,156.872
1783749063.554752,156.949
1783749063.574896,156.949
1783749063.595038,156.949
1783749063.615175,156.949
1783749063.635315,156.949
1783749063.655456,156.349
1783749063.675604,156.349
1783749063.695796,156.349
1783749063.715933,156.349
1783749063.736074,156.349
1783749063.756218,156.609
1783749063.776354,156.609
1783749063.796489,156.609
1783749063.816670,156.609
1783749063.836833,156.609
1783749063.857011,156.504
1783749063.877149,156.504
1783749063.897295,156.504
1783749063.917405,156.504
1783749063.937557,156.504
1783749063.957772,156.413
1783749063.977916,156.413
1783749063.998061,156.413
1783749064.018171,156.413
1783749064.038307,156.413
1783749064.058451,156.234
1783749064.078594,156.234
1783749064.098786,156.234
1783749064.118893,156.234
1783749064.139028,156.234
1783749064.159173,156.137
1783749064.179317,156.137
1783749064.199456,156.137
1783749064.219563,156.137
1783749064.239708,156.137
1783749064.259903,156.010
1783749064.280051,156.010
1783749064.300189,156.010
1783749064.320327,156.010
1783749064.340486,156.010
1783749064.360630,156.117
1783749064.380768,156.117
1783749064.400908,156.117
1783749064.421057,156.117
1783749064.441203,156.117
1783749064.461342,156.000
1783749064.481482,156.000
1783749064.501624,156.000
1783749064.521763,156.000
1783749064.541902,156.000
1783749064.562045,156.127
1783749064.582193,156.127
1783749064.602303,156.127
1783749064.622439,156.127
1783749064.642578,156.127
1783749064.662718,156.357
1783749064.682930,156.357
1783749064.703068,156.357
1783749064.723202,156.357
1783749064.743348,156.357
1783749064.763504,156.333
1783749064.783644,156.333
1783749064.803779,156.333
1783749064.823919,156.333
1783749064.844060,156.333
1783749064.864205,156.389
1783749064.884342,156.389
1783749064.904485,156.389
1783749064.924635,156.389
1783749064.944789,156.389
1783749064.964929,156.412
1783749064.985069,156.412
1783749065.005216,156.412
1783749065.025353,156.412
1783749065.045495,156.412
1783749065.065638,156.388
1783749065.085789,156.388
1783749065.105960,156.388
1783749065.126096,156.388
1783749065.146235,156.388
1783749065.166378,156.204
1783749065.186546,156.204
1783749065.206686,156.204
1783749065.226823,156.204
1783749065.247069,156.204
1783749065.267229,156.245
1783749065.287369,156.245
1783749065.307505,156.245
1783749065.327646,156.245
1783749065.347803,156.245
1783749065.367948,156.225
1783749065.388087,156.225
1783749065.408231,156.225
1783749065.428382,156.225
1783749065.448527,156.082
1783749065.468666,156.082
1783749065.488811,156.082
1783749065.508954,156.082
1783749065.529092,156.082
1783749065.549234,156.375
1783749065.569376,156.375
1783749065.589522,156.375
1783749065.609661,156.375
1783749065.629798,156.375
1783749065.649935,156.260
1783749065.670079,156.260
1783749065.690233,156.260
1783749065.710378,156.260
1783749065.730515,156.260
1783749065.750659,156.431
1783749065.770820,156.431
1783749065.790967,156.431
1783749065.811102,156.431
1783749065.831240,156.431
1783749065.851401,156.348
1783749065.871541,156.348
1783749065.891677,156.348
1783749065.911823,156.348
1783749065.931978,156.348
1783749065.952123,156.486
1783749065.972261,156.486
1783749065.992400,156.486
1783749066.012553,156.486
1783749066.032693,156.486
1783749066.052878,156.555
1783749066.073021,156.555
1783749066.093167,156.555
1783749066.113311,156.555
1783749066.133451,156.555
1783749066.153589,156.458
1783749066.173770,156.458
1783749066.193920,156.458
1783749066.214062,156.458
1783749066.234198,156.458
1783749066.254342,156.843
1783749066.274508,156.843
1783749066.294657,156.843
1783749066.314796,156.843
1783749066.334936,156.843
1783749066.355085,156.926
1783749066.375227,156.926
1783749066.395397,156.926
1783749066.415538,156.926
1783749066.435683,156.926
1783749066.455827,156.975
1783749066.475965,156.975
1783749066.496103,156.975
1783749066.516289,156.975
1783749066.536432,156.975
1783749066.556576,156.676
1783749066.576720,156.676
1783749066.596901,156.676
1783749066.617043,156.676
1783749066.637184,156.676
1783749066.657321,156.754
1783749066.677467,156.754
1783749066.697612,156.754
1783749066.717757,156.754
1783749066.737894,156.754
1783749066.758040,156.624
1783749066.778183,156.624
1783749066.798329,156.624
1783749066.818465,156.624
1783749066.838606,156.624
1783749066.858769,156.791
1783749066.878915,156.791
1783749066.899051,156.791
1783749066.919192,156.791
1783749066.939351,156.791
1783749066.959498,156.681
1783749066.979636,156.681
1783749066.999776,156.681
1783749067.019930,156.681
1783749067.040078,156.681
1783749067.060216,156.818
1783749067.080356,156.818
1783749067.100496,156.818
1783749067.120636,156.818
1783749067.140776,156.818
1783749067.160918,156.987
1783749067.181056,156.987
1783749067.201198,156.987
1783749067.221334,156.987
1783749067.241474,156.987
1783749067.261621,156.968
1783749067.281787,156.968
1783749067.301931,156.968
1783749067.322069,156.968
1783749067.342207,156.968
1783749067.362354,156.979
1783749067.382501,156.979
1783749067.402640,156.979
1783749067.422786,156.979
1783749067.442941,156.979
1783749067.463091,157.093
1783749067.483224,157.093
1783749067.503364,157.093
1783749067.523506,157.093
1783749067.543659,157.093
1783749067.563801,156.935
1783749067.583945,156.935
1783749067.604092,156.935
1783749067.624243,156.935
1783749067.644386,156.935
1783749067.664529,157.042
1783749067.684704,157.042
1783749067.704896,157.042
1783749067.725046,157.042
1783749067.745183,157.042
1783749067.765327,156.905
1783749067.785478,156.905
1783749067.805650,156.905
1783749067.825759,156.905
1783749067.845903,156.905
1783749067.866061,157.179
1783749067.886199,157.179
1783749067.906335,157.179
1783749067.926476,157.179
1783749067.946634,157.179
1783749067.966783,157.169
1783749067.986920,157.169
1783749068.007065,157.169
1783749068.027208,157.169
1783749068.047359,157.169
1783749068.067501,156.856
1783749068.087646,156.856
1783749068.107793,156.856
1783749068.127932,156.856
1783749068.148076,156.856
1783749068.168219,156.760
1783749068.188367,156.760
1783749068.208529,156.760
1783749068.228666,156.760
1783749068.248803,156.760
1783749068.268947,156.601
1783749068.289114,156.601
1783749068.309254,156.601
1783749068.329392,156.601
1783749068.349530,156.390
1783749068.369691,156.390
1783749068.391208,156.390
1783749068.411558,156.390
1783749068.431697,156.390
1783749068.451877,156.474
1783749068.472022,156.474
1783749068.492160,156.474
1783749068.512304,156.474
1783749068.532453,156.474
1783749068.552605,156.481
1783749068.572793,156.481
1783749068.592931,156.481
1783749068.613073,156.481
1783749068.633209,156.481
1783749068.653350,156.610
1783749068.673488,156.610
1783749068.693631,156.610
1783749068.713775,156.610
1783749068.733940,156.610
1783749068.754077,156.320
1783749068.774216,156.320
1783749068.794374,156.320
1783749068.814513,156.320
1783749068.834648,156.320
1783749068.854785,156.251
1783749068.874946,156.251
1783749068.895087,156.251
1783749068.915222,156.251
1783749068.935358,156.251
1783749068.955545,156.290
1783749068.975688,156.290
1783749068.995824,156.290
1783749069.015965,156.290
1783749069.036114,156.290
1783749069.056266,156.112
1783749069.076403,156.112
1783749069.096573,156.112
1783749069.116776,156.112
1783749069.136914,156.112
1783749069.157056,156.059
1783749069.177302,156.059
1783749069.197448,156.059
1783749069.217599,156.059
1783749069.237779,156.059
1783749069.257917,156.260
1783749069.278056,156.260
1783749069.298218,156.260
1783749069.318357,156.260
1783749069.338492,156.260
1783749069.358630,156.029
1783749069.378791,156.029
1783749069.398938,156.029
1783749069.419073,156.029
1783749069.439211,156.029
1783749069.459372,156.217
1783749069.479518,156.217
1783749069.499650,156.217
1783749069.519793,156.217
1783749069.539948,156.217
1783749069.560096,156.110
1783749069.580230,156.110
1783749069.600368,156.110
1783749069.620519,156.110
1783749069.640658,156.110
1783749069.660800,156.230
1783749069.680942,156.230
1783749069.701086,156.230
1783749069.721239,156.230
1783749069.741376,156.230
1783749069.761516,156.628
1783749069.781655,156.628
1783749069.801791,156.628
1783749069.821932,156.628
1783749069.842068,156.628
1783749069.862210,156.531
1783749069.882373,156.531
1783749069.902517,156.531
1783749069.922653,156.531
1783749069.942792,156.531
1783749069.962953,156.648
1783749069.983098,156.648
1783749070.003233,156.648
1783749070.023376,156.648
1783749070.043532,156.648
1783749070.063678,156.295
1783749070.083816,156.295
1783749070.103952,156.295
1783749070.124105,156.295
1783749070.144248,156.295
1783749070.164382,156.640
1783749070.184525,156.640
1783749070.204670,156.640
1783749070.224823,156.640
1783749070.244995,156.640
1783749070.265135,156.525
1783749070.285281,156.525
1783749070.305391,156.525
1783749070.325531,156.525
1783749070.345666,156.525
1783749070.365803,156.540
1783749070.386017,156.540
1783749070.406163,156.540
1783749070.426296,156.540
1783749070.446434,156.540
1783749070.466591,156.830
1783749070.486786,156.830
1783749070.506920,156.830
1783749070.527066,156.830
1783749070.547222,156.830
1783749070.567370,156.763
1783749070.587506,156.763
1783749070.607650,156.763
1783749070.627804,156.763
1783749070.647949,156.763
1783749070.668091,156.750
1783749070.688233,156.750
1783749070.708375,156.750
1783749070.728530,156.750
1783749070.748667,156.750
1783749070.768804,156.351
1783749070.788947,156.351
1783749070.809088,156.351
1783749070.829191,156.351
1783749070.849325,156.351
1783749070.869466,156.430
1783749070.889608,156.430
1783749070.909754,156.430
1783749070.929891,156.430
1783749070.950033,156.430
1783749070.970192,156.154
1783749070.990339,156.154
1783749071.010475,156.154
1783749071.030618,156.154
1783749071.050775,156.478
1783749071.070920,156.478
1783749071.091055,156.478
1783749071.111198,156.478
1783749071.131351,156.478
1783749071.151502,156.659
1783749071.171643,156.659
1783749071.191787,156.659
1783749071.211890,156.659
1783749071.232038,156.659
1783749071.252181,156.497
1783749071.272322,156.497
1783749071.292467,156.497
1783749071.312611,156.497
1783749071.332754,156.497
1783749071.352890,156.686
1783749071.373027,156.686
1783749071.393130,156.686
1783749071.413213,156.686
1783749071.433334,156.686
1783749071.453478,156.629
1783749071.473639,156.629
1783749071.493787,156.629
1783749071.513922,156.629
1783749071.534098,156.629
1783749071.554257,156.565
1783749071.574404,156.565
1783749071.594540,156.565
1783749071.614678,156.565
1783749071.634818,156.565
1783749071.655007,156.355
1783749071.675148,156.355
1783749071.695292,156.355
1783749071.715436,156.355
1783749071.735574,156.355
1783749071.755720,156.739
1783749071.775902,156.739
1783749071.796054,156.739
1783749071.816201,156.739
1783749071.836336,156.739
1783749071.856473,156.651
1783749071.876616,156.651
1783749071.896765,156.651
1783749071.916906,156.651
1783749071.937041,156.651
1783749071.957180,156.870
1783749071.977340,156.870
1783749071.997476,156.870
1783749072.017608,156.870
1783749072.037807,156.870
1783749072.057962,157.127
1783749072.078107,157.127
1783749072.098239,157.127
1783749072.118376,157.127
1783749072.138517,157.127
1783749072.158668,157.049
1783749072.178805,157.049
1783749072.198942,157.049
1783749072.219078,157.049
1783749072.239214,157.049
1783749072.259354,156.951
1783749072.279491,156.951
1783749072.299634,156.951
1783749072.319788,156.951
1783749072.339917,156.951
1783749072.360049,156.773
1783749072.380187,156.773
1783749072.400348,156.773
1783749072.420485,156.773
1783749072.440618,156.773
1783749072.460758,156.743
1783749072.480919,156.743
1783749072.501055,156.743
1783749072.521189,156.743
1783749072.541326,156.743
1783749072.561485,156.729
1783749072.581622,156.729
1783749072.601756,156.729
1783749072.621891,156.729
1783749072.642038,156.729
1783749072.662190,156.705
1783749072.682322,156.705
1783749072.702463,156.705
1783749072.722606,156.705
1783749072.742793,156.705
1783749072.762934,156.802
1783749072.783074,156.802
1783749072.803213,156.802
1783749072.823398,156.802
1783749072.843534,156.802
1783749072.863670,156.484
1783749072.883806,156.484
1783749072.903962,156.484
1783749072.924107,156.484
1783749072.944273,156.484
1783749072.964412,156.485
1783749072.984575,156.485
1783749073.004711,156.485
1783749073.024892,156.485
1783749073.045030,156.485
1783749073.065180,156.500
1783749073.085328,156.500
1783749073.105463,156.500
1783749073.125606,156.500
1783749073.145760,156.500
1783749073.165907,156.550
1783749073.186046,156.550
1783749073.206189,156.550
1783749073.226332,156.550
1783749073.246472,156.550
1783749073.266613,156.435
1783749073.286755,156.435
1783749073.306896,156.435
1783749073.327035,156.435
1783749073.347171,156.435
1783749073.367308,156.328
1783749073.387451,156.328
1783749073.407617,156.328
1783749073.427762,156.328
1783749073.447896,156.328
1783749073.468034,156.419
1783749073.488199,156.419
1783749073.508337,156.419
1783749073.528470,156.419
1783749073.548607,156.419
1783749073.568762,156.422
1783749073.588902,156.422
1783749073.609037,156.422
1783749073.629177,156.422
1783749073.649331,156.422
1783749073.669478,156.367
1783749073.689614,156.367
1783749073.709752,156.367
1783749073.729901,156.367
1783749073.750040,156.367
1783749073.770181,156.473
1783749073.790321,156.473
1783749073.810465,156.473
1783749073.830625,156.473
1783749073.850762,156.473
1783749073.870897,156.736
1783749073.891031,156.736
1783749073.911196,156.736
1783749073.931339,156.736
1783749073.951472,156.713
1783749073.971610,156.713
1783749073.991773,156.713
1783749074.011915,156.713
1783749074.032047,156.713
1783749074.052189,156.759
1783749074.072348,156.759
1783749074.092521,156.759
1783749074.112653,156.759
1783749074.132795,156.759
1783749074.152947,156.660
1783749074.173089,156.660
1783749074.193223,156.660
1783749074.213360,156.660
1783749074.233542,156.660
1783749074.253684,156.558
1783749074.273825,156.558
1783749074.293964,156.558
1783749074.314104,156.558
1783749074.334249,156.558
1783749074.354383,156.664
1783749074.374517,156.664
1783749074.394659,156.664
1783749074.414801,156.664
1783749074.434942,156.664
1783749074.455077,156.569
1783749074.475216,156.569
1783749074.495380,156.569
1783749074.515522,156.569
1783749074.535656,156.569
1783749074.555799,156.897
1783749074.575958,156.897
1783749074.596102,156.897
1783749074.616205,156.897
1783749074.636346,156.897
1783749074.656501,156.837
1783749074.676652,156.837
1783749074.696789,156.837
1783749074.716929,156.837
1783749074.737082,156.837
1783749074.757229,156.842
1783749074.777361,156.842
1783749074.797501,156.842
1783749074.817642,156.842
1783749074.837779,156.842
1783749074.857919,156.915
1783749074.878055,156.915
1783749074.898192,156.915
1783749074.918301,156.915
1783749074.938419,156.915
1783749074.958548,156.737
1783749074.978691,156.737
1783749074.998847,156.737
1783749075.018985,156.737
1783749075.039124,156.737
1783749075.059266,156.337
1783749075.079427,156.337
1783749075.099564,156.337
1783749075.119698,156.337
1783749075.139899,156.337
1783749075.160057,156.566
1783749075.180208,156.566
1783749075.200347,156.566
1783749075.220490,156.566
1783749075.240645,156.566
1783749075.260796,157.095
1783749075.280940,157.095
1783749075.301083,157.095
1783749075.321228,157.095
1783749075.341387,157.095
1783749075.361525,157.090
1783749075.381700,157.090
1783749075.401896,157.090
1783749075.422046,157.090
1783749075.442182,157.090
1783749075.462318,156.907
1783749075.482462,156.907
1783749075.502628,156.907
1783749075.522802,156.907
1783749075.542938,156.907
1783749075.563081,156.751
1783749075.583230,156.751
1783749075.603375,156.751
1783749075.623510,156.751
1783749075.643648,156.751
1783749075.663805,156.641
1783749075.683958,156.641
1783749075.704094,156.641
1783749075.724236,156.641
1783749075.744382,156.641
1783749075.764533,156.701
1783749075.784671,156.701
1783749075.804808,156.701
1783749075.824954,156.701
1783749075.845094,156.701
1783749075.865237,156.706
1783749075.885381,156.706
1783749075.905524,156.706
1783749075.925684,156.706
1783749075.945822,156.706
1783749075.965958,156.513
1783749075.986099,156.513
1783749076.006241,156.513
1783749076.026385,156.513
1783749076.046523,156.513
1783749076.066666,156.669
1783749076.086830,156.669
1783749076.106973,156.669
1783749076.127110,156.669
1783749076.147250,156.669
1783749076.167408,156.590
1783749076.187560,156.590
1783749076.207698,156.590
1783749076.227891,156.590
1783749076.248038,156.590
1783749076.268189,156.213
1783749076.288335,156.213
1783749076.308474,156.213
1783749076.328618,156.213
1783749076.348757,156.213
1783749076.368900,156.556
1783749076.389041,156.556
1783749076.409189,156.556
1783749076.429351,156.556
1783749076.449489,156.556
1783749076.469625,156.626
1783749076.489776,156.626
1783749076.509922,156.626
1783749076.530065,156.626
1783749076.550203,156.626
1783749076.570340,156.432
1783749076.590498,156.432
1783749076.610637,156.432
1783749076.630771,156.432
1783749076.650911,156.432
1783749076.671099,156.499
1783749076.691248,156.499
1783749076.711384,156.499
1783749076.731528,156.499
1783749076.751676,156.499
1783749076.771826,156.525
1783749076.791996,156.525
1783749076.812139,156.525
1783749076.832286,156.525
1783749076.852428,156.416
1783749076.872572,156.416
1783749076.892715,156.416
1783749076.912910,156.416
1783749076.933071,156.416
1783749076.953210,156.720
1783749076.973346,156.720
1783749076.993491,156.720
1783749077.013639,156.720
1783749077.033784,156.720
1783749077.053921,156.656
1783749077.074065,156.656
1783749077.094229,156.656
1783749077.114372,156.656
1783749077.134509,156.656
1783749077.154648,156.750
1783749077.174810,156.750
1783749077.194955,156.750
1783749077.215092,156.750
1783749077.235236,156.750
1783749077.255390,156.900
1783749077.275545,156.900
1783749077.295685,156.900
1783749077.315828,156.900
1783749077.335973,156.900
1783749077.356112,156.789
1783749077.376256,156.789
1783749077.396396,156.789
1783749077.416542,156.789
1783749077.436692,156.789
1783749077.456858,156.876
1783749077.476995,156.876
1783749077.497137,156.876
1783749077.517289,156.876
1783749077.537432,156.876
1783749077.557569,156.767
1783749077.577712,156.767
1783749077.597924,156.767
1783749077.618066,156.767
1783749077.638202,156.767
1783749077.658342,156.699
1783749077.678504,156.699
1783749077.698653,156.699
1783749077.718790,156.699
1783749077.738934,156.699
1783749077.759089,156.643
1783749077.779232,156.643
1783749077.799370,156.643
1783749077.819514,156.643
1783749077.839653,156.643
1783749077.859797,156.500
1783749077.879934,156.500
1783749077.900075,156.500
1783749077.920222,156.500
1783749077.940383,156.500
1783749077.960556,156.714
1783749077.980695,156.714
1783749078.000895,156.714
1783749078.021052,156.714
1783749078.041198,156.714
1783749078.061333,156.682
1783749078.081505,156.682
1783749078.101645,156.682
1783749078.121790,156.682
1783749078.141927,156.682
1783749078.162072,156.192
1783749078.182232,156.192
1783749078.202381,156.192
1783749078.222518,156.192
1783749078.242664,156.192
1783749078.262821,156.450
1783749078.282973,156.450
1783749078.303111,156.450
1783749078.323256,156.450
1783749078.343404,156.450
1783749078.363545,156.618
1783749078.383690,156.618
1783749078.403861,156.618
1783749078.424007,156.618
1783749078.444167,156.618
1783749078.464312,156.440
1783749078.484451,156.440
1783749078.504595,156.440
1783749078.524805,156.440
1783749078.544950,156.440
1783749078.565088,157.104
1783749078.585224,157.104
1783749078.605389,157.104
1783749078.625530,157.104
1783749078.645666,157.104
1783749078.665803,156.994
1783749078.685945,156.994
1783749078.706088,156.994
1783749078.726222,156.994
1783749078.746360,156.994
1783749078.766513,156.905
1783749078.786656,156.905
1783749078.806791,156.905
1783749078.826936,156.905
1783749078.847087,156.905
1783749078.867239,157.010
1783749078.887383,157.010
1783749078.907527,157.010
1783749078.927672,157.010
1783749078.947834,157.010
1783749078.967977,156.972
1783749078.988115,156.972
1783749079.008252,156.972
1783749079.028414,156.972
1783749079.048593,156.972
1783749079.068772,157.116
1783749079.088911,157.116
1783749079.109062,157.116
1783749079.129206,157.116
1783749079.149343,157.116
1783749079.169486,156.945
1783749079.189647,156.945
1783749079.209796,156.945
1783749079.229965,156.945
1783749079.250104,156.945
1783749079.270261,156.902
1783749079.290414,156.902
1783749079.310549,156.902
1783749079.330688,156.902
1783749079.350832,156.902
1783749079.371012,156.871
1783749079.391156,156.871
1783749079.411298,156.871
1783749079.431446,156.871
1783749079.451585,156.871
1783749079.471780,156.897
1783749079.491918,156.897
1783749079.512057,156.897
1783749079.532208,156.897
1783749079.552345,156.897
1783749079.572482,156.335
1783749079.592622,156.335
1783749079.612768,156.335
1783749079.632911,156.335
1783749079.653047,156.522
1783749079.673187,156.522
1783749079.693349,156.522
1783749079.713488,156.522
1783749079.733626,156.522
1783749079.753768,156.399
1783749079.773924,156.399
1783749079.794069,156.399
1783749079.814204,156.399
1783749079.834348,156.399
1783749079.854496,156.392
1783749079.874648,156.392
1783749079.894791,156.392
1783749079.914934,156.392
1783749079.935079,156.392
1783749079.955218,156.324
1783749079.975361,156.324
1783749079.995504,156.324
1783749080.015642,156.324
1783749080.035809,156.324
1783749080.055944,156.279
1783749080.076082,156.279
1783749080.096226,156.279
1783749080.116380,156.279
1783749080.136520,156.279
1783749080.156657,156.350
1783749080.176800,156.350
1783749080.196964,156.350
1783749080.217110,156.350
1783749080.237248,156.350
1783749080.257387,156.591
1783749080.277535,156.591
1783749080.297678,156.591
1783749080.317814,156.591
1783749080.337955,156.591
1783749080.358097,156.794
1783749080.378238,156.794
1783749080.398377,156.794
1783749080.418519,156.794
1783749080.438661,156.794
1783749080.458799,156.674
1783749080.478936,156.674
1783749080.499073,156.674
1783749080.519237,156.674
1783749080.539376,156.674
1783749080.559511,156.647
1783749080.579644,156.647
1783749080.599784,156.647
1783749080.619928,156.647
1783749080.640070,156.647
1783749080.660239,156.868
1783749080.680376,156.868
1783749080.700536,156.868
1783749080.720677,156.868
1783749080.740811,156.868
1783749080.760947,156.696
1783749080.781083,156.696
1783749080.801224,156.696
1783749080.821360,156.696
1783749080.841495,156.696
1783749080.861639,156.852
1783749080.881788,156.852
1783749080.901921,156.852
1783749080.922063,156.852
1783749080.942206,156.852
1783749080.962345,156.776
1783749080.982490,156.776
1783749081.002630,156.776
1783749081.022774,156.776
1783749081.042934,156.776
1783749081.063072,156.880
1783749081.083206,156.880
1783749081.103341,156.880
1783749081.123502,156.880
1783749081.143646,156.880
1783749081.163784,156.921
1783749081.183924,156.921
1783749081.204083,156.921
1783749081.224187,156.921
1783749081.244298,156.921
1783749081.264429,156.794
1783749081.284585,156.794
1783749081.304780,156.794
1783749081.324917,156.794
1783749081.345061,156.794
1783749081.365212,156.735
1783749081.385362,156.735
1783749081.405505,156.735
1783749081.425648,156.735
1783749081.445753,156.735
1783749081.465842,156.651
1783749081.485921,156.651
1783749081.505995,156.651
1783749081.526073,156.651
1783749081.546167,156.651
1783749081.566289,156.538
1783749081.586428,156.538
1783749081.606572,156.538
1783749081.626713,156.538
1783749081.646906,156.538
1783749081.667042,156.875
1783749081.687182,156.875
1783749081.707344,156.875
1783749081.727485,156.875
1783749081.747589,156.875
1783749081.767837,156.838
1783749081.787988,156.838
1783749081.808165,156.838
1783749081.828299,156.838
1783749081.848436,156.838
1783749081.868587,156.981
1783749081.888775,156.981
1783749081.908907,156.981
1783749081.929080,156.981
1783749081.949225,156.981
1783749081.969372,156.986
1783749081.989515,156.986
1783749082.009655,156.986
1783749082.029800,156.986
1783749082.049956,156.986
1783749082.070096,157.052
1783749082.090232,157.052
1783749082.110365,157.052
1783749082.130528,157.052
1783749082.150674,157.052
1783749082.170811,157.077
1783749082.190947,157.077
1783749082.211110,157.077
1783749082.231256,157.077
1783749082.251393,157.077
1783749082.271533,157.038
1783749082.291691,157.038
1783749082.311861,157.038
1783749082.331994,157.038
1783749082.352130,157.038
1783749082.372281,156.622
1783749082.392433,156.622
1783749082.412571,156.622
1783749082.432715,156.622
1783749082.452910,156.622
1783749082.473059,156.723
1783749082.493200,156.723
1783749082.513338,156.723
1783749082.533483,156.723
1783749082.553643,156.686
1783749082.573786,156.686
1783749082.593922,156.686
1783749082.614058,156.686
1783749082.634205,156.686
1783749082.654349,156.694
1783749082.674485,156.694
1783749082.694620,156.694
1783749082.714777,156.694
1783749082.734921,156.694
1783749082.755057,156.532
1783749082.775197,156.532
1783749082.795357,156.532
1783749082.815498,156.532
1783749082.835635,156.532
1783749082.855778,156.318
1783749082.875928,156.318
1783749082.896075,156.318
1783749082.916210,156.318
1783749082.936351,156.318
1783749082.956496,156.385
1783749082.976644,156.385
1783749082.996786,156.385
1783749083.016926,156.385
1783749083.037072,156.385
1783749083.057230,156.163
1783749083.077374,156.163
1783749083.097540,156.163
1783749083.117677,156.163
1783749083.137842,156.163
1783749083.157986,156.236
1783749083.178121,156.236
1783749083.198263,156.236
1783749083.218449,156.236
1783749083.238595,156.236
1783749083.258792,156.443
1783749083.278963,156.443
1783749083.299121,156.443
1783749083.319263,156.443
1783749083.339396,156.443
1783749083.359532,156.398
1783749083.379687,156.398
1783749083.399840,156.398
1783749083.419975,156.398
1783749083.440117,156.398
1783749083.460256,156.502
1783749083.480415,156.502
1783749083.500559,156.502
1783749083.520695,156.502
1783749083.540897,156.502
1783749083.561034,156.711
1783749083.581178,156.711
1783749083.601316,156.711
1783749083.621452,156.711
1783749083.641610,156.711
1783749083.661792,156.466
1783749083.681926,156.466
1783749083.702069,156.466
1783749083.722218,156.466
1783749083.742364,156.466
1783749083.762499,156.337
1783749083.782637,156.337
1783749083.802798,156.337
1783749083.822944,156.337
1783749083.843082,156.337
1783749083.863221,156.243
1783749083.883377,156.243
1783749083.903517,156.243
1783749083.923651,156.243
1783749083.943793,156.243
1783749083.963930,156.422
1783749083.984079,156.422
1783749084.004222,156.422
1783749084.024360,156.422
1783749084.044502,156.422
1783749084.064640,156.347
1783749084.084781,156.347
1783749084.104914,156.347
1783749084.125049,156.347
1783749084.145213,156.347
1783749084.165347,156.303
1783749084.185478,156.303
1783749084.205616,156.303
1783749084.225773,156.303
1783749084.245915,156.303
1783749084.266045,156.397
1783749084.286185,156.397
1783749084.306323,156.397
1783749084.326469,156.397
1783749084.346602,156.397
1783749084.366769,156.050
1783749084.386923,156.050
1783749084.407074,156.050
1783749084.427212,156.050
1783749084.447356,156.050
1783749084.467506,155.899
1783749084.487658,155.899
1783749084.507862,155.899
1783749084.528004,155.899
1783749084.548152,155.899
1783749084.568293,155.882
1783749084.588428,155.882
1783749084.608565,155.882
1783749084.628670,155.882
1783749084.648837,155.882
1783749084.668977,155.754
1783749084.689114,155.754
1783749084.709257,155.754
1783749084.729417,155.754
1783749084.749564,155.754
1783749084.769702,155.904
1783749084.789902,155.904
1783749084.810051,155.904
1783749084.830196,155.904
1783749084.850332,155.904
1783749084.870472,155.897
1783749084.890628,155.897
1783749084.910771,155.897
1783749084.930908,155.897
1783749084.951052,155.897
1783749084.971205,156.019
1783749084.991357,156.019
1783749085.011493,156.019
1783749085.031636,156.019
1783749085.051782,156.019
1783749085.071923,156.552
1783749085.092064,156.552
1783749085.112202,156.552
1783749085.132346,156.552
1783749085.152513,156.552
1783749085.172655,156.851
1783749085.192792,156.851
1783749085.212936,156.851
1783749085.233101,156.851
1783749085.253248,156.851
1783749085.273386,156.678
1783749085.293529,156.678
1783749085.313675,156.678
1783749085.333822,156.678
1783749085.353957,156.678
1783749085.374101,156.874
1783749085.394258,156.874
1783749085.414366,156.874
1783749085.434501,156.874
1783749085.454646,156.986
1783749085.474799,156.986
1783749085.494952,156.986
1783749085.515087,156.986
1783749085.535229,156.986
1783749085.555374,156.921
1783749085.575519,156.921
1783749085.595658,156.921
1783749085.615799,156.921
1783749085.635937,156.921
1783749085.656133,157.032
1783749085.676273,157.032
1783749085.696411,157.032
1783749085.716552,157.032
1783749085.736717,157.032
1783749085.756920,156.960
1783749085.777056,156.960
1783749085.797228,156.960
1783749085.817385,156.960
1783749085.837533,156.960
1783749085.857668,157.033
1783749085.877813,157.033
1783749085.897970,157.033
1783749085.918115,157.033
1783749085.938252,157.033
1783749085.958395,156.827
1783749085.978549,156.827
1783749085.998701,156.827
1783749086.018881,156.827
1783749086.039025,156.827
1783749086.059172,156.419
1783749086.079321,156.419
1783749086.099465,156.419
1783749086.119606,156.419
1783749086.139755,156.419
1783749086.159915,156.412
1783749086.180059,156.412
1783749086.200196,156.412
1783749086.220337,156.412
1783749086.240504,156.412
1783749086.260650,156.416
1783749086.280787,156.416
1783749086.300929,156.416
1783749086.321088,156.416
1783749086.341228,156.416
1783749086.361363,156.363
1783749086.381507,156.363
1783749086.401664,156.363
1783749086.421802,156.363
1783749086.441938,156.363
1783749086.462082,156.293
1783749086.482235,156.293
1783749086.502386,156.293
1783749086.522521,156.293
1783749086.542664,156.293
1783749086.562809,156.251
1783749086.582948,156.251
1783749086.603092,156.251
1783749086.623235,156.251
1783749086.643380,156.251
1783749086.663540,156.281
1783749086.683677,156.281
1783749086.703815,156.281
1783749086.723950,156.281
1783749086.744113,156.281
1783749086.764257,156.467
1783749086.784394,156.467
1783749086.804530,156.467
1783749086.824691,156.467
1783749086.844888,156.467
1783749086.865024,156.320
1783749086.885168,156.320
1783749086.905307,156.320
1783749086.925455,156.320
1783749086.945623,156.320
1783749086.965779,156.443
1783749086.985930,156.443
1783749087.006079,156.443
1783749087.026214,156.443
1783749087.046355,156.443
1783749087.066530,156.355
1783749087.086673,156.355
1783749087.106806,156.355
1783749087.126945,156.355
1783749087.147088,156.355
1783749087.167247,156.191
1783749087.187382,156.191
1783749087.207518,156.191
1783749087.227659,156.191
1783749087.247821,156.191
1783749087.267955,156.245
1783749087.288088,156.245
1783749087.308223,156.245
1783749087.328385,156.245
1783749087.348526,156.245
1783749087.368660,156.016
1783749087.388802,156.016
1783749087.408961,156.016
1783749087.429100,156.016
1783749087.449234,156.016
1783749087.469369,156.315
1783749087.489522,156.315
1783749087.509674,156.315
1783749087.529809,156.315
1783749087.549952,156.315
1783749087.570086,156.268
1783749087.590226,156.268
1783749087.610369,156.268
1783749087.630509,156.268
1783749087.650654,156.268
1783749087.670791,156.288
1783749087.690934,156.288
1783749087.711071,156.288
1783749087.731207,156.288
1783749087.751371,156.288
1783749087.771505,156.383
1783749087.791639,156.383
1783749087.811774,156.383
1783749087.831935,156.383
1783749087.852072,156.383
1783749087.872206,156.372
1783749087.892349,156.372
1783749087.912503,156.372
1783749087.932649,156.372
1783749087.952786,156.372
1783749087.972924,156.567
1783749087.993078,156.567
1783749088.013217,156.567
1783749088.033353,156.567
1783749088.053472,156.567
1783749088.073556,156.584
1783749088.093639,156.584
1783749088.113755,156.584
1783749088.133896,156.584
1783749088.154040,156.584
1783749088.174177,156.559
1783749088.194321,156.559
1783749088.214457,156.559
1783749088.234623,156.559
1783749088.254786,156.559
1783749088.274923,156.589
1783749088.295056,156.589
1783749088.315190,156.589
1783749088.335352,156.589
1783749088.355521,156.855
1783749088.375654,156.855
1783749088.395795,156.855
1783749088.415937,156.855
1783749088.436082,156.855
1783749088.456180,156.857
1783749088.476267,156.857
1783749088.496354,156.857
1783749088.516434,156.857
1783749088.536507,156.857
1783749088.556583,156.797
1783749088.576657,156.797
1783749088.596765,156.797
1783749088.616842,156.797
1783749088.636964,156.797
1783749088.657116,156.776
1783749088.677257,156.776
1783749088.697399,156.776
1783749088.717533,156.776
1783749088.737671,156.776
1783749088.757811,156.790
1783749088.777946,156.790
1783749088.798081,156.790
1783749088.818214,156.790
1783749088.838377,156.790
1783749088.858519,156.859
1783749088.878654,156.859
1783749088.898796,156.859
1783749088.918951,156.859
1783749088.939096,156.859
1783749088.959234,156.676
1783749088.979371,156.676
1783749088.999521,156.676
1783749089.019666,156.676
1783749089.039803,156.676
1783749089.059943,156.664
1783749089.080086,156.664
1783749089.100245,156.664
1783749089.120381,156.664
1783749089.140518,156.664
1783749089.160663,156.696
1783749089.180806,156.696
1783749089.200939,156.696
1783749089.221073,156.696
1783749089.241212,156.696
1783749089.261375,156.822
1783749089.281511,156.822
1783749089.301647,156.822
1783749089.321769,156.822
1783749089.341897,156.822
1783749089.362050,156.756
1783749089.382183,156.756
1783749089.402327,156.756
1783749089.422469,156.756
1783749089.442606,156.756
1783749089.462782,156.833
1783749089.482926,156.833
1783749089.503114,156.833
1783749089.523257,156.833
1783749089.543393,156.833
1783749089.563538,156.640
1783749089.583677,156.640
1783749089.603837,156.640
1783749089.623973,156.640
1783749089.644160,156.640
1783749089.664308,156.564
1783749089.684457,156.564
1783749089.704601,156.564
1783749089.724791,156.564
1783749089.744932,156.564
1783749089.765081,156.595
1783749089.785220,156.595
1783749089.805352,156.595
1783749089.825492,156.595
1783749089.845657,156.595
1783749089.865801,156.748
1783749089.885937,156.748
1783749089.906081,156.748
1783749089.926240,156.748
1783749089.946388,156.748
1783749089.966527,156.614
1783749089.986672,156.614
1783749090.006829,156.614
1783749090.026972,156.614
1783749090.047111,156.614
1783749090.067255,156.801
1783749090.087402,156.801
1783749090.107539,156.801
1783749090.127677,156.801
1783749090.147818,156.801
1783749090.167965,156.457
1783749090.188113,156.457
1783749090.208257,156.457
1783749090.228395,156.457
1783749090.248538,156.457
1783749090.268704,156.490
1783749090.288899,156.490
1783749090.309035,156.490
1783749090.329177,156.490
1783749090.349336,156.490
1783749090.369476,156.473
1783749090.389612,156.473
1783749090.409756,156.473
1783749090.429917,156.473
1783749090.450060,156.473
1783749090.470196,156.341
1783749090.490340,156.341
1783749090.510496,156.341
1783749090.530640,156.341
1783749090.550779,156.341
1783749090.570923,156.277
1783749090.591074,156.277
1783749090.611229,156.277
1783749090.631367,156.277
1783749090.651510,156.277
1783749090.671656,156.754
1783749090.691811,156.754
1783749090.711955,156.754
1783749090.732092,156.754
1783749090.752235,156.754
1783749090.772446,156.461
1783749090.792618,156.461
1783749090.812755,156.461
1783749090.832895,156.461
1783749090.853036,156.461
1783749090.873183,155.921
1783749090.893321,155.921
1783749090.913457,155.921
1783749090.933648,155.921
1783749090.953797,155.921
1783749090.973933,155.999
1783749090.994078,155.999
1783749091.014229,155.999
1783749091.034374,155.999
1783749091.054509,155.999
1783749091.074656,156.012
1783749091.094810,156.012
1783749091.114950,156.012
1783749091.135092,156.012
1783749091.155235,156.012
1783749091.175381,156.037
1783749091.195540,156.037
1783749091.215682,156.037
1783749091.235820,156.037
1783749091.255965,156.037
1783749091.276132,155.907
1783749091.296277,155.907
1783749091.316413,155.907
1783749091.336557,155.907
1783749091.356700,155.745
1783749091.376886,155.745
1783749091.397023,155.745
1783749091.417158,155.745
1783749091.437316,155.745
1783749091.457456,155.873
1783749091.477592,155.873
1783749091.497781,155.873
1783749091.517898,155.873
1783749091.538045,155.873
1783749091.558183,155.714
1783749091.578323,155.714
1783749091.598477,155.714
1783749091.618623,155.714
1783749091.638760,155.714
1783749091.658903,155.807
1783749091.679042,155.807
1783749091.699197,155.807
1783749091.719340,155.807
1783749091.739482,155.807
1783749091.759589,156.024
1783749091.779780,156.024
1783749091.799922,156.024
1783749091.820059,156.024
1783749091.840201,156.024
1783749091.860352,156.340
1783749091.880489,156.340
1783749091.900626,156.340
1783749091.920766,156.340
1783749091.940928,156.340
1783749091.961076,156.675
1783749091.981212,156.675
1783749092.001358,156.675
1783749092.021499,156.675
1783749092.041651,156.675
1783749092.061789,156.638
1783749092.081960,156.638
1783749092.102115,156.638
1783749092.122254,156.638
1783749092.142398,156.638
1783749092.162543,156.939
1783749092.182687,156.939
1783749092.202926,156.939
1783749092.223069,156.939
1783749092.243211,156.939
1783749092.263358,156.822
1783749092.283498,156.822
1783749092.303641,156.822
1783749092.323779,156.822
1783749092.343915,156.822
1783749092.364068,157.038
1783749092.384204,157.038
1783749092.404341,157.038
1783749092.424479,157.038
1783749092.444644,157.038
1783749092.464793,157.155
1783749092.484930,157.155
1783749092.505075,157.155
1783749092.525228,157.155
1783749092.545381,157.155
1783749092.565518,157.066
1783749092.585658,157.066
1783749092.605814,157.066
1783749092.625951,157.066
1783749092.646087,157.066
1783749092.666233,156.999
1783749092.686377,156.999
1783749092.706538,156.999
1783749092.726673,156.999
1783749092.746816,156.999
1783749092.766959,156.806
1783749092.787103,156.806
1783749092.807239,156.806
1783749092.827375,156.806
1783749092.847520,156.806
1783749092.867681,156.575
1783749092.887819,156.575
1783749092.907956,156.575
1783749092.928102,156.575
1783749092.948267,156.575
1783749092.968413,156.593
1783749092.988551,156.593
1783749093.008695,156.593
1783749093.028899,156.593
1783749093.049051,156.593
1783749093.069190,156.458
1783749093.089334,156.458
1783749093.109482,156.458
1783749093.129625,156.458
1783749093.149770,156.458
1783749093.169915,156.538
1783749093.190060,156.538
1783749093.210221,156.538
1783749093.230359,156.538
1783749093.250501,156.538
1783749093.270647,156.284
1783749093.290793,156.284
1783749093.310929,156.284
1783749093.331066,156.284
1783749093.351203,156.284
1783749093.371397,156.284
1783749093.391540,156.284
1783749093.411679,156.284
1783749093.431822,156.284
1783749093.451988,156.284
1783749093.472134,156.176
1783749093.492304,156.176
1783749093.512447,156.176
1783749093.532606,156.176
1783749093.552757,156.176
1783749093.572895,156.379
1783749093.593039,156.379
1783749093.613188,156.379
1783749093.633332,156.379
1783749093.653471,156.379
1783749093.673614,156.290
1783749093.693760,156.290
1783749093.713913,156.290
1783749093.734050,156.290
1783749093.754192,156.290
1783749093.774339,156.269
1783749093.794490,156.269
1783749093.814626,156.269
1783749093.834764,156.269
1783749093.854908,156.269
1783749093.875074,156.702
1783749093.895218,156.702
1783749093.915354,156.702
1783749093.935497,156.702
1783749093.955661,156.702
1783749093.975809,156.608
1783749093.995946,156.608
1783749094.016087,156.608
1783749094.036246,156.608
1783749094.056394,156.608
1783749094.076532,156.436
1783749094.096675,156.436
1783749094.116829,156.436
1783749094.136982,156.436
1783749094.157121,156.457
1783749094.177264,156.457
1783749094.197409,156.457
1783749094.217561,156.457
1783749094.237706,156.457
1783749094.257967,156.781
1783749094.278116,156.781
1783749094.298267,156.781
1783749094.318404,156.781
1783749094.338542,156.781
1783749094.358678,156.571
1783749094.378844,156.571
1783749094.398989,156.571
1783749094.419122,156.571
1783749094.439265,156.571
1783749094.459431,156.782
1783749094.479578,156.782
1783749094.499714,156.782
1783749094.519907,156.782
1783749094.540068,156.782
1783749094.560217,156.562
1783749094.580355,156.562
1783749094.600499,156.562
1783749094.620654,156.562
1783749094.640763,156.562
1783749094.660901,156.672
1783749094.681045,156.672
1783749094.701191,156.672
1783749094.721343,156.672
1783749094.741483,156.672
1783749094.761625,156.433
1783749094.781801,156.433
1783749094.801960,156.433
1783749094.822103,156.433
1783749094.842240,156.433
1783749094.862375,156.717
1783749094.882540,156.717
1783749094.902683,156.717
1783749094.922817,156.717
1783749094.942955,156.717
1783749094.963116,156.701
1783749094.983260,156.701
1783749095.003393,156.701
1783749095.023524,156.701
1783749095.043680,156.701
1783749095.063827,156.686
1783749095.083961,156.686
1783749095.104096,156.686
1783749095.124240,156.686
1783749095.144389,156.686
1783749095.164526,156.760
1783749095.184666,156.760
1783749095.204813,156.760
1783749095.224962,156.760
1783749095.245105,156.760
1783749095.265245,156.627
1783749095.285385,156.627
1783749095.305540,156.627
1783749095.325680,156.627
1783749095.345819,156.627
1783749095.365957,156.804
1783749095.386099,156.804
1783749095.406241,156.804
1783749095.426377,156.804
1783749095.446517,156.804
1783749095.466679,156.922
1783749095.486816,156.922
1783749095.506949,156.922
1783749095.527084,156.922
1783749095.547243,156.922
1783749095.567392,156.769
1783749095.587525,156.769
1783749095.607667,156.769
1783749095.627815,156.769
1783749095.647952,156.769
1783749095.668089,156.622
1783749095.688225,156.622
1783749095.708377,156.622
1783749095.728527,156.622
1783749095.748670,156.622
1783749095.768811,157.204
1783749095.788951,157.204
1783749095.809091,157.204
1783749095.829232,157.204
1783749095.849368,157.204
1783749095.869504,156.712
1783749095.889646,156.712
1783749095.909788,156.712
1783749095.929955,156.712
1783749095.950096,156.712
1783749095.970258,156.756
1783749095.990395,156.756
1783749096.010531,156.756
1783749096.030668,156.756
1783749096.050828,156.756
1783749096.071010,157.189
1783749096.091145,157.189
1783749096.111283,157.189
1783749096.131436,157.189
1783749096.151587,157.189
1783749096.171782,157.132
1783749096.191920,157.132
1783749096.212070,157.132
1783749096.232219,157.132
1783749096.252359,157.132
1783749096.272499,157.236
1783749096.292642,157.236
1783749096.312780,157.236
1783749096.332922,157.236
1783749096.353060,157.236
1783749096.373198,157.254
1783749096.393338,157.254
1783749096.413477,157.254
1783749096.433614,157.254
1783749096.453757,157.254
1783749096.473921,157.237
1783749096.494057,157.237
1783749096.514192,157.237
1783749096.534328,157.237
1783749096.554487,157.237
1783749096.574629,157.369
1783749096.594764,157.369
1783749096.614904,157.369
1783749096.635056,157.369
1783749096.655200,157.369
1783749096.675337,157.403
1783749096.695478,157.403
1783749096.715627,157.403
1783749096.735765,157.403
1783749096.755907,157.403
1783749096.776041,156.441
1783749096.796184,156.441
1783749096.816322,156.441
1783749096.836463,156.441
1783749096.856601,156.441
1783749096.876776,156.307
1783749096.896944,156.307
1783749096.917077,156.307
1783749096.937211,156.307
1783749096.957353,156.307
1783749096.977518,156.433
1783749096.997655,156.433
1783749097.017791,156.433
1783749097.037927,156.433
1783749097.058089,156.119
1783749097.078233,156.119
1783749097.098367,156.119
1783749097.118507,156.119
1783749097.138660,156.119
1783749097.158811,156.086
1783749097.178943,156.086
1783749097.199088,156.086
1783749097.219269,156.086
1783749097.239419,156.086
1783749097.259562,156.162
1783749097.279704,156.162
1783749097.299898,156.162
1783749097.320039,156.162
1783749097.340214,156.162
1783749097.360355,156.064
1783749097.380528,156.064
1783749097.400674,156.064
1783749097.420811,156.064
1783749097.440946,156.064
1783749097.461090,156.203
1783749097.481252,156.203
1783749097.501396,156.203
1783749097.521533,156.203
1783749097.541676,156.203
1783749097.561842,156.050
1783749097.581988,156.050
1783749097.602123,156.050
1783749097.622265,156.050
1783749097.642403,156.050
1783749097.662550,156.115
1783749097.682687,156.115
1783749097.702826,156.115
1783749097.722978,156.115
1783749097.743117,156.115
1783749097.763217,156.893
1783749097.783330,156.893
1783749097.803448,156.893
1783749097.823591,156.893
1783749097.843780,156.893
1783749097.863921,156.838
1783749097.884067,156.838
1783749097.904217,156.838
1783749097.924355,156.838
1783749097.944491,156.838
1783749097.964635,156.580
1783749097.984798,156.580
1783749098.004941,156.580
1783749098.025078,156.580
1783749098.045218,156.580
1783749098.065379,156.890
1783749098.085525,156.890
1783749098.105660,156.890
1783749098.125799,156.890
1783749098.145957,156.890
1783749098.166110,156.912
1783749098.186247,156.912
1783749098.206390,156.912
1783749098.226537,156.912
1783749098.246690,156.912
1783749098.266863,156.684
1783749098.287005,156.684
1783749098.307149,156.684
1783749098.327303,156.684
1783749098.347447,156.684
1783749098.367583,156.988
1783749098.387774,156.988
1783749098.407929,156.988
1783749098.428065,156.988
1783749098.448198,156.988
1783749098.468339,156.797
1783749098.488501,156.797
1783749098.508679,156.797
1783749098.528811,156.797
1783749098.548951,156.797
1783749098.569111,156.899
1783749098.589247,156.899
1783749098.609380,156.899
1783749098.629543,156.899
1783749098.649694,156.899
1783749098.669870,156.675
1783749098.690006,156.675
1783749098.710145,156.675
1783749098.730293,156.675
1783749098.750443,156.675
1783749098.770577,156.638
1783749098.790718,156.638
1783749098.810968,156.638
1783749098.831124,156.638
1783749098.851269,156.638
1783749098.871409,156.626
1783749098.891557,156.626
1783749098.911717,156.626
1783749098.931907,156.626
1783749098.952043,156.626
1783749098.972187,156.670
1783749098.992353,156.670
1783749099.012498,156.670
1783749099.032634,156.670
1783749099.052777,156.670
1783749099.072942,156.915
1783749099.093088,156.915
1783749099.113224,156.915
1783749099.133364,156.915
1783749099.153526,156.915
1783749099.173676,156.720
1783749099.193812,156.720
1783749099.213955,156.720
1783749099.234113,156.720
1783749099.254266,156.720
1783749099.274404,156.790
1783749099.294542,156.790
1783749099.314685,156.790
1783749099.334843,156.790
1783749099.354980,156.790
1783749099.375121,156.819
1783749099.395261,156.819
1783749099.415368,156.819
1783749099.435511,156.819
1783749099.455648,156.819
1783749099.475792,156.916
1783749099.495934,156.916
1783749099.516071,156.916
1783749099.536208,156.916
1783749099.556350,156.916
1783749099.576513,156.985
1783749099.596653,156.985
1783749099.616788,156.985
1783749099.636928,156.985
1783749099.657087,156.985
1783749099.677268,157.042
1783749099.697406,157.042
1783749099.717547,157.042
1783749099.737698,157.042
1783749099.757913,157.042
1783749099.778080,157.117
1783749099.798219,157.117
1783749099.818366,157.117
1783749099.838523,157.117
1783749099.858668,157.117
1783749099.878808,157.084
1783749099.898952,157.084
1783749099.919120,157.084
1783749099.939262,157.084
1783749099.959399,156.929
1783749099.979542,156.929
1783749099.999684,156.929
1783749100.019825,156.929
1783749100.039960,156.929
1783749100.060100,156.920
1783749100.080266,156.920
1783749100.100404,156.920
1783749100.120537,156.920
1783749100.140677,156.920
1783749100.160815,156.730
1783749100.180928,156.730
1783749100.201026,156.730
1783749100.221104,156.730
1783749100.241203,156.730
1783749100.261342,156.789
1783749100.281485,156.789
1783749100.301623,156.789
1783749100.321766,156.789
1783749100.341906,156.789
1783749100.362041,156.763
1783749100.382181,156.763
1783749100.402324,156.763
1783749100.422463,156.763
1783749100.442597,156.763
1783749100.462775,156.829
1783749100.482919,156.829
1783749100.503063,156.829
1783749100.523198,156.829
1783749100.543333,156.829
1783749100.563473,156.343
1783749100.583630,156.343
1783749100.603767,156.343
1783749100.623900,156.343
1783749100.644035,156.343
1783749100.664193,156.524
1783749100.684340,156.524
1783749100.704475,156.524
1783749100.724580,156.524
1783749100.744780,156.524
1783749100.764933,156.249
1783749100.785069,156.249
1783749100.805210,156.249
1783749100.825355,156.249
1783749100.845495,156.249
1783749100.865629,156.381
1783749100.885769,156.381
1783749100.905907,156.381
1783749100.926042,156.381
1783749100.946178,156.381
1783749100.966315,156.340
1783749100.986457,156.340
1783749101.006606,156.340
1783749101.026751,156.340
1783749101.046886,156.340
1783749101.067075,156.319
1783749101.087241,156.319
1783749101.107377,156.319
1783749101.127511,156.319
1783749101.147651,156.319
1783749101.167808,156.405
1783749101.187954,156.405
1783749101.208122,156.405
1783749101.228259,156.405
1783749101.248413,156.405
1783749101.268565,156.405
1783749101.288702,156.405
1783749101.308883,156.405
1783749101.329035,156.405
1783749101.349185,156.405
1783749101.369324,156.371
1783749101.389464,156.371
1783749101.409606,156.371
1783749101.429788,156.371
1783749101.449928,156.371
1783749101.470063,156.344
1783749101.490206,156.344
1783749101.510355,156.344
1783749101.530488,156.344
1783749101.550623,156.344
1783749101.570763,156.219
1783749101.590913,156.219
1783749101.611053,156.219
1783749101.631189,156.219
1783749101.651323,156.219
1783749101.671483,156.668
1783749101.691630,156.668
1783749101.711764,156.668
1783749101.731900,156.668
1783749101.752054,156.668
1783749101.772189,156.736
1783749101.792324,156.736
1783749101.812463,156.736
1783749101.832607,156.736
1783749101.852757,156.736
1783749101.872892,156.603
1783749101.893033,156.603
1783749101.913175,156.603
1783749101.933322,156.603
1783749101.953465,156.603
1783749101.973604,156.961
1783749101.993801,156.961
1783749102.013940,156.961
1783749102.034073,156.961
1783749102.054209,156.961
1783749102.074350,156.726
1783749102.094514,156.726
1783749102.114655,156.726
1783749102.134789,156.726
1783749102.154929,156.726
1783749102.175089,156.818
1783749102.195230,156.818
1783749102.215363,156.818
1783749102.235502,156.818
1783749102.255652,156.818
1783749102.275805,156.722
1783749102.295943,156.722
1783749102.316086,156.722
1783749102.336234,156.722
1783749102.356402,156.722
1783749102.376547,156.622
1783749102.396692,156.622
1783749102.416771,156.622
1783749102.436909,156.622
1783749102.457052,156.622
1783749102.477228,156.928
1783749102.497371,156.928
1783749102.517523,156.928
1783749102.537660,156.928
1783749102.557795,156.928
1783749102.577938,156.951
1783749102.598099,156.951
1783749102.618243,156.951
1783749102.638380,156.951
1783749102.658517,156.951
1783749102.678682,157.032
1783749102.698826,157.032
1783749102.718962,157.032
1783749102.739100,157.032
1783749102.759257,157.032
1783749102.779397,157.109
1783749102.799535,157.109
1783749102.819678,157.109
1783749102.839828,157.109
1783749102.859979,157.092
1783749102.880115,157.092
1783749102.900257,157.092
1783749102.920395,157.092
1783749102.940535,157.092
1783749102.960680,156.638
1783749102.980822,156.638
1783749103.000969,156.638
1783749103.021120,156.638
1783749103.041259,156.638
1783749103.061395,156.666
1783749103.081540,156.666
1783749103.101706,156.666
1783749103.121899,156.666
1783749103.142037,156.666
1783749103.162177,156.864
1783749103.182337,156.864
1783749103.202486,156.864
1783749103.222623,156.864
1783749103.242763,156.864
1783749103.262920,156.847
1783749103.283072,156.847
1783749103.303207,156.847
1783749103.323346,156.847
1783749103.343498,156.847
1783749103.363637,156.879
1783749103.383780,156.879
1783749103.403918,156.879
1783749103.424063,156.879
1783749103.444206,156.879
1783749103.464351,156.680
1783749103.484493,156.680
1783749103.504637,156.680
1783749103.524776,156.680
1783749103.544915,156.680
1783749103.565053,156.786
1783749103.585189,156.786
1783749103.605331,156.786
1783749103.625475,156.786
1783749103.645642,156.786
1783749103.665785,156.469
1783749103.685948,156.469
1783749103.706086,156.469
1783749103.726220,156.469
1783749103.746359,156.469
1783749103.766548,156.408
1783749103.786692,156.408
1783749103.806856,156.408
1783749103.826993,156.408
1783749103.847147,156.408
1783749103.867302,156.356
1783749103.887439,156.356
1783749103.907577,156.356
1783749103.927716,156.356
1783749103.947911,156.356
1783749103.968046,156.302
1783749103.988184,156.302
1783749104.008329,156.302
1783749104.028469,156.302
1783749104.048605,156.302
1783749104.068786,156.526
1783749104.088924,156.526
1783749104.109065,156.526
1783749104.129200,156.526
1783749104.149333,156.526
1783749104.169476,156.406
1783749104.189621,156.406
1783749104.209759,156.406
1783749104.229903,156.406
1783749104.250050,156.406
1783749104.270209,156.492
1783749104.290348,156.492
1783749104.310483,156.492
1783749104.330621,156.492
1783749104.350769,156.492
1783749104.370912,156.509
1783749104.391045,156.509
1783749104.411184,156.509
1783749104.431322,156.509
1783749104.451460,156.509
1783749104.471604,156.379
1783749104.491791,156.379
1783749104.511930,156.379
1783749104.532066,156.379
1783749104.552210,156.379
1783749104.572348,156.274
1783749104.592486,156.274
1783749104.612630,156.274
1783749104.632776,156.274
1783749104.652912,156.274
1783749104.673052,156.466
1783749104.693200,156.466
1783749104.713338,156.466
1783749104.733475,156.466
1783749104.753620,156.466
1783749104.773768,156.656
1783749104.793914,156.656
1783749104.814048,156.656
1783749104.834192,156.656
1783749104.854347,156.656
1783749104.874489,156.645
1783749104.894624,156.645
1783749104.914797,156.645
1783749104.934943,156.645
1783749104.955082,156.645
1783749104.975224,156.660
1783749104.995364,156.660
1783749105.015511,156.660
1783749105.035650,156.660
1783749105.055824,156.660
1783749105.075962,156.677
1783749105.096104,156.677
1783749105.116250,156.677
1783749105.136388,156.677
1783749105.156523,156.677
1783749105.176665,156.591
1783749105.196831,156.591
1783749105.216974,156.591
1783749105.237110,156.591
1783749105.257248,156.591
1783749105.277409,156.376
1783749105.297552,156.376
1783749105.317687,156.376
1783749105.337830,156.376
1783749105.357971,156.376
1783749105.378123,156.395
1783749105.398261,156.395
1783749105.418399,156.395
1783749105.438546,156.395
1783749105.458690,156.395
1783749105.478863,156.348
1783749105.499004,156.348
1783749105.519145,156.348
1783749105.539283,156.348
1783749105.559427,156.348
1783749105.579564,156.530
1783749105.599704,156.530
1783749105.619899,156.530
1783749105.640038,156.530
1783749105.660174,156.530
1783749105.680311,156.541
1783749105.700462,156.541
1783749105.720605,156.541
1783749105.740783,156.541
1783749105.760927,156.596
1783749105.781074,156.596
1783749105.801221,156.596
1783749105.821357,156.596
1783749105.841498,156.596
1783749105.861655,157.139
1783749105.881796,157.139
1783749105.901934,157.139
1783749105.922077,157.139
1783749105.942218,157.139
1783749105.962355,156.953
1783749105.982492,156.953
1783749106.002634,156.953
1783749106.022778,156.953
1783749106.042917,156.953
1783749106.063060,156.733
1783749106.083199,156.733
1783749106.103338,156.733
1783749106.123497,156.733
1783749106.143642,156.733
1783749106.163778,156.811
1783749106.183915,156.811
1783749106.204112,156.811
1783749106.224257,156.811
1783749106.244391,156.811
1783749106.264533,156.757
1783749106.284682,156.757
1783749106.304832,156.757
1783749106.324968,156.757
1783749106.345143,156.757
1783749106.365294,156.786
1783749106.385445,156.786
1783749106.405581,156.786
1783749106.425770,156.786
1783749106.445924,156.786
1783749106.466072,156.607
1783749106.486215,156.607
1783749106.506359,156.607
1783749106.526504,156.607
1783749106.546652,156.607
1783749106.566787,156.780
1783749106.586923,156.780
1783749106.607066,156.780
1783749106.627227,156.780
1783749106.647372,156.780
1783749106.667509,156.825
1783749106.687652,156.825
1783749106.707817,156.825
1783749106.727961,156.825
1783749106.748099,156.825
1783749106.768241,156.815
1783749106.788396,156.815
1783749106.808532,156.815
1783749106.828665,156.815
1783749106.848811,156.815
1783749106.868967,156.354
1783749106.889111,156.354
1783749106.909250,156.354
1783749106.929389,156.354
1783749106.949542,156.354
1783749106.969692,156.547
1783749106.989830,156.547
1783749107.009973,156.547
1783749107.030120,156.547
1783749107.050271,156.547
1783749107.070416,156.395
1783749107.090557,156.395
1783749107.110695,156.395
1783749107.130876,156.395
1783749107.151016,156.395
1783749107.171152,156.440
1783749107.191290,156.440
1783749107.211434,156.440
1783749107.231579,156.440
1783749107.251717,156.440
1783749107.271904,156.548
1783749107.292051,156.548
1783749107.312187,156.548
1783749107.332321,156.548
1783749107.352459,156.548
1783749107.372614,156.399
1783749107.392753,156.399
1783749107.412885,156.399
1783749107.433030,156.399
1783749107.453181,156.399
1783749107.473321,156.522
1783749107.493489,156.522
1783749107.513626,156.522
1783749107.533772,156.522
1783749107.553918,156.522
1783749107.574056,156.252
1783749107.594196,156.252
1783749107.614364,156.252
1783749107.634505,156.252
1783749107.654638,156.252
1783749107.674773,156.119
1783749107.694908,156.119
1783749107.715048,156.119
1783749107.735191,156.119
1783749107.755325,156.119
1783749107.775458,156.286
1783749107.795602,156.286
1783749107.815766,156.286
1783749107.835897,156.286
1783749107.856038,156.286
1783749107.876175,156.168
1783749107.896314,156.168
1783749107.916444,156.168
1783749107.936583,156.168
1783749107.956785,156.168
1783749107.976933,156.586
1783749107.997074,156.586
1783749108.017212,156.586
1783749108.037346,156.586
1783749108.057489,156.586
1783749108.077624,156.521
1783749108.097764,156.521
1783749108.117904,156.521
1783749108.138045,156.521
1783749108.158187,156.521
1783749108.178320,156.734
1783749108.198456,156.734
1783749108.218598,156.734
1783749108.238781,156.734
1783749108.258916,156.734
1783749108.279058,156.725
1783749108.299222,156.725
1783749108.319357,156.725
1783749108.339491,156.725
1783749108.359627,156.725
1783749108.379784,156.511
1783749108.399933,156.511
1783749108.420068,156.511
1783749108.440208,156.511
1783749108.460361,156.511
1783749108.480509,156.461
1783749108.500652,156.461
1783749108.520794,156.461
1783749108.540931,156.461
1783749108.561089,156.461
1783749108.581225,156.566
1783749108.601364,156.566
1783749108.621508,156.566
1783749108.641646,156.566
1783749108.661783,156.468
1783749108.681917,156.468
1783749108.702059,156.468
1783749108.722208,156.468
1783749108.742340,156.468
1783749108.762474,156.621
1783749108.782637,156.621
1783749108.802799,156.621
1783749108.822938,156.621
1783749108.843073,156.621
1783749108.863210,156.808
1783749108.883360,156.808
1783749108.903536,156.808
1783749108.923668,156.808
1783749108.943809,156.808
1783749108.963954,156.610
1783749108.984092,156.610
1783749109.004233,156.610
1783749109.024374,156.610
1783749109.044519,156.610
1783749109.064677,156.476
1783749109.084815,156.476
1783749109.104955,156.476
1783749109.125099,156.476
1783749109.145248,156.476
1783749109.165391,156.445
1783749109.185528,156.445
1783749109.205664,156.445
1783749109.225814,156.445
1783749109.245957,156.445
1783749109.266092,156.540
1783749109.286232,156.540
1783749109.306395,156.540
1783749109.326537,156.540
1783749109.346671,156.540
1783749109.366807,156.624
1783749109.386966,156.624
1783749109.407115,156.624
1783749109.427252,156.624
1783749109.447389,156.624
1783749109.467542,156.587
1783749109.487695,156.587
1783749109.507887,156.587
1783749109.528024,156.587
1783749109.548161,156.587
1783749109.568305,156.647
1783749109.588440,156.647
1783749109.608574,156.647
1783749109.628718,156.647
1783749109.648908,156.647
1783749109.669044,156.832
1783749109.689180,156.832
1783749109.709316,156.832
1783749109.729455,156.832
1783749109.749591,156.832
1783749109.769770,156.718
1783749109.789907,156.718
1783749109.810045,156.718
1783749109.830184,156.718
1783749109.850316,156.718
1783749109.870454,156.682
1783749109.890600,156.682
1783749109.910779,156.682
1783749109.930912,156.682
1783749109.951050,156.682
1783749109.971190,156.706
1783749109.991363,156.706
1783749110.011498,156.706
1783749110.031635,156.706
1783749110.051797,156.706
1783749110.071939,157.034
1783749110.092073,157.034
1783749110.112206,157.034
1783749110.132349,157.034
1783749110.152488,157.034
1783749110.172622,156.802
1783749110.192791,156.802
1783749110.212926,156.802
1783749110.233063,156.802
1783749110.253198,156.802
1783749110.273332,156.647
1783749110.293466,156.647
1783749110.313604,156.647
1783749110.333779,156.647
1783749110.353912,156.647
1783749110.374047,157.000
1783749110.394189,157.000
1783749110.414322,157.000
1783749110.434458,157.000
1783749110.454594,157.000
1783749110.474791,156.888
1783749110.494933,156.888
1783749110.515067,156.888
1783749110.535205,156.888
1783749110.555349,156.888
1783749110.575485,156.887
1783749110.595619,156.887
1783749110.615756,156.887
1783749110.635894,156.887
1783749110.656035,156.887
1783749110.676179,156.908
1783749110.696318,156.908
1783749110.716455,156.908
1783749110.736598,156.908
1783749110.756781,156.908
1783749110.776917,156.803
1783749110.797052,156.803
1783749110.817205,156.803
1783749110.837343,156.803
1783749110.857478,156.803
1783749110.877616,157.037
1783749110.897772,157.037
1783749110.917908,157.037
1783749110.938044,157.037
1783749110.958188,157.037
1783749110.978335,157.083
1783749110.998488,157.083
1783749111.018622,157.083
1783749111.038760,157.083
1783749111.058903,157.083
1783749111.079040,157.021
1783749111.099177,157.021
1783749111.119321,157.021
1783749111.139464,157.021
1783749111.159621,157.021
1783749111.179756,156.956
1783749111.199890,156.956
1783749111.220024,156.956
1783749111.240163,156.956
1783749111.260303,156.956
1783749111.280435,156.822
1783749111.300569,156.822
1783749111.320704,156.822
1783749111.340916,156.822
1783749111.361049,156.822
1783749111.381188,157.062
1783749111.401344,157.062
1783749111.421479,157.062
1783749111.441613,157.062
1783749111.461749,157.062
1783749111.481954,156.861
1783749111.502098,156.861
1783749111.522232,156.861
1783749111.542366,156.861
1783749111.562513,156.619
1783749111.582651,156.619
1783749111.602790,156.619
1783749111.622929,156.619
1783749111.643066,156.619
1783749111.663203,156.484
1783749111.683345,156.484
1783749111.703481,156.484
1783749111.723617,156.484
1783749111.743760,156.484
1783749111.763904,156.645
1783749111.784038,156.645
1783749111.804175,156.645
1783749111.824317,156.645
1783749111.844453,156.645
1783749111.864589,156.753
1783749111.884783,156.753
1783749111.904928,156.753
1783749111.925065,156.753
1783749111.945200,156.753
1783749111.965344,156.409
1783749111.985500,156.409
1783749112.005642,156.409
1783749112.025776,156.409
1783749112.045913,156.409
1783749112.066061,156.527
1783749112.086212,156.527
1783749112.106348,156.527
1783749112.126487,156.527
1783749112.146593,156.527
1783749112.166713,156.339
1783749112.186884,156.339
1783749112.206991,156.339
1783749112.227126,156.339
1783749112.247236,156.339
1783749112.267378,156.205
1783749112.287515,156.205
1783749112.307658,156.205
1783749112.327802,156.205
1783749112.347946,156.205
1783749112.368050,156.263
1783749112.388187,156.263
1783749112.408348,156.263
1783749112.428460,156.263
1783749112.448594,156.263
1783749112.468778,156.351
1783749112.488930,156.351
1783749112.509074,156.351
1783749112.529211,156.351
1783749112.549351,156.351
1783749112.569497,156.218
1783749112.589635,156.218
1783749112.609775,156.218
1783749112.629935,156.218
1783749112.650077,156.218
1783749112.670216,156.698
1783749112.690350,156.698
1783749112.710495,156.698
1783749112.730630,156.698
1783749112.750822,156.698
1783749112.770962,156.175
1783749112.791098,156.175
1783749112.811231,156.175
1783749112.831377,156.175
1783749112.851484,156.175
1783749112.871615,156.359
1783749112.891757,156.359
1783749112.911910,156.359
1783749112.932047,156.359
1783749112.952181,156.359
1783749112.972326,156.374
1783749112.992434,156.374
1783749113.012573,156.374
1783749113.032707,156.374
1783749113.052886,156.374
1783749113.073027,156.197
1783749113.093172,156.197
1783749113.113305,156.197
1783749113.133410,156.197
1783749113.153514,156.197
1783749113.173653,156.545
1783749113.193796,156.545
1783749113.213930,156.545
1783749113.234038,156.545
1783749113.254177,156.545
1783749113.274317,156.452
1783749113.294451,156.452
1783749113.314584,156.452
1783749113.334696,156.452
1783749113.354822,156.452
1783749113.374909,156.512
1783749113.395006,156.512
1783749113.415099,156.512
1783749113.435183,156.512
1783749113.455264,156.512
1783749113.475393,156.364
1783749113.495553,156.364
1783749113.515698,156.364
1783749113.535883,156.364
1783749113.556023,156.364
1783749113.576175,156.139
1783749113.596314,156.139
1783749113.616420,156.139
1783749113.636559,156.139
1783749113.656704,156.139
1783749113.676901,156.461
1783749113.697033,156.461
1783749113.717168,156.461
1783749113.737307,156.461
1783749113.757458,156.461
1783749113.777594,156.528
1783749113.797767,156.528
1783749113.817874,156.528
1783749113.837979,156.528
1783749113.858068,156.528
1783749113.878147,156.507
1783749113.898225,156.507
1783749113.918350,156.507
1783749113.938433,156.507
1783749113.958528,156.507
1783749113.978615,156.374
1783749113.998710,156.374
1783749114.018835,156.374
1783749114.038949,156.374
1783749114.059048,156.374
1783749114.079166,156.376
1783749114.099270,156.376
1783749114.119360,156.376
1783749114.139448,156.376
1783749114.159595,156.376
1783749114.179703,156.232
1783749114.199832,156.232
1783749114.219910,156.232
1783749114.239994,156.232
1783749114.260091,156.232
1783749114.280175,156.264
1783749114.300267,156.264
1783749114.320345,156.264
1783749114.340446,156.264
1783749114.360540,156.264
1783749114.380642,156.178
1783749114.400763,156.178
1783749114.420894,156.178
1783749114.441038,156.178
1783749114.461171,156.178
1783749114.481313,156.513
1783749114.501459,156.513
1783749114.521595,156.513
1783749114.541764,156.513
1783749114.561871,156.513
1783749114.582010,156.768
1783749114.602147,156.768
1783749114.622282,156.768
1783749114.642422,156.768
1783749114.662570,156.768
1783749114.682784,156.646
1783749114.702923,156.646
1783749114.723058,156.646
1783749114.743196,156.646
1783749114.763349,156.854
1783749114.783455,156.854
1783749114.803589,156.854
1783749114.823771,156.854
1783749114.843921,156.854
1783749114.864066,156.574
1783749114.884201,156.574
1783749114.904341,156.574
1783749114.924480,156.574
1783749114.944622,156.574
1783749114.964756,156.638
1783749114.984892,156.638
1783749115.004999,156.638
1783749115.025141,156.638
1783749115.045248,156.638
1783749115.065386,156.884
1783749115.085535,156.884
1783749115.105639,156.884
1783749115.125746,156.884
1783749115.145831,156.884
1783749115.165962,156.716
1783749115.186155,156.716
1783749115.206295,156.716
1783749115.226435,156.716
1783749115.246542,156.716
1783749115.266703,156.622
1783749115.286895,156.622
1783749115.307031,156.622
1783749115.327208,156.622
1783749115.347353,156.622
1783749115.367491,156.615
1783749115.387626,156.615
1783749115.407772,156.615
1783749115.427912,156.615
1783749115.448013,156.615
1783749115.468113,156.348
1783749115.488248,156.348
1783749115.508409,156.348
1783749115.528544,156.348
1783749115.548678,156.348
1783749115.568823,156.678
1783749115.588967,156.678
1783749115.609123,156.678
1783749115.629260,156.678
1783749115.649395,156.678
1783749115.669542,156.448
1783749115.689653,156.448
1783749115.709789,156.448
1783749115.729926,156.448
1783749115.750033,156.448
1783749115.770184,156.226
1783749115.790288,156.226
1783749115.810386,156.226
1783749115.830508,156.226
1783749115.850652,156.226
1783749115.870790,156.413
1783749115.890925,156.413
1783749115.911065,156.413
1783749115.931209,156.413
1783749115.951349,156.413
1783749115.971486,156.299
1783749115.991627,156.299
1783749116.011768,156.299
1783749116.031874,156.299
1783749116.052008,156.299
1783749116.072152,156.386
1783749116.092266,156.386
1783749116.112372,156.386
1783749116.132470,156.386
1783749116.152596,156.386
1783749116.172797,156.417
1783749116.192936,156.417
1783749116.213072,156.417
1783749116.233210,156.417
1783749116.253314,156.417
1783749116.273471,156.605
1783749116.293607,156.605
1783749116.313779,156.605
1783749116.333917,156.605
1783749116.354052,156.605
1783749116.374188,156.555
1783749116.394322,156.555
1783749116.414432,156.555
1783749116.434569,156.555
1783749116.454675,156.555
1783749116.474829,156.678
1783749116.494959,156.678
1783749116.515112,156.678
1783749116.535251,156.678
1783749116.555386,156.678
1783749116.575526,156.539
1783749116.595677,156.539
1783749116.615898,156.539
1783749116.636032,156.539
1783749116.656171,156.539
1783749116.676319,156.778
1783749116.696457,156.778
1783749116.716596,156.778
1783749116.736705,156.778
1783749116.756899,156.778
1783749116.777004,156.811
1783749116.797102,156.811
1783749116.817189,156.811
1783749116.837312,156.811
1783749116.857458,156.811
1783749116.877596,156.938
1783749116.897772,156.938
1783749116.917879,156.938
1783749116.937989,156.938
1783749116.958134,156.938
1783749116.978271,156.963
1783749116.998410,156.963
1783749117.018556,156.963
1783749117.038697,156.963
1783749117.058889,156.963
1783749117.079032,156.973
1783749117.099183,156.973
1783749117.119290,156.973
1783749117.139421,156.973
1783749117.159559,156.973
1783749117.179668,156.805
1783749117.199754,156.805
1783749117.219863,156.805
1783749117.240000,156.805
1783749117.260111,156.805
1783749117.280256,156.747
1783749117.300400,156.747
1783749117.320534,156.747
1783749117.340669,156.747
1783749117.360749,156.747
1783749117.380849,156.664
1783749117.400971,156.664
1783749117.421109,156.664
1783749117.441246,156.664
1783749117.461383,156.664
1783749117.481519,156.441
1783749117.501657,156.441
1783749117.521796,156.441
1783749117.541930,156.441
1783749117.562063,156.441
1783749117.582203,156.548
1783749117.602348,156.548
1783749117.622458,156.548
1783749117.642556,156.548
1783749117.662648,156.548
1783749117.682794,156.530
1783749117.702933,156.530
1783749117.723068,156.530
1783749117.743205,156.530
1783749117.763335,156.530
1783749117.783449,156.079
1783749117.803550,156.079
1783749117.823684,156.079
1783749117.843754,156.079
1783749117.863897,156.079
1783749117.884070,155.940
1783749117.904205,155.940
1783749117.924343,155.940
1783749117.944486,155.940
1783749117.964624,156.099
1783749117.984759,156.099
1783749118.004898,156.099
1783749118.025007,156.099
1783749118.045145,156.099
1783749118.065279,156.111
1783749118.085417,156.111
1783749118.105561,156.111
1783749118.125669,156.111
1783749118.145767,156.111
1783749118.165887,156.362
1783749118.186026,156.362
1783749118.206167,156.362
1783749118.226303,156.362
1783749118.246440,156.362
1783749118.266577,156.487
1783749118.286722,156.487
1783749118.306867,156.487
1783749118.327000,156.487
1783749118.347136,156.487
1783749118.367245,156.449
1783749118.387345,156.449
1783749118.407470,156.449
1783749118.427608,156.449
1783749118.447750,156.449
1783749118.467852,156.835
1783749118.487948,156.835
1783749118.508073,156.835
1783749118.528185,156.835
1783749118.548285,156.835
1783749118.568407,156.452
1783749118.588550,156.452
1783749118.608643,156.452
1783749118.628756,156.452
1783749118.648856,156.452
1783749118.668991,156.189
1783749118.689100,156.189
1783749118.709237,156.189
1783749118.729370,156.189
1783749118.749506,156.189
1783749118.769645,156.487
1783749118.789790,156.487
1783749118.809924,156.487
1783749118.830058,156.487
1783749118.850198,156.487
1783749118.870343,156.513
1783749118.890482,156.513
1783749118.910615,156.513
1783749118.930757,156.513
1783749118.950866,156.513
1783749118.971003,156.461
1783749118.991137,156.461
1783749119.011275,156.461
1783749119.031414,156.461
1783749119.051579,156.461
1783749119.071682,156.419
1783749119.091788,156.419
1783749119.111914,156.419
1783749119.132055,156.419
1783749119.152190,156.419
1783749119.172352,156.363
1783749119.192490,156.363
1783749119.212598,156.363
1783749119.232776,156.363
1783749119.252915,156.363
1783749119.273051,156.419
1783749119.293191,156.419
1783749119.313328,156.419
1783749119.333463,156.419
1783749119.353603,156.419
1783749119.373778,156.290
1783749119.393914,156.290
1783749119.414049,156.290
1783749119.434161,156.290
1783749119.454260,156.290
1783749119.474382,156.477
1783749119.494518,156.477
1783749119.514660,156.477
1783749119.534775,156.477
1783749119.554918,156.477
1783749119.575052,156.558
1783749119.595192,156.558
1783749119.615336,156.558
1783749119.635479,156.558
1783749119.655620,156.558
1783749119.675763,156.726
1783749119.695903,156.726
1783749119.716045,156.726
1783749119.736157,156.726
1783749119.756264,156.726
1783749119.776400,156.612
1783749119.796546,156.612
1783749119.816682,156.612
1783749119.836817,156.612
1783749119.856960,156.612
1783749119.877075,156.651
1783749119.897214,156.651
1783749119.917320,156.651
1783749119.937430,156.651
1783749119.957592,156.651
1783749119.977779,156.630
1783749119.997918,156.630
1783749120.018029,156.630
1783749120.038171,156.630
1783749120.058312,156.630
1783749120.078447,156.686
1783749120.098588,156.686
1783749120.118780,156.686
1783749120.138918,156.686
1783749120.159053,156.686
1783749120.179193,156.782
1783749120.199340,156.782
1783749120.219492,156.782
1783749120.239628,156.782
1783749120.259765,156.782
1783749120.279909,157.033
1783749120.300077,157.033
1783749120.320252,157.033
1783749120.340387,157.033
1783749120.360523,157.033
1783749120.380638,157.077
1783749120.400775,157.077
1783749120.420907,157.077
1783749120.441040,157.077
1783749120.461232,157.077
1783749120.481381,156.611
1783749120.501516,156.611
1783749120.521652,156.611
1783749120.541785,156.611
1783749120.561925,156.611
1783749120.582057,156.853
1783749120.602191,156.853
1783749120.622333,156.853
1783749120.642468,156.853
1783749120.662601,156.853
1783749120.682789,156.823
1783749120.702924,156.823
1783749120.723062,156.823
1783749120.743194,156.823
1783749120.763327,156.823
1783749120.783461,156.012
1783749120.803607,156.012
1783749120.823781,156.012
1783749120.843911,156.012
1783749120.864043,156.012
1783749120.884183,155.824
1783749120.904320,155.824
1783749120.924454,155.824
1783749120.944588,155.824
1783749120.964775,155.824
1783749120.984917,155.978
1783749121.005051,155.978
1783749121.025187,155.978
1783749121.045327,155.978
1783749121.065503,156.116
1783749121.085637,156.116
1783749121.105773,156.116
1783749121.125911,156.116
1783749121.146046,156.116
1783749121.166179,156.386
1783749121.186319,156.386
1783749121.206457,156.386
1783749121.226596,156.386
1783749121.246774,156.386
1783749121.266908,156.231
1783749121.287043,156.231
1783749121.307203,156.231
1783749121.327339,156.231
1783749121.347473,156.231
1783749121.367609,155.805
1783749121.387756,155.805
1783749121.407902,155.805
1783749121.428036,155.805
1783749121.448171,155.805
1783749121.468328,155.854
1783749121.488476,155.854
1783749121.508610,155.854
1783749121.528754,155.854
1783749121.548890,155.854
1783749121.569031,155.759
1783749121.589166,155.759
1783749121.609333,155.759
1783749121.629479,155.759
1783749121.649615,155.759
1783749121.669749,155.835
1783749121.689885,155.835
1783749121.710024,155.835
1783749121.730161,155.835
1783749121.750329,155.835
1783749121.770461,156.694
1783749121.790598,156.694
1783749121.810831,156.694
1783749121.830965,156.694
1783749121.851097,156.694
1783749121.871232,156.928
1783749121.891370,156.928
1783749121.911507,156.928
1783749121.931641,156.928
1783749121.951776,156.928
1783749121.971916,156.813
1783749121.992056,156.813
1783749122.012188,156.813
1783749122.032325,156.813
1783749122.052462,156.813
1783749122.072604,156.618
1783749122.092780,156.618
1783749122.112915,156.618
1783749122.133060,156.618
1783749122.153196,156.618
1783749122.173331,156.488
1783749122.193467,156.488
1783749122.213608,156.488
1783749122.233785,156.488
1783749122.253922,156.488
1783749122.274056,156.509
1783749122.294161,156.509
1783749122.314299,156.509
1783749122.334407,156.509
1783749122.354501,156.509
1783749122.374594,156.833
1783749122.394702,156.833
1783749122.414831,156.833
1783749122.434919,156.833
1783749122.455039,156.833
1783749122.475178,156.738
1783749122.495314,156.738
1783749122.515448,156.738
1783749122.535586,156.738
1783749122.555772,156.738
1783749122.575911,156.687
1783749122.596045,156.687
1783749122.616193,156.687
1783749122.636330,156.687
1783749122.656465,156.687
1783749122.676596,156.655
1783749122.696767,156.655
1783749122.716900,156.655
1783749122.737012,156.655
1783749122.757118,156.655
1783749122.777228,156.744
1783749122.797360,156.744
1783749122.817502,156.744
1783749122.837611,156.744
1783749122.857717,156.744
1783749122.877856,156.884
1783749122.898002,156.884
1783749122.918139,156.884
1783749122.938244,156.884
1783749122.958384,156.884
1783749122.978525,156.780
1783749122.998671,156.780
1783749123.018878,156.780
1783749123.039013,156.780
1783749123.059160,156.780
1783749123.079272,157.127
1783749123.099376,157.127
1783749123.119510,157.127
1783749123.139654,157.127
1783749123.159799,157.127
1783749123.179932,156.996
1783749123.200068,156.996
1783749123.220206,156.996
1783749123.240343,156.996
1783749123.260478,156.996
1783749123.280615,157.208
1783749123.300751,157.208
1783749123.320894,157.208
1783749123.341030,157.208
1783749123.361136,157.208
1783749123.381270,157.129
1783749123.401415,157.129
1783749123.421549,157.129
1783749123.441686,157.129
1783749123.461821,157.129
1783749123.481967,157.197
1783749123.502110,157.197
1783749123.522244,157.197
1783749123.542383,157.197
1783749123.562526,157.197
1783749123.582671,157.376
1783749123.602808,157.376
1783749123.622947,157.376
1783749123.643094,157.376
1783749123.663233,157.376
1783749123.683368,157.436
1783749123.703506,157.436
1783749123.723647,157.436
1783749123.743796,157.436
1783749123.763935,157.436
1783749123.784075,157.407
1783749123.804215,157.407
1783749123.824365,157.407
1783749123.844509,157.407
1783749123.864644,157.407
1783749123.884783,157.328
1783749123.904923,157.328
1783749123.925061,157.328
1783749123.945195,157.328
1783749123.965336,157.328
1783749123.985499,157.191
1783749124.005635,157.191
1783749124.025766,157.191
1783749124.045901,157.191
1783749124.066044,157.191
1783749124.086187,157.017
1783749124.106321,157.017
1783749124.126456,157.017
1783749124.146594,157.017
1783749124.166770,157.010
1783749124.186939,157.010
1783749124.207073,157.010
1783749124.227207,157.010
1783749124.247342,157.010
1783749124.267483,156.994
1783749124.287620,156.994
1783749124.307791,156.994
1783749124.327924,156.994
1783749124.348057,156.994
1783749124.368189,157.134
1783749124.388323,157.134
1783749124.408462,157.134
1783749124.428598,157.134
1783749124.448770,157.134
1783749124.468905,157.016
1783749124.489064,157.016
1783749124.509211,157.016
1783749124.529346,157.016
1783749124.549483,157.016
1783749124.569623,156.873
1783749124.589764,156.873
1783749124.609897,156.873
1783749124.630040,156.873
1783749124.650188,156.873
1783749124.670327,156.854
1783749124.690463,156.854
1783749124.710601,156.854
1783749124.730784,156.854
1783749124.750924,156.854
1783749124.771060,156.767
1783749124.791203,156.767
1783749124.811345,156.767
1783749124.831505,156.767
1783749124.851643,156.767
1783749124.871778,156.447
1783749124.891915,156.447
1783749124.912058,156.447
1783749124.932195,156.447
1783749124.952331,156.447
1783749124.972467,156.766
1783749124.992630,156.766
1783749125.012769,156.766
1783749125.032904,156.766
1783749125.053041,156.766
1783749125.073197,156.449
1783749125.093335,156.449
1783749125.113468,156.449
1783749125.133612,156.449
1783749125.153754,156.449
1783749125.173892,156.584
1783749125.194029,156.584
1783749125.214167,156.584
1783749125.234313,156.584
1783749125.254454,156.584
1783749125.274591,156.572
1783749125.294770,156.572
1783749125.314914,156.572
1783749125.335056,156.572
1783749125.355160,156.572
1783749125.375297,156.815
1783749125.395405,156.815
1783749125.415507,156.815
1783749125.435638,156.815
1783749125.455806,156.815
1783749125.475942,156.665
1783749125.496106,156.665
1783749125.516249,156.665
1783749125.536384,156.665
1783749125.556522,156.665
1783749125.576707,156.668
1783749125.596923,156.668
1783749125.617058,156.668
1783749125.637197,156.668
1783749125.657342,156.668
1783749125.677493,156.720
1783749125.697633,156.720
1783749125.717774,156.720
1783749125.737919,156.720
1783749125.758058,156.720
1783749125.778194,156.747
1783749125.798334,156.747
1783749125.818479,156.747
1783749125.838626,156.747
1783749125.858768,156.747
1783749125.878903,156.685
1783749125.899040,156.685
1783749125.919195,156.685
1783749125.939333,156.685
1783749125.959467,156.685
1783749125.979611,156.623
1783749125.999776,156.623
1783749126.019914,156.623
1783749126.040049,156.623
1783749126.060186,156.623
1783749126.080331,156.517
1783749126.100472,156.517
1783749126.120607,156.517
1783749126.140755,156.517
1783749126.160908,156.517
1783749126.181050,156.603
1783749126.201187,156.603
1783749126.221330,156.603
1783749126.241477,156.603
1783749126.261621,156.603
1783749126.281765,156.277
1783749126.301908,156.277
1783749126.322054,156.277
1783749126.342196,156.277
1783749126.362334,156.277
1783749126.382470,156.399
1783749126.402606,156.399
1783749126.422791,156.399
1783749126.442935,156.399
1783749126.463069,156.399
1783749126.483205,156.377
1783749126.503344,156.377
1783749126.523482,156.377
1783749126.543616,156.377
1783749126.563753,156.377
1783749126.583908,156.897
1783749126.604054,156.897
1783749126.624190,156.897
1783749126.644332,156.897
1783749126.664485,156.897
1783749126.684627,156.623
1783749126.704765,156.623
1783749126.724904,156.623
1783749126.745081,156.623
1783749126.765220,156.623
1783749126.785356,156.757
1783749126.805496,156.757
1783749126.825643,156.757
1783749126.845803,156.757
1783749126.865939,156.757
1783749126.886108,156.772
1783749126.906246,156.772
1783749126.926390,156.772
1783749126.946525,156.772
1783749126.966660,156.772
1783749126.986795,156.765
1783749127.006935,156.765
1783749127.027071,156.765
1783749127.047207,156.765
1783749127.067345,156.878
1783749127.087490,156.878
1783749127.107626,156.878
1783749127.127760,156.878
1783749127.147900,156.878
1783749127.168041,156.929
1783749127.188184,156.929
1783749127.208319,156.929
1783749127.228457,156.929
1783749127.248644,156.929
1783749127.268785,157.103
1783749127.288892,157.103
1783749127.308995,157.103
1783749127.329141,157.103
1783749127.349300,157.103
1783749127.369436,156.737
1783749127.389574,156.737
1783749127.409717,156.737
1783749127.429909,156.737
1783749127.450054,156.737
1783749127.470189,156.626
1783749127.490297,156.626
1783749127.510462,156.626
1783749127.530606,156.626
1783749127.550708,156.626
1783749127.570892,156.476
1783749127.591037,156.476
1783749127.611184,156.476
1783749127.631320,156.476
1783749127.651464,156.476
1783749127.671614,156.475
1783749127.691759,156.475
1783749127.711895,156.475
1783749127.732038,156.475
1783749127.752184,156.475
1783749127.772325,156.407
1783749127.792464,156.407
1783749127.812606,156.407
1783749127.832756,156.407
1783749127.852916,156.407
1783749127.873021,156.287
1783749127.893129,156.287
1783749127.913266,156.287
1783749127.933431,156.287
1783749127.953569,156.287
1783749127.973703,156.390
1783749127.993895,156.390
1783749128.014008,156.390
1783749128.034152,156.390
1783749128.054271,156.390
1783749128.074416,156.619
1783749128.094577,156.619
1783749128.114718,156.619
1783749128.134898,156.619
1783749128.155067,156.619
1783749128.175224,156.789
1783749128.195364,156.789
1783749128.215499,156.789
1783749128.235642,156.789
1783749128.255783,156.789
1783749128.275923,156.845
1783749128.296058,156.845
1783749128.316198,156.845
1783749128.336343,156.845
1783749128.356479,156.845
1783749128.376614,157.074
1783749128.396751,157.074
1783749128.416856,157.074
1783749128.437015,157.074
1783749128.457149,157.074
1783749128.477254,156.200
1783749128.497390,156.200
1783749128.517548,156.200
1783749128.537690,156.200
1783749128.557851,156.200
1783749128.577988,156.249
1783749128.598142,156.249
1783749128.618277,156.249
1783749128.638413,156.249
1783749128.658551,156.249
1783749128.678708,156.619
1783749128.698907,156.619
1783749128.719041,156.619
1783749128.739184,156.619
1783749128.759330,156.619
1783749128.779467,156.406
1783749128.799601,156.406
1783749128.819800,156.406
1783749128.839938,156.406
1783749128.860080,156.406
1783749128.880215,156.531
1783749128.900351,156.531
1783749128.920485,156.531
1783749128.940631,156.531
1783749128.960768,156.531
1783749128.980903,156.432
1783749129.001045,156.432
1783749129.021206,156.432
1783749129.041353,156.432
1783749129.061489,156.432
1783749129.081631,156.512
1783749129.101775,156.512
1783749129.121917,156.512
1783749129.142051,156.512
1783749129.162189,156.512
1783749129.182344,156.498
1783749129.202496,156.498
1783749129.222631,156.498
1783749129.242773,156.498
1783749129.262923,156.498
1783749129.283065,156.477
1783749129.303207,156.477
1783749129.323386,156.477
1783749129.343530,156.477
1783749129.363669,156.477
1783749129.383803,156.376
1783749129.403939,156.376
1783749129.424077,156.376
1783749129.444273,156.376
1783749129.464411,156.376
1783749129.484547,157.056
1783749129.504691,157.056
1783749129.524878,157.056
1783749129.545015,157.056
1783749129.565149,157.056
1783749129.585292,156.651
1783749129.605453,156.651
1783749129.625598,156.651
1783749129.645792,156.651
1783749129.665931,156.651
1783749129.686071,156.987
1783749129.706211,156.987
1783749129.726346,156.987
1783749129.746454,156.987
1783749129.766601,156.987
1783749129.786787,156.959
1783749129.806921,156.959
1783749129.827065,156.959
1783749129.847210,156.959
1783749129.867352,156.959
1783749129.887497,157.022
1783749129.907636,157.022
1783749129.927775,157.022
1783749129.947914,157.022
1783749129.968050,156.980
1783749129.988186,156.980
1783749130.008324,156.980
1783749130.028466,156.980
1783749130.048610,156.980
1783749130.068779,157.090
1783749130.088917,157.090
1783749130.109057,157.090
1783749130.129200,157.090
1783749130.149333,157.090
1783749130.169473,156.869
1783749130.189630,156.869
1783749130.209775,156.869
1783749130.229911,156.869
1783749130.250054,156.869
1783749130.270207,157.025
1783749130.290358,157.025
1783749130.310494,157.025
1783749130.330638,157.025
1783749130.350781,157.025
1783749130.370921,157.139
1783749130.391056,157.139
1783749130.411196,157.139
1783749130.431337,157.139
1783749130.451498,157.139
1783749130.471635,156.940
1783749130.491771,156.940
1783749130.511908,156.940
1783749130.532074,156.940
1783749130.552215,156.940
1783749130.572350,157.090
1783749130.592515,157.090
1783749130.612696,157.090
1783749130.632894,157.090
1783749130.653027,157.090
1783749130.673170,157.054
1783749130.693320,157.054
1783749130.713460,157.054
1783749130.733627,157.054
1783749130.753771,157.054
1783749130.773924,157.155
1783749130.794072,157.155
1783749130.814207,157.155
1783749130.834349,157.155
1783749130.854492,157.155
1783749130.874641,156.990
1783749130.894779,156.990
1783749130.914918,156.990
1783749130.935064,156.990
1783749130.955207,156.990
1783749130.975341,157.222
1783749130.995476,157.222
1783749131.015612,157.222
1783749131.035778,157.222
1783749131.055923,157.222
1783749131.076058,156.575
1783749131.096193,156.575
1783749131.116343,156.575
1783749131.136486,156.575
1783749131.156620,156.575
1783749131.176765,156.565
1783749131.196907,156.565
1783749131.217044,156.565
1783749131.237178,156.565
1783749131.257320,156.565
1783749131.277474,156.781
1783749131.297614,156.781
1783749131.317762,156.781
1783749131.337899,156.781
1783749131.358037,156.781
1783749131.378192,156.692
1783749131.398327,156.692
1783749131.418463,156.692
1783749131.438610,156.692
1783749131.458752,156.692
1783749131.478890,156.628
1783749131.499027,156.628
1783749131.519136,156.628
1783749131.539300,156.628
1783749131.559436,156.628
1783749131.579572,156.623
1783749131.599710,156.623
1783749131.619913,156.623
1783749131.640061,156.623
1783749131.660196,156.623
1783749131.680333,156.438
1783749131.700478,156.438
1783749131.720625,156.438
1783749131.740765,156.438
1783749131.760910,156.438
1783749131.781059,156.226
1783749131.801196,156.226
1783749131.821331,156.226
1783749131.841472,156.226
1783749131.861618,156.226
1783749131.881814,156.578
1783749131.901952,156.578
1783749131.922092,156.578
1783749131.942237,156.578
1783749131.962375,156.578
1783749131.982518,156.447
1783749132.002655,156.447
1783749132.022825,156.447
1783749132.042978,156.447
1783749132.063111,156.447
1783749132.083245,156.770
1783749132.103386,156.770
1783749132.123544,156.770
1783749132.143689,156.770
1783749132.163821,156.770
1783749132.183954,157.143
1783749132.204101,157.143
1783749132.224245,157.143
1783749132.244378,157.143
1783749132.264514,157.143
1783749132.284666,156.912
1783749132.304818,156.912
1783749132.324953,156.912
1783749132.345094,156.912
1783749132.365230,156.912
1783749132.385338,156.415
1783749132.405470,156.415
1783749132.425608,156.415
1783749132.445753,156.415
1783749132.465888,156.415
1783749132.486023,156.434
1783749132.506158,156.434
1783749132.526293,156.434
1783749132.546433,156.434
1783749132.566569,156.434
1783749132.586701,156.240
1783749132.606889,156.240
1783749132.627049,156.240
1783749132.647196,156.240
1783749132.667329,156.240
1783749132.687464,156.429
1783749132.707621,156.429
1783749132.727767,156.429
1783749132.747901,156.429
1783749132.768035,156.429
1783749132.788188,156.365
1783749132.808329,156.365
1783749132.828462,156.365
1783749132.848602,156.365
1783749132.868820,156.430
1783749132.888960,156.430
1783749132.909096,156.430
1783749132.929233,156.430
1783749132.949377,156.430
1783749132.969517,156.345
1783749132.989651,156.345
1783749133.009786,156.345
1783749133.029926,156.345
1783749133.050085,156.345
1783749133.070220,156.412
1783749133.090352,156.412
1783749133.110486,156.412
1783749133.130625,156.412
1783749133.150773,156.412
1783749133.170939,156.309
1783749133.191082,156.309
1783749133.211241,156.309
1783749133.231384,156.309
1783749133.251518,156.309
1783749133.271654,156.246
1783749133.291838,156.246
1783749133.311982,156.246
1783749133.332118,156.246
1783749133.352253,156.246
1783749133.372390,156.939
1783749133.392527,156.939
1783749133.412669,156.939
1783749133.432808,156.939
1783749133.452946,156.939
1783749133.473084,156.993
1783749133.493227,156.993
1783749133.513362,156.993
1783749133.533498,156.993
1783749133.553641,156.993
1783749133.573778,157.156
1783749133.593911,157.156
1783749133.614049,157.156
1783749133.634212,157.156
1783749133.654356,157.156
1783749133.674490,157.254
1783749133.694627,157.254
1783749133.714780,157.254
1783749133.734925,157.254
1783749133.755060,157.254
1783749133.775198,157.284
1783749133.795351,157.284
1783749133.815490,157.284
1783749133.835624,157.284
1783749133.855766,157.284
1783749133.875909,157.190
1783749133.896064,157.190
1783749133.916199,157.190
1783749133.936339,157.190
1783749133.956493,157.190
1783749133.976633,157.284
1783749133.996772,157.284
1783749134.016908,157.284
1783749134.037049,157.284
1783749134.057190,157.284
1783749134.077346,156.968
1783749134.097450,156.968
1783749134.117549,156.968
1783749134.137700,156.968
1783749134.157886,156.968
1783749134.178020,156.901
1783749134.198162,156.901
1783749134.218315,156.901
1783749134.238462,156.901
1783749134.258597,156.901
1783749134.278698,156.858
1783749134.298811,156.858
1783749134.318934,156.858
1783749134.339038,156.858
1783749134.359175,156.858
1783749134.379321,156.398
1783749134.399460,156.398
1783749134.419568,156.398
1783749134.439709,156.398
1783749134.459937,156.398
1783749134.480088,156.652
1783749134.500232,156.652
1783749134.520369,156.652
1783749134.540515,156.652
1783749134.560679,156.652
1783749134.580918,156.646
1783749134.601057,156.646
1783749134.621196,156.646
1783749134.641364,156.646
1783749134.661511,156.646
1783749134.681647,156.538
1783749134.701793,156.538
1783749134.721954,156.538
1783749134.742103,156.538
1783749134.762240,156.538
1783749134.782382,156.863
1783749134.802541,156.863
1783749134.822684,156.863
1783749134.842824,156.863
1783749134.862970,156.863
1783749134.883123,156.570
1783749134.903231,156.570
1783749134.923371,156.570
1783749134.943516,156.570
1783749134.963663,156.570
1783749134.983818,156.138
1783749135.003962,156.138
1783749135.024101,156.138
1783749135.044248,156.138
1783749135.064392,156.138
1783749135.084537,156.310
1783749135.104674,156.310
1783749135.124814,156.310
1783749135.144974,156.310
1783749135.165112,156.310
1783749135.185246,156.563
1783749135.205389,156.563
1783749135.225550,156.563
1783749135.245697,156.563
1783749135.265883,156.563
1783749135.286030,156.713
1783749135.306188,156.713
1783749135.326335,156.713
1783749135.346473,156.713
1783749135.366619,156.713
1783749135.386774,156.628
1783749135.406926,156.628
1783749135.427061,156.628
1783749135.447205,156.628
1783749135.467354,156.628
1783749135.487515,156.556
1783749135.507659,156.556
1783749135.527797,156.556
1783749135.547939,156.556
1783749135.568082,156.556
1783749135.588218,156.697
1783749135.608359,156.697
1783749135.628503,156.697
1783749135.648669,156.697
1783749135.668810,156.697
1783749135.688946,156.721
1783749135.709094,156.721
1783749135.729284,156.721
1783749135.749394,156.721
1783749135.769523,156.721
1783749135.789670,156.547
1783749135.809814,156.547
1783749135.829961,156.547
1783749135.850097,156.547
1783749135.870269,156.749
1783749135.890429,156.749
1783749135.910568,156.749
1783749135.930712,156.749
1783749135.950905,156.749
1783749135.971044,157.083
1783749135.991204,157.083
1783749136.011349,157.083
1783749136.031490,157.083
1783749136.051629,157.083
1783749136.071769,157.114
1783749136.091913,157.114
1783749136.112049,157.114
1783749136.132194,157.114
1783749136.152360,157.114
1783749136.172498,156.841
1783749136.192635,156.841
1783749136.212780,156.841
1783749136.232942,156.841
1783749136.253091,156.841
1783749136.273226,156.710
1783749136.293371,156.710
1783749136.313482,156.710
1783749136.333630,156.710
1783749136.353770,156.710
1783749136.373908,156.874
1783749136.394057,156.874
1783749136.414204,156.874
1783749136.434343,156.874
1783749136.454488,156.874
1783749136.474627,156.455
1783749136.494786,156.455
1783749136.514930,156.455
1783749136.535072,156.455
1783749136.555219,156.455
1783749136.575361,156.715
1783749136.595499,156.715
1783749136.615634,156.715
1783749136.635779,156.715
1783749136.655947,156.715
1783749136.676086,156.586
1783749136.696222,156.586
1783749136.716362,156.586
1783749136.736525,156.586
1783749136.756673,156.586
1783749136.776808,156.537
1783749136.796954,156.537
1783749136.817102,156.537
1783749136.837255,156.537
1783749136.857393,156.537
1783749136.877533,156.111
1783749136.897690,156.111
1783749136.917861,156.111
1783749136.938005,156.111
1783749136.958147,156.111
1783749136.978292,156.234
1783749136.998451,156.234
1783749137.018627,156.234
1783749137.038770,156.234
1783749137.058919,156.234
1783749137.079062,156.091
1783749137.099205,156.091
1783749137.119342,156.091
1783749137.139488,156.091
1783749137.159683,156.091
1783749137.179770,156.391
1783749137.199906,156.391
1783749137.220048,156.391
1783749137.240215,156.391
1783749137.260362,156.391
1783749137.280499,156.464
1783749137.300646,156.464
1783749137.320788,156.464
1783749137.340897,156.464
1783749137.361030,156.464
1783749137.381168,156.454
1783749137.401278,156.454
1783749137.421415,156.454
1783749137.441551,156.454
1783749137.461698,156.454
1783749137.481888,156.198
1783749137.502048,156.198
1783749137.522192,156.198
1783749137.542335,156.198
1783749137.562484,156.198
1783749137.582629,156.113
1783749137.602773,156.113
1783749137.622911,156.113
1783749137.643057,156.113
1783749137.663224,156.113
1783749137.683363,156.077
1783749137.703500,156.077
1783749137.723642,156.077
1783749137.743809,156.077
1783749137.763956,156.077
1783749137.784093,156.230
1783749137.804239,156.230
1783749137.824396,156.230
1783749137.844547,156.230
1783749137.864686,156.230
1783749137.884826,156.402
1783749137.904983,156.402
1783749137.925136,156.402
1783749137.945277,156.402
1783749137.965421,156.402
1783749137.985568,156.344
1783749138.005785,156.344
1783749138.025929,156.344
1783749138.046073,156.344
1783749138.066215,156.344
1783749138.086365,156.541
1783749138.106510,156.541
1783749138.126648,156.541
1783749138.146793,156.541
1783749138.166940,156.541
1783749138.187083,156.383
1783749138.207217,156.383
1783749138.227355,156.383
1783749138.247520,156.383
1783749138.267668,156.383
1783749138.287804,156.411
1783749138.307978,156.411
1783749138.328141,156.411
1783749138.348290,156.411
1783749138.368426,156.411
1783749138.388571,156.241
1783749138.408770,156.241
1783749138.428946,156.241
1783749138.449083,156.241
1783749138.469228,156.241
1783749138.489374,156.600
1783749138.509533,156.600
1783749138.529678,156.600
1783749138.549819,156.600
1783749138.569966,156.600
1783749138.590104,156.684
1783749138.610248,156.684
1783749138.630387,156.684
1783749138.650527,156.684
1783749138.670668,156.653
1783749138.690813,156.653
1783749138.710949,156.653
1783749138.731093,156.653
1783749138.751241,156.653
1783749138.771387,156.943
1783749138.791523,156.943
1783749138.811662,156.943
1783749138.831824,156.943
1783749138.851970,156.943
1783749138.872109,156.835
1783749138.892255,156.835
1783749138.912407,156.835
1783749138.932559,156.835
1783749138.952698,156.835
1783749138.972894,156.934
1783749138.993042,156.934
1783749139.013193,156.934
1783749139.033337,156.934
1783749139.053480,156.934
1783749139.073624,156.764
1783749139.093779,156.764
1783749139.113915,156.764
1783749139.134053,156.764
1783749139.154198,156.764
1783749139.174354,156.744
1783749139.194497,156.744
1783749139.214633,156.744
1783749139.234777,156.744
1783749139.254943,156.744
1783749139.275090,156.695
1783749139.295227,156.695
1783749139.315335,156.695
1783749139.335496,156.695
1783749139.355644,156.695
1783749139.375780,156.832
1783749139.396884,156.832
1783749139.417039,156.832
1783749139.437186,156.832
1783749139.457322,156.832
1783749139.477467,156.824
1783749139.497625,156.824
1783749139.517773,156.824
1783749139.537915,156.824
1783749139.558060,156.824
1783749139.578205,156.805
1783749139.598382,156.805
1783749139.618523,156.805
1783749139.638666,156.805
1783749139.658811,156.805
1783749139.678981,156.760
1783749139.699119,156.760
1783749139.719285,156.760
1783749139.739429,156.760
1783749139.759596,156.760
1783749139.779791,156.834
1783749139.799928,156.834
1783749139.820065,156.834
1783749139.840218,156.834
1783749139.860364,156.834
1783749139.880496,156.659
1783749139.900640,156.659
1783749139.920790,156.659
1783749139.940940,156.659
1783749139.961073,156.659
1783749139.981208,156.613
1783749140.001360,156.613
1783749140.021500,156.613
1783749140.041643,156.613
1783749140.061785,156.613
1783749140.081919,155.904
1783749140.102075,155.904
1783749140.122213,155.904
1783749140.142351,155.904
1783749140.162493,155.904
1783749140.182629,156.161
1783749140.202766,156.161
1783749140.222901,156.161
1783749140.243037,156.161
1783749140.263198,156.161
1783749140.283303,155.981
1783749140.303437,155.981
1783749140.323571,155.981
1783749140.343711,155.981
1783749140.363895,155.981
1783749140.384029,155.990
1783749140.404167,155.990
1783749140.424305,155.990
1783749140.444455,155.990
1783749140.464592,155.990
1783749140.484773,155.946
1783749140.504910,155.946
1783749140.525049,155.946
1783749140.545183,155.946
1783749140.565326,155.946
1783749140.585470,156.015
1783749140.605618,156.015
1783749140.625759,156.015
1783749140.645899,156.015
1783749140.666043,156.015
1783749140.686182,155.956
1783749140.706320,155.956
1783749140.726455,155.956
1783749140.746593,155.956
1783749140.766759,155.956
1783749140.786895,156.104
1783749140.807030,156.104
1783749140.827169,156.104
1783749140.847333,156.104
1783749140.867507,156.104
1783749140.887640,155.826
1783749140.907782,155.826
1783749140.927967,155.826
1783749140.948111,155.826
1783749140.968245,155.826
1783749140.988384,155.839
1783749141.008566,155.839
1783749141.028704,155.839
1783749141.048894,155.839
1783749141.069031,155.839
1783749141.089175,156.308
1783749141.109334,156.308
1783749141.129472,156.308
1783749141.149612,156.308
1783749141.169759,156.308
1783749141.189900,155.964
1783749141.210042,155.964
1783749141.230179,155.964
1783749141.250321,155.964
1783749141.270485,155.964
1783749141.290622,156.210
1783749141.310757,156.210
1783749141.330903,156.210
1783749141.351052,156.210
1783749141.371192,156.210
1783749141.391327,156.409
1783749141.411466,156.409
1783749141.431623,156.409
1783749141.451770,156.409
1783749141.471906,156.260
1783749141.492043,156.260
1783749141.512195,156.260
1783749141.532346,156.260
1783749141.552480,156.260
1783749141.572616,156.001
1783749141.592754,156.001
1783749141.612911,156.001
1783749141.633048,156.001
1783749141.653189,156.001
1783749141.673334,156.076
1783749141.693479,156.076
1783749141.713616,156.076
1783749141.733753,156.076
1783749141.753889,156.076
1783749141.774053,156.068
1783749141.794196,156.068
1783749141.814329,156.068
1783749141.834465,156.068
1783749141.854628,156.068
1783749141.874771,156.166
1783749141.894907,156.166
1783749141.915045,156.166
1783749141.935205,156.166
1783749141.955354,156.166
1783749141.975490,156.242
1783749141.995630,156.242
1783749142.015777,156.242
1783749142.035918,156.242
1783749142.056053,156.242
1783749142.076189,156.813
1783749142.096332,156.813
1783749142.116468,156.813
1783749142.136605,156.813
1783749142.156773,156.813
1783749142.176919,156.975
1783749142.197055,156.975
1783749142.217196,156.975
1783749142.237333,156.975
1783749142.257476,156.975
1783749142.277642,156.811
1783749142.297813,156.811
1783749142.317948,156.811
1783749142.338089,156.811
1783749142.358228,156.811
1783749142.378371,156.706
1783749142.398506,156.706
1783749142.418647,156.706
1783749142.438787,156.706
1783749142.458934,156.706
1783749142.479069,156.776
1783749142.499213,156.776
1783749142.519367,156.776
1783749142.539509,156.776
1783749142.559645,156.776
1783749142.579783,156.853
1783749142.599926,156.853
1783749142.620067,156.853
1783749142.640211,156.853
1783749142.660351,156.853
1783749142.680496,156.910
1783749142.700634,156.910
1783749142.720775,156.910
1783749142.740910,156.910
1783749142.761007,156.910
1783749142.781100,156.784
1783749142.801222,156.784
1783749142.821359,156.784
1783749142.841503,156.784
1783749142.861668,156.784
1783749142.881807,156.946
1783749142.901942,156.946
1783749142.922084,156.946
1783749142.942244,156.946
1783749142.962382,156.946
1783749142.982517,156.661
1783749143.002662,156.661
1783749143.022818,156.661
1783749143.042972,156.661
1783749143.063111,156.661
1783749143.083256,156.347
1783749143.103405,156.347
1783749143.123548,156.347
1783749143.143685,156.347
1783749143.163826,156.347
1783749143.183971,156.264
1783749143.204130,156.264
1783749143.224267,156.264
1783749143.244403,156.264
1783749143.264539,156.264
1783749143.284683,156.188
1783749143.304827,156.188
1783749143.324960,156.188
1783749143.345093,156.188
1783749143.365231,156.188
1783749143.385372,156.368
1783749143.405505,156.368
1783749143.425640,156.368
1783749143.445818,156.368
1783749143.465955,156.368
1783749143.486087,156.147
1783749143.506229,156.147
1783749143.526376,156.147
1783749143.546528,156.147
1783749143.566697,156.147
1783749143.586881,156.445
1783749143.607023,156.445
1783749143.627161,156.445
1783749143.647303,156.445
1783749143.667445,156.445
1783749143.687581,156.715
1783749143.707717,156.715
1783749143.727905,156.715
1783749143.748041,156.715
1783749143.768178,156.715
1783749143.788316,156.881
1783749143.808451,156.881
1783749143.828585,156.881
1783749143.848768,156.881
1783749143.868932,156.881
1783749143.889069,156.723
1783749143.909204,156.723
1783749143.929348,156.723
1783749143.949492,156.723
1783749143.969630,156.723
1783749143.989764,156.906
1783749144.009907,156.906
1783749144.030062,156.906
1783749144.050213,156.906
1783749144.070348,156.906
1783749144.090484,156.837
1783749144.110629,156.837
1783749144.130779,156.837
1783749144.150915,156.837
1783749144.171052,156.837
1783749144.191195,156.848
1783749144.211335,156.848
1783749144.231478,156.848
1783749144.251614,156.848
1783749144.271758,156.848
1783749144.291898,157.137
1783749144.312037,157.137
1783749144.332174,157.137
1783749144.352316,157.137
1783749144.372474,157.166
1783749144.392610,157.166
1783749144.412789,157.166
1783749144.432928,157.166
1783749144.453087,157.166
1783749144.473226,157.341
1783749144.493359,157.341
1783749144.513501,157.341
1783749144.533641,157.341
1783749144.553782,157.341
1783749144.573916,157.366
1783749144.594054,157.366
1783749144.614205,157.366
1783749144.634356,157.366
1783749144.654499,157.366
1783749144.674634,156.757
1783749144.694776,156.757
1783749144.714917,156.757
1783749144.735091,156.757
1783749144.755227,156.757
1783749144.775371,156.541
1783749144.795511,156.541
1783749144.815648,156.541
1783749144.835783,156.541
1783749144.855955,156.541
1783749144.876097,156.539
1783749144.896234,156.539
1783749144.916367,156.539
1783749144.936504,156.539
1783749144.956662,156.539
1783749144.976799,156.800
1783749144.996931,156.800
1783749145.017070,156.800
1783749145.037220,156.800
1783749145.057364,156.800
1783749145.077501,156.643
1783749145.097637,156.643
1783749145.117787,156.643
1783749145.137937,156.643
1783749145.158071,156.643
1783749145.178212,156.607
1783749145.198351,156.607
1783749145.218503,156.607
1783749145.238646,156.607
1783749145.258780,156.607
1783749145.278920,156.615
1783749145.299063,156.615
1783749145.319201,156.615
1783749145.339336,156.615
1783749145.359471,156.615
1783749145.379635,156.585
1783749145.399771,156.585
1783749145.419905,156.585
1783749145.440046,156.585
1783749145.460188,156.585
1783749145.480331,156.577
1783749145.500467,156.577
1783749145.520609,156.577
1783749145.540765,156.577
1783749145.560905,156.577
1783749145.581038,156.379
1783749145.601180,156.379
1783749145.621328,156.379
1783749145.641478,156.379
1783749145.661621,156.379
1783749145.681763,156.826
1783749145.701901,156.826
1783749145.722048,156.826
1783749145.742188,156.826
1783749145.762328,156.826
1783749145.782469,156.987
1783749145.802619,156.987
1783749145.822755,156.987
1783749145.842889,156.987
1783749145.863031,156.987
1783749145.883193,157.177
1783749145.903336,157.177
1783749145.923473,157.177
1783749145.943615,157.177
1783749145.963754,157.177
1783749145.983892,156.986
1783749146.004081,156.986
1783749146.024225,156.986
1783749146.044380,156.986
1783749146.064520,156.986
1783749146.084654,157.271
1783749146.104792,157.271
1783749146.124944,157.271
1783749146.145125,157.271
1783749146.165260,157.271
1783749146.185402,157.146
1783749146.205545,157.146
1783749146.225699,157.146
1783749146.245885,157.146
1783749146.266027,157.146
1783749146.286173,157.269
1783749146.306313,157.269
1783749146.326452,157.269
1783749146.346587,157.269
1783749146.366769,157.269
1783749146.386934,157.348
1783749146.407070,157.348
1783749146.427210,157.348
1783749146.447354,157.348
1783749146.467520,157.348
1783749146.487659,157.137
1783749146.507794,157.137
1783749146.527934,157.137
1783749146.548075,157.137
1783749146.568217,157.137
1783749146.588355,157.102
1783749146.608497,157.102
1783749146.628652,157.102
1783749146.648795,157.102
1783749146.668939,157.102
1783749146.689085,156.985
1783749146.709229,156.985
1783749146.729372,156.985
1783749146.749509,156.985
1783749146.769650,156.985
1783749146.789799,156.919
1783749146.809959,156.919
1783749146.830099,156.919
1783749146.850236,156.919
1783749146.870380,156.919
1783749146.890544,156.953
1783749146.910688,156.953
1783749146.930828,156.953
1783749146.950972,156.953
1783749146.971123,156.953
1783749146.991264,156.873
1783749147.011400,156.873
1783749147.031546,156.873
1783749147.051706,156.873
1783749147.071920,156.873
1783749147.092056,157.020
1783749147.112197,157.020
1783749147.132350,157.020
1783749147.152506,157.020
1783749147.172641,157.020
1783749147.192787,156.761
1783749147.212936,156.761
1783749147.233096,156.761
1783749147.253243,156.761
1783749147.273385,157.043
1783749147.293567,157.043
1783749147.313721,157.043
1783749147.333916,157.043
1783749147.354055,157.043
1783749147.374195,156.875
1783749147.394362,156.875
1783749147.414500,156.875
1783749147.434669,156.875
1783749147.454811,156.875
1783749147.474977,156.902
1783749147.495125,156.902
1783749147.515261,156.902
1783749147.535406,156.902
1783749147.555569,156.902
1783749147.575706,157.002
1783749147.595899,157.002
1783749147.616042,157.002
1783749147.636196,157.002
1783749147.656350,157.002
1783749147.676486,157.183
1783749147.696624,157.183
1783749147.716769,157.183
1783749147.736929,157.183
1783749147.757067,157.183
1783749147.777202,157.212
1783749147.797344,157.212
1783749147.817483,157.212
1783749147.837628,157.212
1783749147.857766,157.212
1783749147.877911,157.195
1783749147.898050,157.195
1783749147.918155,157.195
1783749147.938291,157.195
1783749147.958436,157.195
1783749147.978596,157.288
1783749147.998777,157.288
1783749148.018913,157.288
1783749148.039059,157.288
1783749148.059221,157.288
1783749148.079359,157.361
1783749148.099467,157.361
1783749148.119574,157.361
1783749148.139672,157.361
1783749148.159780,157.361
1783749148.179899,157.218
1783749148.200038,157.218
1783749148.220185,157.218
1783749148.240336,157.218
1783749148.260481,157.218
1783749148.280624,156.685
1783749148.300773,156.685
1783749148.320917,156.685
1783749148.341062,156.685
1783749148.361200,156.685
1783749148.381342,156.853
1783749148.401485,156.853
1783749148.421590,156.853
1783749148.441765,156.853
1783749148.461909,156.853
1783749148.482075,156.697
1783749148.502214,156.697
1783749148.522321,156.697
1783749148.542468,156.697
1783749148.562629,156.697
1783749148.582804,156.795
1783749148.602940,156.795
1783749148.623085,156.795
1783749148.643244,156.795
1783749148.663397,156.795
1783749148.683533,156.719
1783749148.703704,156.719
1783749148.723918,156.719
1783749148.744074,156.719
1783749148.764217,156.719
1783749148.784354,156.786
1783749148.804502,156.786
1783749148.824643,156.786
1783749148.844788,156.786
1783749148.864926,156.786
1783749148.885072,156.885
1783749148.905219,156.885
1783749148.925359,156.885
1783749148.945495,156.885
1783749148.965640,156.885
1783749148.985783,156.863
1783749149.005924,156.863
1783749149.026060,156.863
1783749149.046203,156.863
1783749149.066365,156.863
1783749149.086502,156.865
1783749149.106637,156.865
1783749149.126783,156.865
1783749149.146940,156.865
1783749149.167082,156.865
1783749149.187217,157.011
1783749149.207363,157.011
1783749149.227515,157.011
1783749149.247668,157.011
1783749149.267812,157.011
1783749149.287947,157.091
1783749149.308095,157.091
1783749149.328238,157.091
1783749149.348377,157.091
1783749149.368514,157.091
1783749149.388654,157.037
1783749149.408798,157.037
1783749149.428935,157.037
1783749149.449072,157.037
1783749149.469210,157.037
1783749149.489370,157.091
1783749149.509507,157.091
1783749149.529643,157.091
1783749149.549784,157.091
1783749149.569940,157.091
