ts_unix,samples,elapsed_s
1762399861.531014,8192,0.000041125
1762399861.535409,8192,0.000005042
1762399861.539645,8192,0.000005250
1762399861.543938,8192,0.000004708
1762399861.548309,8192,0.000005750
1762399861.552689,8192,0.000004583
1762399861.557144,8192,0.000006500
1762399861.561411,8192,0.000012042
1762399861.565672,8192,0.000020458
1762399861.569918,8192,0.000004208
1762399861.574218,8192,0.000004583
1762399861.578615,8192,0.000003708
1762399861.583114,8192,0.000013583
1762399861.587563,8192,0.000004250
1762399861.591996,8192,0.000005416
1762399861.596342,8192,0.000011167
1762399861.600706,8192,0.000007041
1762399861.604981,8192,0.000005041
1762399861.609203,8192,0.000004208
1762399861.613509,8192,0.000004584
1762399861.617835,8192,0.000004542
1762399861.622086,8192,0.000004834
1762399861.626480,8192,0.000004375
1762399861.630728,8192,0.000004833
1762399861.635009,8192,0.000004542
1762399861.639259,8192,0.000004708
1762399861.643543,8192,0.000005000
1762399861.647831,8192,0.000004500
1762399861.652193,8192,0.000004958
1762399861.656578,8192,0.000005417
1762399861.660984,8192,0.000004792
1762399861.665235,8192,0.000004833
1762399861.669921,8192,0.000006250
1762399861.674818,8192,0.000006334
1762399861.679340,8192,0.000003708
1762399861.683761,8192,0.000005709
1762399861.688435,8192,0.000006208
1762399861.693053,8192,0.000005292
1762399861.697324,8192,0.000005000
1762399861.701712,8192,0.000004250
1762399861.706052,8192,0.000004000
1762399861.710227,8192,0.000006167
1762399861.714616,8192,0.000009375
1762399861.719073,8192,0.000006875
1762399861.723335,8192,0.000006250
1762399861.728099,8192,0.000008167
1762399861.732380,8192,0.000007208
1762399861.736678,8192,0.000005125
1762399861.740997,8192,0.000004125
1762399861.745310,8192,0.000004625
1762399861.749660,8192,0.000005000
1762399861.753968,8192,0.000005125
1762399861.758207,8192,0.000004166
1762399861.762597,8192,0.000003542
1762399861.766885,8192,0.000005083
1762399861.771034,8192,0.000004458
1762399861.775238,8192,0.000003334
1762399861.779597,8192,0.000003208
1762399861.783919,8192,0.000003291
1762399861.788384,8192,0.000008750
1762399861.792702,8192,0.000053166
1762399861.797545,8192,0.000008833
1762399861.801889,8192,0.000005417
1762399861.806132,8192,0.000004667
1762399861.810509,8192,0.000010666
1762399861.815042,8192,0.000003875
1762399861.819383,8192,0.000004291
1762399861.823715,8192,0.000004041
1762399861.828047,8192,0.000003750
1762399861.832440,8192,0.000004167
1762399861.836792,8192,0.000005000
1762399861.840932,8192,0.000005750
1762399861.845178,8192,0.000004167
1762399861.849528,8192,0.000003458
1762399861.853846,8192,0.000007875
1762399861.858221,8192,0.000004791
1762399861.862466,8192,0.000004791
1762399861.866776,8192,0.000003208
1762399861.871103,8192,0.000006917
1762399861.875435,8192,0.000004791
1762399861.879770,8192,0.000004875
1762399861.884010,8192,0.000004292
1762399861.888331,8192,0.000003917
1762399861.892606,8192,0.000004458
1762399861.896987,8192,0.000004083
1762399861.901217,8192,0.000004083
1762399861.905334,8192,0.000004750
1762399861.909669,8192,0.000004042
1762399861.914048,8192,0.000003834
1762399861.918441,8192,0.000005209
1762399861.922806,8192,0.000006000
1762399861.927025,8192,0.000004291
1762399861.931475,8192,0.000004625
1762399861.936106,8192,0.000004875
1762399861.940695,8192,0.000013875
1762399861.945245,8192,0.000004167
1762399861.949504,8192,0.000003625
1762399861.953871,8192,0.000004292
1762399861.958318,8192,0.000012792
1762399861.962656,8192,0.000006125
1762399861.967106,8192,0.000006709
1762399861.971404,8192,0.000005250
1762399861.975625,8192,0.000004542
1762399861.979965,8192,0.000005500
1762399861.984516,8192,0.000011667
1762399861.988878,8192,0.000004916
1762399861.993696,8192,0.000005375
1762399861.998510,8192,0.000004750
1762399862.003182,8192,0.000017917
1762399862.007572,8192,0.000006417
1762399862.013525,8192,0.000006958
1762399862.017815,8192,0.000004458
1762399862.022356,8192,0.000010500
1762399862.026690,8192,0.000006208
1762399862.031185,8192,0.000006791
1762399862.035645,8192,0.000004750
1762399862.040083,8192,0.000012375
1762399862.044314,8192,0.000005500
1762399862.048662,8192,0.000005292
1762399862.052916,8192,0.000003542
1762399862.057336,8192,0.000011333
1762399862.061682,8192,0.000009458
1762399862.066047,8192,0.000005292
1762399862.070385,8192,0.000004083
1762399862.074741,8192,0.000005083
1762399862.079025,8192,0.000003583
1762399862.083363,8192,0.000003458
1762399862.087849,8192,0.000010417
1762399862.092402,8192,0.000004042
1762399862.096918,8192,0.000003958
1762399862.101181,8192,0.000003834
1762399862.105561,8192,0.000004875
1762399862.109935,8192,0.000005750
1762399862.114153,8192,0.000003917
1762399862.118477,8192,0.000005750
1762399862.122744,8192,0.000004208
1762399862.127007,8192,0.000004167
1762399862.131251,8192,0.000004500
1762399862.135637,8192,0.000004166
1762399862.139943,8192,0.000004208
1762399862.144285,8192,0.000004375
1762399862.148675,8192,0.000004625
1762399862.152885,8192,0.000004459
1762399862.157127,8192,0.000004125
1762399862.161407,8192,0.000005875
1762399862.165648,8192,0.000004000
1762399862.170073,8192,0.000005000
1762399862.174712,8192,0.000004417
1762399862.179102,8192,0.000006041
1762399862.183369,8192,0.000005458
1762399862.187625,8192,0.000003291
1762399862.191914,8192,0.000007208
1762399862.196299,8192,0.000004250
1762399862.200604,8192,0.000004416
1762399862.204904,8192,0.000003833
1762399862.209190,8192,0.000004208
1762399862.213487,8192,0.000005291
1762399862.217696,8192,0.000004167
1762399862.222052,8192,0.000004917
1762399862.226388,8192,0.000003584
1762399862.230841,8192,0.000010375
1762399862.235315,8192,0.000008667
1762399862.239772,8192,0.000003625
1762399862.244228,8192,0.000004000
1762399862.248535,8192,0.000003792
1762399862.252811,8192,0.000004625
1762399862.257106,8192,0.000004917
1762399862.261294,8192,0.000003167
1762399862.265761,8192,0.000005625
1762399862.270040,8192,0.000005792
1762399862.274355,8192,0.000004333
1762399862.278580,8192,0.000004167
1762399862.282903,8192,0.000006708
1762399862.287225,8192,0.000004375
1762399862.291497,8192,0.000004292
1762399862.295786,8192,0.000005000
1762399862.300494,8192,0.000009417
1762399862.304902,8192,0.000005958
1762399862.309239,8192,0.000006125
1762399862.313556,8192,0.000004292
1762399862.317949,8192,0.000004958
1762399862.322290,8192,0.000005958
1762399862.326617,8192,0.000005041
1762399862.331129,8192,0.000004167
1762399862.335510,8192,0.000003416
1762399862.339988,8192,0.000007583
1762399862.344359,8192,0.000004459
1762399862.348803,8192,0.000007500
1762399862.353083,8192,0.000004416
1762399862.357977,8192,0.000006708
1762399862.362523,8192,0.000004125
1762399862.367070,8192,0.000006750
1762399862.371369,8192,0.000005958
1762399862.375645,8192,0.000004250
1762399862.379978,8192,0.000003875
1762399862.384324,8192,0.000005584
1762399862.388758,8192,0.000003208
1762399862.393072,8192,0.000005459
1762399862.397493,8192,0.000004916
1762399862.401836,8192,0.000003208
1762399862.406559,8192,0.000004250
1762399862.410892,8192,0.000003125
1762399862.415236,8192,0.000003125
1762399862.419597,8192,0.000003292
1762399862.424077,8192,0.000006917
1762399862.428633,8192,0.000004791
1762399862.432951,8192,0.000004042
1762399862.437746,8192,0.000010667
1762399862.442053,8192,0.000004541
1762399862.446355,8192,0.000006208
1762399862.450604,8192,0.000004875
1762399862.454928,8192,0.000004375
1762399862.459443,8192,0.000005625
1762399862.463826,8192,0.000007750
1762399862.468130,8192,0.000004708
1762399862.472367,8192,0.000003792
1762399862.476799,8192,0.000004458
1762399862.481106,8192,0.000003334
1762399862.485417,8192,0.000006958
1762399862.489625,8192,0.000004667
1762399862.494007,8192,0.000004792
1762399862.498330,8192,0.000004125
1762399862.502622,8192,0.000005042
1762399862.506959,8192,0.000004666
1762399862.511192,8192,0.000003084
1762399862.515498,8192,0.000006791
1762399862.519833,8192,0.000006042
1762399862.524140,8192,0.000005041
1762399862.528391,8192,0.000004416
1762399862.532665,8192,0.000005250
1762399862.537007,8192,0.000004000
1762399862.541381,8192,0.000004125
1762399862.545740,8192,0.000004209
1762399862.550029,8192,0.000005000
1762399862.554245,8192,0.000004375
1762399862.558618,8192,0.000004542
1762399862.562934,8192,0.000004708
1762399862.567356,8192,0.000005667
1762399862.572117,8192,0.000005917
1762399862.576504,8192,0.000004375
1762399862.581228,8192,0.000005791
1762399862.585705,8192,0.000004208
1762399862.589854,8192,0.000003417
1762399862.594230,8192,0.000004583
1762399862.598534,8192,0.000004459
1762399862.602799,8192,0.000005125
1762399862.607090,8192,0.000004375
1762399862.611435,8192,0.000005125
1762399862.615754,8192,0.000005042
1762399862.619976,8192,0.000004667
1762399862.624384,8192,0.000004291
1762399862.628843,8192,0.000007292
1762399862.633193,8192,0.000005459
1762399862.637752,8192,0.000011959
1762399862.641968,8192,0.000005250
1762399862.646367,8192,0.000006333
1762399862.650692,8192,0.000004458
1762399862.655056,8192,0.000006208
1762399862.659315,8192,0.000006125
1762399862.663721,8192,0.000004333
1762399862.668071,8192,0.000006875
1762399862.672418,8192,0.000004375
1762399862.676702,8192,0.000003375
1762399862.681026,8192,0.000003292
1762399862.685418,8192,0.000003084
1762399862.689724,8192,0.000010792
1762399862.693988,8192,0.000005250
1762399862.698300,8192,0.000004416
1762399862.702871,8192,0.000013250
1762399862.707059,8192,0.000005125
1762399862.711289,8192,0.000004250
1762399862.715599,8192,0.000004542
1762399862.719982,8192,0.000004125
1762399862.724225,8192,0.000004292
1762399862.728509,8192,0.000004209
1762399862.732856,8192,0.000004667
1762399862.737160,8192,0.000004209
1762399862.741424,8192,0.000003791
1762399862.745867,8192,0.000005625
1762399862.750103,8192,0.000005333
1762399862.754795,8192,0.000009417
1762399862.759022,8192,0.000004625
1762399862.763407,8192,0.000004000
1762399862.767735,8192,0.000003791
1762399862.772102,8192,0.000004083
1762399862.776385,8192,0.000006000
1762399862.780791,8192,0.000004292
1762399862.785190,8192,0.000003375
1762399862.789495,8192,0.000009667
1762399862.793732,8192,0.000004167
1762399862.798101,8192,0.000007666
1762399862.802456,8192,0.000004750
1762399862.806995,8192,0.000004916
1762399862.811408,8192,0.000003416
1762399862.815747,8192,0.000003292
1762399862.820148,8192,0.000003834
1762399862.824880,8192,0.000014959
1762399862.829183,8192,0.000005042
1762399862.833769,8192,0.000005708
1762399862.838401,8192,0.000008000
1762399862.842740,8192,0.000004416
1762399862.847102,8192,0.000005208
1762399862.851317,8192,0.000003959
1762399862.855567,8192,0.000003292
1762399862.859925,8192,0.000005375
1762399862.864192,8192,0.000004417
1762399862.868593,8192,0.000005250
1762399862.872904,8192,0.000005125
1762399862.877423,8192,0.000005500
1762399862.881642,8192,0.000006083
1762399862.885939,8192,0.000004209
1762399862.890381,8192,0.000004916
1762399862.894765,8192,0.000004500
1762399862.899023,8192,0.000004125
1762399862.903400,8192,0.000003792
1762399862.908102,8192,0.000004083
1762399862.912568,8192,0.000011875
1762399862.917002,8192,0.000006333
1762399862.921265,8192,0.000003667
1762399862.925611,8192,0.000003708
1762399862.930406,8192,0.000004834
1762399862.934908,8192,0.000005292
1762399862.939266,8192,0.000006959
1762399862.944012,8192,0.000006333
1762399862.948343,8192,0.000003583
1762399862.952757,8192,0.000009042
1762399862.956878,8192,0.000005834
1762399862.961208,8192,0.000005000
1762399862.965523,8192,0.000004458
1762399862.969746,8192,0.000004291
1762399862.974134,8192,0.000003916
1762399862.978475,8192,0.000004250
1762399862.982764,8192,0.000003834
1762399862.987024,8192,0.000004708
1762399862.991313,8192,0.000004209
1762399862.995789,8192,0.000010875
1762399863.000183,8192,0.000004417
1762399863.004523,8192,0.000004625
1762399863.008929,8192,0.000004000
1762399863.013168,8192,0.000006208
1762399863.017289,8192,0.000004167
1762399863.021838,8192,0.000005708
1762399863.026160,8192,0.000003916
1762399863.030529,8192,0.000003625
1762399863.034784,8192,0.000009083
1762399863.039068,8192,0.000006166
1762399863.043420,8192,0.000004375
1762399863.047820,8192,0.000006833
1762399863.052206,8192,0.000005000
1762399863.056528,8192,0.000004958
1762399863.060911,8192,0.000004583
1762399863.065177,8192,0.000005667
1762399863.069292,8192,0.000004542
1762399863.073651,8192,0.000005584
1762399863.078116,8192,0.000011166
1762399863.082341,8192,0.000004666
1762399863.086923,8192,0.000006083
1762399863.091183,8192,0.000003834
1762399863.095536,8192,0.000007083
1762399863.099867,8192,0.000004750
1762399863.104194,8192,0.000004833
1762399863.108552,8192,0.000005417
1762399863.112946,8192,0.000004500
1762399863.117339,8192,0.000004042
1762399863.121593,8192,0.000004000
1762399863.126810,8192,0.000006208
1762399863.131580,8192,0.000015875
1762399863.136692,8192,0.000006584
1762399863.141302,8192,0.000005750
1762399863.145673,8192,0.000008833
1762399863.150290,8192,0.000006792
1762399863.154796,8192,0.000007041
1762399863.159381,8192,0.000003875
1762399863.163751,8192,0.000013125
1762399863.168180,8192,0.000009375
1762399863.172675,8192,0.000003917
1762399863.176977,8192,0.000006583
1762399863.181620,8192,0.000005750
1762399863.186100,8192,0.000004958
1762399863.190422,8192,0.000004083
1762399863.194525,8192,0.000003834
1762399863.198772,8192,0.000005542
1762399863.203072,8192,0.000004334
1762399863.207466,8192,0.000008209
1762399863.211852,8192,0.000005167
1762399863.216258,8192,0.000006125
1762399863.220580,8192,0.000006417
1762399863.224843,8192,0.000004250
1762399863.229113,8192,0.000005666
1762399863.233507,8192,0.000004916
1762399863.237999,8192,0.000011083
1762399863.242206,8192,0.000004875
1762399863.246615,8192,0.000006042
1762399863.250854,8192,0.000004166
1762399863.255128,8192,0.000004875
1762399863.259463,8192,0.000004917
1762399863.263943,8192,0.000010416
1762399863.268352,8192,0.000004625
1762399863.272567,8192,0.000004083
1762399863.277167,8192,0.000012541
1762399863.281763,8192,0.000003917
1762399863.286208,8192,0.000004166
1762399863.290571,8192,0.000004000
1762399863.294983,8192,0.000004833
1762399863.299277,8192,0.000005833
1762399863.303682,8192,0.000003625
1762399863.308114,8192,0.000004625
1762399863.312488,8192,0.000010125
1762399863.316868,8192,0.000011000
1762399863.321213,8192,0.000004417
1762399863.325627,8192,0.000005709
1762399863.330094,8192,0.000004208
1762399863.334373,8192,0.000006125
1762399863.338679,8192,0.000005167
1762399863.343013,8192,0.000004167
1762399863.347295,8192,0.000004833
1762399863.351541,8192,0.000004250
1762399863.355899,8192,0.000004083
1762399863.360186,8192,0.000004292
1762399863.364581,8192,0.000004416
1762399863.368907,8192,0.000006000
1762399863.373015,8192,0.000004167
1762399863.377280,8192,0.000004250
1762399863.381581,8192,0.000004416
1762399863.385928,8192,0.000006541
1762399863.390318,8192,0.000004708
1762399863.394819,8192,0.000007083
1762399863.399244,8192,0.000006625
1762399863.403553,8192,0.000004000
1762399863.407855,8192,0.000003916
1762399863.412159,8192,0.000004833
1762399863.416418,8192,0.000005375
1762399863.420780,8192,0.000005792
1762399863.425006,8192,0.000003417
1762399863.429406,8192,0.000003375
1762399863.433773,8192,0.000011291
1762399863.438294,8192,0.000005250
1762399863.442464,8192,0.000006791
1762399863.446961,8192,0.000003833
1762399863.451310,8192,0.000003166
1762399863.455736,8192,0.000006041
1762399863.459964,8192,0.000004417
1762399863.464081,8192,0.000004375
1762399863.468410,8192,0.000004083
1762399863.472752,8192,0.000004208
1762399863.477000,8192,0.000003792
1762399863.481386,8192,0.000004041
1762399863.485702,8192,0.000003917
1762399863.489965,8192,0.000004083
1762399863.494283,8192,0.000004083
1762399863.498562,8192,0.000003833
1762399863.502790,8192,0.000004208
1762399863.507234,8192,0.000004208
1762399863.511734,8192,0.000004417
1762399863.516273,8192,0.000004583
1762399863.520604,8192,0.000004292
1762399863.524713,8192,0.000003875
1762399863.528943,8192,0.000004417
1762399863.533262,8192,0.000004583
1762399863.537541,8192,0.000003750
1762399863.541923,8192,0.000003959
1762399863.546341,8192,0.000005792
1762399863.550589,8192,0.000005459
1762399863.554948,8192,0.000006750
1762399863.559254,8192,0.000004417
1762399863.563493,8192,0.000005708
1762399863.567775,8192,0.000003833
1762399863.572071,8192,0.000005458
1762399863.576562,8192,0.000004167
1762399863.581135,8192,0.000006333
1762399863.585572,8192,0.000005167
1762399863.590034,8192,0.000005125
1762399863.594319,8192,0.000003917
1762399863.598464,8192,0.000003625
1762399863.602883,8192,0.000010625
1762399863.607152,8192,0.000004333
1762399863.611385,8192,0.000003792
1762399863.615775,8192,0.000004375
1762399863.620079,8192,0.000005709
1762399863.624357,8192,0.000004375
1762399863.628696,8192,0.000004250
1762399863.633007,8192,0.000004334
1762399863.637423,8192,0.000007167
1762399863.641828,8192,0.000004000
1762399863.646201,8192,0.000004250
1762399863.650881,8192,0.000007125
1762399863.655228,8192,0.000004500
1762399863.659573,8192,0.000004875
1762399863.664368,8192,0.000013959
1762399863.668683,8192,0.000004333
1762399863.672944,8192,0.000005167
1762399863.677284,8192,0.000006000
1762399863.681553,8192,0.000003792
1762399863.685955,8192,0.000006042
1762399863.690306,8192,0.000004000
1762399863.694603,8192,0.000004709
1762399863.699009,8192,0.000004125
1762399863.703344,8192,0.000004167
1762399863.707641,8192,0.000003667
1762399863.712006,8192,0.000003917
1762399863.716288,8192,0.000003542
1762399863.720540,8192,0.000005084
1762399863.724908,8192,0.000004333
1762399863.729260,8192,0.000004667
1762399863.733608,8192,0.000006208
1762399863.737927,8192,0.000003792
1762399863.742644,8192,0.000006833
1762399863.747268,8192,0.000005750
1762399863.751602,8192,0.000005083
1762399863.755969,8192,0.000004417
1762399863.760399,8192,0.000011583
1762399863.764671,8192,0.000004416
1762399863.769030,8192,0.000009000
1762399863.773226,8192,0.000005417
1762399863.777605,8192,0.000003917
1762399863.782068,8192,0.000007125
1762399863.786357,8192,0.000004333
1762399863.790631,8192,0.000005375
1762399863.795084,8192,0.000008875
1762399863.799538,8192,0.000005750
1762399863.804063,8192,0.000006041
1762399863.808304,8192,0.000004834
1762399863.812603,8192,0.000004416
1762399863.816941,8192,0.000006917
1762399863.821252,8192,0.000005458
1762399863.825690,8192,0.000010667
1762399863.829940,8192,0.000004625
1762399863.834301,8192,0.000006500
1762399863.838709,8192,0.000005792
1762399863.843022,8192,0.000003583
1762399863.847334,8192,0.000005708
1762399863.851584,8192,0.000004917
1762399863.855922,8192,0.000004792
1762399863.860137,8192,0.000003792
1762399863.864409,8192,0.000004375
1762399863.868738,8192,0.000003917
1762399863.872999,8192,0.000004250
1762399863.877229,8192,0.000003958
1762399863.881619,8192,0.000004084
1762399863.885949,8192,0.000004209
1762399863.890220,8192,0.000003958
1762399863.894507,8192,0.000004083
1762399863.898900,8192,0.000004792
1762399863.903094,8192,0.000004208
1762399863.907383,8192,0.000004500
1762399863.911722,8192,0.000004500
1762399863.916034,8192,0.000004833
1762399863.920254,8192,0.000004292
1762399863.924538,8192,0.000005583
1762399863.928868,8192,0.000004334
1762399863.933148,8192,0.000004417
1762399863.937417,8192,0.000004125
1762399863.941778,8192,0.000004208
1762399863.946031,8192,0.000004459
1762399863.950271,8192,0.000003291
1762399863.954594,8192,0.000005000
1762399863.958966,8192,0.000004916
1762399863.963213,8192,0.000004083
1762399863.967484,8192,0.000004416
1762399863.971808,8192,0.000004875
1762399863.976116,8192,0.000004000
1762399863.980382,8192,0.000004334
1762399863.984772,8192,0.000007500
1762399863.989064,8192,0.000004750
1762399863.993302,8192,0.000005042
1762399863.997641,8192,0.000004250
1762399864.001974,8192,0.000004292
1762399864.006250,8192,0.000004459
1762399864.010474,8192,0.000004166
1762399864.014860,8192,0.000004500
1762399864.019187,8192,0.000004417
1762399864.023458,8192,0.000003667
1762399864.027800,8192,0.000007541
1762399864.032055,8192,0.000003875
1762399864.036452,8192,0.000010917
1762399864.040641,8192,0.000004541
1762399864.044910,8192,0.000004084
1762399864.049241,8192,0.000004250
1762399864.053650,8192,0.000005709
1762399864.057898,8192,0.000006916
1762399864.062708,8192,0.000003791
1762399864.067025,8192,0.000003458
1762399864.071390,8192,0.000003333
1762399864.075814,8192,0.000012166
1762399864.080083,8192,0.000004709
1762399864.084549,8192,0.000006791
1762399864.088840,8192,0.000005625
1762399864.093112,8192,0.000004000
1762399864.097366,8192,0.000004125
1762399864.102004,8192,0.000005167
1762399864.106365,8192,0.000003583
1762399864.110658,8192,0.000008375
1762399864.115201,8192,0.000006292
1762399864.119716,8192,0.000010500
1762399864.124017,8192,0.000005500
1762399864.128459,8192,0.000005125
1762399864.132732,8192,0.000003334
1762399864.137037,8192,0.000010083
1762399864.141383,8192,0.000004541
1762399864.145728,8192,0.000004625
1762399864.150614,8192,0.000005250
1762399864.154871,8192,0.000004250
1762399864.159196,8192,0.000005708
1762399864.163506,8192,0.000004125
1762399864.167909,8192,0.000006459
1762399864.172388,8192,0.000003250
1762399864.176755,8192,0.000011542
1762399864.181090,8192,0.000004667
1762399864.185326,8192,0.000004292
1762399864.189605,8192,0.000004333
1762399864.194072,8192,0.000005500
1762399864.198665,8192,0.000005208
1762399864.203297,8192,0.000004208
1762399864.207597,8192,0.000003750
1762399864.212032,8192,0.000011958
1762399864.216335,8192,0.000005625
1762399864.220586,8192,0.000004459
1762399864.224874,8192,0.000004542
1762399864.229272,8192,0.000006500
1762399864.233586,8192,0.000004500
1762399864.237857,8192,0.000003791
1762399864.242114,8192,0.000006250
1762399864.246488,8192,0.000004000
1762399864.250810,8192,0.000003875
1762399864.255094,8192,0.000003959
1762399864.259442,8192,0.000004500
1762399864.263727,8192,0.000005208
1762399864.268049,8192,0.000004666
1762399864.272706,8192,0.000004625
1762399864.277583,8192,0.000015458
1762399864.282131,8192,0.000005375
1762399864.286521,8192,0.000005917
1762399864.290748,8192,0.000004167
1762399864.295046,8192,0.000004500
1762399864.299400,8192,0.000004292
1762399864.303905,8192,0.000011292
1762399864.308114,8192,0.000004708
1762399864.312486,8192,0.000003667
1762399864.317232,8192,0.000016792
1762399864.321491,8192,0.000005167
1762399864.325877,8192,0.000009666
1762399864.330622,8192,0.000009167
1762399864.334813,8192,0.000005000
1762399864.339613,8192,0.000007208
1762399864.344092,8192,0.000004625
1762399864.348534,8192,0.000004792
1762399864.352889,8192,0.000004291
1762399864.357182,8192,0.000004875
1762399864.361421,8192,0.000004375
1762399864.365708,8192,0.000004250
1762399864.370038,8192,0.000004209
1762399864.374406,8192,0.000003958
1762399864.378764,8192,0.000004500
1762399864.383125,8192,0.000004333
1762399864.387378,8192,0.000007625
1762399864.391648,8192,0.000004584
1762399864.395971,8192,0.000004375
1762399864.400247,8192,0.000004750
1762399864.404503,8192,0.000004584
1762399864.409025,8192,0.000004208
1762399864.413552,8192,0.000005042
1762399864.418006,8192,0.000004083
1762399864.422371,8192,0.000004958
1762399864.426653,8192,0.000004708
1762399864.430980,8192,0.000004917
1762399864.435445,8192,0.000009833
1762399864.439675,8192,0.000005583
1762399864.444339,8192,0.000006167
1762399864.448859,8192,0.000003708
1762399864.453266,8192,0.000012042
1762399864.457542,8192,0.000004708
1762399864.461838,8192,0.000003917
1762399864.466087,8192,0.000004375
1762399864.470451,8192,0.000003417
1762399864.474804,8192,0.000004958
1762399864.479097,8192,0.000004208
1762399864.483429,8192,0.000003125
1762399864.487710,8192,0.000005167
1762399864.491981,8192,0.000005750
1762399864.496362,8192,0.000004334
1762399864.500703,8192,0.000004250
1762399864.505072,8192,0.000004083
1762399864.509355,8192,0.000008334
1762399864.513607,8192,0.000004584
1762399864.517955,8192,0.000004125
1762399864.522241,8192,0.000004250
1762399864.526575,8192,0.000003959
1762399864.530995,8192,0.000004416
1762399864.535205,8192,0.000004541
1762399864.539492,8192,0.000004250
1762399864.544031,8192,0.000009334
1762399864.548310,8192,0.000004250
1762399864.552546,8192,0.000004167
1762399864.556931,8192,0.000004000
1762399864.561306,8192,0.000004250
1762399864.565678,8192,0.000004000
1762399864.570036,8192,0.000005250
1762399864.574166,8192,0.000006458
1762399864.578381,8192,0.000004542
1762399864.582720,8192,0.000005542
1762399864.587093,8192,0.000004875
1762399864.591338,8192,0.000004625
1762399864.595842,8192,0.000005208
1762399864.600170,8192,0.000006708
1762399864.604439,8192,0.000004166
1762399864.608644,8192,0.000006416
1762399864.612979,8192,0.000004333
1762399864.617406,8192,0.000005875
1762399864.621758,8192,0.000004875
1762399864.626103,8192,0.000004333
1762399864.630211,8192,0.000004125
1762399864.634454,8192,0.000004084
1762399864.638831,8192,0.000007875
1762399864.643167,8192,0.000004208
1762399864.647574,8192,0.000005834
1762399864.652152,8192,0.000003458
1762399864.656531,8192,0.000008750
1762399864.660789,8192,0.000004375
1762399864.665027,8192,0.000004167
1762399864.669773,8192,0.000005166
1762399864.674095,8192,0.000005875
1762399864.678746,8192,0.000005542
1762399864.683101,8192,0.000004375
1762399864.687636,8192,0.000005542
1762399864.691756,8192,0.000005959
1762399864.695985,8192,0.000004708
1762399864.700377,8192,0.000003958
1762399864.704761,8192,0.000007208
1762399864.709123,8192,0.000005500
1762399864.713361,8192,0.000004334
1762399864.717653,8192,0.000004833
1762399864.721985,8192,0.000004000
1762399864.726291,8192,0.000004042
1762399864.730713,8192,0.000004458
1762399864.735047,8192,0.000003458
1762399864.739322,8192,0.000006584
1762399864.743419,8192,0.000004083
1762399864.747757,8192,0.000004375
1762399864.752135,8192,0.000003917
1762399864.756375,8192,0.000003959
1762399864.760744,8192,0.000004167
1762399864.765099,8192,0.000003958
1762399864.769389,8192,0.000003959
1762399864.773736,8192,0.000004292
1762399864.778032,8192,0.000004334
1762399864.782259,8192,0.000005166
1762399864.786665,8192,0.000004875
1762399864.790989,8192,0.000004166
1762399864.795355,8192,0.000004083
1762399864.799641,8192,0.000004125
1762399864.803750,8192,0.000005792
1762399864.808122,8192,0.000007375
1762399864.812449,8192,0.000005000
1762399864.816819,8192,0.000003375
1762399864.821138,8192,0.000004459
1762399864.825571,8192,0.000011667
1762399864.829913,8192,0.000005250
1762399864.834281,8192,0.000004167
1762399864.838583,8192,0.000004875
1762399864.842828,8192,0.000004000
1762399864.847101,8192,0.000004125
1762399864.851424,8192,0.000003917
1762399864.855792,8192,0.000004167
1762399864.860137,8192,0.000004417
1762399864.864514,8192,0.000004667
1762399864.868767,8192,0.000004709
1762399864.872893,8192,0.000003791
1762399864.877284,8192,0.000004084
1762399864.881630,8192,0.000004166
1762399864.885997,8192,0.000004041
1762399864.890254,8192,0.000003833
1762399864.894542,8192,0.000004500
1762399864.898865,8192,0.000005875
1762399864.903144,8192,0.000004250
1762399864.907522,8192,0.000004625
1762399864.911914,8192,0.000004125
1762399864.916346,8192,0.000008958
1762399864.920637,8192,0.000004166
1762399864.925048,8192,0.000003958
1762399864.929752,8192,0.000009958
1762399864.933956,8192,0.000004542
1762399864.938366,8192,0.000006333
1762399864.942929,8192,0.000003833
1762399864.947176,8192,0.000003584
1762399864.951543,8192,0.000010792
1762399864.955825,8192,0.000004250
1762399864.960230,8192,0.000003958
1762399864.964593,8192,0.000004417
1762399864.968828,8192,0.000005917
1762399864.973255,8192,0.000004500
1762399864.977519,8192,0.000004208
1762399864.981884,8192,0.000003292
1762399864.986455,8192,0.000005667
1762399864.990819,8192,0.000004292
1762399864.995077,8192,0.000004667
1762399864.999434,8192,0.000003334
1762399865.004214,8192,0.000005375
1762399865.008740,8192,0.000004584
1762399865.013162,8192,0.000005375
1762399865.017432,8192,0.000004542
1762399865.021857,8192,0.000004042
1762399865.026619,8192,0.000005750
1762399865.030993,8192,0.000004000
1762399865.035421,8192,0.000004708
1762399865.039849,8192,0.000009708
1762399865.044127,8192,0.000004500
1762399865.048488,8192,0.000003833
1762399865.052828,8192,0.000004375
1762399865.056961,8192,0.000004541
1762399865.061191,8192,0.000004833
1762399865.065582,8192,0.000003875
1762399865.069854,8192,0.000003416
1762399865.074239,8192,0.000006625
1762399865.078471,8192,0.000004083
1762399865.082749,8192,0.000003083
1762399865.087077,8192,0.000005458
1762399865.091346,8192,0.000004625
1762399865.095678,8192,0.000004209
1762399865.100044,8192,0.000003958
1762399865.104277,8192,0.000004416
1762399865.108637,8192,0.000005375
1762399865.112863,8192,0.000004000
1762399865.116988,8192,0.000004500
1762399865.121379,8192,0.000003167
1762399865.125668,8192,0.000005292
1762399865.129974,8192,0.000004208
1762399865.134288,8192,0.000004458
1762399865.138561,8192,0.000004125
1762399865.142890,8192,0.000004000
1762399865.147147,8192,0.000004625
1762399865.151376,8192,0.000004416
1762399865.155726,8192,0.000003208
1762399865.160103,8192,0.000005125
1762399865.164403,8192,0.000005583
1762399865.168751,8192,0.000004791
1762399865.172906,8192,0.000007042
1762399865.177193,8192,0.000003917
1762399865.181565,8192,0.000005625
1762399865.185899,8192,0.000004791
1762399865.190203,8192,0.000004375
1762399865.194423,8192,0.000004334
1762399865.198728,8192,0.000003917
1762399865.202963,8192,0.000003125
1762399865.207258,8192,0.000005167
1762399865.211489,8192,0.000006084
1762399865.215856,8192,0.000003958
1762399865.220194,8192,0.000004750
1762399865.224564,8192,0.000004250
1762399865.228889,8192,0.000004125
1762399865.233008,8192,0.000004125
1762399865.237253,8192,0.000005416
1762399865.241603,8192,0.000005083
1762399865.245900,8192,0.000004084
1762399865.250210,8192,0.000003833
1762399865.254418,8192,0.000004083
1762399865.258697,8192,0.000004292
1762399865.263025,8192,0.000004167
1762399865.267286,8192,0.000005166
1762399865.271615,8192,0.000004083
1762399865.275979,8192,0.000003875
1762399865.280170,8192,0.000004042
1762399865.284549,8192,0.000003917
1762399865.288804,8192,0.000004041
1762399865.292929,8192,0.000015542
1762399865.297132,8192,0.000003833
1762399865.301517,8192,0.000004125
1762399865.305834,8192,0.000004792
1762399865.310141,8192,0.000004208
1762399865.314478,8192,0.000004250
1762399865.318758,8192,0.000005125
1762399865.323047,8192,0.000003416
1762399865.327284,8192,0.000003000
1762399865.331672,8192,0.000003167
1762399865.335867,8192,0.000003167
1762399865.340332,8192,0.000009708
1762399865.344607,8192,0.000004708
1762399865.348718,8192,0.000004417
1762399865.353050,8192,0.000004083
1762399865.357420,8192,0.000003875
1762399865.361618,8192,0.000004083
1762399865.365918,8192,0.000003875
1762399865.370181,8192,0.000004042
1762399865.374445,8192,0.000004542
1762399865.378689,8192,0.000004084
1762399865.382960,8192,0.000003875
1762399865.387377,8192,0.000005167
1762399865.391770,8192,0.000006583
1762399865.396428,8192,0.000010708
1762399865.400623,8192,0.000005875
1762399865.405033,8192,0.000004959
1762399865.409577,8192,0.000007459
1762399865.413788,8192,0.000004500
1762399865.418191,8192,0.000004500
1762399865.422492,8192,0.000004042
1762399865.426807,8192,0.000004083
1762399865.431118,8192,0.000003833
1762399865.435382,8192,0.000004333
1762399865.439645,8192,0.000004833
1762399865.443949,8192,0.000005958
1762399865.448447,8192,0.000004584
1762399865.453053,8192,0.000009917
1762399865.457358,8192,0.000004333
1762399865.461582,8192,0.000004833
1762399865.466333,8192,0.000004208
1762399865.470837,8192,0.000005250
1762399865.475277,8192,0.000005666
1762399865.479608,8192,0.000005708
1762399865.484052,8192,0.000005166
1762399865.488533,8192,0.000005125
1762399865.492889,8192,0.000003500
1762399865.497265,8192,0.000010250
1762399865.501828,8192,0.000005167
1762399865.506392,8192,0.000004959
1762399865.510926,8192,0.000004750
1762399865.515164,8192,0.000004417
1762399865.519570,8192,0.000005083
1762399865.523904,8192,0.000003291
1762399865.528528,8192,0.000005209
1762399865.533274,8192,0.000006000
1762399865.537519,8192,0.000003833
1762399865.542113,8192,0.000012125
1762399865.546431,8192,0.000005208
1762399865.550972,8192,0.000004916
1762399865.555380,8192,0.000008875
1762399865.559748,8192,0.000004750
1762399865.564028,8192,0.000003792
1762399865.568610,8192,0.000008042
1762399865.572826,8192,0.000004833
1762399865.577232,8192,0.000004041
1762399865.581919,8192,0.000006417
1762399865.586197,8192,0.000006541
1762399865.590582,8192,0.000004375
1762399865.594875,8192,0.000004125
1762399865.598999,8192,0.000004208
1762399865.603277,8192,0.000004917
1762399865.607616,8192,0.000003250
1762399865.611871,8192,0.000006625
1762399865.616161,8192,0.000004500
1762399865.620476,8192,0.000004417
1762399865.624771,8192,0.000005584
1762399865.629012,8192,0.000004625
1762399865.633260,8192,0.000005875
1762399865.637609,8192,0.000004583
1762399865.641992,8192,0.000005917
1762399865.646242,8192,0.000004584
1762399865.650600,8192,0.000005500
1762399865.654694,8192,0.000003209
1762399865.658938,8192,0.000006125
1762399865.663704,8192,0.000004959
1762399865.668362,8192,0.000004084
1762399865.672830,8192,0.000007625
1762399865.677181,8192,0.000005458
1762399865.681520,8192,0.000005834
1762399865.685791,8192,0.000005750
1762399865.690274,8192,0.000006709
1762399865.694686,8192,0.000009375
1762399865.699259,8192,0.000005459
1762399865.703671,8192,0.000008209
1762399865.708075,8192,0.000004500
1762399865.712421,8192,0.000004000
1762399865.716669,8192,0.000003917
1762399865.720940,8192,0.000003875
1762399865.725201,8192,0.000003667
1762399865.729421,8192,0.000004166
1762399865.733754,8192,0.000005792
1762399865.737993,8192,0.000003208
1762399865.742594,8192,0.000008959
1762399865.746883,8192,0.000004708
1762399865.751269,8192,0.000004792
1762399865.755492,8192,0.000004542
1762399865.759872,8192,0.000003916
1762399865.764211,8192,0.000005542
1762399865.768553,8192,0.000006167
1762399865.772814,8192,0.000003375
1762399865.777112,8192,0.000003417
1762399865.781438,8192,0.000003208
1762399865.785688,8192,0.000003208
1762399865.789999,8192,0.000011959
1762399865.794247,8192,0.000004167
1762399865.798632,8192,0.000003916
1762399865.803265,8192,0.000004958
1762399865.807570,8192,0.000003792
1762399865.812269,8192,0.000005583
1762399865.816644,8192,0.000003542
1762399865.820993,8192,0.000008709
1762399865.825274,8192,0.000005125
1762399865.829552,8192,0.000004292
1762399865.833827,8192,0.000004208
1762399865.838155,8192,0.000005750
1762399865.842364,8192,0.000004084
1762399865.846641,8192,0.000003667
1762399865.850937,8192,0.000003917
1762399865.855239,8192,0.000004000
1762399865.859472,8192,0.000004083
1762399865.863787,8192,0.000004000
1762399865.868122,8192,0.000004666
1762399865.872520,8192,0.000004958
1762399865.876798,8192,0.000003250
1762399865.881091,8192,0.000005208
1762399865.885325,8192,0.000007167
1762399865.889726,8192,0.000004000
1762399865.894016,8192,0.000004333
1762399865.898416,8192,0.000004084
1762399865.902789,8192,0.000005042
1762399865.907165,8192,0.000005875
1762399865.911742,8192,0.000006584
1762399865.916299,8192,0.000004708
1762399865.920615,8192,0.000005709
1762399865.924945,8192,0.000004291
1762399865.929224,8192,0.000004084
1762399865.933498,8192,0.000004500
1762399865.937821,8192,0.000003833
1762399865.942188,8192,0.000003875
1762399865.946432,8192,0.000004167
1762399865.950866,8192,0.000004625
1762399865.955149,8192,0.000004125
1762399865.959495,8192,0.000006750
1762399865.963764,8192,0.000004500
1762399865.968114,8192,0.000005000
1762399865.972493,8192,0.000004042
1762399865.976777,8192,0.000005708
1762399865.981039,8192,0.000004666
1762399865.985306,8192,0.000004417
1762399865.989572,8192,0.000003125
1762399865.993894,8192,0.000005166
1762399865.998121,8192,0.000004958
1762399866.002464,8192,0.000004250
1762399866.006809,8192,0.000004083
1762399866.011339,8192,0.000011791
1762399866.015531,8192,0.000004667
1762399866.019853,8192,0.000004042
1762399866.024161,8192,0.000004042
1762399866.028439,8192,0.000005083
1762399866.032787,8192,0.000003917
1762399866.037160,8192,0.000003792
1762399866.041377,8192,0.000003792
1762399866.045665,8192,0.000004042
1762399866.049993,8192,0.000004417
1762399866.054299,8192,0.000005875
1762399866.058673,8192,0.000006417
1762399866.063251,8192,0.000004750
1762399866.067532,8192,0.000004125
1762399866.071829,8192,0.000004084
1762399866.076328,8192,0.000008375
1762399866.080760,8192,0.000004083
1762399866.085295,8192,0.000003958
1762399866.089583,8192,0.000003958
1762399866.093977,8192,0.000004791
1762399866.098323,8192,0.000005250
1762399866.102528,8192,0.000005125
1762399866.106824,8192,0.000005125
1762399866.111217,8192,0.000005542
1762399866.115723,8192,0.000005041
1762399866.120011,8192,0.000003375
1762399866.124308,8192,0.000003125
1762399866.128638,8192,0.000006625
1762399866.133036,8192,0.000004209
1762399866.137381,8192,0.000004083
1762399866.141734,8192,0.000006042
1762399866.145971,8192,0.000004750
1762399866.150260,8192,0.000004375
1762399866.154539,8192,0.000004542
1762399866.158806,8192,0.000004250
1762399866.163130,8192,0.000006291
1762399866.167452,8192,0.000004584
1762399866.171797,8192,0.000005666
1762399866.176133,8192,0.000004958
1762399866.180381,8192,0.000003916
1762399866.184661,8192,0.000004250
1762399866.188938,8192,0.000004250
1762399866.193227,8192,0.000004000
1762399866.197474,8192,0.000004458
1762399866.201836,8192,0.000004250
1762399866.206180,8192,0.000004083
1762399866.210532,8192,0.000003792
1762399866.214898,8192,0.000004166
1762399866.219186,8192,0.000003834
1762399866.223406,8192,0.000004042
1762399866.227718,8192,0.000003750
1762399866.232008,8192,0.000003917
1762399866.236311,8192,0.000004166
1762399866.240585,8192,0.000004708
1762399866.244880,8192,0.000005083
1762399866.249187,8192,0.000003708
1762399866.253488,8192,0.000004125
1762399866.257848,8192,0.000005250
1762399866.262209,8192,0.000004791
1762399866.266463,8192,0.000004459
1762399866.270836,8192,0.000003875
1762399866.275092,8192,0.000003916
1762399866.279398,8192,0.000006709
1762399866.284041,8192,0.000005959
1762399866.288401,8192,0.000003125
1762399866.292756,8192,0.000005542
1762399866.297095,8192,0.000004625
1762399866.301406,8192,0.000004292
1762399866.305681,8192,0.000004417
1762399866.309962,8192,0.000004250
1762399866.314211,8192,0.000003208
1762399866.318497,8192,0.000003041
1762399866.322776,8192,0.000006541
1762399866.327177,8192,0.000004416
1762399866.331522,8192,0.000002958
1762399866.335928,8192,0.000008625
1762399866.340210,8192,0.000003958
1762399866.344527,8192,0.000003042
1762399866.348865,8192,0.000005958
1762399866.353090,8192,0.000006084
1762399866.357427,8192,0.000003875
1762399866.361707,8192,0.000003833
1762399866.365990,8192,0.000003666
1762399866.370228,8192,0.000005875
1762399866.374522,8192,0.000004875
1762399866.378878,8192,0.000004000
1762399866.383234,8192,0.000003042
1762399866.387592,8192,0.000006666
1762399866.392404,8192,0.000004000
1762399866.396725,8192,0.000005000
1762399866.401057,8192,0.000006292
1762399866.405360,8192,0.000003959
1762399866.409584,8192,0.000003083
1762399866.413930,8192,0.000003250
1762399866.418261,8192,0.000007334
1762399866.422571,8192,0.000004292
1762399866.426955,8192,0.000004625
1762399866.431289,8192,0.000005583
1762399866.435550,8192,0.000003208
1762399866.439881,8192,0.000007459
1762399866.444140,8192,0.000005041
1762399866.448495,8192,0.000004083
1762399866.452766,8192,0.000003916
1762399866.457097,8192,0.000003875
1762399866.461501,8192,0.000003750
1762399866.465747,8192,0.000004542
1762399866.470129,8192,0.000003083
1762399866.474435,8192,0.000005083
1762399866.478747,8192,0.000003958
1762399866.483006,8192,0.000003916
1762399866.487326,8192,0.000003917
1762399866.491699,8192,0.000004583
1762399866.496059,8192,0.000003875
1762399866.500408,8192,0.000004167
1762399866.504686,8192,0.000003834
1762399866.508969,8192,0.000005584
1762399866.513232,8192,0.000003917
1762399866.517508,8192,0.000003833
1762399866.521882,8192,0.000004333
1762399866.526148,8192,0.000003916
1762399866.530534,8192,0.000004709
1762399866.534835,8192,0.000003041
1762399866.539216,8192,0.000005375
1762399866.543672,8192,0.000009375
1762399866.548032,8192,0.000004875
1762399866.552794,8192,0.000005709
1762399866.557173,8192,0.000005000
1762399866.561467,8192,0.000005166
1762399866.565714,8192,0.000004042
1762399866.570088,8192,0.000004208
1762399866.574440,8192,0.000004875
1762399866.578744,8192,0.000003958
1762399866.583154,8192,0.000005292
1762399866.587917,8192,0.000005500
1762399866.592176,8192,0.000003209
1762399866.596561,8192,0.000006500
1762399866.600898,8192,0.000005458
1762399866.605189,8192,0.000003875
1762399866.609416,8192,0.000003125
1762399866.613868,8192,0.000005792
1762399866.618191,8192,0.000004458
1762399866.622479,8192,0.000004375
1762399866.626820,8192,0.000004167
1762399866.631217,8192,0.000006417
1762399866.635451,8192,0.000003791
1762399866.639865,8192,0.000004667
1762399866.644259,8192,0.000006125
1762399866.648557,8192,0.000005375
1762399866.652879,8192,0.000003458
1762399866.657237,8192,0.000010375
1762399866.661896,8192,0.000005083
1762399866.666272,8192,0.000003583
1762399866.670610,8192,0.000009792
1762399866.674934,8192,0.000004625
1762399866.679320,8192,0.000015125
1762399866.683550,8192,0.000004458
1762399866.687808,8192,0.000003834
1762399866.692162,8192,0.000004041
1762399866.696528,8192,0.000005500
1762399866.700809,8192,0.000003792
1762399866.705049,8192,0.000004042
1762399866.709433,8192,0.000004750
1762399866.713720,8192,0.000004459
1762399866.718013,8192,0.000006125
1762399866.722338,8192,0.000003875
1762399866.726724,8192,0.000005125
1762399866.731002,8192,0.000004209
1762399866.735268,8192,0.000004958
1762399866.739555,8192,0.000004250
1762399866.743867,8192,0.000003959
1762399866.748274,8192,0.000004292
1762399866.752532,8192,0.000004541
1762399866.756881,8192,0.000005333
1762399866.761168,8192,0.000005416
1762399866.765584,8192,0.000004208
1762399866.769916,8192,0.000003875
1762399866.774241,8192,0.000005958
1762399866.778505,8192,0.000004167
1762399866.782842,8192,0.000003166
1762399866.787179,8192,0.000003083
1762399866.791515,8192,0.000010167
1762399866.795707,8192,0.000004666
1762399866.799994,8192,0.000003958
1762399866.804269,8192,0.000004000
1762399866.808609,8192,0.000004167
1762399866.812983,8192,0.000004750
1762399866.817273,8192,0.000004000
1762399866.821447,8192,0.000003042
1762399866.825877,8192,0.000007167
1762399866.830201,8192,0.000003959
1762399866.834464,8192,0.000003917
1762399866.838715,8192,0.000003750
1762399866.843137,8192,0.000004916
1762399866.847359,8192,0.000003959
1762399866.851633,8192,0.000003917
1762399866.855975,8192,0.000006000
1762399866.860220,8192,0.000003833
1762399866.864462,8192,0.000003708
1762399866.868828,8192,0.000004125
1762399866.873171,8192,0.000004250
1762399866.877424,8192,0.000003125
1762399866.881686,8192,0.000005792
1762399866.886026,8192,0.000004250
1762399866.890302,8192,0.000003708
1762399866.894576,8192,0.000004292
1762399866.898878,8192,0.000004042
1762399866.903250,8192,0.000004125
1762399866.907506,8192,0.000005042
1762399866.911789,8192,0.000004500
1762399866.916124,8192,0.000004500
1762399866.920412,8192,0.000004417
1762399866.924647,8192,0.000004167
1762399866.929021,8192,0.000005000
1762399866.933298,8192,0.000004083
1762399866.937531,8192,0.000003042
1762399866.941879,8192,0.000005625
1762399866.946237,8192,0.000004417
1762399866.950438,8192,0.000004667
1762399866.954723,8192,0.000004375
1762399866.959068,8192,0.000004125
1762399866.963426,8192,0.000004000
1762399866.967689,8192,0.000004209
1762399866.971986,8192,0.000005000
1762399866.976274,8192,0.000005625
1762399866.980531,8192,0.000004084
1762399866.984935,8192,0.000007125
1762399866.989266,8192,0.000004125
1762399866.993541,8192,0.000003834
1762399866.998148,8192,0.000004042
1762399867.002519,8192,0.000004334
1762399867.006805,8192,0.000004167
1762399867.011043,8192,0.000003917
1762399867.015484,8192,0.000004666
1762399867.019772,8192,0.000004042
1762399867.024039,8192,0.000004208
1762399867.028438,8192,0.000004375
1762399867.032790,8192,0.000004667
1762399867.037043,8192,0.000003125
1762399867.041327,8192,0.000005041
1762399867.045631,8192,0.000004167
1762399867.050183,8192,0.000005708
1762399867.054691,8192,0.000003333
1762399867.058907,8192,0.000004375
1762399867.063217,8192,0.000004000
1762399867.067642,8192,0.000003792
1762399867.071913,8192,0.000004000
1762399867.076192,8192,0.000004000
1762399867.080539,8192,0.000004459
1762399867.084916,8192,0.000004000
1762399867.089148,8192,0.000003875
1762399867.093422,8192,0.000004041
1762399867.097782,8192,0.000004667
1762399867.102115,8192,0.000003125
1762399867.106401,8192,0.000006917
1762399867.110667,8192,0.000004792
1762399867.114943,8192,0.000004292
1762399867.119252,8192,0.000004417
1762399867.123597,8192,0.000004250
1762399867.127965,8192,0.000003041
1762399867.132240,8192,0.000007375
1762399867.136496,8192,0.000004250
1762399867.140832,8192,0.000004291
1762399867.145062,8192,0.000005000
1762399867.149841,8192,0.000003625
1762399867.154192,8192,0.000003916
1762399867.158501,8192,0.000004000
1762399867.162869,8192,0.000006042
1762399867.167304,8192,0.000004625
1762399867.172073,8192,0.000005458
1762399867.176497,8192,0.000004250
1762399867.180946,8192,0.000007083
1762399867.185249,8192,0.000004458
1762399867.189582,8192,0.000006750
1762399867.193810,8192,0.000004000
1762399867.198191,8192,0.000005250
1762399867.202522,8192,0.000004667
1762399867.206808,8192,0.000004250
1762399867.211193,8192,0.000004166
1762399867.215533,8192,0.000004459
1762399867.219784,8192,0.000004000
1762399867.224015,8192,0.000004042
1762399867.228379,8192,0.000003958
1762399867.232685,8192,0.000004166
1762399867.236964,8192,0.000004084
1762399867.241209,8192,0.000004292
1762399867.245505,8192,0.000004500
1762399867.249771,8192,0.000004917
1762399867.254197,8192,0.000006167
1762399867.258504,8192,0.000004167
1762399867.262824,8192,0.000004000
1762399867.267207,8192,0.000003958
1762399867.271469,8192,0.000004792
1762399867.275720,8192,0.000004167
1762399867.280104,8192,0.000004125
1762399867.284476,8192,0.000003167
1762399867.288730,8192,0.000005458
1762399867.293011,8192,0.000004292
1762399867.297291,8192,0.000004375
1762399867.301572,8192,0.000004125
1762399867.305949,8192,0.000004792
1762399867.310189,8192,0.000004167
1762399867.315016,8192,0.000004583
1762399867.319411,8192,0.000005542
1762399867.323706,8192,0.000004167
1762399867.328006,8192,0.000003542
1762399867.332516,8192,0.000006667
1762399867.336958,8192,0.000003959
1762399867.341591,8192,0.000141083
1762399867.346205,8192,0.000009541
1762399867.350511,8192,0.000004791
1762399867.354921,8192,0.000009833
1762399867.359267,8192,0.000004167
1762399867.363639,8192,0.000003500
1762399867.367981,8192,0.000003542
1762399867.372350,8192,0.000011541
1762399867.376620,8192,0.000004666
1762399867.380953,8192,0.000003875
1762399867.385492,8192,0.000012625
1762399867.389958,8192,0.000006042
1762399867.394323,8192,0.000006583
1762399867.398701,8192,0.000006458
1762399867.402911,8192,0.000005708
1762399867.407196,8192,0.000004875
1762399867.411467,8192,0.000005166
1762399867.415836,8192,0.000004792
1762399867.420173,8192,0.000004666
1762399867.424464,8192,0.000003875
1762399867.428718,8192,0.000004875
1762399867.433097,8192,0.000004417
1762399867.437799,8192,0.000011125
1762399867.441985,8192,0.000004708
1762399867.446295,8192,0.000004250
1762399867.450617,8192,0.000004167
1762399867.455030,8192,0.000004584
1762399867.459356,8192,0.000004208
1762399867.463623,8192,0.000006125
1762399867.467867,8192,0.000004375
1762399867.472267,8192,0.000005792
1762399867.476564,8192,0.000004833
1762399867.480870,8192,0.000004291
1762399867.485127,8192,0.000005334
1762399867.489494,8192,0.000005000
1762399867.493880,8192,0.000004417
1762399867.498202,8192,0.000004333
1762399867.502481,8192,0.000003875
1762399867.506741,8192,0.000004250
1762399867.511134,8192,0.000004042
1762399867.515469,8192,0.000004750
1762399867.519757,8192,0.000005625
1762399867.524007,8192,0.000004458
1762399867.528378,8192,0.000004083
1762399867.532723,8192,0.000003958
1762399867.537002,8192,0.000004875
1762399867.541331,8192,0.000004416
1762399867.545704,8192,0.000004542
1762399867.549991,8192,0.000004791
1762399867.554271,8192,0.000004959
1762399867.558579,8192,0.000004167
1762399867.562876,8192,0.000005083
1762399867.567126,8192,0.000003917
1762399867.571509,8192,0.000004667
1762399867.575842,8192,0.000004292
1762399867.580147,8192,0.000004125
1762399867.584657,8192,0.000004542
1762399867.588846,8192,0.000003500
1762399867.593110,8192,0.000003167
1762399867.597497,8192,0.000009292
1762399867.601862,8192,0.000005209
1762399867.606102,8192,0.000004500
1762399867.610354,8192,0.000004417
1762399867.614715,8192,0.000004541
1762399867.619249,8192,0.000004958
1762399867.623648,8192,0.000005042
1762399867.627987,8192,0.000004959
1762399867.632401,8192,0.000004417
1762399867.636695,8192,0.000004459
1762399867.641128,8192,0.000006041
1762399867.645437,8192,0.000004458
1762399867.649740,8192,0.000004584
1762399867.654116,8192,0.000004750
1762399867.658429,8192,0.000004209
1762399867.662703,8192,0.000004250
1762399867.667025,8192,0.000003916
1762399867.671319,8192,0.000003709
1762399867.675548,8192,0.000004000
1762399867.680363,8192,0.000006542
1762399867.684731,8192,0.000003208
1762399867.689109,8192,0.000005875
1762399867.693372,8192,0.000004792
1762399867.697779,8192,0.000004666
1762399867.702097,8192,0.000004167
1762399867.706371,8192,0.000003875
1762399867.710746,8192,0.000004000
1762399867.715074,8192,0.000004333
1762399867.719307,8192,0.000004083
1762399867.723590,8192,0.000003917
1762399867.727953,8192,0.000004333
1762399867.732258,8192,0.000005125
1762399867.736646,8192,0.000003208
1762399867.740917,8192,0.000003083
1762399867.745261,8192,0.000007125
1762399867.749571,8192,0.000004292
1762399867.753962,8192,0.000004042
1762399867.758290,8192,0.000003875
1762399867.762659,8192,0.000004375
1762399867.767303,8192,0.000004041
1762399867.771568,8192,0.000005875
1762399867.776069,8192,0.000004208
1762399867.780655,8192,0.000004375
1762399867.785043,8192,0.000006167
1762399867.789327,8192,0.000004958
1762399867.793601,8192,0.000004209
1762399867.797901,8192,0.000004833
1762399867.802258,8192,0.000004542
1762399867.806611,8192,0.000003958
1762399867.810943,8192,0.000003833
1762399867.815229,8192,0.000004042
1762399867.819469,8192,0.000003917
1762399867.823839,8192,0.000004084
1762399867.828179,8192,0.000003916
1762399867.832476,8192,0.000004208
1762399867.836715,8192,0.000004042
1762399867.841109,8192,0.000004875
1762399867.845424,8192,0.000004166
1762399867.849712,8192,0.000003750
1762399867.854151,8192,0.000007333
1762399867.858474,8192,0.000005708
1762399867.862703,8192,0.000004167
1762399867.867096,8192,0.000004250
1762399867.871472,8192,0.000004625
1762399867.875745,8192,0.000004250
1762399867.880004,8192,0.000005167
1762399867.884394,8192,0.000003833
1762399867.888729,8192,0.000004208
1762399867.893056,8192,0.000004750
1762399867.897693,8192,0.000004208
1762399867.902081,8192,0.000004208
1762399867.906470,8192,0.000004125
1762399867.910713,8192,0.000004125
1762399867.914983,8192,0.000003917
1762399867.919334,8192,0.000004375
1762399867.923596,8192,0.000004042
1762399867.927843,8192,0.000004292
1762399867.932212,8192,0.000004042
1762399867.936544,8192,0.000004042
1762399867.940833,8192,0.000003916
1762399867.945170,8192,0.000004042
1762399867.949542,8192,0.000004000
1762399867.953795,8192,0.000004209
1762399867.958064,8192,0.000004292
1762399867.962391,8192,0.000003916
1762399867.966765,8192,0.000004334
1762399867.971010,8192,0.000004750
1762399867.975274,8192,0.000004333
1762399867.979629,8192,0.000004083
1762399867.983908,8192,0.000005250
1762399867.988249,8192,0.000005041
1762399867.992611,8192,0.000004000
1762399867.996932,8192,0.000010166
1762399868.001221,8192,0.000006083
1762399868.005860,8192,0.000005875
1762399868.010124,8192,0.000004250
1762399868.014503,8192,0.000004417
1762399868.018835,8192,0.000003875
1762399868.023103,8192,0.000003958
1762399868.027417,8192,0.000004500
1762399868.031790,8192,0.000003625
1762399868.036022,8192,0.000003750
1762399868.040321,8192,0.000005291
1762399868.044620,8192,0.000003166
1762399868.048902,8192,0.000003083
1762399868.053126,8192,0.000003167
1762399868.057496,8192,0.000003041
1762399868.061873,8192,0.000006583
1762399868.066133,8192,0.000004792
1762399868.070505,8192,0.000006917
1762399868.074905,8192,0.000005000
1762399868.079273,8192,0.000010750
1762399868.083502,8192,0.000004000
1762399868.087859,8192,0.000005417
1762399868.092220,8192,0.000005084
1762399868.096534,8192,0.000004000
1762399868.101002,8192,0.000004584
1762399868.105453,8192,0.000003833
1762399868.109752,8192,0.000004667
1762399868.114354,8192,0.000006333
1762399868.118643,8192,0.000003125
1762399868.122991,8192,0.000006792
1762399868.127311,8192,0.000004625
1762399868.131756,8192,0.000005916
1762399868.136006,8192,0.000009209
1762399868.140266,8192,0.000004625
1762399868.144607,8192,0.000003750
1762399868.149006,8192,0.000005083
1762399868.153355,8192,0.000003791
1762399868.157643,8192,0.000003875
1762399868.162016,8192,0.000004625
1762399868.166369,8192,0.000004000
1762399868.170660,8192,0.000004000
1762399868.174906,8192,0.000004166
1762399868.179189,8192,0.000004875
1762399868.183518,8192,0.000004958
1762399868.187905,8192,0.000003917
1762399868.192267,8192,0.000004166
1762399868.196554,8192,0.000003958
1762399868.200808,8192,0.000005291
1762399868.205199,8192,0.000004458
1762399868.209533,8192,0.000004167
1762399868.213850,8192,0.000004375
1762399868.218086,8192,0.000003166
1762399868.222485,8192,0.000005875
1762399868.226821,8192,0.000005041
1762399868.231162,8192,0.000004209
1762399868.235508,8192,0.000005541
1762399868.239791,8192,0.000004083
1762399868.244051,8192,0.000003792
1762399868.248408,8192,0.000004083
1762399868.252734,8192,0.000004250
1762399868.257011,8192,0.000004208
1762399868.261260,8192,0.000004292
1762399868.265743,8192,0.000011042
1762399868.269912,8192,0.000004375
1762399868.274261,8192,0.000004083
1762399868.278489,8192,0.000003917
1762399868.282885,8192,0.000004416
1762399868.287242,8192,0.000005083
1762399868.291543,8192,0.000006084
1762399868.295820,8192,0.000004833
1762399868.300109,8192,0.000004458
1762399868.304391,8192,0.000004375
1762399868.308768,8192,0.000003666
1762399868.313101,8192,0.000004083
1762399868.317365,8192,0.000003959
1762399868.321611,8192,0.000004416
1762399868.326014,8192,0.000004125
1762399868.330359,8192,0.000004125
1762399868.334671,8192,0.000006292
1762399868.338951,8192,0.000005792
1762399868.343246,8192,0.000003417
1762399868.347617,8192,0.000008750
1762399868.351972,8192,0.000004750
1762399868.356187,8192,0.000004375
1762399868.360508,8192,0.000004625
1762399868.364810,8192,0.000006917
1762399868.369136,8192,0.000003916
1762399868.373545,8192,0.000005250
1762399868.377798,8192,0.000004167
1762399868.382087,8192,0.000004458
1762399868.386374,8192,0.000004333
1762399868.390873,8192,0.000003791
1762399868.395309,8192,0.000005417
1762399868.399707,8192,0.000003625
1762399868.404076,8192,0.000003417
1762399868.408434,8192,0.000008875
1762399868.412633,8192,0.000004333
1762399868.417068,8192,0.000004667
1762399868.421375,8192,0.000007250
1762399868.425652,8192,0.000004500
1762399868.429983,8192,0.000004167
1762399868.434278,8192,0.000004250
1762399868.438529,8192,0.000004916
1762399868.442912,8192,0.000004833
1762399868.447270,8192,0.000004209
1762399868.451557,8192,0.000005041
1762399868.455897,8192,0.000004459
1762399868.460288,8192,0.000004041
1762399868.464592,8192,0.000004750
1762399868.468890,8192,0.000003125
1762399868.473236,8192,0.000006792
1762399868.477452,8192,0.000004625
1762399868.481855,8192,0.000004625
1762399868.486213,8192,0.000004375
1762399868.491027,8192,0.000003917
1762399868.495344,8192,0.000007292
1762399868.499626,8192,0.000004250
1762399868.503892,8192,0.000003125
1762399868.508213,8192,0.000005791
1762399868.512536,8192,0.000003875
1762399868.516896,8192,0.000004916
1762399868.521139,8192,0.000005167
1762399868.525397,8192,0.000004292
1762399868.529737,8192,0.000004333
1762399868.534088,8192,0.000003917
1762399868.538337,8192,0.000004250
1762399868.542622,8192,0.000004875
1762399868.546890,8192,0.000005083
1762399868.551551,8192,0.000005250
1762399868.555825,8192,0.000004959
1762399868.560202,8192,0.000004583
1762399868.564537,8192,0.000004167
1762399868.568816,8192,0.000004541
1762399868.573062,8192,0.000004125
1762399868.577349,8192,0.000004334
1762399868.581639,8192,0.000004958
1762399868.586009,8192,0.000003875
1762399868.590351,8192,0.000004416
1762399868.594625,8192,0.000003833
1762399868.598891,8192,0.000004167
1762399868.603256,8192,0.000003792
1762399868.607616,8192,0.000004250
1762399868.611857,8192,0.000003125
1762399868.616288,8192,0.000005209
1762399868.620566,8192,0.000004708
1762399868.624777,8192,0.000004209
1762399868.629062,8192,0.000004584
1762399868.633407,8192,0.000004125
1762399868.637678,8192,0.000004166
1762399868.642194,8192,0.000004459
1762399868.646881,8192,0.000005667
1762399868.651210,8192,0.000005666
1762399868.655477,8192,0.000004125
1762399868.659924,8192,0.000005833
1762399868.693587,8192,0.000013208
1762399868.706848,8192,0.000009792
1762399868.713076,8192,0.000008292
1762399868.721899,8192,0.000009000
1762399868.729351,8192,0.000010583
1762399868.740235,8192,0.000014292
1762399868.745734,8192,0.000009625
1762399868.750681,8192,0.000016458
1762399868.754955,8192,0.000004750
1762399868.760629,8192,0.000007583
1762399868.765488,8192,0.000008167
1762399868.770452,8192,0.000008292
1762399868.774964,8192,0.000003834
1762399868.779343,8192,0.000011667
1762399868.783681,8192,0.000009083
1762399868.788331,8192,0.000006084
1762399868.792746,8192,0.000005375
1762399868.797209,8192,0.000008917
1762399868.803430,8192,0.000005459
1762399868.808794,8192,0.000009500
1762399868.816141,8192,0.000008708
1762399868.822302,8192,0.000013625
1762399868.826517,8192,0.000013667
1762399868.830714,8192,0.000004709
1762399868.835048,8192,0.000005709
1762399868.839642,8192,0.000005333
1762399868.844238,8192,0.000004167
1762399868.848892,8192,0.000005959
1762399868.853328,8192,0.000006083
1762399868.857711,8192,0.000004417
1762399868.861957,8192,0.000003916
1762399868.866692,8192,0.000006542
1762399868.871265,8192,0.000004083
1762399868.875598,8192,0.000003625
1762399868.880488,8192,0.000006125
1762399868.884838,8192,0.000004500
1762399868.889623,8192,0.000004875
1762399868.894682,8192,0.000007875
1762399868.899079,8192,0.000003917
1762399868.903640,8192,0.000014375
1762399868.907975,8192,0.000004791
1762399868.912678,8192,0.000009917
1762399868.917406,8192,0.000005875
1762399868.922026,8192,0.000004167
1762399868.926446,8192,0.000004833
1762399868.930974,8192,0.000005625
1762399868.935249,8192,0.000009625
1762399868.939842,8192,0.000008209
1762399868.944407,8192,0.000008916
1762399868.948880,8192,0.000004792
1762399868.953481,8192,0.000005417
1762399868.958208,8192,0.000003666
1762399868.962585,8192,0.000011584
1762399868.966925,8192,0.000005167
1762399868.971310,8192,0.000012125
1762399868.975667,8192,0.000006167
1762399868.979943,8192,0.000004875
1762399868.984588,8192,0.000010667
1762399868.988785,8192,0.000005209
1762399868.993217,8192,0.000004583
1762399868.997661,8192,0.000006583
1762399869.002051,8192,0.000004458
1762399869.006308,8192,0.000005292
1762399869.010919,8192,0.000009209
1762399869.015216,8192,0.000004542
1762399869.019954,8192,0.000004500
1762399869.024696,8192,0.000009792
1762399869.029181,8192,0.000004083
1762399869.033629,8192,0.000006417
1762399869.037997,8192,0.000011250
1762399869.042549,8192,0.000004500
1762399869.047066,8192,0.000006750
1762399869.051842,8192,0.000012500
1762399869.056067,8192,0.000004625
1762399869.060322,8192,0.000003917
1762399869.064807,8192,0.000006500
1762399869.069206,8192,0.000010792
1762399869.073433,8192,0.000005000
1762399869.077907,8192,0.000007791
1762399869.082485,8192,0.000004417
1762399869.087012,8192,0.000004291
1762399869.091670,8192,0.000008833
1762399869.095984,8192,0.000004583
1762399869.100266,8192,0.000004125
1762399869.104496,8192,0.000004417
1762399869.108793,8192,0.000004250
1762399869.113133,8192,0.000004333
1762399869.117464,8192,0.000003709
1762399869.121736,8192,0.000006000
1762399869.126011,8192,0.000004375
1762399869.130587,8192,0.000007166
1762399869.134983,8192,0.000011167
1762399869.139204,8192,0.000005000
1762399869.143703,8192,0.000005000
1762399869.148222,8192,0.000013625
1762399869.152439,8192,0.000004500
1762399869.156882,8192,0.000009084
1762399869.161241,8192,0.000005125
1762399869.165603,8192,0.000003500
1762399869.169932,8192,0.000004583
1762399869.174535,8192,0.000009875
1762399869.179035,8192,0.000005750
1762399869.183535,8192,0.000008292
1762399869.187856,8192,0.000007750
1762399869.192229,8192,0.000006166
1762399869.196622,8192,0.000011000
1762399869.201077,8192,0.000005667
1762399869.205608,8192,0.000003958
1762399869.209877,8192,0.000004750
1762399869.214189,8192,0.000004916
1762399869.218520,8192,0.000003583
1762399869.222902,8192,0.000005459
1762399869.227232,8192,0.000004125
1762399869.231513,8192,0.000004583
1762399869.235750,8192,0.000004500
1762399869.240133,8192,0.000004458
1762399869.244475,8192,0.000004208
1762399869.248756,8192,0.000005042
1762399869.252999,8192,0.000004041
1762399869.257304,8192,0.000004167
1762399869.261644,8192,0.000004875
1762399869.265970,8192,0.000004000
1762399869.270375,8192,0.000004209
1762399869.274625,8192,0.000004083
1762399869.279106,8192,0.000009583
1762399869.283457,8192,0.000005333
1762399869.287772,8192,0.000003500
1762399869.292032,8192,0.000003125
1762399869.296313,8192,0.000006666
1762399869.300588,8192,0.000005084
1762399869.305070,8192,0.000010500
1762399869.309357,8192,0.000004417
1762399869.313726,8192,0.000004875
1762399869.318006,8192,0.000003333
1762399869.322367,8192,0.000004500
1762399869.326714,8192,0.000004000
1762399869.331000,8192,0.000004042
1762399869.335412,8192,0.000003375
1762399869.339832,8192,0.000011708
1762399869.344084,8192,0.000004084
1762399869.348441,8192,0.000003375
1762399869.352778,8192,0.000013750
1762399869.357069,8192,0.000004709
1762399869.361413,8192,0.000004334
1762399869.365672,8192,0.000004292
1762399869.369912,8192,0.000004833
1762399869.374186,8192,0.000004750
1762399869.378530,8192,0.000005125
1762399869.382971,8192,0.000006584
1762399869.387428,8192,0.000008250
1762399869.391982,8192,0.000005708
1762399869.396287,8192,0.000005334
1762399869.400659,8192,0.000004125
1762399869.405018,8192,0.000004833
1762399869.409289,8192,0.000003917
1762399869.413528,8192,0.000004458
1762399869.417886,8192,0.000003958
1762399869.422250,8192,0.000004709
1762399869.426595,8192,0.000004500
1762399869.430851,8192,0.000003333
1762399869.435638,8192,0.000003250
1762399869.440202,8192,0.000004125
1762399869.444514,8192,0.000013167
1762399869.448788,8192,0.000005667
1762399869.453094,8192,0.000004000
1762399869.457366,8192,0.000004416
1762399869.461588,8192,0.000004000
1762399869.465972,8192,0.000003875
1762399869.470323,8192,0.000004000
1762399869.474615,8192,0.000004375
1762399869.478950,8192,0.000005083
1762399869.483343,8192,0.000004708
1762399869.487561,8192,0.000004166
1762399869.491820,8192,0.000004000
1762399869.496168,8192,0.000004417
1762399869.500453,8192,0.000004083
1762399869.504644,8192,0.000003917
1762399869.508963,8192,0.000003875
1762399869.513298,8192,0.000004375
1762399869.517543,8192,0.000003166
1762399869.521891,8192,0.000005125
1762399869.526265,8192,0.000004167
1762399869.530472,8192,0.000003166
1762399869.534881,8192,0.000004125
1762399869.539237,8192,0.000004750
1762399869.543585,8192,0.000004041
1762399869.547841,8192,0.000004459
1762399869.552118,8192,0.000004208
1762399869.556452,8192,0.000004959
1762399869.560756,8192,0.000004917
1762399869.565093,8192,0.000004167
1762399869.569388,8192,0.000003041
1762399869.573644,8192,0.000004834
1762399869.577940,8192,0.000005708
1762399869.582366,8192,0.000006375
1762399869.586888,8192,0.000007167
1762399869.591535,8192,0.000003875
1762399869.595926,8192,0.000004041
1762399869.600308,8192,0.000004125
1762399869.604549,8192,0.000003791
1762399869.608827,8192,0.000004125
1762399869.613161,8192,0.000003875
1762399869.617450,8192,0.000004875
1762399869.621935,8192,0.000034750
1762399869.626440,8192,0.000015250
1762399869.630723,8192,0.000004875
1762399869.635021,8192,0.000003958
1762399869.639272,8192,0.000003750
1762399869.643776,8192,0.000005375
1762399869.648029,8192,0.000003416
1762399869.652648,8192,0.000005959
1762399869.657224,8192,0.000004000
1762399869.661742,8192,0.000004708
1762399869.666174,8192,0.000010542
1762399869.670321,8192,0.000005125
1762399869.674601,8192,0.000004458
1762399869.679077,8192,0.000008917
1762399869.683397,8192,0.000005000
1762399869.687627,8192,0.000004000
1762399869.691915,8192,0.000003875
1762399869.696308,8192,0.000005792
1762399869.700659,8192,0.000004542
1762399869.705019,8192,0.000009333
1762399869.709417,8192,0.000005333
1762399869.713746,8192,0.000004334
1762399869.718160,8192,0.000009458
1762399869.722669,8192,0.000003792
1762399869.726997,8192,0.000005500
1762399869.731445,8192,0.000008292
1762399869.735771,8192,0.000004750
1762399869.740098,8192,0.000005250
1762399869.744334,8192,0.000004875
1762399869.748612,8192,0.000004375
1762399869.752971,8192,0.000006000
1762399869.757476,8192,0.000009209
1762399869.761864,8192,0.000005791
1762399869.766086,8192,0.000005458
1762399869.770358,8192,0.000004625
1762399869.774711,8192,0.000004625
1762399869.778961,8192,0.000003250
1762399869.783204,8192,0.000005084
1762399869.787538,8192,0.000004958
1762399869.791952,8192,0.000003375
1762399869.796211,8192,0.000004208
1762399869.800491,8192,0.000004792
1762399869.804702,8192,0.000003333
1762399869.808983,8192,0.000003208
1762399869.813318,8192,0.000005417
1762399869.817587,8192,0.000004542
1762399869.821830,8192,0.000004042
1762399869.826200,8192,0.000004875
1762399869.830438,8192,0.000003208
1762399869.834786,8192,0.000005292
1762399869.839047,8192,0.000004583
1762399869.843302,8192,0.000005625
1762399869.847627,8192,0.000004084
1762399869.851827,8192,0.000003667
1762399869.856111,8192,0.000004000
1762399869.860465,8192,0.000004209
1762399869.864749,8192,0.000004292
1762399869.868987,8192,0.000003959
1762399869.873641,8192,0.000005625
1762399869.877974,8192,0.000003166
1762399869.882443,8192,0.000005625
1762399869.886721,8192,0.000004209
1762399869.890927,8192,0.000003125
1762399869.895253,8192,0.000006375
1762399869.899585,8192,0.000004000
1762399869.903873,8192,0.000004875
1762399869.908114,8192,0.000003834
1762399869.912449,8192,0.000005584
1762399869.916763,8192,0.000004291
1762399869.921050,8192,0.000004167
1762399869.925329,8192,0.000004125
1762399869.929611,8192,0.000003042
1762399869.933885,8192,0.000006250
1762399869.938178,8192,0.000005041
1762399869.942490,8192,0.000004209
1762399869.946916,8192,0.000006584
1762399869.951145,8192,0.000004000
1762399869.955444,8192,0.000005625
1762399869.959795,8192,0.000004916
1762399869.964089,8192,0.000004292
1762399869.968353,8192,0.000005375
1762399869.972660,8192,0.000004292
1762399869.976913,8192,0.000004125
1762399869.981221,8192,0.000004084
1762399869.985532,8192,0.000004250
1762399869.989849,8192,0.000003916
1762399869.994101,8192,0.000005625
1762399869.998379,8192,0.000004000
1762399870.002838,8192,0.000004542
1762399870.007125,8192,0.000004459
1762399870.011427,8192,0.000004917
1762399870.015652,8192,0.000004416
1762399870.019945,8192,0.000005916
1762399870.024487,8192,0.000005375
1762399870.028770,8192,0.000010042
1762399870.033015,8192,0.000004542
1762399870.037344,8192,0.000003917
1762399870.041687,8192,0.000004875
1762399870.045937,8192,0.000004250
1762399870.050486,8192,0.000004625
1762399870.055016,8192,0.000010542
1762399870.059392,8192,0.000004375
1762399870.063652,8192,0.000006250
1762399870.067923,8192,0.000004625
1762399870.072258,8192,0.000003916
1762399870.076556,8192,0.000004750
1762399870.080821,8192,0.000003875
1762399870.085135,8192,0.000003167
1762399870.089461,8192,0.000003209
1762399870.093787,8192,0.000006750
1762399870.098023,8192,0.000004042
1762399870.102315,8192,0.000003292
1762399870.106782,8192,0.000004875
1762399870.111306,8192,0.000004625
1762399870.115742,8192,0.000004542
1762399870.119975,8192,0.000004208
1762399870.124266,8192,0.000004666
1762399870.128602,8192,0.000003875
1762399870.133006,8192,0.000004250
1762399870.137284,8192,0.000004083
1762399870.141553,8192,0.000005125
1762399870.145836,8192,0.000005708
1762399870.150147,8192,0.000004416
1762399870.154472,8192,0.000004209
1762399870.159132,8192,0.000010583
1762399870.163343,8192,0.000006042
1762399870.167633,8192,0.000003250
1762399870.172229,8192,0.000013292
1762399870.176726,8192,0.000003834
1762399870.181202,8192,0.000004625
1762399870.185445,8192,0.000003917
1762399870.189744,8192,0.000003917
1762399870.194069,8192,0.000003833
1762399870.198392,8192,0.000004084
1762399870.202659,8192,0.000004292
1762399870.206966,8192,0.000004959
1762399870.211152,8192,0.000004584
1762399870.215509,8192,0.000004000
1762399870.219830,8192,0.000004333
1762399870.224106,8192,0.000004041
1762399870.228372,8192,0.000004709
1762399870.232729,8192,0.000004750
1762399870.237040,8192,0.000004042
1762399870.241343,8192,0.000004208
1762399870.245641,8192,0.000004792
1762399870.249967,8192,0.000004916
1762399870.254286,8192,0.000003917
1762399870.258609,8192,0.000003250
1762399870.262918,8192,0.000005584
1762399870.267141,8192,0.000004416
1762399870.271498,8192,0.000005792
1762399870.275810,8192,0.000004250
1762399870.280040,8192,0.000004042
1762399870.284331,8192,0.000004416
1762399870.288649,8192,0.000005000
1762399870.293052,8192,0.000005875
1762399870.297397,8192,0.000004458
1762399870.302197,8192,0.000007459
1762399870.306454,8192,0.000003625
1762399870.311226,8192,0.000003750
1762399870.315565,8192,0.000003541
1762399870.319971,8192,0.000011833
1762399870.324489,8192,0.000004208
1762399870.328773,8192,0.000003875
1762399870.333369,8192,0.000010250
1762399870.337652,8192,0.000003792
1762399870.341957,8192,0.000004292
1762399870.346455,8192,0.000010375
1762399870.350624,8192,0.000005625
1762399870.354979,8192,0.000004208
1762399870.359934,8192,0.000011250
1762399870.364131,8192,0.000005250
1762399870.368400,8192,0.000004500
1762399870.372730,8192,0.000004125
1762399870.377003,8192,0.000004291
1762399870.381325,8192,0.000004083
1762399870.385694,8192,0.000004125
1762399870.389955,8192,0.000006417
1762399870.394224,8192,0.000005334
1762399870.398740,8192,0.000010334
1762399870.402914,8192,0.000005042
1762399870.407210,8192,0.000004083
1762399870.411732,8192,0.000011208
1762399870.416360,8192,0.000004208
1762399870.420846,8192,0.000005208
1762399870.425431,8192,0.000010416
1762399870.429688,8192,0.000005083
1762399870.433953,8192,0.000004417
1762399870.438242,8192,0.000003834
1762399870.442698,8192,0.000004167
1762399870.446965,8192,0.000004125
1762399870.451412,8192,0.000007334
1762399870.455675,8192,0.000005166
1762399870.460040,8192,0.000005834
1762399870.464434,8192,0.000006959
1762399870.468718,8192,0.000004625
1762399870.473046,8192,0.000004209
1762399870.477435,8192,0.000005375
1762399870.481711,8192,0.000004792
1762399870.486006,8192,0.000004583
1762399870.490322,8192,0.000004500
1762399870.494609,8192,0.000004750
1762399870.498954,8192,0.000004167
1762399870.503303,8192,0.000004458
1762399870.507808,8192,0.000009459
1762399870.512158,8192,0.000003459
1762399870.516439,8192,0.000006417
1762399870.520656,8192,0.000003833
1762399870.525009,8192,0.000006583
1762399870.529315,8192,0.000004583
1762399870.533580,8192,0.000004208
1762399870.537925,8192,0.000004542
1762399870.542318,8192,0.000004291
1762399870.546536,8192,0.000004042
1762399870.550825,8192,0.000004250
1762399870.555165,8192,0.000004292
1762399870.559466,8192,0.000004333
1762399870.563702,8192,0.000004916
1762399870.568018,8192,0.000004333
1762399870.572354,8192,0.000003791
1762399870.576638,8192,0.000004625
1762399870.580982,8192,0.000004292
1762399870.585289,8192,0.000004792
1762399870.589493,8192,0.000004333
1762399870.593778,8192,0.000004333
1762399870.598159,8192,0.000004792
1762399870.602510,8192,0.000004833
1762399870.606796,8192,0.000004334
1762399870.610998,8192,0.000003000
1762399870.615305,8192,0.000005459
1762399870.619624,8192,0.000004333
1762399870.623957,8192,0.000004208
1762399870.628336,8192,0.000004084
1762399870.632637,8192,0.000003959
1762399870.636853,8192,0.000003833
1762399870.641579,8192,0.000003833
1762399870.646296,8192,0.000004500
1762399870.650801,8192,0.000004916
1762399870.655230,8192,0.000006959
1762399870.659601,8192,0.000004542
1762399870.663944,8192,0.000008375
1762399870.668223,8192,0.000005000
1762399870.672540,8192,0.000003333
1762399870.676852,8192,0.000004166
1762399870.681384,8192,0.000011875
1762399870.685823,8192,0.000003834
1762399870.690363,8192,0.000006291
1762399870.694733,8192,0.000005291
1762399870.699098,8192,0.000004083
1762399870.703294,8192,0.000003250
1762399870.707604,8192,0.000005125
1762399870.711953,8192,0.000005125
1762399870.716380,8192,0.000004250
1762399870.720898,8192,0.000005167
1762399870.725459,8192,0.000005625
1762399870.729838,8192,0.000003833
1762399870.734260,8192,0.000010833
1762399870.738479,8192,0.000004250
1762399870.742781,8192,0.000007084
1762399870.747545,8192,0.000005083
1762399870.752160,8192,0.000004000
1762399870.756663,8192,0.000006208
1762399870.761013,8192,0.000003333
1762399870.765383,8192,0.000006708
1762399870.769674,8192,0.000004833
1762399870.774042,8192,0.000004791
1762399870.778381,8192,0.000006625
1762399870.782620,8192,0.000004834
1762399870.787021,8192,0.000011667
1762399870.791509,8192,0.000003958
1762399870.795925,8192,0.000004750
1762399870.800376,8192,0.000006042
1762399870.804621,8192,0.000005875
1762399870.808890,8192,0.000004291
1762399870.813220,8192,0.000005167
1762399870.817632,8192,0.000004708
1762399870.822026,8192,0.000005500
1762399870.826403,8192,0.000010042
1762399870.830682,8192,0.000004291
1762399870.835132,8192,0.000005334
1762399870.839484,8192,0.000003625
1762399870.843708,8192,0.000003250
1762399870.848169,8192,0.000011000
1762399870.852871,8192,0.000014208
1762399870.857289,8192,0.000003917
1762399870.861647,8192,0.000003958
1762399870.866173,8192,0.000011167
1762399870.870485,8192,0.000004125
1762399870.874850,8192,0.000006791
1762399870.879162,8192,0.000003708
1762399870.883516,8192,0.000004042
1762399870.887906,8192,0.000004000
1762399870.892153,8192,0.000004042
1762399870.896456,8192,0.000004250
1762399870.900792,8192,0.000004958
1762399870.905057,8192,0.000004958
1762399870.909293,8192,0.000004292
1762399870.913684,8192,0.000004084
1762399870.917982,8192,0.000004250
1762399870.922254,8192,0.000003708
1762399870.926596,8192,0.000004000
1762399870.931078,8192,0.000005583
1762399870.935439,8192,0.000003792
1762399870.939904,8192,0.000011458
1762399870.944611,8192,0.000005917
1762399870.948865,8192,0.000010125
1762399870.953199,8192,0.000006708
1762399870.958004,8192,0.000003625
1762399870.962362,8192,0.000003666
1762399870.966742,8192,0.000003167
1762399870.971118,8192,0.000003917
1762399870.976052,8192,0.000003916
1762399870.980492,8192,0.000007458
1762399870.984939,8192,0.000009292
1762399870.989142,8192,0.000005333
1762399870.993412,8192,0.000004417
1762399870.997984,8192,0.000011292
1762399871.002268,8192,0.000004875
1762399871.006601,8192,0.000003833
1762399871.010903,8192,0.000003917
1762399871.015170,8192,0.000005458
1762399871.019440,8192,0.000004541
1762399871.023753,8192,0.000004333
1762399871.028129,8192,0.000004667
1762399871.032372,8192,0.000004833
1762399871.036692,8192,0.000004458
1762399871.041077,8192,0.000004583
1762399871.045428,8192,0.000004875
1762399871.049691,8192,0.000004250
1762399871.053929,8192,0.000004375
1762399871.058204,8192,0.000005000
1762399871.062525,8192,0.000004209
1762399871.066846,8192,0.000004333
1762399871.071078,8192,0.000004208
1762399871.075339,8192,0.000004083
1762399871.079689,8192,0.000004125
1762399871.084615,8192,0.000005833
1762399871.089196,8192,0.000006083
1762399871.093839,8192,0.000009250
1762399871.098310,8192,0.000005792
1762399871.102553,8192,0.000005500
1762399871.107327,8192,0.000003667
1762399871.111837,8192,0.000004833
1762399871.116212,8192,0.000004625
1762399871.120519,8192,0.000003958
1762399871.124767,8192,0.000004459
1762399871.129054,8192,0.000005209
1762399871.133391,8192,0.000003834
1762399871.137703,8192,0.000005500
1762399871.142041,8192,0.000004042
1762399871.146308,8192,0.000004125
1762399871.150536,8192,0.000004250
1762399871.154811,8192,0.000004042
1762399871.159137,8192,0.000003917
1762399871.163503,8192,0.000003917
1762399871.167745,8192,0.000003792
1762399871.172119,8192,0.000004708
1762399871.176832,8192,0.000005750
1762399871.181186,8192,0.000004250
1762399871.185459,8192,0.000003875
1762399871.189806,8192,0.000004541
1762399871.194135,8192,0.000004458
1762399871.198364,8192,0.000004666
1762399871.202739,8192,0.000004666
1762399871.207090,8192,0.000004083
1762399871.211200,8192,0.000003833
1762399871.215466,8192,0.000005000
1762399871.219855,8192,0.000004417
1762399871.224278,8192,0.000009583
1762399871.228630,8192,0.000005000
1762399871.232982,8192,0.000004000
1762399871.237255,8192,0.000003875
1762399871.241522,8192,0.000004833
1762399871.245832,8192,0.000005333
1762399871.250176,8192,0.000004375
1762399871.254492,8192,0.000011084
1762399871.258785,8192,0.000004667
1762399871.263296,8192,0.000006542
1762399871.268066,8192,0.000006708
1762399871.272593,8192,0.000004625
1762399871.276998,8192,0.000004333
1762399871.281268,8192,0.000004333
1762399871.285377,8192,0.000005458
1762399871.289720,8192,0.000004416
1762399871.294107,8192,0.000004125
1762399871.298346,8192,0.000003708
1762399871.302724,8192,0.000003834
1762399871.307054,8192,0.000003791
1762399871.311332,8192,0.000004750
1762399871.315666,8192,0.000005125
1762399871.320254,8192,0.000011791
1762399871.324491,8192,0.000004417
1762399871.328816,8192,0.000004542
1762399871.333249,8192,0.000005750
1762399871.337581,8192,0.000006667
1762399871.341675,8192,0.000004625
1762399871.345907,8192,0.000003959
1762399871.350306,8192,0.000004333
1762399871.354626,8192,0.000004625
1762399871.359254,8192,0.000005250
1762399871.363520,8192,0.000004958
1762399871.367866,8192,0.000003125
1762399871.372386,8192,0.000004291
1762399871.376710,8192,0.000003500
1762399871.381166,8192,0.000013125
1762399871.385459,8192,0.000011791
1762399871.389828,8192,0.000005167
1762399871.394338,8192,0.000005458
1762399871.398709,8192,0.000005167
1762399871.403017,8192,0.000005083
1762399871.407242,8192,0.000004209
1762399871.411609,8192,0.000004125
1762399871.415968,8192,0.000004459
1762399871.420264,8192,0.000004250
1762399871.424503,8192,0.000004084
1762399871.428949,8192,0.000004417
1762399871.433471,8192,0.000004417
1762399871.438106,8192,0.000004375
1762399871.442426,8192,0.000003458
1762399871.447087,8192,0.000004917
1762399871.451700,8192,0.000008125
1762399871.456085,8192,0.000005500
1762399871.460352,8192,0.000004833
1762399871.464732,8192,0.000004875
1762399871.469044,8192,0.000004250
1762399871.473315,8192,0.000003791
1762399871.477563,8192,0.000003916
1762399871.481863,8192,0.000004291
1762399871.486178,8192,0.000003208
1762399871.490510,8192,0.000003750
1762399871.494788,8192,0.000003167
1762399871.499266,8192,0.000011750
1762399871.503554,8192,0.000008167
1762399871.508251,8192,0.000005875
1762399871.512562,8192,0.000004500
1762399871.516943,8192,0.000003959
1762399871.521281,8192,0.000003791
1762399871.525678,8192,0.000004167
1762399871.529953,8192,0.000004000
1762399871.534255,8192,0.000004500
1762399871.538613,8192,0.000005000
1762399871.542935,8192,0.000005583
1762399871.547271,8192,0.000004208
1762399871.551612,8192,0.000005459
1762399871.555842,8192,0.000004000
1762399871.560137,8192,0.000004375
1762399871.564502,8192,0.000005791
1762399871.568794,8192,0.000004750
1762399871.573306,8192,0.000003375
1762399871.577653,8192,0.000010208
1762399871.582011,8192,0.000003709
1762399871.586344,8192,0.000003167
1762399871.590669,8192,0.000003250
1762399871.595007,8192,0.000008875
1762399871.599457,8192,0.000011417
1762399871.603850,8192,0.000003583
1762399871.608363,8192,0.000004666
1762399871.612688,8192,0.000004791
1762399871.617055,8192,0.000004875
1762399871.621539,8192,0.000004250
1762399871.625813,8192,0.000003750
1762399871.630104,8192,0.000003250
1762399871.634387,8192,0.000003500
1762399871.639094,8192,0.000014875
1762399871.643632,8192,0.000004125
1762399871.647945,8192,0.000004375
1762399871.652366,8192,0.000004250
1762399871.656794,8192,0.000004833
1762399871.661601,8192,0.000007959
1762399871.666070,8192,0.000006416
1762399871.670548,8192,0.000010666
1762399871.674840,8192,0.000004750
1762399871.679220,8192,0.000011583
1762399871.683417,8192,0.000005083
1762399871.688100,8192,0.000003625
1762399871.692717,8192,0.000011708
1762399871.697141,8192,0.000005708
1762399871.701717,8192,0.000003666
1762399871.706042,8192,0.000004500
1762399871.710531,8192,0.000006500
1762399871.714763,8192,0.000003416
1762399871.719043,8192,0.000005709
1762399871.723389,8192,0.000004333
1762399871.727784,8192,0.000004125
1762399871.732081,8192,0.000003250
1762399871.736400,8192,0.000007333
1762399871.741057,8192,0.000004125
1762399871.745454,8192,0.000005625
1762399871.749837,8192,0.000004667
1762399871.754175,8192,0.000004042
1762399871.758437,8192,0.000004250
1762399871.762709,8192,0.000004417
1762399871.767010,8192,0.000004166
1762399871.771384,8192,0.000004000
1762399871.775727,8192,0.000004375
1762399871.779967,8192,0.000004292
1762399871.784259,8192,0.000004333
1762399871.788991,8192,0.000003667
1762399871.793632,8192,0.000004333
1762399871.797967,8192,0.000004750
1762399871.802278,8192,0.000004834
1762399871.806491,8192,0.000004500
1762399871.810873,8192,0.000003166
1762399871.815224,8192,0.000003125
1762399871.819518,8192,0.000006250
1762399871.823743,8192,0.000004000
1762399871.828054,8192,0.000004958
1762399871.832315,8192,0.000004875
1762399871.836689,8192,0.000004333
1762399871.841034,8192,0.000004375
1762399871.845288,8192,0.000003083
1762399871.849537,8192,0.000005000
1762399871.853911,8192,0.000004209
1762399871.858260,8192,0.000004875
1762399871.862555,8192,0.000004334
1762399871.866994,8192,0.000003791
1762399871.871394,8192,0.000003125
1762399871.875708,8192,0.000010750
1762399871.879950,8192,0.000004542
1762399871.884237,8192,0.000004125
1762399871.888535,8192,0.000004334
1762399871.893046,8192,0.000008666
1762399871.897433,8192,0.000004917
1762399871.901694,8192,0.000005292
1762399871.905970,8192,0.000004875
1762399871.910309,8192,0.000004417
1762399871.914738,8192,0.000004583
1762399871.919400,8192,0.000014250
1762399871.923570,8192,0.000004958
1762399871.927943,8192,0.000004125
1762399871.932274,8192,0.000003750
1762399871.936582,8192,0.000004750
1762399871.940918,8192,0.000004000
1762399871.945349,8192,0.000005417
1762399871.949632,8192,0.000008458
1762399871.953890,8192,0.000004542
1762399871.958178,8192,0.000003667
1762399871.962564,8192,0.000005583
1762399871.967029,8192,0.000004042
1762399871.971575,8192,0.000011250
1762399871.975763,8192,0.000006042
1762399871.980150,8192,0.000003583
1762399871.984892,8192,0.000017416
1762399871.989192,8192,0.000005667
1762399871.993501,8192,0.000006333
1762399871.997781,8192,0.000005416
1762399872.002093,8192,0.000004792
1762399872.006332,8192,0.000004083
1762399872.010602,8192,0.000004042
1762399872.014935,8192,0.000004167
1762399872.019306,8192,0.000004000
1762399872.023526,8192,0.000003875
1762399872.027912,8192,0.000004583
1762399872.032230,8192,0.000004500
1762399872.036339,8192,0.000004958
1762399872.040560,8192,0.000004125
1762399872.044928,8192,0.000004541
1762399872.049693,8192,0.000004792
1762399872.053996,8192,0.000004125
1762399872.058331,8192,0.000003958
1762399872.062654,8192,0.000005250
1762399872.066918,8192,0.000003958
1762399872.071178,8192,0.000004375
1762399872.075449,8192,0.000004625
1762399872.079828,8192,0.000004709
1762399872.084194,8192,0.000004208
1762399872.088537,8192,0.000004458
1762399872.092656,8192,0.000004541
1762399872.096892,8192,0.000004292
1762399872.101291,8192,0.000004208
1762399872.105772,8192,0.000008208
1762399872.110084,8192,0.000005250
1762399872.114456,8192,0.000004500
1762399872.118951,8192,0.000009541
1762399872.123429,8192,0.000003500
1762399872.127928,8192,0.000004334
1762399872.132263,8192,0.000004667
1762399872.136623,8192,0.000004458
1762399872.140881,8192,0.000004459
1762399872.145238,8192,0.000003167
1762399872.149537,8192,0.000006083
1762399872.153651,8192,0.000004292
1762399872.157957,8192,0.000003167
1762399872.162338,8192,0.000004875
1762399872.166589,8192,0.000004208
1762399872.170896,8192,0.000003667
1762399872.175357,8192,0.000003916
1762399872.179708,8192,0.000005084
1762399872.184103,8192,0.000004459
1762399872.188509,8192,0.000005083
1762399872.192856,8192,0.000004458
1762399872.197128,8192,0.000003916
1762399872.201359,8192,0.000003959
1762399872.205741,8192,0.000004084
1762399872.210287,8192,0.000004875
1762399872.214582,8192,0.000004333
1762399872.219202,8192,0.000006458
1762399872.223638,8192,0.000003959
1762399872.228298,8192,0.000010792
1762399872.232599,8192,0.000004542
1762399872.236982,8192,0.000005000
1762399872.241247,8192,0.000003709
1762399872.245709,8192,0.000004625
1762399872.250366,8192,0.000003666
1762399872.255042,8192,0.000006042
1762399872.259295,8192,0.000004042
1762399872.263600,8192,0.000004958
1762399872.267877,8192,0.000004209
1762399872.272263,8192,0.000004834
1762399872.276631,8192,0.000005041
1762399872.281017,8192,0.000003500
1762399872.285342,8192,0.000011750
1762399872.289650,8192,0.000004666
1762399872.294000,8192,0.000004750
1762399872.298195,8192,0.000003250
1762399872.302529,8192,0.000005542
1762399872.306876,8192,0.000004333
1762399872.311171,8192,0.000004292
1762399872.315470,8192,0.000004375
1762399872.319782,8192,0.000005041
1762399872.324057,8192,0.000004125
1762399872.328306,8192,0.000003875
1762399872.332669,8192,0.000004209
1762399872.337009,8192,0.000004250
1762399872.341296,8192,0.000004084
1762399872.345721,8192,0.000005709
1762399872.350130,8192,0.000009083
1762399872.354833,8192,0.000005250
1762399872.359124,8192,0.000004833
1762399872.363438,8192,0.000003250
1762399872.367772,8192,0.000003458
1762399872.372710,8192,0.000006958
1762399872.377198,8192,0.000003792
1762399872.381701,8192,0.000003833
1762399872.386058,8192,0.000004750
1762399872.390313,8192,0.000005042
1762399872.394547,8192,0.000004083
1762399872.398948,8192,0.000004042
1762399872.403224,8192,0.000004209
1762399872.407514,8192,0.000004000
1762399872.411747,8192,0.000003833
1762399872.416126,8192,0.000004542
1762399872.420475,8192,0.000005083
1762399872.424742,8192,0.000005584
1762399872.429070,8192,0.000004833
1762399872.433454,8192,0.000004125
1762399872.437854,8192,0.000005208
1762399872.442113,8192,0.000003416
1762399872.446389,8192,0.000003541
1762399872.450764,8192,0.000010375
1762399872.455318,8192,0.000004500
1762399872.459800,8192,0.000004083
1762399872.464356,8192,0.000005083
1762399872.469036,8192,0.000006583
1762399872.473352,8192,0.000004834
1762399872.477739,8192,0.000004084
1762399872.482049,8192,0.000004875
1762399872.486328,8192,0.000004416
1762399872.490648,8192,0.000005042
1762399872.495072,8192,0.000005834
1762399872.499289,8192,0.000004125
1762399872.503577,8192,0.000005541
1762399872.507925,8192,0.000004458
1762399872.512305,8192,0.000004250
1762399872.516481,8192,0.000003125
1762399872.520760,8192,0.000003125
1762399872.525074,8192,0.000005333
1762399872.529323,8192,0.000004083
1762399872.533717,8192,0.000004500
1762399872.538037,8192,0.000004250
1762399872.542331,8192,0.000004125
1762399872.546564,8192,0.000004167
1762399872.550938,8192,0.000004833
1762399872.555293,8192,0.000004083
1762399872.559611,8192,0.000005084
1762399872.563853,8192,0.000004333
1762399872.568246,8192,0.000004167
1762399872.572529,8192,0.000004125
1762399872.576818,8192,0.000004209
1762399872.581145,8192,0.000004292
1762399872.585423,8192,0.000004125
1762399872.589673,8192,0.000004334
1762399872.594476,8192,0.000005417
1762399872.598845,8192,0.000003458
1762399872.603174,8192,0.000008166
1762399872.607479,8192,0.000004125
1762399872.611753,8192,0.000006666
1762399872.616128,8192,0.000004625
1762399872.620406,8192,0.000004375
1762399872.624700,8192,0.000004000
1762399872.629110,8192,0.000004292
1762399872.633371,8192,0.000004833
1762399872.637716,8192,0.000003541
1762399872.642041,8192,0.000003459
1762399872.646279,8192,0.000003375
1762399872.650700,8192,0.000012333
1762399872.655164,8192,0.000006667
1762399872.659431,8192,0.000004417
1762399872.663703,8192,0.000003209
1762399872.668081,8192,0.000005792
1762399872.672555,8192,0.000004083
1762399872.677000,8192,0.000004708
1762399872.681497,8192,0.000004083
1762399872.685827,8192,0.000004125
1762399872.690345,8192,0.000004209
1762399872.694680,8192,0.000004083
1762399872.698971,8192,0.000003208
1762399872.703246,8192,0.000005042
1762399872.707529,8192,0.000004250
1762399872.711862,8192,0.000007917
1762399872.716214,8192,0.000004292
1762399872.720479,8192,0.000004958
1762399872.724761,8192,0.000004584
1762399872.729085,8192,0.000004084
1762399872.733669,8192,0.000006000
1762399872.738011,8192,0.000004250
1762399872.742325,8192,0.000004000
1762399872.746827,8192,0.000013542
1762399872.751136,8192,0.000004917
1762399872.755449,8192,0.000005125
1762399872.759877,8192,0.000004041
1762399872.764214,8192,0.000012084
1762399872.768562,8192,0.000004292
1762399872.773086,8192,0.000009667
1762399872.777366,8192,0.000004416
1762399872.781613,8192,0.000004209
1762399872.786172,8192,0.000012625
1762399872.790674,8192,0.000004000
1762399872.795208,8192,0.000004417
1762399872.799959,8192,0.000009667
1762399872.804279,8192,0.000004333
1762399872.808592,8192,0.000003958
1762399872.812880,8192,0.000004042
1762399872.817284,8192,0.000003791
1762399872.821682,8192,0.000005791
1762399872.826056,8192,0.000005000
1762399872.830339,8192,0.000005584
1762399872.834622,8192,0.000004334
1762399872.838963,8192,0.000004167
1762399872.843239,8192,0.000004000
1762399872.847569,8192,0.000003833
1762399872.851942,8192,0.000004000
1762399872.856181,8192,0.000004292
1762399872.860484,8192,0.000004542
1762399872.864793,8192,0.000003250
1762399872.869094,8192,0.000003583
1762399872.873484,8192,0.000003250
1762399872.878171,8192,0.000004250
1762399872.882437,8192,0.000003292
1762399872.886842,8192,0.000007000
1762399872.891165,8192,0.000004583
1762399872.895535,8192,0.000005292
1762399872.900367,8192,0.000005792
1762399872.904894,8192,0.000019750
1762399872.909585,8192,0.000005250
1762399872.913831,8192,0.000004209
1762399872.918475,8192,0.000011000
1762399872.923078,8192,0.000003958
1762399872.927489,8192,0.000004334
1762399872.931978,8192,0.000007417
1762399872.936336,8192,0.000005416
1762399872.940588,8192,0.000004250
1762399872.944924,8192,0.000003917
1762399872.949325,8192,0.000005000
1762399872.953711,8192,0.000007584
1762399872.958395,8192,0.000005458
1762399872.962601,8192,0.000003583
1762399872.966959,8192,0.000010625
1762399872.971502,8192,0.000008166
1762399872.975815,8192,0.000007334
1762399872.980150,8192,0.000006000
1762399872.984978,8192,0.000008042
1762399872.989648,8192,0.000013125
1762399872.993980,8192,0.000004875
1762399872.998757,8192,0.000005292
1762399873.003445,8192,0.000004583
1762399873.007586,8192,0.000003625
1762399873.011956,8192,0.000003291
1762399873.016361,8192,0.000003375
1762399873.021089,8192,0.000004250
1762399873.025528,8192,0.000004625
1762399873.029987,8192,0.000010167
1762399873.034380,8192,0.000006167
1762399873.039075,8192,0.000009500
1762399873.043383,8192,0.000004250
1762399873.047706,8192,0.000003916
1762399873.052144,8192,0.000025792
1762399873.056740,8192,0.000003541
1762399873.061265,8192,0.000005125
1762399873.065841,8192,0.000007000
1762399873.070224,8192,0.000004667
1762399873.074492,8192,0.000006083
1762399873.078899,8192,0.000003500
1762399873.083272,8192,0.000011250
1762399873.087463,8192,0.000004792
1762399873.091747,8192,0.000003959
1762399873.096025,8192,0.000004917
1762399873.100399,8192,0.000003792
1762399873.104734,8192,0.000003959
1762399873.109157,8192,0.000004833
1762399873.113384,8192,0.000006292
1762399873.117581,8192,0.000005667
1762399873.121941,8192,0.000003416
1762399873.126408,8192,0.000007042
1762399873.130702,8192,0.000005500
1762399873.135248,8192,0.000009875
1762399873.139640,8192,0.000006375
1762399873.144210,8192,0.000005791
1762399873.148527,8192,0.000003583
1762399873.152792,8192,0.000003125
1762399873.157158,8192,0.000006708
1762399873.161514,8192,0.000004958
1762399873.165765,8192,0.000004792
1762399873.170113,8192,0.000004500
1762399873.174452,8192,0.000004458
1762399873.178563,8192,0.000004250
1762399873.182825,8192,0.000004709
1762399873.187181,8192,0.000004167
1762399873.191449,8192,0.000004583
1762399873.195825,8192,0.000004458
1762399873.200147,8192,0.000003208
1762399873.204600,8192,0.000003875
1762399873.209245,8192,0.000006292
1762399873.213569,8192,0.000005250
1762399873.217872,8192,0.000004042
1762399873.222211,8192,0.000003792
1762399873.226598,8192,0.000003959
1762399873.230914,8192,0.000006042
1762399873.235198,8192,0.000004250
1762399873.239553,8192,0.000003958
1762399873.244009,8192,0.000005917
1762399873.248283,8192,0.000005042
1762399873.252479,8192,0.000009791
1762399873.256796,8192,0.000004208
1762399873.261175,8192,0.000004792
1762399873.265690,8192,0.000009292
1762399873.270187,8192,0.000006500
1762399873.274557,8192,0.000004666
1762399873.278881,8192,0.000005375
1762399873.283312,8192,0.000005041
1762399873.287544,8192,0.000004625
1762399873.291815,8192,0.000005083
1762399873.296174,8192,0.000004417
1762399873.300423,8192,0.000003166
1762399873.304762,8192,0.000005458
1762399873.327966,8192,0.000025459
1762399873.335352,8192,0.000013375
1762399873.340164,8192,0.000008083
1762399873.345386,8192,0.000008917
1762399873.350141,8192,0.000010958
1762399873.354772,8192,0.000005583
1762399873.359917,8192,0.000007958
1762399873.364618,8192,0.000007375
1762399873.369237,8192,0.000006583
1762399873.374117,8192,0.000015542
1762399873.378553,8192,0.000005959
1762399873.383053,8192,0.000003500
1762399873.388005,8192,0.000008333
1762399873.392791,8192,0.000006042
1762399873.397861,8192,0.000009875
1762399873.402360,8192,0.000006500
1762399873.406694,8192,0.000004792
1762399873.413557,8192,0.000010167
1762399873.418475,8192,0.000012125
1762399873.423034,8192,0.000005584
1762399873.427729,8192,0.000011417
1762399873.432052,8192,0.000005125
1762399873.436441,8192,0.000004959
1762399873.440995,8192,0.000014083
1762399873.445400,8192,0.000005417
1762399873.449530,8192,0.000006291
1762399873.454186,8192,0.000012542
1762399873.458397,8192,0.000004959
1762399873.462783,8192,0.000005375
1762399873.467327,8192,0.000011375
1762399873.471902,8192,0.000004334
1762399873.476407,8192,0.000005500
1762399873.481023,8192,0.000004375
1762399873.485836,8192,0.000006125
1762399873.490138,8192,0.000004792
1762399873.494771,8192,0.000008959
1762399873.499035,8192,0.000004916
1762399873.503346,8192,0.000005625
1762399873.507887,8192,0.000013084
1762399873.512285,8192,0.000004834
1762399873.517100,8192,0.000004375
1762399873.521868,8192,0.000011083
1762399873.526188,8192,0.000005375
1762399873.530610,8192,0.000006750
1762399873.535410,8192,0.000006166
1762399873.539771,8192,0.000007083
1762399873.544088,8192,0.000004042
1762399873.548740,8192,0.000003833
1762399873.553158,8192,0.000007125
1762399873.557523,8192,0.000008125
1762399873.562031,8192,0.000005000
1762399873.566273,8192,0.000003500
1762399873.570605,8192,0.000003667
1762399873.575246,8192,0.000003625
1762399873.579864,8192,0.000005250
1762399873.584313,8192,0.000004042
1762399873.588816,8192,0.000012667
1762399873.592992,8192,0.000005000
1762399873.597459,8192,0.000006292
1762399873.602127,8192,0.000009292
1762399873.606472,8192,0.000005792
1762399873.610800,8192,0.000006208
1762399873.615296,8192,0.000005958
1762399873.619575,8192,0.000003666
1762399873.623945,8192,0.000003542
1762399873.628739,8192,0.000012417
1762399873.633301,8192,0.000005167
1762399873.637841,8192,0.000056250
1762399873.642251,8192,0.000006750
1762399873.646546,8192,0.000005333
1762399873.651071,8192,0.000010166
1762399873.655618,8192,0.000004000
1762399873.659932,8192,0.000010167
1762399873.664235,8192,0.000005292
1762399873.668556,8192,0.000005042
1762399873.672948,8192,0.000004625
1762399873.677318,8192,0.000004584
1762399873.681576,8192,0.000004167
1762399873.686053,8192,0.000004708
1762399873.690371,8192,0.000003125
1762399873.694771,8192,0.000005792
1762399873.699440,8192,0.000004583
1762399873.703716,8192,0.000004334
1762399873.708030,8192,0.000003167
1762399873.712410,8192,0.000005875
1762399873.716774,8192,0.000005167
1762399873.721120,8192,0.000004833
1762399873.725460,8192,0.000005333
1762399873.729718,8192,0.000004333
1762399873.734114,8192,0.000004417
1762399873.738461,8192,0.000004334
1762399873.742779,8192,0.000003958
1762399873.746991,8192,0.000004167
1762399873.751286,8192,0.000004000
1762399873.755647,8192,0.000004000
1762399873.759982,8192,0.000004209
1762399873.764455,8192,0.000005791
1762399873.768728,8192,0.000005750
1762399873.773008,8192,0.000004792
1762399873.777347,8192,0.000003958
1762399873.781730,8192,0.000003958
1762399873.785970,8192,0.000004083
1762399873.790263,8192,0.000004792
1762399873.794645,8192,0.000004833
1762399873.799011,8192,0.000004292
1762399873.803350,8192,0.000004167
1762399873.807661,8192,0.000004166
1762399873.811891,8192,0.000004792
1762399873.816206,8192,0.000005334
1762399873.820630,8192,0.000005333
1762399873.824983,8192,0.000004333
1762399873.829256,8192,0.000005000
1762399873.834136,8192,0.000004709
1762399873.838503,8192,0.000006375
1762399873.842828,8192,0.000004291
1762399873.847500,8192,0.000005083
1762399873.851786,8192,0.000005375
1762399873.856156,8192,0.000003959
1762399873.860525,8192,0.000005333
1762399873.864784,8192,0.000003917
1762399873.869028,8192,0.000004584
1762399873.873376,8192,0.000005292
1762399873.877729,8192,0.000004084
1762399873.882079,8192,0.000005083
1762399873.886360,8192,0.000004000
1762399873.890600,8192,0.000004083
1762399873.894871,8192,0.000004083
1762399873.899198,8192,0.000004333
1762399873.903533,8192,0.000004792
1762399873.907832,8192,0.000005250
1762399873.912049,8192,0.000004291
1762399873.916435,8192,0.000004791
1762399873.920756,8192,0.000004375
1762399873.925025,8192,0.000004625
1762399873.929389,8192,0.000003959
1762399873.933766,8192,0.000004083
1762399873.938015,8192,0.000004500
1762399873.942331,8192,0.000004458
1762399873.946659,8192,0.000003334
1762399873.950881,8192,0.000003291
1762399873.955209,8192,0.000006750
1762399873.959525,8192,0.000004708
1762399873.963865,8192,0.000005042
1762399873.968197,8192,0.000004250
1762399873.972475,8192,0.000004041
1762399873.976707,8192,0.000004084
1762399873.981093,8192,0.000004167
1762399873.985445,8192,0.000004375
1762399873.989768,8192,0.000005042
1762399873.994008,8192,0.000004208
1762399873.998370,8192,0.000003917
1762399874.002706,8192,0.000004458
1762399874.007006,8192,0.000005583
1762399874.011334,8192,0.000004625
1762399874.015654,8192,0.000004792
1762399874.019907,8192,0.000004167
1762399874.024214,8192,0.000005375
1762399874.028523,8192,0.000004459
1762399874.032816,8192,0.000004083
1762399874.037041,8192,0.000004209
1762399874.041426,8192,0.000007208
1762399874.045777,8192,0.000005750
1762399874.050034,8192,0.000004125
1762399874.054422,8192,0.000004875
1762399874.058768,8192,0.000004291
1762399874.063023,8192,0.000005000
1762399874.067288,8192,0.000004542
1762399874.071640,8192,0.000004458
1762399874.075896,8192,0.000004042
1762399874.080136,8192,0.000004125
1762399874.084459,8192,0.000004125
1762399874.088802,8192,0.000004375
1762399874.093105,8192,0.000004166
1762399874.097471,8192,0.000009333
1762399874.101857,8192,0.000004375
1762399874.106072,8192,0.000003792
1762399874.110371,8192,0.000005208
1762399874.114766,8192,0.000005875
1762399874.119090,8192,0.000004500
1762399874.123386,8192,0.000004959
1762399874.127645,8192,0.000003875
1762399874.131908,8192,0.000004166
1762399874.136241,8192,0.000004708
1762399874.140578,8192,0.000005042
1762399874.144897,8192,0.000004375
1762399874.149174,8192,0.000004167
1762399874.153443,8192,0.000005167
1762399874.157807,8192,0.000004416
1762399874.162121,8192,0.000004583
1762399874.166421,8192,0.000004167
1762399874.170628,8192,0.000003292
1762399874.175121,8192,0.000005917
1762399874.179786,8192,0.000003875
1762399874.184504,8192,0.000004041
1762399874.188897,8192,0.000008750
1762399874.193193,8192,0.000004542
1762399874.197471,8192,0.000005333
1762399874.201856,8192,0.000003667
1762399874.206088,8192,0.000004333
1762399874.210391,8192,0.000003042
1762399874.214762,8192,0.000005750
1762399874.219039,8192,0.000004542
1762399874.223260,8192,0.000003875
1762399874.227711,8192,0.000005667
1762399874.232045,8192,0.000003292
1762399874.236500,8192,0.000010333
1762399874.240693,8192,0.000004083
1762399874.244947,8192,0.000004625
1762399874.249625,8192,0.000004000
1762399874.253965,8192,0.000006250
1762399874.258261,8192,0.000005167
1762399874.262470,8192,0.000004083
1762399874.266802,8192,0.000003791
1762399874.271111,8192,0.000003958
1762399874.275381,8192,0.000005625
1762399874.279743,8192,0.000003875
1762399874.284267,8192,0.000004167
1762399874.288710,8192,0.000004334
1762399874.293221,8192,0.000003917
1762399874.297442,8192,0.000004166
1762399874.301836,8192,0.000004291
1762399874.306108,8192,0.000004625
1762399874.310360,8192,0.000004250
1762399874.314639,8192,0.000004042
1762399874.318882,8192,0.000003791
1762399874.323200,8192,0.000004208
1762399874.327555,8192,0.000004625
1762399874.332185,8192,0.000005916
1762399874.336968,8192,0.000003375
1762399874.341395,8192,0.000008541
1762399874.346069,8192,0.000005250
1762399874.350339,8192,0.000004625
1762399874.354658,8192,0.000004583
1762399874.358968,8192,0.000004000
1762399874.363354,8192,0.000004041
1762399874.367702,8192,0.000003958
1762399874.371965,8192,0.000003791
1762399874.376244,8192,0.000005917
1762399874.380545,8192,0.000004833
1762399874.384912,8192,0.000004542
1762399874.389288,8192,0.000007000
1762399874.393810,8192,0.000004500
1762399874.398464,8192,0.000004209
1762399874.402786,8192,0.000004625
1762399874.407105,8192,0.000003291
1762399874.411406,8192,0.000003167
1762399874.415660,8192,0.000005458
1762399874.420035,8192,0.000004209
1762399874.424394,8192,0.000003875
1762399874.428660,8192,0.000004209
1762399874.432927,8192,0.000004292
1762399874.437219,8192,0.000005000
1762399874.441543,8192,0.000005500
1762399874.445901,8192,0.000003208
1762399874.450258,8192,0.000006791
1762399874.454499,8192,0.000004708
1762399874.458794,8192,0.000004709
1762399874.463055,8192,0.000004417
1762399874.467396,8192,0.000005375
1762399874.471620,8192,0.000004000
1762399874.475891,8192,0.000004000
1762399874.480236,8192,0.000004250
1762399874.484766,8192,0.000006125
1762399874.489251,8192,0.000004292
1762399874.493511,8192,0.000004000
1762399874.497867,8192,0.000004792
1762399874.502199,8192,0.000004291
1762399874.506434,8192,0.000003916
1762399874.510712,8192,0.000003959
1762399874.515006,8192,0.000004208
1762399874.519313,8192,0.000003750
1762399874.523558,8192,0.000004084
1762399874.527877,8192,0.000004334
1762399874.532415,8192,0.000006417
1762399874.537226,8192,0.000004958
1762399874.541543,8192,0.000003416
1762399874.546243,8192,0.000005542
1762399874.550634,8192,0.000003875
1762399874.554863,8192,0.000003500
1762399874.559247,8192,0.000012084
1762399874.563755,8192,0.000004125
1762399874.568193,8192,0.000005375
1762399874.572560,8192,0.000004041
1762399874.577001,8192,0.000010625
1762399874.581195,8192,0.000004166
1762399874.585598,8192,0.000009500
1762399874.590272,8192,0.000004833
1762399874.594660,8192,0.000003791
1762399874.599205,8192,0.000006167
1762399874.603797,8192,0.000005834
1762399874.608238,8192,0.000005125
1762399874.612822,8192,0.000006084
1762399874.617179,8192,0.000004667
1762399874.621581,8192,0.000004666
1762399874.625808,8192,0.000005042
1762399874.630216,8192,0.000005125
1762399874.634505,8192,0.000004833
1762399874.638829,8192,0.000004208
1762399874.643140,8192,0.000004125
1762399874.647497,8192,0.000003750
1762399874.651940,8192,0.000008250
1762399874.656209,8192,0.000005250
1762399874.660452,8192,0.000003833
1762399874.664868,8192,0.000006375
1762399874.669164,8192,0.000004250
1762399874.673487,8192,0.000005125
1762399874.677708,8192,0.000004792
1762399874.682099,8192,0.000004500
1762399874.686450,8192,0.000005208
1762399874.690711,8192,0.000004458
1762399874.695022,8192,0.000004000
1762399874.699333,8192,0.000005167
1762399874.704217,8192,0.000004916
1762399874.708514,8192,0.000007208
1762399874.712817,8192,0.000004334
1762399874.717158,8192,0.000005083
1762399874.721434,8192,0.000004041
1762399874.725670,8192,0.000004542
1762399874.730048,8192,0.000004958
1762399874.734322,8192,0.000004375
1762399874.738677,8192,0.000003750
1762399874.743035,8192,0.000003958
1762399874.747378,8192,0.000003834
1762399874.751659,8192,0.000004292
1762399874.755895,8192,0.000004250
1762399874.760166,8192,0.000004917
1762399874.764489,8192,0.000004166
1762399874.768789,8192,0.000004041
1762399874.773025,8192,0.000004084
1762399874.777296,8192,0.000003959
1762399874.781629,8192,0.000004209
1762399874.785997,8192,0.000004583
1762399874.790354,8192,0.000005208
1762399874.794603,8192,0.000004083
1762399874.798849,8192,0.000003958
1762399874.803257,8192,0.000004625
1762399874.807530,8192,0.000005416
1762399874.811859,8192,0.000004375
1762399874.816147,8192,0.000004042
1762399874.820394,8192,0.000004167
1762399874.824704,8192,0.000005000
1762399874.829058,8192,0.000003875
1762399874.833315,8192,0.000003125
1762399874.837659,8192,0.000004750
1762399874.842049,8192,0.000005417
1762399874.846302,8192,0.000004917
1762399874.850604,8192,0.000004666
1762399874.854942,8192,0.000004459
1762399874.859320,8192,0.000004333
1762399874.863551,8192,0.000004250
1762399874.867806,8192,0.000004375
1762399874.872137,8192,0.000003875
1762399874.876434,8192,0.000005125
1762399874.880783,8192,0.000004125
1762399874.885102,8192,0.000004208
1762399874.889361,8192,0.000006500
1762399874.893648,8192,0.000004208
1762399874.898023,8192,0.000006500
1762399874.902371,8192,0.000004167
1762399874.906587,8192,0.000003958
1762399874.910855,8192,0.000004417
1762399874.915203,8192,0.000004167
1762399874.919570,8192,0.000004042
1762399874.924253,8192,0.000005583
1762399874.928658,8192,0.000003834
1762399874.933038,8192,0.000003708
1762399874.937315,8192,0.000004084
1762399874.941661,8192,0.000005166
1762399874.945881,8192,0.000005000
1762399874.950226,8192,0.000005875
1762399874.954553,8192,0.000004625
1762399874.958861,8192,0.000004417
1762399874.963118,8192,0.000004459
1762399874.967396,8192,0.000005084
1762399874.971731,8192,0.000004000
1762399874.976180,8192,0.000004417
1762399874.980492,8192,0.000005666
1762399874.984814,8192,0.000004417
1762399874.989211,8192,0.000005750
1762399874.993478,8192,0.000004291
1762399874.997752,8192,0.000005042
1762399875.002073,8192,0.000004375
1762399875.006380,8192,0.000004166
1762399875.010626,8192,0.000004042
1762399875.014941,8192,0.000003875
1762399875.019312,8192,0.000004708
1762399875.023593,8192,0.000005750
1762399875.027925,8192,0.000006083
1762399875.032164,8192,0.000003167
1762399875.036576,8192,0.000006166
1762399875.040900,8192,0.000004250
1762399875.045186,8192,0.000004458
1762399875.049424,8192,0.000003834
1762399875.053806,8192,0.000003875
1762399875.058153,8192,0.000003792
1762399875.062454,8192,0.000004292
1762399875.066798,8192,0.000004250
1762399875.071089,8192,0.000004875
1762399875.075317,8192,0.000005000
1762399875.079638,8192,0.000003958
1762399875.083982,8192,0.000004292
1762399875.088264,8192,0.000004917
1762399875.092487,8192,0.000004250
1762399875.096866,8192,0.000005542
1762399875.101204,8192,0.000004250
1762399875.105590,8192,0.000005750
1762399875.109934,8192,0.000003417
1762399875.114328,8192,0.000008834
1762399875.118644,8192,0.000004291
1762399875.122899,8192,0.000003375
1762399875.127230,8192,0.000011208
1762399875.131416,8192,0.000004292
1762399875.135724,8192,0.000003958
1762399875.140080,8192,0.000004500
1762399875.144348,8192,0.000004375
1762399875.148611,8192,0.000004209
1762399875.152974,8192,0.000003916
1762399875.157326,8192,0.000004709
1762399875.161613,8192,0.000003000
1762399875.165956,8192,0.000006792
1762399875.170309,8192,0.000003917
1762399875.174564,8192,0.000004875
1762399875.178828,8192,0.000004917
1762399875.183170,8192,0.000004208
1762399875.187427,8192,0.000003084
1762399875.191643,8192,0.000004709
1762399875.195965,8192,0.000004791
1762399875.200281,8192,0.000003917
1762399875.204569,8192,0.000006083
1762399875.208911,8192,0.000004167
1762399875.213304,8192,0.000004458
1762399875.217627,8192,0.000004458
1762399875.221936,8192,0.000004500
1762399875.226295,8192,0.000003209
1762399875.230659,8192,0.000006292
1762399875.234946,8192,0.000005000
1762399875.239193,8192,0.000004042
1762399875.243484,8192,0.000004250
1762399875.247837,8192,0.000004250
1762399875.252164,8192,0.000004583
1762399875.257760,8192,0.000005166
1762399875.262063,8192,0.000005250
1762399875.266624,8192,0.000008166
1762399875.270888,8192,0.000004708
1762399875.275228,8192,0.000004833
1762399875.279843,8192,0.000005250
1762399875.284200,8192,0.000004916
1762399875.288417,8192,0.000004208
1762399875.292698,8192,0.000004292
1762399875.297035,8192,0.000004000
1762399875.301372,8192,0.000006458
1762399875.305575,8192,0.000003333
1762399875.309849,8192,0.000003209
1762399875.314162,8192,0.000003208
1762399875.318589,8192,0.000006042
1762399875.322985,8192,0.000008709
1762399875.327180,8192,0.000004625
1762399875.331494,8192,0.000005667
1762399875.335883,8192,0.000004916
1762399875.340150,8192,0.000003667
1762399875.345238,8192,0.000009750
1762399875.349700,8192,0.000007333
1762399875.353972,8192,0.000003875
1762399875.358449,8192,0.000004792
1762399875.363365,8192,0.000006833
1762399875.367777,8192,0.000005000
1762399875.372212,8192,0.000005125
1762399875.376425,8192,0.000003333
1762399875.380741,8192,0.000003167
1762399875.385155,8192,0.000011750
1762399875.389527,8192,0.000004083
1762399875.393776,8192,0.000003500
1762399875.398039,8192,0.000003000
1762399875.402450,8192,0.000008000
1762399875.406825,8192,0.000004417
1762399875.411477,8192,0.000004208
1762399875.415771,8192,0.000006833
1762399875.420099,8192,0.000004709
1762399875.424423,8192,0.000004000
1762399875.428740,8192,0.000003667
1762399875.433013,8192,0.000004250
1762399875.437311,8192,0.000004250
1762399875.441675,8192,0.000004500
1762399875.446030,8192,0.000003791
1762399875.450320,8192,0.000003791
1762399875.454637,8192,0.000005584
1762399875.459014,8192,0.000004709
1762399875.463231,8192,0.000004500
1762399875.467451,8192,0.000003209
1762399875.471799,8192,0.000005500
1762399875.476083,8192,0.000004333
1762399875.480288,8192,0.000004000
1762399875.484608,8192,0.000004042
1762399875.488933,8192,0.000004625
1762399875.493740,8192,0.000007084
1762399875.498133,8192,0.000005917
1762399875.502412,8192,0.000003916
1762399875.506669,8192,0.000004083
1762399875.511019,8192,0.000003083
1762399875.515332,8192,0.000003083
1762399875.519657,8192,0.000006250
1762399875.523912,8192,0.000004792
1762399875.528282,8192,0.000004375
1762399875.532551,8192,0.000003750
1762399875.536927,8192,0.000004292
1762399875.541193,8192,0.000004250
1762399875.545524,8192,0.000004875
1762399875.549845,8192,0.000004166
1762399875.554053,8192,0.000004167
1762399875.558331,8192,0.000005083
1762399875.562667,8192,0.000005042
1762399875.567036,8192,0.000004542
1762399875.571358,8192,0.000005458
1762399875.575646,8192,0.000003917
1762399875.579956,8192,0.000003042
1762399875.584357,8192,0.000005709
1762399875.588764,8192,0.000004125
1762399875.593013,8192,0.000006041
1762399875.597290,8192,0.000004541
1762399875.601635,8192,0.000004666
1762399875.605929,8192,0.000004750
1762399875.610167,8192,0.000003834
1762399875.614483,8192,0.000002917
1762399875.618838,8192,0.000004792
1762399875.623122,8192,0.000003958
1762399875.627518,8192,0.000004458
1762399875.631934,8192,0.000004042
1762399875.636381,8192,0.000004292
1762399875.640727,8192,0.000003958
1762399875.645247,8192,0.000004125
1762399875.649521,8192,0.000003791
1762399875.653885,8192,0.000003834
1762399875.658313,8192,0.000004958
1762399875.662666,8192,0.000008833
1762399875.667102,8192,0.000009625
1762399875.671401,8192,0.000004416
1762399875.675637,8192,0.000004375
1762399875.680084,8192,0.000005959
1762399875.684336,8192,0.000003292
1762399875.688677,8192,0.000010750
1762399875.693415,8192,0.000005833
1762399875.697796,8192,0.000004250
1762399875.702238,8192,0.000005000
1762399875.706482,8192,0.000003416
1762399875.710799,8192,0.000004959
1762399875.715022,8192,0.000005250
1762399875.719414,8192,0.000004417
1762399875.723784,8192,0.000004209
1762399875.728081,8192,0.000004166
1762399875.732291,8192,0.000003250
1762399875.736687,8192,0.000004791
1762399875.741018,8192,0.000004625
1762399875.745326,8192,0.000004541
1762399875.749603,8192,0.000003917
1762399875.753868,8192,0.000003125
1762399875.758106,8192,0.000005125
1762399875.762490,8192,0.000005125
1762399875.766816,8192,0.000004666
1762399875.771094,8192,0.000004250
1762399875.775340,8192,0.000004000
1762399875.779739,8192,0.000004292
1762399875.784096,8192,0.000004750
1762399875.788382,8192,0.000004375
1762399875.792676,8192,0.000004084
1762399875.797046,8192,0.000004250
1762399875.801281,8192,0.000004792
1762399875.805594,8192,0.000003084
1762399875.809906,8192,0.000005542
1762399875.814150,8192,0.000005042
1762399875.818479,8192,0.000005291
1762399875.822802,8192,0.000006708
1762399875.827176,8192,0.000004250
1762399875.831472,8192,0.000004084
1762399875.835758,8192,0.000004125
1762399875.839992,8192,0.000004000
1762399875.844495,8192,0.000004583
1762399875.849060,8192,0.000004292
1762399875.853549,8192,0.000003875
1762399875.857897,8192,0.000004875
1762399875.862280,8192,0.000004375
1762399875.866915,8192,0.000006084
1762399875.871860,8192,0.000005458
1762399875.876349,8192,0.000005458
1762399875.880859,8192,0.000010792
1762399875.885162,8192,0.000004042
1762399875.889443,8192,0.000003958
1762399875.893867,8192,0.000011167
1762399875.898194,8192,0.000004583
1762399875.902552,8192,0.000005083
1762399875.907005,8192,0.000011250
1762399875.911235,8192,0.000004500
1762399875.915620,8192,0.000004958
1762399875.919840,8192,0.000005042
1762399875.924138,8192,0.000004500
1762399875.928485,8192,0.000004083
1762399875.932850,8192,0.000004041
1762399875.937135,8192,0.000004583
1762399875.941427,8192,0.000004583
1762399875.945887,8192,0.000004042
1762399875.950716,8192,0.000006292
1762399875.955096,8192,0.000004416
1762399875.959539,8192,0.000008042
1762399875.963909,8192,0.000005875
1762399875.968190,8192,0.000005625
1762399875.972453,8192,0.000005458
1762399875.976793,8192,0.000004250
1762399875.981178,8192,0.000004542
1762399875.985437,8192,0.000003375
1762399875.989732,8192,0.000005166
1762399875.993959,8192,0.000004125
1762399875.998321,8192,0.000003084
1762399876.002629,8192,0.000003167
1762399876.006947,8192,0.000005917
1762399876.011170,8192,0.000004375
1762399876.015509,8192,0.000003541
1762399876.019800,8192,0.000003125
1762399876.024070,8192,0.000003167
1762399876.028440,8192,0.000003166
1762399876.033221,8192,0.000006167
1762399876.037893,8192,0.000004167
1762399876.042752,8192,0.000006750
1762399876.048986,8192,0.000009750
1762399876.054198,8192,0.000006750
1762399876.059193,8192,0.000005542
1762399876.063881,8192,0.000006125
1762399876.068445,8192,0.000004875
1762399876.073417,8192,0.000012917
1762399876.077865,8192,0.000007417
1762399876.082450,8192,0.000011625
1762399876.086965,8192,0.000004500
1762399876.091548,8192,0.000005208
1762399876.095859,8192,0.000003334
1762399876.100367,8192,0.000012416
1762399876.104647,8192,0.000004583
1762399876.109040,8192,0.000004667
1762399876.113368,8192,0.000006500
1762399876.117638,8192,0.000004584
1762399876.121950,8192,0.000005000
1762399876.126299,8192,0.000004042
1762399876.130641,8192,0.000004875
1762399876.134904,8192,0.000004000
1762399876.139204,8192,0.000003250
1762399876.143547,8192,0.000003125
1762399876.147661,8192,0.000003166
1762399876.152011,8192,0.000003083
1762399876.156440,8192,0.000007625
1762399876.160646,8192,0.000004000
1762399876.165037,8192,0.000004291
1762399876.169375,8192,0.000003792
1762399876.173694,8192,0.000004834
1762399876.177936,8192,0.000004500
1762399876.182210,8192,0.000003833
1762399876.186553,8192,0.000003958
1762399876.190879,8192,0.000004417
1762399876.195209,8192,0.000004208
1762399876.199521,8192,0.000003792
1762399876.203776,8192,0.000004416
1762399876.207905,8192,0.000006500
1762399876.212216,8192,0.000004708
1762399876.216618,8192,0.000004750
1762399876.221015,8192,0.000004458
1762399876.225356,8192,0.000004166
1762399876.229637,8192,0.000003917
1762399876.233997,8192,0.000004375
1762399876.238277,8192,0.000004959
1762399876.242500,8192,0.000004125
1762399876.246826,8192,0.000004375
1762399876.251162,8192,0.000004292
1762399876.255502,8192,0.000014083
1762399876.259739,8192,0.000003917
1762399876.263874,8192,0.000004709
1762399876.268195,8192,0.000004000
1762399876.272624,8192,0.000005625
1762399876.277004,8192,0.000004209
1762399876.281246,8192,0.000004667
1762399876.285524,8192,0.000004333
1762399876.289889,8192,0.000004375
1762399876.294183,8192,0.000004083
1762399876.298450,8192,0.000004542
1762399876.302837,8192,0.000004250
1762399876.307175,8192,0.000004167
1762399876.311507,8192,0.000004500
1762399876.315867,8192,0.000004125
1762399876.319976,8192,0.000004167
1762399876.324336,8192,0.000004125
1762399876.328906,8192,0.000004333
1762399876.333524,8192,0.000005625
1762399876.337781,8192,0.000004666
1762399876.342184,8192,0.000011625
1762399876.346600,8192,0.000008208
1762399876.350966,8192,0.000004584
1762399876.355239,8192,0.000003875
1762399876.359709,8192,0.000007792
1762399876.364220,8192,0.000004167
1762399876.368590,8192,0.000004458
1762399876.373028,8192,0.000009875
1762399876.377449,8192,0.000005375
1762399876.381813,8192,0.000004583
1762399876.386151,8192,0.000004042
1762399876.390579,8192,0.000004417
1762399876.394900,8192,0.000005458
1762399876.399139,8192,0.000003583
1762399876.403546,8192,0.000007792
1762399876.407882,8192,0.000004292
1762399876.412145,8192,0.000003875
1762399876.416532,8192,0.000003958
1762399876.420879,8192,0.000004292
1762399876.424995,8192,0.000005166
1762399876.429349,8192,0.000004542
1762399876.433727,8192,0.000004209
1762399876.437936,8192,0.000003125
1762399876.442385,8192,0.000006125
1762399876.447155,8192,0.000004667
1762399876.451535,8192,0.000005791
1762399876.455836,8192,0.000005042
1762399876.460095,8192,0.000004541
1762399876.464374,8192,0.000004375
1762399876.468714,8192,0.000004167
1762399876.473113,8192,0.000004417
1762399876.477449,8192,0.000004542
1762399876.481848,8192,0.000004334
1762399876.486107,8192,0.000004166
1762399876.490230,8192,0.000003958
1762399876.494589,8192,0.000004625
1762399876.498980,8192,0.000003875
1762399876.503217,8192,0.000004125
1762399876.507603,8192,0.000003958
1762399876.511961,8192,0.000004750
1762399876.516234,8192,0.000005833
1762399876.520572,8192,0.000005000
1762399876.524892,8192,0.000004625
1762399876.529300,8192,0.000005708
1762399876.533672,8192,0.000005000
1762399876.537945,8192,0.000005750
1762399876.542073,8192,0.000004584
1762399876.546395,8192,0.000004042
1762399876.550817,8192,0.000004167
1762399876.555081,8192,0.000005459
1762399876.559397,8192,0.000003166
1762399876.563840,8192,0.000007458
1762399876.568153,8192,0.000004417
1762399876.572397,8192,0.000005042
1762399876.576679,8192,0.000004666
1762399876.581277,8192,0.000003667
1762399876.585558,8192,0.000004167
1762399876.589824,8192,0.000005041
1762399876.594585,8192,0.000006292
1762399876.599017,8192,0.000005208
1762399876.603593,8192,0.000006875
1762399876.607961,8192,0.000004166
1762399876.612215,8192,0.000005625
1762399876.616618,8192,0.000005250
1762399876.620948,8192,0.000004459
1762399876.625047,8192,0.000004000
1762399876.629310,8192,0.000004500
1762399876.633674,8192,0.000003125
1762399876.637988,8192,0.000003041
1762399876.642748,8192,0.000012125
1762399876.647182,8192,0.000003958
1762399876.651652,8192,0.000004333
1762399876.655894,8192,0.000003917
1762399876.660171,8192,0.000006625
1762399876.664545,8192,0.000004417
1762399876.668906,8192,0.000004125
1762399876.673312,8192,0.000004209
1762399876.677539,8192,0.000004041
1762399876.681691,8192,0.000004542
1762399876.685988,8192,0.000004291
1762399876.690375,8192,0.000004833
1762399876.694690,8192,0.000004667
1762399876.699052,8192,0.000004541
1762399876.703390,8192,0.000004292
1762399876.707652,8192,0.000003292
1762399876.711968,8192,0.000003250
1762399876.716205,8192,0.000005542
1762399876.720553,8192,0.000004500
1762399876.724935,8192,0.000005125
1762399876.729163,8192,0.000004166
1762399876.733295,8192,0.000004292
1762399876.737724,8192,0.000004084
1762399876.742103,8192,0.000005833
1762399876.746341,8192,0.000003791
1762399876.750734,8192,0.000003334
1762399876.755036,8192,0.000004291
1762399876.759364,8192,0.000004458
1762399876.763747,8192,0.000004834
1762399876.767993,8192,0.000004375
1762399876.772319,8192,0.000004208
1762399876.776671,8192,0.000003667
1762399876.780958,8192,0.000004375
1762399876.785080,8192,0.000004334
1762399876.789309,8192,0.000004500
1762399876.793687,8192,0.000003958
1762399876.798024,8192,0.000003750
1762399876.802376,8192,0.000004125
1762399876.806649,8192,0.000004250
1762399876.810917,8192,0.000004791
1762399876.815299,8192,0.000005875
1762399876.819546,8192,0.000003167
1762399876.824338,8192,0.000005000
1762399876.828842,8192,0.000007167
1762399876.833050,8192,0.000003834
1762399876.837164,8192,0.000003250
1762399876.841550,8192,0.000005583
1762399876.845806,8192,0.000004416
1762399876.850213,8192,0.000004292
1762399876.854482,8192,0.000004291
1762399876.858788,8192,0.000004125
1762399876.863139,8192,0.000004083
1762399876.867392,8192,0.000003209
1762399876.871718,8192,0.000006625
1762399876.876016,8192,0.000004250
1762399876.880254,8192,0.000004167
1762399876.884626,8192,0.000004042
1762399876.889000,8192,0.000003792
1762399876.893387,8192,0.000004042
1762399876.897746,8192,0.000005500
1762399876.902466,8192,0.000004458
1762399876.906849,8192,0.000005666
1762399876.910966,8192,0.000004333
1762399876.915249,8192,0.000004667
1762399876.919621,8192,0.000004083
1762399876.923864,8192,0.000004250
1762399876.928186,8192,0.000004084
1762399876.932543,8192,0.000006000
1762399876.936801,8192,0.000004084
1762399876.941046,8192,0.000003250
1762399876.945346,8192,0.000005416
1762399876.949680,8192,0.000004042
1762399876.954107,8192,0.000006250
1762399876.958343,8192,0.000004375
1762399876.962688,8192,0.000003958
1762399876.966961,8192,0.000004292
1762399876.971096,8192,0.000004125
1762399876.975466,8192,0.000006083
1762399876.979657,8192,0.000004375
1762399876.983952,8192,0.000003125
1762399876.988291,8192,0.000003375
1762399876.992622,8192,0.000006291
1762399876.996875,8192,0.000003958
1762399877.001155,8192,0.000005000
1762399877.005398,8192,0.000005417
1762399877.009823,8192,0.000003959
1762399877.014142,8192,0.000003959
1762399877.018530,8192,0.000004834
1762399877.022790,8192,0.000005125
1762399877.026973,8192,0.000007250
1762399877.031281,8192,0.000004542
1762399877.035681,8192,0.000005042
1762399877.040271,8192,0.000004250
1762399877.044601,8192,0.000006708
1762399877.048936,8192,0.000003875
1762399877.053318,8192,0.000009625
1762399877.057593,8192,0.000004959
1762399877.061903,8192,0.000003209
1762399877.066192,8192,0.000003084
1762399877.070422,8192,0.000003083
1762399877.074855,8192,0.000009958
1762399877.079258,8192,0.000005041
1762399877.083569,8192,0.000009584
1762399877.087950,8192,0.000004750
1762399877.092235,8192,0.000004000
1762399877.096371,8192,0.000004667
1762399877.100604,8192,0.000005334
1762399877.104987,8192,0.000004125
1762399877.109348,8192,0.000003667
1762399877.113652,8192,0.000004208
1762399877.117876,8192,0.000004208
1762399877.122239,8192,0.000004875
1762399877.126555,8192,0.000007334
1762399877.130808,8192,0.000004209
1762399877.135185,8192,0.000004583
1762399877.139466,8192,0.000003166
1762399877.143704,8192,0.000006500
1762399877.147961,8192,0.000006042
1762399877.152304,8192,0.000004209
1762399877.156690,8192,0.000003875
1762399877.161098,8192,0.000010042
1762399877.165382,8192,0.000004000
1762399877.169697,8192,0.000004083
1762399877.173972,8192,0.000003833
1762399877.178262,8192,0.000004292
1762399877.182580,8192,0.000005709
1762399877.186796,8192,0.000003958
1762399877.191512,8192,0.000005833
1762399877.195905,8192,0.000004167
1762399877.200234,8192,0.000004000
1762399877.204495,8192,0.000004667
1762399877.208814,8192,0.000005542
1762399877.213134,8192,0.000005208
1762399877.217516,8192,0.000004291
1762399877.221817,8192,0.000004416
1762399877.226183,8192,0.000005209
1762399877.230411,8192,0.000004500
1762399877.234695,8192,0.000004000
1762399877.239031,8192,0.000004125
1762399877.243324,8192,0.000005542
1762399877.247586,8192,0.000003959
1762399877.251957,8192,0.000005250
1762399877.256301,8192,0.000005042
1762399877.260587,8192,0.000004375
1762399877.264855,8192,0.000003833
1762399877.269126,8192,0.000004084
1762399877.273351,8192,0.000004041
1762399877.277717,8192,0.000003875
1762399877.282038,8192,0.000004250
1762399877.286448,8192,0.000004833
1762399877.290690,8192,0.000004542
1762399877.294951,8192,0.000004125
1762399877.299287,8192,0.000004166
1762399877.303594,8192,0.000004625
1762399877.307845,8192,0.000003459
1762399877.312662,8192,0.000004291
1762399877.316959,8192,0.000005500
1762399877.321314,8192,0.000004625
1762399877.325644,8192,0.000004000
1762399877.329917,8192,0.000004083
1762399877.334143,8192,0.000004125
1762399877.338439,8192,0.000004958
1762399877.342761,8192,0.000004334
1762399877.347032,8192,0.000004000
1762399877.351494,8192,0.000006750
1762399877.355749,8192,0.000005709
1762399877.360108,8192,0.000004125
1762399877.364447,8192,0.000004625
1762399877.368651,8192,0.000003084
1762399877.373318,8192,0.000004959
1762399877.378004,8192,0.000005917
1762399877.382566,8192,0.000005833
1762399877.386939,8192,0.000005667
1762399877.391328,8192,0.000005000
1762399877.395586,8192,0.000003958
1762399877.400128,8192,0.000006334
1762399877.404311,8192,0.000005292
1762399877.409109,8192,0.000004875
1762399877.413448,8192,0.000006208
1762399877.418021,8192,0.000006875
1762399877.422241,8192,0.000008125
1762399877.426629,8192,0.000008916
1762399877.430963,8192,0.000005125
1762399877.435263,8192,0.000005917
1762399877.439968,8192,0.000005375
1762399877.444503,8192,0.000009209
1762399877.449010,8192,0.000003375
1762399877.453277,8192,0.000004125
1762399877.457655,8192,0.000003666
1762399877.462396,8192,0.000004417
1762399877.467059,8192,0.000008458
1762399877.471298,8192,0.000005333
1762399877.475574,8192,0.000004459
1762399877.479904,8192,0.000004375
1762399877.484219,8192,0.000004375
1762399877.488450,8192,0.000004750
1762399877.492804,8192,0.000005333
1762399877.497063,8192,0.000003917
1762399877.501450,8192,0.000004875
1762399877.505729,8192,0.000004333
1762399877.509883,8192,0.000004542
1762399877.514118,8192,0.000004625
1762399877.518490,8192,0.000004083
1762399877.522838,8192,0.000004875
1762399877.527037,8192,0.000006125
1762399877.531426,8192,0.000004875
1762399877.535679,8192,0.000005917
1762399877.539972,8192,0.000004416
1762399877.544242,8192,0.000005958
1762399877.548601,8192,0.000005000
1762399877.552932,8192,0.000004833
1762399877.557316,8192,0.000004458
1762399877.561552,8192,0.000004209
1762399877.566067,8192,0.000006584
1762399877.570434,8192,0.000004541
1762399877.574661,8192,0.000004709
1762399877.579024,8192,0.000004542
1762399877.583374,8192,0.000004500
1762399877.587655,8192,0.000003791
1762399877.591995,8192,0.000004083
1762399877.596294,8192,0.000004209
1762399877.600511,8192,0.000004208
1762399877.604869,8192,0.000004084
1762399877.609238,8192,0.000005209
1762399877.613606,8192,0.000004833
1762399877.617832,8192,0.000004750
1762399877.621991,8192,0.000004459
1762399877.626303,8192,0.000004792
1762399877.630688,8192,0.000003959
1762399877.635029,8192,0.000006000
1762399877.639380,8192,0.000004083
1762399877.643946,8192,0.000004875
1762399877.648268,8192,0.000003833
1762399877.652557,8192,0.000004209
1762399877.656835,8192,0.000007583
1762399877.661184,8192,0.000003458
1762399877.665527,8192,0.000007208
1762399877.669861,8192,0.000006375
1762399877.674223,8192,0.000004667
1762399877.678452,8192,0.000003959
1762399877.683242,8192,0.000005375
1762399877.687454,8192,0.000004458
1762399877.691884,8192,0.000006417
1762399877.696490,8192,0.000008208
1762399877.700760,8192,0.000005917
1762399877.705614,8192,0.000005917
1762399877.710125,8192,0.000005667
1762399877.714789,8192,0.000004459
1762399877.719407,8192,0.000004000
1762399877.723678,8192,0.000003292
1762399877.728010,8192,0.000010917
1762399877.732243,8192,0.000004750
1762399877.736585,8192,0.000004667
1762399877.740980,8192,0.000004333
1762399877.745329,8192,0.000006042
1762399877.749703,8192,0.000009000
1762399877.754035,8192,0.000004000
1762399877.758357,8192,0.000005208
1762399877.762679,8192,0.000004333
1762399877.767076,8192,0.000004500
1762399877.771317,8192,0.000005416
1762399877.775905,8192,0.000009334
1762399877.780189,8192,0.000004167
1762399877.784486,8192,0.000004042
1762399877.788996,8192,0.000011000
1762399877.793871,8192,0.000004125
1762399877.799729,8192,0.000007916
1762399877.806053,8192,0.000008875
1762399877.810669,8192,0.000005334
1762399877.815981,8192,0.000008125
1762399877.820837,8192,0.000011042
1762399877.825391,8192,0.000005750
1762399877.830105,8192,0.000010000
1762399877.834353,8192,0.000006833
1762399877.838742,8192,0.000004958
1762399877.843416,8192,0.000012041
1762399877.847532,8192,0.000005917
1762399877.851829,8192,0.000004959
1762399877.856155,8192,0.000004125
1762399877.860537,8192,0.000003750
1762399877.864772,8192,0.000004542
1762399877.869114,8192,0.000003916
1762399877.873444,8192,0.000004709
1762399877.877675,8192,0.000003792
1762399877.882069,8192,0.000007125
1762399877.886407,8192,0.000003833
1762399877.890838,8192,0.000011959
1762399877.895090,8192,0.000004250
1762399877.899474,8192,0.000004041
1762399877.903703,8192,0.000004791
1762399877.907979,8192,0.000004834
1762399877.912308,8192,0.000004542
1762399877.916663,8192,0.000003500
1762399877.921101,8192,0.000009375
1762399877.925361,8192,0.000006166
1762399877.929661,8192,0.000004291
1762399877.933880,8192,0.000004083
1762399877.938013,8192,0.000005250
1762399877.942340,8192,0.000004333
1762399877.946660,8192,0.000003959
1762399877.950996,8192,0.000005000
1762399877.955371,8192,0.000004416
1762399877.959582,8192,0.000005291
1762399877.963878,8192,0.000003875
1762399877.968157,8192,0.000003334
1762399877.972451,8192,0.000005084
1762399877.976688,8192,0.000004709
1762399877.981059,8192,0.000004125
1762399877.985436,8192,0.000005417
1762399877.989915,8192,0.000010833
1762399877.994128,8192,0.000004375
1762399877.998409,8192,0.000005459
1762399878.002663,8192,0.000004542
1762399878.007046,8192,0.000003042
1762399878.011281,8192,0.000003333
1762399878.015729,8192,0.000003375
1762399878.020148,8192,0.000035291
1762399878.024404,8192,0.000004375
1762399878.028888,8192,0.000011959
1762399878.033542,8192,0.000006417
1762399878.037869,8192,0.000004625
1762399878.042154,8192,0.000004000
1762399878.046381,8192,0.000004083
1762399878.050788,8192,0.000004959
1762399878.055094,8192,0.000003208
1762399878.059411,8192,0.000005750
1762399878.063765,8192,0.000004625
1762399878.068114,8192,0.000005666
1762399878.072332,8192,0.000003416
1762399878.076714,8192,0.000008541
1762399878.080955,8192,0.000004125
1762399878.085228,8192,0.000004542
1762399878.089571,8192,0.000005208
1762399878.094014,8192,0.000005083
1762399878.098284,8192,0.000009042
1762399878.102647,8192,0.000004208
1762399878.106960,8192,0.000003417
1762399878.111275,8192,0.000007708
1762399878.115497,8192,0.000004708
1762399878.119909,8192,0.000004708
1762399878.124493,8192,0.000009417
1762399878.128820,8192,0.000005291
1762399878.133294,8192,0.000005042
1762399878.137618,8192,0.000004292
1762399878.142033,8192,0.000010875
1762399878.146386,8192,0.000004791
1762399878.150749,8192,0.000003583
1762399878.155522,8192,0.000005917
1762399878.160267,8192,0.000004917
1762399878.165036,8192,0.000005000
1762399878.169395,8192,0.000004167
1762399878.173646,8192,0.000004083
1762399878.178099,8192,0.000005250
1762399878.182424,8192,0.000004875
1762399878.186723,8192,0.000003084
1762399878.191398,8192,0.000008917
1762399878.195581,8192,0.000004125
1762399878.200179,8192,0.000008042
1762399878.204803,8192,0.000004458
1762399878.209160,8192,0.000005500
1762399878.213431,8192,0.000003250
1762399878.217767,8192,0.000003542
1762399878.222122,8192,0.000008708
1762399878.226432,8192,0.000005584
1762399878.230799,8192,0.000008375
1762399878.235230,8192,0.000004583
1762399878.239578,8192,0.000004416
1762399878.243893,8192,0.000004959
1762399878.248116,8192,0.000003125
1762399878.252461,8192,0.000004959
1762399878.256732,8192,0.000005292
1762399878.261031,8192,0.000004292
1762399878.265342,8192,0.000004333
1762399878.269675,8192,0.000003958
1762399878.273970,8192,0.000003959
1762399878.278228,8192,0.000003750
1762399878.282565,8192,0.000004291
1762399878.286859,8192,0.000004041
1762399878.291092,8192,0.000003958
1762399878.295493,8192,0.000005000
1762399878.299753,8192,0.000004333
1762399878.304024,8192,0.000005958
1762399878.308477,8192,0.000005625
1762399878.312770,8192,0.000003542
1762399878.317071,8192,0.000010250
1762399878.321332,8192,0.000004041
1762399878.325608,8192,0.000004666
1762399878.330182,8192,0.000003417
1762399878.334688,8192,0.000008708
1762399878.338873,8192,0.000004542
1762399878.343184,8192,0.000005167
1762399878.347686,8192,0.000008666
1762399878.351931,8192,0.000004667
1762399878.356310,8192,0.000004334
1762399878.360877,8192,0.000008208
1762399878.365669,8192,0.000005917
1762399878.369934,8192,0.000004459
1762399878.374367,8192,0.000006542
1762399878.378749,8192,0.000011333
1762399878.382971,8192,0.000004292
1762399878.387202,8192,0.000005583
1762399878.391518,8192,0.000004666
1762399878.395821,8192,0.000008250
1762399878.400078,8192,0.000004625
1762399878.404506,8192,0.000004375
1762399878.408844,8192,0.000003875
1762399878.413485,8192,0.000007208
1762399878.417802,8192,0.000003792
1762399878.422201,8192,0.000003250
1762399878.426727,8192,0.000014875
1762399878.431027,8192,0.000004916
1762399878.435365,8192,0.000003542
1762399878.439658,8192,0.000005625
1762399878.443902,8192,0.000004167
1762399878.448213,8192,0.000003042
1762399878.452502,8192,0.000005250
1762399878.456783,8192,0.000005125
1762399878.461125,8192,0.000004333
1762399878.465395,8192,0.000004041
1762399878.469650,8192,0.000005084
1762399878.474030,8192,0.000004459
1762399878.478342,8192,0.000003333
1762399878.482737,8192,0.000005375
1762399878.486967,8192,0.000004375
1762399878.491276,8192,0.000004666
1762399878.495723,8192,0.000006166
1762399878.500046,8192,0.000007708
1762399878.504351,8192,0.000004625
1762399878.508833,8192,0.000012125
1762399878.513239,8192,0.000004959
1762399878.517939,8192,0.000006792
1762399878.522473,8192,0.000012083
1762399878.526804,8192,0.000005458
1762399878.531117,8192,0.000004708
1762399878.535437,8192,0.000010917
1762399878.539793,8192,0.000005291
1762399878.544130,8192,0.000004083
1762399878.548388,8192,0.000004250
1762399878.552629,8192,0.000004666
1762399878.557009,8192,0.000003792
1762399878.561306,8192,0.000004042
1762399878.565583,8192,0.000004000
1762399878.569926,8192,0.000005416
1762399878.574175,8192,0.000004709
1762399878.578406,8192,0.000004125
1762399878.582738,8192,0.000004250
1762399878.587036,8192,0.000005042
1762399878.591338,8192,0.000003875
1762399878.595570,8192,0.000005375
1762399878.599940,8192,0.000004167
1762399878.604290,8192,0.000004459
1762399878.608608,8192,0.000005208
1762399878.612881,8192,0.000004084
1762399878.617103,8192,0.000004583
1762399878.621500,8192,0.000004417
1762399878.625999,8192,0.000005709
1762399878.630392,8192,0.000008833
1762399878.634705,8192,0.000005250
1762399878.638931,8192,0.000004167
1762399878.643232,8192,0.000004833
1762399878.647582,8192,0.000006042
1762399878.651910,8192,0.000003875
1762399878.656285,8192,0.000004292
1762399878.660623,8192,0.000009958
1762399878.664838,8192,0.000006791
1762399878.669580,8192,0.000006500
1762399878.674056,8192,0.000003792
1762399878.678538,8192,0.000004042
1762399878.683118,8192,0.000008625
1762399878.687339,8192,0.000005375
1762399878.691583,8192,0.000003459
1762399878.695862,8192,0.000003166
1762399878.700237,8192,0.000010000
1762399878.704569,8192,0.000003916
1762399878.709016,8192,0.000010084
1762399878.713408,8192,0.000005500
1762399878.718085,8192,0.000007416
1762399878.722891,8192,0.000005750
1762399878.727266,8192,0.000006084
1762399878.731555,8192,0.000005000
1762399878.736007,8192,0.000010625
1762399878.740506,8192,0.000004209
1762399878.745045,8192,0.000004791
1762399878.749613,8192,0.000007167
1762399878.753882,8192,0.000004833
1762399878.758181,8192,0.000004167
1762399878.762464,8192,0.000004334
1762399878.766794,8192,0.000004291
1762399878.771167,8192,0.000004167
1762399878.775381,8192,0.000003791
1762399878.779672,8192,0.000004375
1762399878.784044,8192,0.000006042
1762399878.788294,8192,0.000004875
1762399878.792517,8192,0.000004000
1762399878.796891,8192,0.000004167
1762399878.801245,8192,0.000005084
1762399878.805502,8192,0.000003917
1762399878.809831,8192,0.000003959
1762399878.814104,8192,0.000003833
1762399878.818608,8192,0.000004083
1762399878.823212,8192,0.000005834
1762399878.827906,8192,0.000006084
1762399878.832303,8192,0.000006125
1762399878.836590,8192,0.000003916
1762399878.840861,8192,0.000005584
1762399878.845218,8192,0.000008750
1762399878.849483,8192,0.000004542
1762399878.853846,8192,0.000003375
1762399878.858209,8192,0.000006000
1762399878.862523,8192,0.000004625
1762399878.866890,8192,0.000007000
1762399878.871331,8192,0.000004084
1762399878.876022,8192,0.000003833
1762399878.880405,8192,0.000004167
1762399878.884740,8192,0.000004416
1762399878.889083,8192,0.000005208
1762399878.893655,8192,0.000007333
1762399878.897895,8192,0.000005250
1762399878.902281,8192,0.000003333
1762399878.906596,8192,0.000005167
1762399878.910712,8192,0.000005041
1762399878.914960,8192,0.000003917
1762399878.919303,8192,0.000003792
1762399878.923641,8192,0.000003709
1762399878.928033,8192,0.000004875
1762399878.932343,8192,0.000004375
1762399878.936644,8192,0.000004625
1762399878.941434,8192,0.000004167
1762399878.945767,8192,0.000006083
1762399878.949996,8192,0.000004042
1762399878.954620,8192,0.000004666
1762399878.959005,8192,0.000005833
1762399878.963492,8192,0.000005375
1762399878.967740,8192,0.000005667
1762399878.971874,8192,0.000004041
1762399878.976322,8192,0.000005875
1762399878.980733,8192,0.000008125
1762399878.985038,8192,0.000003750
1762399878.989371,8192,0.000005458
1762399878.993606,8192,0.000004916
1762399878.997917,8192,0.000004417
1762399879.002396,8192,0.000004833
1762399879.006738,8192,0.000009541
1762399879.011546,8192,0.000005625
1762399879.016168,8192,0.000004625
1762399879.020470,8192,0.000010958
1762399879.024806,8192,0.000004625
1762399879.029089,8192,0.000004291
1762399879.033218,8192,0.000004709
1762399879.037540,8192,0.000005417
1762399879.041954,8192,0.000003875
1762399879.046216,8192,0.000004583
1762399879.050612,8192,0.000004625
1762399879.054962,8192,0.000005917
1762399879.059259,8192,0.000004500
1762399879.064103,8192,0.000004833
1762399879.068405,8192,0.000006292
1762399879.072710,8192,0.000004084
1762399879.076996,8192,0.000004125
1762399879.081369,8192,0.000003917
1762399879.085729,8192,0.000004750
1762399879.090099,8192,0.000003875
1762399879.094338,8192,0.000004083
1762399879.098471,8192,0.000003958
1762399879.102819,8192,0.000003959
1762399879.107213,8192,0.000003916
1762399879.111461,8192,0.000003959
1762399879.115846,8192,0.000003750
1762399879.120125,8192,0.000004250
1762399879.124439,8192,0.000006125
1762399879.128777,8192,0.000004125
1762399879.133075,8192,0.000005208
1762399879.137330,8192,0.000004333
1762399879.141705,8192,0.000004083
1762399879.146032,8192,0.000005000
1762399879.150424,8192,0.000004084
1762399879.154700,8192,0.000004291
1762399879.158835,8192,0.000004916
1762399879.163105,8192,0.000004459
1762399879.167518,8192,0.000004750
1762399879.171840,8192,0.000004209
1762399879.176222,8192,0.000004292
1762399879.180457,8192,0.000003833
1762399879.184732,8192,0.000003875
1762399879.189086,8192,0.000004209
1762399879.193374,8192,0.000004083
1762399879.197615,8192,0.000004125
1762399879.202016,8192,0.000004833
1762399879.206269,8192,0.000003208
1762399879.210686,8192,0.000005708
1762399879.215016,8192,0.000004625
1762399879.219148,8192,0.000004625
1762399879.223392,8192,0.000004292
1762399879.227780,8192,0.000003750
1762399879.232107,8192,0.000004041
1762399879.236500,8192,0.000004750
1762399879.240754,8192,0.000004458
1762399879.245065,8192,0.000004834
1762399879.249346,8192,0.000004250
1762399879.253631,8192,0.000003792
1762399879.257981,8192,0.000004125
1762399879.262359,8192,0.000005333
1762399879.266594,8192,0.000004375
1762399879.270975,8192,0.000004208
1762399879.275308,8192,0.000003125
1762399879.279455,8192,0.000005458
1762399879.283702,8192,0.000004416
1762399879.288080,8192,0.000004542
1762399879.292351,8192,0.000004333
1762399879.296723,8192,0.000004125
1762399879.301063,8192,0.000004167
1762399879.305351,8192,0.000005041
1762399879.309589,8192,0.000004875
1762399879.313861,8192,0.000005125
1762399879.318222,8192,0.000004083
1762399879.322657,8192,0.000005750
1762399879.326926,8192,0.000009125
1762399879.331147,8192,0.000004375
1762399879.335474,8192,0.000004917
1762399879.340352,8192,0.000004750
1762399879.344645,8192,0.000004916
1762399879.349042,8192,0.000004500
1762399879.353410,8192,0.000003750
1762399879.357523,8192,0.000004459
1762399879.361776,8192,0.000004042
1762399879.366172,8192,0.000004416
1762399879.370484,8192,0.000005667
1762399879.374954,8192,0.000005791
1762399879.379272,8192,0.000009333
1762399879.383575,8192,0.000004291
1762399879.387867,8192,0.000003833
1762399879.392136,8192,0.000004375
1762399879.396533,8192,0.000007208
1762399879.400870,8192,0.000003917
1762399879.405259,8192,0.000003916
1762399879.409516,8192,0.000003750
1762399879.413621,8192,0.000003834
1762399879.417920,8192,0.000004666
1762399879.422695,8192,0.000004208
1762399879.427061,8192,0.000005583
1762399879.431459,8192,0.000004000
1762399879.435877,8192,0.000006500
1762399879.440293,8192,0.000005292
1762399879.444660,8192,0.000004250
1762399879.448938,8192,0.000003958
1762399879.453174,8192,0.000003875
1762399879.457466,8192,0.000004208
1762399879.461744,8192,0.000005625
1762399879.466117,8192,0.000004541
1762399879.470462,8192,0.000004500
1762399879.474839,8192,0.000003917
1762399879.479106,8192,0.000003541
1762399879.483250,8192,0.000003917
1762399879.487660,8192,0.000004208
1762399879.492059,8192,0.000003834
1762399879.496410,8192,0.000005334
1762399879.500631,8192,0.000003125
1762399879.504899,8192,0.000005625
1762399879.509181,8192,0.000004542
1762399879.513479,8192,0.000003916
1762399879.517803,8192,0.000003875
1762399879.522065,8192,0.000004583
1762399879.526356,8192,0.000003041
1762399879.530743,8192,0.000003083
1762399879.535103,8192,0.000010875
1762399879.539421,8192,0.000004542
1762399879.543700,8192,0.000003958
1762399879.547817,8192,0.000003541
1762399879.552171,8192,0.000005166
1762399879.556548,8192,0.000006000
1762399879.560771,8192,0.000004458
1762399879.565138,8192,0.000004750
1762399879.569763,8192,0.000005542
1762399879.574045,8192,0.000003250
1762399879.578380,8192,0.000006541
1762399879.582637,8192,0.000003875
1762399879.586954,8192,0.000003875
1762399879.591292,8192,0.000005791
1762399879.595521,8192,0.000004125
1762399879.599884,8192,0.000005000
1762399879.604250,8192,0.000003875
1762399879.608605,8192,0.000003000
1762399879.612843,8192,0.000003417
1762399879.617386,8192,0.000010791
1762399879.621741,8192,0.000003792
1762399879.626249,8192,0.000003917
1762399879.630539,8192,0.000003958
1762399879.635012,8192,0.000006250
1762399879.639544,8192,0.000005042
1762399879.643944,8192,0.000008667
1762399879.648374,8192,0.000004083
1762399879.653252,8192,0.000043709
1762399879.657740,8192,0.000004125
1762399879.662018,8192,0.000003042
1762399879.666570,8192,0.000011625
1762399879.671124,8192,0.000004583
1762399879.675601,8192,0.000004709
1762399879.680084,8192,0.000006125
1762399879.684528,8192,0.000003792
1762399879.688988,8192,0.000004959
1762399879.693334,8192,0.000005375
1762399879.697565,8192,0.000004125
1762399879.701870,8192,0.000003833
1762399879.706206,8192,0.000003708
1762399879.710600,8192,0.000004208
1762399879.714817,8192,0.000003125
1762399879.719195,8192,0.000003000
1762399879.723503,8192,0.000006667
1762399879.727768,8192,0.000004500
1762399879.732102,8192,0.000003958
1762399879.736416,8192,0.000004167
1762399879.740628,8192,0.000003084
1762399879.744995,8192,0.000006833
1762399879.749391,8192,0.000006583
1762399879.753707,8192,0.000005917
1762399879.757961,8192,0.000004000
1762399879.762212,8192,0.000004375
1762399879.766513,8192,0.000004375
1762399879.770836,8192,0.000004500
1762399879.775250,8192,0.000010125
1762399879.779593,8192,0.000005084
1762399879.783814,8192,0.000003042
1762399879.788447,8192,0.000010375
1762399879.792665,8192,0.000005041
1762399879.796960,8192,0.000004417
1762399879.801283,8192,0.000004417
1762399879.805572,8192,0.000004625
1762399879.809925,8192,0.000005375
1762399879.814217,8192,0.000005000
1762399879.818491,8192,0.000004708
1762399879.822769,8192,0.000004167
1762399879.827085,8192,0.000004208
1762399879.831405,8192,0.000004334
1762399879.835637,8192,0.000005125
1762399879.839977,8192,0.000003208
1762399879.844381,8192,0.000010834
1762399879.848685,8192,0.000004375
1762399879.853042,8192,0.000003167
1762399879.857261,8192,0.000002959
1762399879.861546,8192,0.000003125
1762399879.865910,8192,0.000005417
1762399879.870186,8192,0.000004167
1762399879.874478,8192,0.000002959
1762399879.878708,8192,0.000002875
1762399879.883031,8192,0.000006000
1762399879.887362,8192,0.000004875
1762399879.891647,8192,0.000003792
1762399879.895985,8192,0.000004958
1762399879.900383,8192,0.000005084
1762399879.904600,8192,0.000004542
1762399879.908968,8192,0.000004167
1762399879.913313,8192,0.000004000
1762399879.917606,8192,0.000004125
1762399879.921813,8192,0.000004250
1762399879.926114,8192,0.000005750
1762399879.930896,8192,0.000004625
1762399879.935603,8192,0.000009042
1762399879.940082,8192,0.000008292
1762399879.944674,8192,0.000005333
1762399879.949410,8192,0.000009708
1762399879.953749,8192,0.000005375
1762399879.958047,8192,0.000004333
1762399879.962488,8192,0.000006083
1762399879.966788,8192,0.000011542
1762399879.971014,8192,0.000004416
1762399879.975573,8192,0.000011875
1762399879.979863,8192,0.000003500
1762399879.984396,8192,0.000004000
1762399879.989085,8192,0.000006500
1762399879.993640,8192,0.000004208
1762399879.998005,8192,0.000006792
1762399880.002228,8192,0.000004250
1762399880.006594,8192,0.000004542
1762399880.010880,8192,0.000004458
1762399880.015478,8192,0.000010292
1762399880.019708,8192,0.000005000
1762399880.024032,8192,0.000004417
1762399880.028490,8192,0.000010166
1762399880.032800,8192,0.000004958
1762399880.037083,8192,0.000004542
1762399880.041437,8192,0.000004416
1762399880.045680,8192,0.000006083
1762399880.050046,8192,0.000003459
1762399880.054320,8192,0.000003333
1762399880.058651,8192,0.000007583
1762399880.062881,8192,0.000004708
1762399880.067202,8192,0.000003750
1762399880.071663,8192,0.000005583
1762399880.076019,8192,0.000005625
1762399880.080302,8192,0.000004000
1762399880.084583,8192,0.000004541
1762399880.089141,8192,0.000004416
1762399880.093580,8192,0.000004292
1762399880.097891,8192,0.000004459
1762399880.102150,8192,0.000005875
1762399880.106493,8192,0.000004334
1762399880.110846,8192,0.000004584
1762399880.115169,8192,0.000004750
1762399880.119502,8192,0.000003959
1762399880.123921,8192,0.000005042
1762399880.128144,8192,0.000004791
1762399880.132415,8192,0.000005000
1762399880.136702,8192,0.000004083
1762399880.141025,8192,0.000004375
1762399880.145268,8192,0.000005417
1762399880.149663,8192,0.000008709
1762399880.153964,8192,0.000004709
1762399880.158323,8192,0.000004333
1762399880.162880,8192,0.000011708
1762399880.167318,8192,0.000005167
1762399880.171940,8192,0.000004292
1762399880.176369,8192,0.000005583
1762399880.180776,8192,0.000004416
1762399880.185023,8192,0.000004667
1762399880.189318,8192,0.000004917
1762399880.193598,8192,0.000003875
1762399880.197966,8192,0.000003791
1762399880.202207,8192,0.000003833
1762399880.206501,8192,0.000003875
1762399880.210832,8192,0.000005209
1762399880.215152,8192,0.000004000
1762399880.219502,8192,0.000004209
1762399880.223768,8192,0.000004042
1762399880.228005,8192,0.000004417
1762399880.232314,8192,0.000004125
1762399880.236599,8192,0.000004291
1762399880.240985,8192,0.000004959
1762399880.245294,8192,0.000004791
1762399880.249584,8192,0.000004209
1762399880.253916,8192,0.000004917
1762399880.258310,8192,0.000004084
1762399880.262658,8192,0.000003958
1762399880.266950,8192,0.000003875
1762399880.271209,8192,0.000004750
1762399880.275522,8192,0.000004375
1762399880.279808,8192,0.000004083
1762399880.284122,8192,0.000004750
1762399880.288354,8192,0.000004500
1762399880.292645,8192,0.000004000
1762399880.296994,8192,0.000004417
1762399880.301739,8192,0.000004792
1762399880.306153,8192,0.000005709
1762399880.310415,8192,0.000003791
1762399880.315056,8192,0.000004583
1762399880.319369,8192,0.000003167
1762399880.323820,8192,0.000007042
1762399880.328353,8192,0.000004292
1762399880.332610,8192,0.000003042
1762399880.336852,8192,0.000003125
1762399880.341229,8192,0.000006458
1762399880.345546,8192,0.000003875
1762399880.349816,8192,0.000005625
1762399880.354154,8192,0.000004125
1762399880.358457,8192,0.000004167
1762399880.362692,8192,0.000005333
1762399880.367114,8192,0.000004833
1762399880.371401,8192,0.000004000
1762399880.375660,8192,0.000004291
1762399880.379913,8192,0.000004125
1762399880.384288,8192,0.000006125
1762399880.388812,8192,0.000006500
1762399880.393172,8192,0.000009250
1762399880.397463,8192,0.000004166
1762399880.401778,8192,0.000005791
1762399880.406048,8192,0.000004416
1762399880.410334,8192,0.000004500
1762399880.414925,8192,0.000005750
1762399880.419323,8192,0.000008166
1762399880.423717,8192,0.000004166
1762399880.428108,8192,0.000008917
1762399880.432440,8192,0.000004375
1762399880.436720,8192,0.000004375
1762399880.441164,8192,0.000007833
1762399880.445545,8192,0.000004125
1762399880.449861,8192,0.000005416
1762399880.454125,8192,0.000005375
1762399880.458518,8192,0.000005333
1762399880.462911,8192,0.000003375
1762399880.467240,8192,0.000005500
1762399880.471495,8192,0.000004125
1762399880.475788,8192,0.000003375
1762399880.480201,8192,0.000008167
1762399880.484511,8192,0.000006709
1762399880.488833,8192,0.000003083
1762399880.493157,8192,0.000006000
1762399880.497432,8192,0.000004708
1762399880.502047,8192,0.000005083
1762399880.506322,8192,0.000004958
1762399880.510692,8192,0.000004666
1762399880.514990,8192,0.000003000
1762399880.519474,8192,0.000005000
1762399880.524004,8192,0.000008416
1762399880.528239,8192,0.000005208
1762399880.532555,8192,0.000004542
1762399880.536901,8192,0.000004167
1762399880.541169,8192,0.000004125
1762399880.545447,8192,0.000004333
1762399880.549921,8192,0.000006166
1762399880.554308,8192,0.000009541
1762399880.558632,8192,0.000004417
1762399880.562883,8192,0.000004042
1762399880.567196,8192,0.000004791
1762399880.571518,8192,0.000004250
1762399880.575934,8192,0.000004042
1762399880.580223,8192,0.000005250
1762399880.584534,8192,0.000004416
1762399880.588770,8192,0.000005750
1762399880.593099,8192,0.000004375
1762399880.597434,8192,0.000004084
1762399880.601705,8192,0.000004417
1762399880.605968,8192,0.000004459
1762399880.610277,8192,0.000003791
1762399880.614604,8192,0.000004125
1762399880.619035,8192,0.000004916
1762399880.623335,8192,0.000004958
1762399880.627954,8192,0.000007625
1762399880.632220,8192,0.000004416
1762399880.636649,8192,0.000005250
1762399880.641363,8192,0.000004917
1762399880.645810,8192,0.000009083
1762399880.650034,8192,0.000005209
1762399880.654307,8192,0.000004083
1762399880.658693,8192,0.000005000
1762399880.663028,8192,0.000004833
1762399880.667297,8192,0.000004791
1762399880.671608,8192,0.000005417
1762399880.675847,8192,0.000004375
1762399880.680474,8192,0.000007541
1762399880.684813,8192,0.000004333
1762399880.689214,8192,0.000004792
1762399880.693443,8192,0.000004375
1762399880.697763,8192,0.000004500
1762399880.702115,8192,0.000004000
1762399880.706618,8192,0.000007542
1762399880.710933,8192,0.000003542
1762399880.715573,8192,0.000005250
1762399880.719829,8192,0.000004250
1762399880.724282,8192,0.000004583
1762399880.728540,8192,0.000003208
1762399880.732884,8192,0.000005250
1762399880.737275,8192,0.000004042
1762399880.741483,8192,0.000003083
1762399880.745775,8192,0.000003166
1762399880.750127,8192,0.000003084
1762399880.754417,8192,0.000003125
1762399880.758759,8192,0.000008750
1762399880.762997,8192,0.000004709
1762399880.767207,8192,0.000003833
1762399880.771540,8192,0.000005000
1762399880.775858,8192,0.000004625
1762399880.780164,8192,0.000004667
1762399880.784434,8192,0.000005625
1762399880.788729,8192,0.000004167
1762399880.793045,8192,0.000004292
1762399880.797434,8192,0.000004791
1762399880.802353,8192,0.000004000
1762399880.806683,8192,0.000005875
1762399880.810959,8192,0.000004000
1762399880.815319,8192,0.000009708
1762399880.819850,8192,0.000004000
1762399880.824410,8192,0.000004458
1762399880.828986,8192,0.000009208
1762399880.833238,8192,0.000005333
1762399880.837460,8192,0.000004417
1762399880.841930,8192,0.000010084
1762399880.846202,8192,0.000004084
1762399880.850953,8192,0.000006791
1762399880.855440,8192,0.000003417
1762399880.859761,8192,0.000003375
1762399880.864128,8192,0.000010959
1762399880.868436,8192,0.000005000
1762399880.872734,8192,0.000004416
1762399880.876964,8192,0.000004208
1762399880.881349,8192,0.000005084
1762399880.885673,8192,0.000004917
1762399880.889939,8192,0.000004208
1762399880.894273,8192,0.000012000
1762399880.898602,8192,0.000005083
1762399880.902926,8192,0.000005708
1762399880.907204,8192,0.000004417
1762399880.911557,8192,0.000004375
1762399880.915961,8192,0.000005458
1762399880.920265,8192,0.000005791
1762399880.924535,8192,0.000003416
1762399880.928921,8192,0.000009042
1762399880.933099,8192,0.000005542
1762399880.937389,8192,0.000004833
1762399880.941747,8192,0.000004583
1762399880.946107,8192,0.000004208
1762399880.950459,8192,0.000003917
1762399880.954742,8192,0.000004459
1762399880.958957,8192,0.000005000
1762399880.963282,8192,0.000005833
1762399880.967551,8192,0.000004083
1762399880.971831,8192,0.000004250
1762399880.976329,8192,0.000013292
1762399880.980587,8192,0.000004458
1762399880.984893,8192,0.000004708
1762399880.989191,8192,0.000005000
1762399880.993507,8192,0.000005209
1762399880.997723,8192,0.000004333
1762399881.002064,8192,0.000005417
1762399881.006340,8192,0.000004375
1762399881.011199,8192,0.000004791
1762399881.015491,8192,0.000005791
1762399881.019768,8192,0.000004375
1762399881.024099,8192,0.000004959
1762399881.028477,8192,0.000005000
1762399881.033174,8192,0.000004291
1762399881.037564,8192,0.000006125
1762399881.041773,8192,0.000003916
1762399881.046077,8192,0.000004667
1762399881.050378,8192,0.000003875
1762399881.054741,8192,0.000003959
1762399881.059005,8192,0.000005166
1762399881.063296,8192,0.000004375
1762399881.067609,8192,0.000004167
1762399881.071889,8192,0.000003834
1762399881.076267,8192,0.000003834
1762399881.080611,8192,0.000003792
1762399881.084894,8192,0.000005167
1762399881.089179,8192,0.000004208
1762399881.093460,8192,0.000004875
1762399881.097861,8192,0.000003417
1762399881.102112,8192,0.000004083
1762399881.106410,8192,0.000005084
1762399881.110743,8192,0.000003833
1762399881.115173,8192,0.000005416
1762399881.119495,8192,0.000004500
1762399881.123774,8192,0.000004042
1762399881.128046,8192,0.000005459
1762399881.132309,8192,0.000003750
1762399881.136589,8192,0.000004708
1762399881.141068,8192,0.000004083
1762399881.145576,8192,0.000004584
1762399881.149949,8192,0.000005334
1762399881.154192,8192,0.000004000
1762399881.158507,8192,0.000003791
1762399881.162812,8192,0.000003750
1762399881.167100,8192,0.000004333
1762399881.171531,8192,0.000004000
1762399881.175895,8192,0.000003833
1762399881.180143,8192,0.000004083
1762399881.184440,8192,0.000004208
1762399881.188685,8192,0.000004083
1762399881.192969,8192,0.000004041
1762399881.197222,8192,0.000005208
1762399881.201551,8192,0.000004083
1762399881.205909,8192,0.000004833
1762399881.210190,8192,0.000004416
1762399881.214503,8192,0.000003917
1762399881.218836,8192,0.000004125
1762399881.223083,8192,0.000006000
1762399881.227348,8192,0.000004167
1762399881.231641,8192,0.000006167
1762399881.236002,8192,0.000003666
1762399881.240234,8192,0.000004083
1762399881.244541,8192,0.000004208
1762399881.248874,8192,0.000003958
1762399881.253129,8192,0.000004084
1762399881.257516,8192,0.000004750
1762399881.261878,8192,0.000003792
1762399881.266076,8192,0.000004041
1762399881.270369,8192,0.000003917
1762399881.274639,8192,0.000004125
1762399881.278951,8192,0.000004084
1762399881.283201,8192,0.000003958
1762399881.287496,8192,0.000003792
1762399881.291832,8192,0.000004083
1762399881.296204,8192,0.000003958
1762399881.300564,8192,0.000005291
1762399881.304845,8192,0.000005583
1762399881.309057,8192,0.000005625
1762399881.313377,8192,0.000004375
1762399881.317629,8192,0.000005500
1762399881.322005,8192,0.000003791
1762399881.326241,8192,0.000004042
1762399881.330503,8192,0.000004083
1762399881.334835,8192,0.000004250
1762399881.339146,8192,0.000005000
1762399881.343441,8192,0.000004875
1762399881.347823,8192,0.000004083
1762399881.352049,8192,0.000004958
1762399881.356422,8192,0.000005500
1762399881.360686,8192,0.000003917
1762399881.364991,8192,0.000004625
1762399881.369215,8192,0.000004084
1762399881.373642,8192,0.000004166
1762399881.377984,8192,0.000003167
1762399881.382416,8192,0.000010250
1762399881.386728,8192,0.000004667
1762399881.390991,8192,0.000004084
1762399881.395216,8192,0.000004250
1762399881.399496,8192,0.000003792
1762399881.403783,8192,0.000005125
1762399881.407982,8192,0.000003083
1762399881.412368,8192,0.000005417
1762399881.416709,8192,0.000004209
1762399881.421131,8192,0.000003958
1762399881.425458,8192,0.000004333
1762399881.429651,8192,0.000003208
1762399881.433959,8192,0.000003166
1762399881.438299,8192,0.000009750
1762399881.442489,8192,0.000004041
1762399881.447235,8192,0.000005208
1762399881.451621,8192,0.000004292
1762399881.455964,8192,0.000004334
1762399881.460280,8192,0.000004208
1762399881.464602,8192,0.000004625
1762399881.468803,8192,0.000003167
1762399881.473126,8192,0.000003125
1762399881.477561,8192,0.000009708
1762399881.481779,8192,0.000004041
1762399881.486138,8192,0.000004084
1762399881.490465,8192,0.000004000
1762399881.494754,8192,0.000003750
1762399881.499086,8192,0.000004083
1762399881.503403,8192,0.000003750
1762399881.507638,8192,0.000003833
1762399881.511960,8192,0.000003834
1762399881.516321,8192,0.000004333
1762399881.520595,8192,0.000005542
1762399881.524806,8192,0.000004291
1762399881.529120,8192,0.000006458
