t,W
1783748468.287322,112.916
1783748468.311913,112.916
1783748468.332060,112.916
1783748468.352202,112.916
1783748468.372341,112.916
1783748468.392481,118.707
1783748468.412627,118.707
1783748468.432773,118.707
1783748468.452916,118.707
1783748468.473055,118.707
1783748468.493201,121.045
1783748468.513343,121.045
1783748468.533480,121.045
1783748468.553618,121.045
1783748468.573758,121.045
1783748468.593899,124.023
1783748468.614033,124.023
1783748468.634172,124.023
1783748468.654312,124.023
1783748468.674458,124.023
1783748468.694596,128.424
1783748468.714780,128.424
1783748468.734918,128.424
1783748468.755059,128.424
1783748468.775199,128.424
1783748468.795335,129.450
1783748468.815471,129.450
1783748468.835613,129.450
1783748468.855752,129.450
1783748468.875889,129.450
1783748468.896025,134.333
1783748468.916163,134.333
1783748468.936301,134.333
1783748468.956438,134.333
1783748468.976577,134.333
1783748468.996775,140.278
1783748469.016915,140.278
1783748469.037051,140.278
1783748469.057188,140.278
1783748469.077335,140.278
1783748469.097476,147.327
1783748469.117611,147.327
1783748469.137755,147.327
1783748469.157894,147.327
1783748469.178036,147.327
1783748469.198172,152.190
1783748469.218309,152.190
1783748469.238447,152.190
1783748469.258620,152.190
1783748469.278759,152.190
1783748469.298898,152.345
1783748469.319034,152.345
1783748469.339180,152.345
1783748469.359318,152.345
1783748469.379454,152.345
1783748469.399590,152.299
1783748469.419774,152.299
1783748469.439946,152.299
1783748469.460083,152.299
1783748469.480220,152.299
1783748469.500368,151.995
1783748469.520507,151.995
1783748469.540640,151.995
1783748469.560777,151.995
1783748469.580887,151.995
1783748469.600998,152.441
1783748469.621103,152.441
1783748469.641212,152.441
1783748469.661319,152.441
1783748469.681426,152.441
1783748469.701535,151.836
1783748469.721640,151.836
1783748469.741749,151.836
1783748469.761852,151.836
1783748469.781956,151.836
1783748469.802060,151.588
1783748469.822162,151.588
1783748469.842284,151.588
1783748469.862386,151.588
1783748469.882486,151.588
1783748469.902588,152.372
1783748469.922691,152.372
1783748469.942756,152.372
1783748469.962859,152.372
1783748469.982996,152.372
1783748470.003139,152.369
1783748470.023273,152.369
1783748470.043406,152.369
1783748470.063543,152.369
1783748470.083686,152.369
1783748470.103823,152.408
1783748470.123954,152.408
1783748470.144087,152.408
1783748470.164222,152.408
1783748470.184362,152.408
1783748470.204496,152.605
1783748470.224630,152.605
1783748470.244766,152.605
1783748470.264903,152.605
1783748470.285041,152.605
1783748470.305175,152.633
1783748470.325306,152.633
1783748470.345441,152.633
1783748470.365577,152.633
1783748470.385711,152.633
1783748470.405887,152.739
1783748470.426031,152.739
1783748470.446173,152.739
1783748470.466307,152.739
1783748470.486443,152.898
1783748470.506588,152.898
1783748470.526772,152.898
1783748470.546942,152.898
1783748470.567075,152.898
1783748470.587213,152.709
1783748470.607350,152.709
1783748470.627481,152.709
1783748470.647617,152.709
1783748470.667753,152.709
1783748470.687889,153.170
1783748470.708023,153.170
1783748470.728193,153.170
1783748470.748325,153.170
1783748470.768464,153.170
1783748470.788602,153.068
1783748470.808779,153.068
1783748470.828915,153.068
1783748470.849057,153.068
1783748470.869196,153.068
1783748470.889361,153.191
1783748470.909495,153.191
1783748470.929631,153.191
1783748470.949768,153.191
1783748470.969903,153.191
1783748470.990037,153.089
1783748471.010178,153.089
1783748471.030313,153.089
1783748471.050446,153.089
1783748471.070585,153.089
1783748471.090779,153.141
1783748471.110920,153.141
1783748471.131053,153.141
1783748471.151193,153.141
1783748471.171329,153.141
1783748471.191468,153.143
1783748471.211601,153.143
1783748471.231782,153.143
1783748471.251917,153.143
1783748471.272053,153.143
1783748471.292190,152.988
1783748471.312324,152.988
1783748471.332458,152.988
1783748471.352594,152.988
1783748471.372772,152.988
1783748471.392909,152.926
1783748471.413044,152.926
1783748471.433183,152.926
1783748471.453325,152.926
1783748471.473459,152.926
1783748471.493592,152.789
1783748471.513779,152.789
1783748471.533916,152.789
1783748471.554049,152.789
1783748471.574183,152.789
1783748471.594321,153.009
1783748471.614457,153.009
1783748471.634590,153.009
1783748471.654771,153.009
1783748471.674908,153.009
1783748471.695046,153.035
1783748471.715181,153.035
1783748471.735318,153.035
1783748471.755451,153.035
1783748471.775588,153.035
1783748471.795768,153.136
1783748471.815904,153.136
1783748471.836075,153.136
1783748471.856219,153.136
1783748471.876354,153.136
1783748471.896489,153.289
1783748471.916624,153.289
1783748471.936763,153.289
1783748471.956905,153.289
1783748471.977039,153.289
1783748471.997200,153.275
1783748472.017347,153.275
1783748472.037501,153.275
1783748472.057604,153.275
1783748472.077708,153.275
1783748472.097858,153.388
1783748472.117965,153.388
1783748472.138127,153.388
1783748472.158271,153.388
1783748472.178415,153.388
1783748472.198554,152.980
1783748472.218688,152.980
1783748472.238827,152.980
1783748472.258965,152.980
1783748472.279103,152.980
1783748472.299241,153.043
1783748472.319377,153.043
1783748472.339513,153.043
1783748472.359652,153.043
1783748472.379788,153.043
1783748472.399922,152.900
1783748472.420058,152.900
1783748472.440195,152.900
1783748472.460330,152.900
1783748472.480463,152.900
1783748472.500597,152.731
1783748472.520703,152.731
1783748472.540880,152.731
1783748472.561015,152.731
1783748472.581148,152.731
1783748472.601289,152.631
1783748472.621426,152.631
1783748472.641559,152.631
1783748472.661701,152.631
1783748472.681851,152.631
1783748472.701992,152.880
1783748472.722125,152.880
1783748472.742263,152.880
1783748472.762402,152.880
1783748472.782539,152.880
1783748472.802674,152.521
1783748472.822812,152.521
1783748472.842949,152.521
1783748472.863088,152.521
1783748472.883223,152.521
1783748472.903360,152.786
1783748472.923496,152.786
1783748472.943637,152.786
1783748472.963774,152.786
1783748472.983911,152.786
1783748473.004048,152.131
1783748473.024192,152.131
1783748473.044332,152.131
1783748473.064463,152.131
1783748473.084599,152.131
1783748473.104837,151.750
1783748473.125012,151.750
1783748473.145144,151.750
1783748473.165280,151.750
1783748473.185422,151.750
1783748473.205559,152.156
1783748473.225693,152.156
1783748473.245772,152.156
1783748473.265904,152.156
1783748473.286068,152.156
1783748473.306202,152.206
1783748473.326337,152.206
1783748473.346469,152.206
1783748473.366606,152.206
1783748473.386787,152.206
1783748473.406920,152.066
1783748473.427051,152.066
1783748473.447185,152.066
1783748473.467318,152.066
1783748473.487450,152.265
1783748473.507581,152.265
1783748473.527689,152.265
1783748473.547825,152.265
1783748473.567955,152.265
1783748473.588093,152.296
1783748473.608235,152.296
1783748473.628369,152.296
1783748473.648502,152.296
1783748473.668641,152.296
1783748473.688783,152.152
1783748473.708923,152.152
1783748473.729057,152.152
1783748473.749193,152.152
1783748473.769327,152.152
1783748473.789464,152.660
1783748473.809597,152.660
1783748473.829777,152.660
1783748473.849911,152.660
1783748473.870045,152.660
1783748473.890180,152.661
1783748473.910315,152.661
1783748473.930449,152.661
1783748473.950590,152.661
1783748473.970773,152.661
1783748473.990909,152.903
1783748474.011042,152.903
1783748474.031185,152.903
1783748474.051321,152.903
1783748474.071455,152.903
1783748474.091587,152.963
1783748474.111763,152.963
1783748474.131900,152.963
1783748474.152031,152.963
1783748474.172166,152.963
1783748474.192306,153.080
1783748474.212444,153.080
1783748474.232576,153.080
1783748474.252714,153.080
1783748474.272903,153.080
1783748474.293042,152.767
1783748474.313178,152.767
1783748474.333316,152.767
1783748474.353450,152.767
1783748474.373592,152.767
1783748474.393759,153.046
1783748474.413895,153.046
1783748474.434030,153.046
1783748474.454172,153.046
1783748474.474308,153.046
1783748474.494442,152.853
1783748474.514581,152.853
1783748474.534717,152.853
1783748474.554904,152.853
1783748474.575066,152.853
1783748474.595203,153.127
1783748474.615348,153.127
1783748474.635486,153.127
1783748474.655620,153.127
1783748474.675760,153.127
1783748474.695903,153.207
1783748474.716040,153.207
1783748474.736146,153.207
1783748474.756280,153.207
1783748474.776416,153.207
1783748474.796553,152.603
1783748474.816689,152.603
1783748474.836824,152.603
1783748474.856956,152.603
1783748474.877093,152.603
1783748474.897227,152.445
1783748474.917331,152.445
1783748474.937467,152.445
1783748474.957613,152.445
1783748474.977756,152.445
1783748474.997891,152.857
1783748475.018025,152.857
1783748475.038169,152.857
1783748475.058311,152.857
1783748475.078442,152.857
1783748475.098575,152.691
1783748475.118712,152.691
1783748475.138892,152.691
1783748475.159025,152.691
1783748475.179166,152.691
1783748475.199310,152.588
1783748475.219447,152.588
1783748475.239579,152.588
1783748475.259713,152.588
1783748475.279884,152.588
1783748475.300021,152.889
1783748475.320158,152.889
1783748475.340293,152.889
1783748475.360426,152.889
1783748475.380570,152.889
1783748475.400705,152.476
1783748475.420880,152.476
1783748475.441015,152.476
1783748475.461155,152.476
1783748475.481289,152.476
1783748475.501425,152.598
1783748475.521543,152.598
1783748475.541649,152.598
1783748475.561762,152.598
1783748475.581864,152.598
1783748475.601968,152.498
1783748475.622072,152.498
1783748475.642213,152.498
1783748475.662344,152.498
1783748475.682514,152.498
1783748475.702659,152.854
1783748475.722797,152.854
1783748475.742931,152.854
1783748475.763067,152.854
1783748475.783204,152.854
1783748475.803343,152.718
1783748475.823480,152.718
1783748475.843615,152.718
1783748475.863782,152.718
1783748475.883920,152.718
1783748475.904055,152.915
1783748475.924191,152.915
1783748475.944324,152.915
1783748475.964465,152.915
1783748475.984601,152.915
1783748476.004782,152.933
1783748476.024916,152.933
1783748476.045054,152.933
1783748476.065172,152.933
1783748476.085307,152.933
1783748476.105415,152.829
1783748476.125524,152.829
1783748476.145632,152.829
1783748476.165779,152.829
1783748476.185886,152.829
1783748476.206003,153.033
1783748476.226113,153.033
1783748476.246217,153.033
1783748476.266322,153.033
1783748476.286431,153.033
1783748476.306538,152.803
1783748476.326648,152.803
1783748476.346763,152.803
1783748476.366871,152.803
1783748476.386980,152.803
1783748476.407085,153.021
1783748476.427189,153.021
1783748476.447421,153.021
1783748476.467532,153.021
1783748476.487639,153.021
1783748476.507752,153.060
1783748476.527920,153.060
1783748476.548065,153.060
1783748476.568207,153.060
1783748476.588341,152.919
1783748476.608477,152.919
1783748476.628617,152.919
1783748476.648757,152.919
1783748476.668890,152.919
1783748476.689029,153.013
1783748476.709176,153.013
1783748476.729317,153.013
1783748476.749452,153.013
1783748476.769589,153.013
1783748476.789773,152.968
1783748476.809913,152.968
1783748476.830048,152.968
1783748476.850182,152.968
1783748476.870317,152.968
1783748476.890459,152.868
1783748476.910595,152.868
1783748476.930781,152.868
1783748476.950917,152.868
1783748476.971061,152.868
1783748476.991199,152.901
1783748477.011334,152.901
1783748477.031470,152.901
1783748477.051621,152.901
1783748477.071760,152.901
1783748477.091892,152.468
1783748477.112030,152.468
1783748477.132203,152.468
1783748477.152343,152.468
1783748477.172476,152.468
1783748477.192610,152.251
1783748477.212756,152.251
1783748477.232893,152.251
1783748477.253027,152.251
1783748477.273165,152.251
1783748477.293303,152.182
1783748477.313440,152.182
1783748477.333576,152.182
1783748477.353713,152.182
1783748477.373928,152.182
1783748477.394068,152.210
1783748477.414206,152.210
1783748477.434343,152.210
1783748477.454480,152.210
1783748477.474623,152.210
1783748477.494766,151.959
1783748477.514903,151.959
1783748477.535040,151.959
1783748477.555187,151.959
1783748477.575330,151.959
1783748477.595464,152.264
1783748477.615603,152.264
1783748477.635786,152.264
1783748477.655924,152.264
1783748477.676057,152.264
1783748477.696193,152.555
1783748477.716334,152.555
1783748477.736474,152.555
1783748477.756608,152.555
1783748477.776791,152.555
1783748477.796929,152.589
1783748477.817070,152.589
1783748477.837208,152.589
1783748477.857345,152.589
1783748477.877481,152.589
1783748477.897623,152.813
1783748477.917762,152.813
1783748477.937898,152.813
1783748477.958034,152.813
1783748477.978179,152.813
1783748477.998316,152.799
1783748478.018454,152.799
1783748478.038591,152.799
1783748478.058815,152.799
1783748478.078952,152.799
1783748478.099087,153.321
1783748478.119224,153.321
1783748478.139363,153.321
1783748478.159502,153.321
1783748478.179636,153.321
1783748478.199776,153.505
1783748478.219924,153.505
1783748478.240065,153.505
1783748478.260198,153.505
1783748478.280335,153.505
1783748478.300443,153.431
1783748478.320542,153.431
1783748478.340672,153.431
1783748478.360809,153.431
1783748478.380944,153.431
1783748478.401080,153.433
1783748478.421241,153.433
1783748478.441376,153.433
1783748478.461509,153.433
1783748478.481655,153.433
1783748478.501797,153.748
1783748478.521933,153.748
1783748478.542070,153.748
1783748478.562220,153.748
1783748478.582363,153.748
1783748478.602499,153.496
1783748478.622636,153.496
1783748478.642775,153.496
1783748478.662944,153.496
1783748478.683074,153.496
1783748478.703209,153.044
1783748478.723350,153.044
1783748478.743486,153.044
1783748478.763614,153.044
1783748478.783753,153.044
1783748478.803891,153.077
1783748478.824029,153.077
1783748478.844165,153.077
1783748478.864300,153.077
1783748478.884435,153.077
1783748478.904577,153.099
1783748478.924717,153.099
1783748478.944906,153.099
1783748478.965042,153.099
1783748478.985184,153.099
1783748479.005322,152.862
1783748479.025462,152.862
1783748479.045600,152.862
1783748479.065773,152.862
1783748479.085917,152.862
1783748479.106051,152.810
1783748479.126189,152.810
1783748479.146332,152.810
1783748479.166467,152.810
1783748479.186600,152.810
1783748479.206782,152.904
1783748479.226930,152.904
1783748479.247069,152.904
1783748479.267199,152.904
1783748479.287338,152.904
1783748479.307477,152.559
1783748479.327618,152.559
1783748479.347753,152.559
1783748479.367890,152.559
1783748479.387995,152.559
1783748479.408098,152.692
1783748479.428191,152.692
1783748479.448298,152.692
1783748479.468403,152.692
1783748479.488513,152.692
1783748479.508620,152.301
1783748479.528765,152.301
1783748479.548905,152.301
1783748479.569046,152.301
1783748479.589188,152.328
1783748479.609327,152.328
1783748479.629463,152.328
1783748479.649606,152.328
1783748479.669791,152.328
1783748479.689925,152.793
1783748479.710094,152.793
1783748479.730236,152.793
1783748479.750373,152.793
1783748479.770504,152.793
1783748479.790640,152.759
1783748479.810779,152.759
1783748479.830921,152.759
1783748479.851029,152.759
1783748479.871133,152.759
1783748479.891240,152.769
1783748479.911376,152.769
1783748479.931549,152.769
1783748479.951685,152.769
1783748479.971819,152.769
1783748479.991957,153.010
1783748480.012096,153.010
1783748480.032232,153.010
1783748480.052367,153.010
1783748480.072505,153.010
1783748480.092642,152.723
1783748480.112755,152.723
1783748480.132859,152.723
1783748480.152986,152.723
1783748480.173127,152.723
1783748480.193260,153.044
1783748480.213395,153.044
1783748480.233571,153.044
1783748480.253710,153.044
1783748480.273889,153.044
1783748480.294027,152.794
1783748480.314167,152.794
1783748480.334307,152.794
1783748480.354444,152.794
1783748480.374582,152.794
1783748480.394718,152.767
1783748480.414864,152.767
1783748480.435003,152.767
1783748480.455139,152.767
1783748480.475245,152.767
1783748480.495344,153.002
1783748480.515468,153.002
1783748480.535606,153.002
1783748480.555782,153.002
1783748480.575922,153.002
1783748480.596061,153.190
1783748480.616197,153.190
1783748480.636336,153.190
1783748480.656483,153.190
1783748480.676622,153.190
1783748480.696755,152.921
1783748480.716897,152.921
1783748480.737043,152.921
1783748480.757184,152.921
1783748480.777317,152.921
1783748480.797455,153.165
1783748480.817593,153.165
1783748480.837700,153.165
1783748480.857828,153.165
1783748480.877949,153.165
1783748480.898086,153.152
1783748480.918226,153.152
1783748480.938363,153.152
1783748480.958504,153.152
1783748480.978641,153.152
1783748480.998826,153.140
1783748481.018964,153.140
1783748481.039101,153.140
1783748481.059238,153.140
1783748481.079378,153.140
1783748481.099521,153.516
1783748481.119656,153.516
1783748481.139793,153.516
1783748481.159939,153.516
1783748481.180076,153.516
1783748481.200219,153.249
1783748481.220343,153.249
1783748481.240455,153.249
1783748481.260566,153.249
1783748481.280670,153.249
1783748481.300775,153.340
1783748481.320915,153.340
1783748481.341058,153.340
1783748481.361197,153.340
1783748481.381333,153.340
1783748481.401470,153.583
1783748481.421613,153.583
1783748481.441756,153.583
1783748481.461892,153.583
1783748481.482028,153.583
1783748481.502172,153.787
1783748481.522312,153.787
1783748481.542418,153.787
1783748481.562524,153.787
1783748481.582633,153.787
1783748481.602750,153.556
1783748481.622865,153.556
1783748481.642972,153.556
1783748481.663126,153.556
1783748481.683265,153.556
1783748481.703398,153.714
1783748481.723538,153.714
1783748481.743683,153.714
1783748481.763825,153.714
1783748481.783956,153.714
1783748481.804094,153.594
1783748481.824234,153.594
1783748481.844379,153.594
1783748481.864514,153.594
1783748481.884652,153.594
1783748481.904789,153.426
1783748481.924925,153.426
1783748481.945060,153.426
1783748481.965195,153.426
1783748481.985328,153.426
1783748482.005465,153.289
1783748482.025602,153.289
1783748482.045776,153.289
1783748482.065911,153.289
1783748482.086053,153.289
1783748482.106193,152.860
1783748482.126323,152.860
1783748482.146456,152.860
1783748482.166598,152.860
1783748482.186775,152.860
1783748482.206908,153.080
1783748482.227041,153.080
1783748482.247175,153.080
1783748482.267344,153.080
1783748482.287474,153.080
1783748482.307605,153.262
1783748482.327780,153.262
1783748482.347914,153.262
1783748482.368047,153.262
1783748482.388183,153.262
1783748482.408316,152.840
1783748482.428452,152.840
1783748482.448589,152.840
1783748482.468767,152.840
1783748482.488899,152.840
1783748482.509069,153.031
1783748482.529205,153.031
1783748482.549339,153.031
1783748482.569474,153.031
1783748482.589614,153.031
1783748482.609750,153.027
1783748482.629885,153.027
1783748482.650017,153.027
1783748482.670162,153.027
1783748482.690298,152.604
1783748482.710430,152.604
1783748482.730564,152.604
1783748482.750701,152.604
1783748482.770883,152.604
1783748482.791014,152.351
1783748482.811150,152.351
1783748482.831286,152.351
1783748482.851426,152.351
1783748482.871559,152.351
1783748482.891695,152.659
1783748482.911886,152.659
1783748482.932023,152.659
1783748482.952160,152.659
1783748482.972298,152.659
1783748482.992431,153.088
1783748483.012569,153.088
1783748483.032705,153.088
1783748483.052889,153.088
1783748483.073023,153.088
1783748483.093158,153.268
1783748483.113294,153.268
1783748483.133427,153.268
1783748483.153559,153.268
1783748483.173695,153.268
1783748483.193877,153.514
1783748483.214009,153.514
1783748483.234142,153.514
1783748483.254280,153.514
1783748483.274420,153.514
1783748483.294554,153.118
1783748483.314691,153.118
1783748483.334847,153.118
1783748483.354985,153.118
1783748483.375119,153.118
1783748483.395254,153.321
1783748483.415357,153.321
1783748483.435493,153.321
1783748483.455631,153.321
1783748483.475767,153.321
1783748483.495901,153.196
1783748483.516045,153.196
1783748483.536180,153.196
1783748483.556347,153.196
1783748483.576483,153.196
1783748483.596623,152.280
1783748483.616772,152.280
1783748483.636907,152.280
1783748483.657043,152.280
1783748483.677189,152.280
1783748483.697326,152.400
1783748483.717457,152.400
1783748483.737592,152.400
1783748483.757775,152.400
1783748483.777912,152.400
1783748483.798085,153.168
1783748483.818224,153.168
1783748483.838363,153.168
1783748483.858502,153.168
1783748483.878636,153.168
1783748483.898772,152.930
1783748483.918906,152.930
1783748483.939009,152.930
1783748483.959145,152.930
1783748483.979280,152.930
1783748483.999413,152.980
1783748484.019552,152.980
1783748484.039686,152.980
1783748484.059822,152.980
1783748484.079955,152.980
1783748484.100092,152.753
1783748484.120228,152.753
1783748484.140365,152.753
1783748484.160500,152.753
1783748484.180643,152.753
1783748484.200779,152.636
1783748484.220912,152.636
1783748484.241046,152.636
1783748484.261184,152.636
1783748484.281320,152.636
1783748484.301452,153.107
1783748484.321590,153.107
1783748484.341777,153.107
1783748484.361918,153.107
1783748484.382052,153.107
1783748484.402186,152.460
1783748484.422322,152.460
1783748484.442459,152.460
1783748484.462593,152.460
1783748484.482774,152.460
1783748484.502916,152.369
1783748484.523052,152.369
1783748484.543187,152.369
1783748484.563323,152.369
1783748484.583457,152.369
1783748484.603595,153.076
1783748484.623773,153.076
1783748484.643908,153.076
1783748484.664043,153.076
1783748484.684190,153.076
1783748484.704330,153.212
1783748484.724465,153.212
1783748484.744602,153.212
1783748484.764790,153.212
1783748484.784927,153.212
1783748484.805060,153.088
1783748484.825196,153.088
1783748484.845365,153.088
1783748484.865505,153.088
1783748484.885637,153.088
1783748484.905773,153.251
1783748484.925909,153.251
1783748484.946045,153.251
1783748484.966185,153.251
1783748484.986321,153.251
1783748485.006457,153.141
1783748485.026603,153.141
1783748485.046790,153.141
1783748485.066958,153.141
1783748485.087094,153.141
1783748485.107234,153.236
1783748485.127374,153.236
1783748485.147510,153.236
1783748485.167646,153.236
1783748485.187785,153.236
1783748485.207921,153.613
1783748485.228059,153.613
1783748485.248197,153.613
1783748485.268343,153.613
1783748485.288488,153.613
1783748485.308622,153.331
1783748485.328765,153.331
1783748485.348911,153.331
1783748485.369052,153.331
1783748485.389185,153.331
1783748485.409320,153.565
1783748485.429459,153.565
1783748485.449600,153.565
1783748485.469782,153.565
1783748485.489917,153.565
1783748485.510053,153.840
1783748485.530193,153.840
1783748485.550327,153.840
1783748485.570460,153.840
1783748485.590593,153.840
1783748485.610775,153.780
1783748485.630917,153.780
1783748485.651048,153.780
1783748485.671179,153.780
1783748485.691320,153.727
1783748485.711468,153.727
1783748485.731602,153.727
1783748485.751779,153.727
1783748485.771911,153.727
1783748485.792047,154.032
1783748485.812179,154.032
1783748485.832284,154.032
1783748485.852393,154.032
1783748485.872498,154.032
1783748485.892597,153.870
1783748485.912697,153.870
1783748485.932832,153.870
1783748485.952936,153.870
1783748485.973037,153.870
1783748485.993136,154.024
1783748486.013238,154.024
1783748486.033346,154.024
1783748486.053453,154.024
1783748486.073556,154.024
1783748486.093659,153.826
1783748486.113754,153.826
1783748486.133895,153.826
1783748486.153998,153.826
1783748486.174100,153.826
1783748486.194202,153.598
1783748486.214307,153.598
1783748486.234408,153.598
1783748486.254512,153.598
1783748486.274616,153.598
1783748486.294767,153.610
1783748486.314868,153.610
1783748486.334975,153.610
1783748486.355115,153.610
1783748486.375224,153.610
1783748486.395328,153.819
1783748486.415433,153.819
1783748486.435539,153.819
1783748486.455647,153.819
1783748486.475791,153.819
1783748486.495927,153.544
1783748486.516062,153.544
1783748486.536201,153.544
1783748486.556337,153.544
1783748486.576472,153.544
1783748486.596606,153.528
1783748486.616779,153.528
1783748486.636915,153.528
1783748486.657052,153.528
1783748486.677190,153.528
1783748486.697335,153.981
1783748486.717472,153.981
1783748486.737605,153.981
1783748486.757789,153.981
1783748486.777930,153.981
1783748486.798067,153.552
1783748486.818199,153.552
1783748486.838339,153.552
1783748486.858481,153.552
1783748486.878620,153.552
1783748486.898755,153.488
1783748486.918874,153.488
1783748486.939009,153.488
1783748486.959144,153.488
1783748486.979279,153.488
1783748486.999413,153.508
1783748487.019547,153.508
1783748487.039695,153.508
1783748487.059895,153.508
1783748487.080000,153.508
1783748487.100135,153.593
1783748487.120274,153.593
1783748487.140415,153.593
1783748487.160551,153.593
1783748487.180686,153.593
1783748487.200831,153.640
1783748487.220968,153.640
1783748487.241098,153.640
1783748487.261230,153.640
1783748487.281368,153.640
1783748487.301507,153.928
1783748487.321640,153.928
1783748487.341780,153.928
1783748487.361923,153.928
1783748487.382032,153.928
1783748487.402198,153.927
1783748487.422334,153.927
1783748487.442466,153.927
1783748487.462603,153.927
1783748487.482771,153.927
1783748487.502906,153.998
1783748487.523041,153.998
1783748487.543182,153.998
1783748487.563319,153.998
1783748487.583454,153.998
1783748487.603591,154.141
1783748487.623768,154.141
1783748487.643936,154.141
1783748487.664069,154.141
1783748487.684205,154.141
1783748487.704340,153.106
1783748487.724476,153.106
1783748487.744609,153.106
1783748487.764798,153.106
1783748487.784939,153.106
1783748487.805078,153.215
1783748487.825210,153.215
1783748487.845349,153.215
1783748487.865492,153.215
1783748487.885634,153.215
1783748487.905769,153.479
1783748487.925906,153.479
1783748487.946042,153.479
1783748487.966180,153.479
1783748487.986316,153.479
1783748488.006452,153.150
1783748488.026587,153.150
1783748488.046781,153.150
1783748488.066916,153.150
1783748488.087050,153.150
1783748488.107185,153.130
1783748488.127326,153.130
1783748488.147468,153.130
1783748488.167602,153.130
1783748488.187781,153.130
1783748488.207925,153.165
1783748488.228063,153.165
1783748488.248197,153.165
1783748488.268332,153.165
1783748488.288469,153.165
1783748488.308608,152.812
1783748488.328783,152.812
1783748488.348922,152.812
1783748488.369066,152.812
1783748488.389205,152.812
1783748488.409338,152.963
1783748488.429474,152.963
1783748488.449610,152.963
1783748488.469753,152.963
1783748488.489885,152.963
1783748488.510023,153.231
1783748488.530159,153.231
1783748488.550308,153.231
1783748488.570445,153.231
1783748488.590582,153.231
1783748488.610689,153.007
1783748488.630831,153.007
1783748488.650970,153.007
1783748488.671107,153.007
1783748488.691275,153.007
1783748488.711423,153.662
1783748488.731562,153.662
1783748488.751697,153.662
1783748488.771876,153.662
1783748488.792016,153.885
1783748488.812156,153.885
1783748488.832292,153.885
1783748488.852429,153.885
1783748488.872573,153.885
1783748488.892717,153.727
1783748488.912893,153.727
1783748488.933060,153.727
1783748488.953171,153.727
1783748488.973310,153.727
1783748488.993450,153.758
1783748489.013587,153.758
1783748489.033765,153.758
1783748489.053910,153.758
1783748489.074046,153.758
1783748489.094186,153.586
1783748489.114326,153.586
1783748489.134473,153.586
1783748489.154612,153.586
1783748489.174750,153.586
1783748489.194888,153.576
1783748489.215027,153.576
1783748489.235174,153.576
1783748489.255308,153.576
1783748489.275416,153.576
1783748489.295525,153.600
1783748489.315636,153.600
1783748489.335745,153.600
1783748489.355856,153.600
1783748489.375970,153.600
1783748489.396082,153.355
1783748489.416186,153.355
1783748489.436294,153.355
1783748489.456401,153.355
1783748489.476509,153.355
1783748489.496614,153.344
1783748489.516720,153.344
1783748489.536866,153.344
1783748489.556973,153.344
1783748489.577080,153.344
1783748489.597187,153.507
1783748489.617291,153.507
1783748489.637401,153.507
1783748489.657513,153.507
1783748489.677617,153.507
1783748489.697719,153.530
1783748489.717863,153.530
1783748489.737969,153.530
1783748489.758109,153.530
1783748489.778246,153.530
1783748489.798356,153.512
1783748489.818494,153.512
1783748489.838624,153.512
1783748489.858761,153.512
1783748489.878902,153.512
1783748489.899014,153.609
1783748489.919147,153.609
1783748489.939284,153.609
1783748489.959423,153.609
1783748489.979595,153.609
1783748489.999779,153.452
1783748490.019915,153.452
1783748490.040052,153.452
1783748490.060196,153.452
1783748490.080335,153.452
1783748490.100471,153.361
1783748490.120609,153.361
1783748490.140792,153.361
1783748490.160932,153.361
1783748490.181069,153.361
1783748490.201226,153.335
1783748490.221366,153.335
1783748490.241506,153.335
1783748490.261642,153.335
1783748490.281785,153.335
1783748490.301926,153.413
1783748490.322066,153.413
1783748490.342201,153.413
1783748490.362345,153.413
1783748490.382458,153.413
1783748490.402600,153.464
1783748490.422772,153.464
1783748490.442908,153.464
1783748490.463074,153.464
1783748490.483215,153.464
1783748490.503353,153.603
1783748490.523490,153.603
1783748490.543657,153.603
1783748490.563796,153.603
1783748490.583935,153.603
1783748490.604074,153.451
1783748490.624212,153.451
1783748490.644327,153.451
1783748490.664471,153.451
1783748490.684609,153.451
1783748490.704785,153.670
1783748490.724934,153.670
1783748490.745081,153.670
1783748490.765217,153.670
1783748490.785357,153.670
1783748490.805497,153.926
1783748490.825637,153.926
1783748490.845772,153.926
1783748490.865910,153.926
1783748490.886050,153.926
1783748490.906190,153.868
1783748490.926324,153.868
1783748490.946461,153.868
1783748490.966600,153.868
1783748490.986787,153.868
1783748491.006926,153.547
1783748491.027062,153.547
1783748491.047199,153.547
1783748491.067345,153.547
1783748491.087484,153.547
1783748491.107620,153.611
1783748491.127759,153.611
1783748491.147903,153.611
1783748491.168041,153.611
1783748491.188179,153.611
1783748491.208315,153.609
1783748491.228456,153.609
1783748491.248596,153.609
1783748491.268767,153.609
1783748491.288867,153.609
1783748491.308959,153.707
1783748491.329064,153.707
1783748491.349185,153.707
1783748491.369327,153.707
1783748491.389473,153.707
1783748491.409616,153.876
1783748491.429753,153.876
1783748491.449889,153.876
1783748491.470029,153.876
1783748491.490205,153.876
1783748491.510344,153.893
1783748491.530480,153.893
1783748491.550617,153.893
1783748491.570760,153.893
1783748491.590898,153.893
1783748491.611043,153.920
1783748491.631177,153.920
1783748491.651320,153.920
1783748491.671456,153.920
1783748491.691592,153.920
1783748491.711774,153.867
1783748491.731926,153.867
1783748491.752067,153.867
1783748491.772203,153.867
1783748491.792341,153.867
1783748491.812483,153.941
1783748491.832622,153.941
1783748491.852757,153.941
1783748491.872899,153.941
1783748491.893046,153.927
1783748491.913186,153.927
1783748491.933316,153.927
1783748491.953454,153.927
1783748491.973590,153.927
1783748491.993770,154.311
1783748492.013906,154.311
1783748492.034043,154.311
1783748492.054177,154.311
1783748492.074316,154.311
1783748492.094454,154.135
1783748492.114592,154.135
1783748492.134772,154.135
1783748492.154919,154.135
1783748492.175059,154.135
1783748492.195196,154.085
1783748492.215332,154.085
1783748492.235478,154.085
1783748492.255622,154.085
1783748492.275757,154.085
1783748492.295893,154.408
1783748492.316033,154.408
1783748492.336169,154.408
1783748492.356300,154.408
1783748492.376435,154.408
1783748492.396576,153.761
1783748492.416715,153.761
1783748492.436891,153.761
1783748492.457027,153.761
1783748492.477167,153.761
1783748492.497307,153.834
1783748492.517445,153.834
1783748492.537616,153.834
1783748492.557753,153.834
1783748492.577895,153.834
1783748492.598033,153.975
1783748492.618171,153.975
1783748492.638307,153.975
1783748492.658451,153.975
1783748492.678589,153.975
1783748492.698772,153.541
1783748492.718907,153.541
1783748492.739048,153.541
1783748492.759192,153.541
1783748492.779360,153.541
1783748492.799496,153.452
1783748492.819638,153.452
1783748492.839777,153.452
1783748492.859911,153.452
1783748492.880050,153.452
1783748492.900196,153.797
1783748492.920338,153.797
1783748492.940470,153.797
1783748492.960608,153.797
1783748492.980796,153.797
1783748493.000938,153.602
1783748493.021072,153.602
1783748493.041209,153.602
1783748493.061344,153.602
1783748493.081482,153.602
1783748493.101619,153.709
1783748493.121755,153.709
1783748493.141890,153.709
1783748493.162000,153.709
1783748493.182137,153.709
1783748493.202274,154.111
1783748493.222410,154.111
1783748493.242551,154.111
1783748493.262695,154.111
1783748493.282875,154.111
1783748493.303012,153.747
1783748493.323156,153.747
1783748493.343294,153.747
1783748493.363430,153.747
1783748493.383564,153.747
1783748493.403705,154.008
1783748493.423896,154.008
1783748493.444026,154.008
1783748493.464163,154.008
1783748493.484300,154.008
1783748493.504443,153.835
1783748493.524578,153.835
1783748493.544714,153.835
1783748493.564889,153.835
1783748493.585028,153.835
1783748493.605170,153.823
1783748493.625304,153.823
1783748493.645441,153.823
1783748493.665582,153.823
1783748493.685721,153.823
1783748493.705905,153.954
1783748493.726042,153.954
1783748493.746183,153.954
1783748493.766322,153.954
1783748493.786458,153.954
1783748493.806594,154.104
1783748493.826770,154.104
1783748493.846908,154.104
1783748493.867042,154.104
1783748493.887178,154.104
1783748493.907317,153.797
1783748493.927455,153.797
1783748493.947588,153.797
1783748493.967777,153.797
1783748493.987917,153.797
1783748494.008029,153.918
1783748494.028162,153.918
1783748494.048298,153.918
1783748494.068463,153.918
1783748494.088602,153.918
1783748494.108782,153.900
1783748494.128918,153.900
1783748494.149057,153.900
1783748494.169194,153.900
1783748494.189335,153.900
1783748494.209474,153.673
1783748494.229609,153.673
1783748494.249792,153.673
1783748494.269931,153.673
1783748494.290066,153.673
1783748494.310202,154.346
1783748494.330349,154.346
1783748494.350486,154.346
1783748494.370620,154.346
1783748494.390759,154.346
1783748494.410903,154.293
1783748494.431040,154.293
1783748494.451169,154.293
1783748494.471304,154.293
1783748494.491440,154.293
1783748494.511576,154.257
1783748494.531708,154.257
1783748494.551885,154.257
1783748494.572017,154.257
1783748494.592152,154.257
1783748494.612285,154.124
1783748494.632417,154.124
1783748494.652549,154.124
1783748494.672694,154.124
1783748494.692876,154.124
1783748494.713009,154.231
1783748494.733141,154.231
1783748494.753278,154.231
1783748494.773416,154.231
1783748494.793550,154.177
1783748494.813682,154.177
1783748494.833824,154.177
1783748494.853959,154.177
1783748494.874090,154.177
1783748494.894224,154.284
1783748494.914360,154.284
1783748494.934496,154.284
1783748494.954628,154.284
1783748494.974772,154.284
1783748494.994910,154.422
1783748495.015048,154.422
1783748495.035182,154.422
1783748495.055318,154.422
1783748495.075450,154.422
1783748495.095589,154.521
1783748495.115760,154.521
1783748495.135895,154.521
1783748495.156027,154.521
1783748495.176168,154.521
1783748495.196303,154.552
1783748495.216439,154.552
1783748495.236573,154.552
1783748495.256711,154.552
1783748495.276897,154.552
1783748495.297030,154.241
1783748495.317165,154.241
1783748495.337332,154.241
1783748495.357469,154.241
1783748495.377601,154.241
1783748495.397789,154.073
1783748495.417932,154.073
1783748495.438068,154.073
1783748495.458201,154.073
1783748495.478341,154.073
1783748495.498479,154.173
1783748495.518616,154.173
1783748495.538750,154.173
1783748495.558886,154.173
1783748495.579022,154.173
1783748495.599160,154.496
1783748495.619295,154.496
1783748495.639431,154.496
1783748495.659566,154.496
1783748495.679703,154.496
1783748495.699887,154.388
1783748495.720020,154.388
1783748495.740160,154.388
1783748495.760302,154.388
1783748495.780444,154.388
1783748495.800578,154.489
1783748495.820710,154.489
1783748495.840899,154.489
1783748495.861036,154.489
1783748495.881168,154.489
1783748495.901303,154.389
1783748495.921441,154.389
1783748495.941579,154.389
1783748495.961711,154.389
1783748495.981891,154.389
1783748496.002035,154.284
1783748496.022174,154.284
1783748496.042307,154.284
1783748496.062442,154.284
1783748496.082581,154.284
1783748496.102720,154.162
1783748496.122903,154.162
1783748496.143038,154.162
1783748496.163173,154.162
1783748496.183317,154.162
1783748496.203453,154.407
1783748496.223588,154.407
1783748496.243771,154.407
1783748496.263911,154.407
1783748496.284049,154.407
1783748496.304181,154.242
1783748496.324315,154.242
1783748496.344455,154.242
1783748496.364591,154.242
1783748496.384722,154.242
1783748496.404937,154.173
1783748496.425074,154.173
1783748496.445214,154.173
1783748496.465347,154.173
1783748496.485487,154.173
1783748496.505631,153.964
1783748496.525771,153.964
1783748496.545904,153.964
1783748496.566037,153.964
1783748496.586171,153.964
1783748496.606309,153.676
1783748496.626479,153.676
1783748496.646615,153.676
1783748496.666750,153.676
1783748496.686891,153.676
1783748496.707028,153.762
1783748496.727163,153.762
1783748496.747298,153.762
1783748496.767436,153.762
1783748496.787572,153.762
1783748496.807707,153.571
1783748496.827887,153.571
1783748496.848030,153.571
1783748496.868166,153.571
1783748496.888298,153.571
1783748496.908433,153.483
1783748496.928571,153.483
1783748496.948708,153.483
1783748496.968890,153.483
1783748496.989030,153.483
1783748497.009173,153.396
1783748497.029311,153.396
1783748497.049442,153.396
1783748497.069578,153.396
1783748497.089714,153.396
1783748497.109892,153.749
1783748497.130025,153.749
1783748497.150157,153.749
1783748497.170290,153.749
1783748497.190428,153.749
1783748497.210565,153.454
1783748497.230699,153.454
1783748497.250880,153.454
1783748497.271015,153.454
1783748497.291151,153.454
1783748497.311285,153.734
1783748497.331419,153.734
1783748497.351555,153.734
1783748497.371693,153.734
1783748497.391858,153.734
1783748497.411994,153.894
1783748497.432133,153.894
1783748497.452271,153.894
1783748497.472404,153.894
1783748497.492539,153.894
1783748497.512683,153.656
1783748497.532852,153.656
1783748497.552989,153.656
1783748497.573128,153.656
1783748497.593266,153.656
1783748497.613411,153.805
1783748497.633544,153.805
1783748497.653681,153.805
1783748497.673889,153.805
1783748497.694033,153.805
1783748497.714168,154.073
1783748497.734304,154.073
1783748497.754441,154.073
1783748497.774585,154.073
1783748497.794772,154.044
1783748497.814907,154.044
1783748497.835043,154.044
1783748497.855180,154.044
1783748497.875320,154.044
1783748497.895457,154.255
1783748497.915622,154.255
1783748497.935757,154.255
1783748497.955891,154.255
1783748497.976023,154.255
1783748497.996161,154.230
1783748498.016299,154.230
1783748498.036435,154.230
1783748498.056567,154.230
1783748498.076699,154.230
1783748498.096894,153.741
1783748498.117028,153.741
1783748498.137162,153.741
1783748498.157296,153.741
1783748498.177426,153.741
1783748498.197560,153.952
1783748498.217691,153.952
1783748498.237826,153.952
1783748498.257959,153.952
1783748498.278102,153.952
1783748498.298240,153.928
1783748498.318372,153.928
1783748498.338506,153.928
1783748498.358649,153.928
1783748498.378791,153.928
1783748498.398923,154.317
1783748498.419058,154.317
1783748498.439195,154.317
1783748498.459332,154.317
1783748498.479467,154.317
1783748498.499601,154.488
1783748498.519778,154.488
1783748498.539914,154.488
1783748498.560046,154.488
1783748498.580182,154.488
1783748498.600319,154.441
1783748498.620454,154.441
1783748498.640592,154.441
1783748498.660762,154.441
1783748498.680896,154.441
1783748498.701036,154.061
1783748498.721173,154.061
1783748498.741288,154.061
1783748498.761423,154.061
1783748498.781565,154.061
1783748498.801701,154.061
1783748498.821877,154.061
1783748498.842011,154.061
1783748498.862148,154.061
1783748498.882290,154.061
1783748498.902423,154.250
1783748498.922556,154.250
1783748498.942697,154.250
1783748498.962917,154.250
1783748498.983048,154.250
1783748499.003188,153.981
1783748499.023332,153.981
1783748499.043470,153.981
1783748499.063603,153.981
1783748499.083779,153.981
1783748499.103916,154.353
1783748499.124053,154.353
1783748499.144187,154.353
1783748499.164321,154.353
1783748499.184455,154.353
1783748499.204625,154.768
1783748499.224768,154.768
1783748499.244902,154.768
1783748499.265036,154.768
1783748499.285173,154.768
1783748499.305310,154.532
1783748499.325445,154.532
1783748499.345581,154.532
1783748499.365768,154.532
1783748499.385911,154.532
1783748499.406046,154.259
1783748499.426180,154.259
1783748499.446314,154.259
1783748499.466451,154.259
1783748499.486584,154.259
1783748499.506722,154.441
1783748499.526917,154.441
1783748499.547053,154.441
1783748499.567181,154.441
1783748499.587316,154.441
1783748499.607453,154.279
1783748499.627591,154.279
1783748499.647767,154.279
1783748499.667900,154.279
1783748499.688039,154.279
1783748499.708180,154.378
1783748499.728316,154.378
1783748499.748450,154.378
1783748499.768584,154.378
1783748499.788773,154.378
1783748499.808907,154.413
1783748499.829041,154.413
1783748499.849173,154.413
1783748499.869312,154.413
1783748499.889453,154.413
1783748499.909586,154.484
1783748499.929719,154.484
1783748499.949913,154.484
1783748499.970051,154.484
1783748499.990185,154.484
1783748500.010318,154.933
1783748500.030461,154.933
1783748500.050595,154.933
1783748500.070766,154.933
1783748500.090901,154.933
1783748500.111036,155.118
1783748500.131176,155.118
1783748500.151309,155.118
1783748500.171443,155.118
1783748500.191579,155.118
1783748500.211754,154.865
1783748500.231889,154.865
1783748500.252055,154.865
1783748500.272189,154.865
1783748500.292327,154.865
1783748500.312462,155.075
1783748500.332597,155.075
1783748500.352768,155.075
1783748500.372905,155.075
1783748500.393043,155.075
1783748500.413176,155.214
1783748500.433279,155.214
1783748500.453418,155.214
1783748500.473585,155.214
1783748500.493719,155.214
1783748500.513896,154.911
1783748500.534039,154.911
1783748500.554176,154.911
1783748500.574308,154.911
1783748500.594444,154.911
1783748500.614576,155.174
1783748500.634714,155.174
1783748500.654893,155.174
1783748500.675029,155.174
1783748500.695161,155.174
1783748500.715296,154.962
1783748500.735432,154.962
1783748500.755566,154.962
1783748500.775698,154.962
1783748500.795876,154.810
1783748500.816010,154.810
1783748500.836150,154.810
1783748500.856285,154.810
1783748500.876434,154.810
1783748500.896577,154.497
1783748500.916712,154.497
1783748500.936932,154.497
1783748500.957079,154.497
1783748500.977216,154.497
1783748500.997351,154.154
1783748501.017488,154.154
1783748501.037628,154.154
1783748501.057768,154.154
1783748501.077899,154.154
1783748501.098035,154.166
1783748501.118173,154.166
1783748501.138315,154.166
1783748501.158453,154.166
1783748501.178592,154.166
1783748501.198776,153.934
1783748501.218920,153.934
1783748501.239059,153.934
1783748501.259196,153.934
1783748501.279332,153.934
1783748501.299475,153.824
1783748501.319613,153.824
1783748501.339751,153.824
1783748501.359887,153.824
1783748501.380028,153.824
1783748501.400164,153.711
1783748501.420300,153.711
1783748501.440436,153.711
1783748501.460577,153.711
1783748501.480715,153.711
1783748501.500896,153.925
1783748501.521032,153.925
1783748501.541203,153.925
1783748501.561341,153.925
1783748501.581475,153.925
1783748501.601612,153.870
1783748501.621754,153.870
1783748501.641877,153.870
1783748501.662012,153.870
1783748501.682148,153.870
1783748501.702285,153.429
1783748501.722395,153.429
1783748501.742533,153.429
1783748501.762708,153.429
1783748501.782879,153.429
1783748501.803019,153.572
1783748501.823157,153.572
1783748501.843292,153.572
1783748501.863427,153.572
1783748501.883576,153.572
1783748501.903720,153.833
1783748501.923901,153.833
1783748501.944038,153.833
1783748501.964182,153.833
1783748501.984321,153.833
1783748502.004455,153.821
1783748502.024591,153.821
1783748502.044806,153.821
1783748502.064950,153.821
1783748502.085083,153.821
1783748502.105225,153.843
1783748502.125366,153.843
1783748502.145511,153.843
1783748502.165643,153.843
1783748502.185780,153.843
1783748502.205917,153.968
1783748502.226054,153.968
1783748502.246196,153.968
1783748502.266333,153.968
1783748502.286470,153.968
1783748502.306617,153.891
1783748502.326756,153.891
1783748502.346892,153.891
1783748502.367031,153.891
1783748502.387140,153.891
1783748502.407284,153.931
1783748502.427420,153.931
1783748502.447556,153.931
1783748502.467701,153.931
1783748502.487889,153.931
1783748502.508020,153.413
1783748502.528157,153.413
1783748502.548298,153.413
1783748502.568436,153.413
1783748502.588568,153.413
1783748502.608715,153.250
1783748502.628901,153.250
1783748502.649043,153.250
1783748502.669179,153.250
1783748502.689316,153.250
1783748502.709455,153.959
1783748502.729597,153.959
1783748502.749777,153.959
1783748502.769912,153.959
1783748502.790049,153.959
1783748502.810227,154.053
1783748502.830364,154.053
1783748502.850500,154.053
1783748502.870638,154.053
1783748502.890777,154.053
1783748502.910913,153.827
1783748502.931050,153.827
1783748502.951193,153.827
1783748502.971341,153.827
1783748502.991479,153.827
1783748503.011614,154.042
1783748503.031753,154.042
1783748503.051929,154.042
1783748503.072069,154.042
1783748503.092203,154.042
1783748503.112344,154.047
1783748503.132491,154.047
1783748503.152632,154.047
1783748503.172766,154.047
1783748503.192904,154.047
1783748503.213043,154.416
1783748503.233183,154.416
1783748503.253322,154.416
1783748503.273457,154.416
1783748503.293593,154.416
1783748503.313774,153.592
1783748503.333915,153.592
1783748503.354054,153.592
1783748503.374190,153.592
1783748503.394332,153.592
1783748503.414472,153.588
1783748503.434608,153.588
1783748503.454787,153.588
1783748503.474935,153.588
1783748503.495044,153.588
1783748503.515176,153.741
1783748503.535315,153.741
1783748503.555455,153.741
1783748503.575594,153.741
1783748503.595769,153.741
1783748503.615907,154.286
1783748503.636054,154.286
1783748503.656193,154.286
1783748503.676327,154.286
1783748503.696469,154.098
1783748503.716606,154.098
1783748503.736795,154.098
1783748503.756928,154.098
1783748503.777065,154.098
1783748503.797200,154.186
1783748503.817315,154.186
1783748503.837420,154.186
1783748503.857542,154.186
1783748503.877681,154.186
1783748503.897821,154.515
1783748503.917960,154.515
1783748503.938096,154.515
1783748503.958232,154.515
1783748503.978370,154.515
1783748503.998509,154.243
1783748504.018642,154.243
1783748504.038779,154.243
1783748504.058918,154.243
1783748504.079026,154.243
1783748504.099192,153.718
1783748504.119332,153.718
1783748504.139473,153.718
1783748504.159612,153.718
1783748504.179792,153.718
1783748504.199931,153.810
1783748504.220070,153.810
1783748504.240215,153.810
1783748504.260351,153.810
1783748504.280485,153.810
1783748504.300620,154.076
1783748504.320761,154.076
1783748504.340932,154.076
1783748504.361067,154.076
1783748504.381202,154.076
1783748504.401340,153.914
1783748504.421479,153.914
1783748504.441614,153.914
1783748504.461753,153.914
1783748504.481891,153.914
1783748504.502030,154.179
1783748504.522163,154.179
1783748504.542300,154.179
1783748504.562440,154.179
1783748504.582585,154.179
1783748504.602719,153.940
1783748504.622899,153.940
1783748504.643068,153.940
1783748504.663209,153.940
1783748504.683343,153.940
1783748504.703480,153.967
1783748504.723620,153.967
1783748504.743762,153.967
1783748504.763901,153.967
1783748504.784037,153.967
1783748504.804175,153.941
1783748504.824318,153.941
1783748504.844456,153.941
1783748504.864591,153.941
1783748504.884784,153.941
1783748504.904930,153.409
1783748504.925068,153.409
1783748504.945205,153.409
1783748504.965341,153.409
1783748504.985480,153.409
1783748505.005623,153.392
1783748505.025762,153.392
1783748505.045904,153.392
1783748505.066050,153.392
1783748505.086191,153.392
1783748505.106324,153.844
1783748505.126466,153.844
1783748505.146611,153.844
1783748505.166754,153.844
1783748505.186889,153.844
1783748505.207028,153.905
1783748505.227169,153.905
1783748505.247311,153.905
1783748505.267446,153.905
1783748505.287581,153.905
1783748505.307719,153.826
1783748505.327904,153.826
1783748505.348042,153.826
1783748505.368178,153.826
1783748505.388312,153.826
1783748505.408461,153.988
1783748505.428604,153.988
1783748505.448780,153.988
1783748505.468916,153.988
1783748505.489066,153.988
1783748505.509208,153.978
1783748505.529350,153.978
1783748505.549488,153.978
1783748505.569628,153.978
1783748505.589768,153.978
1783748505.609934,154.287
1783748505.630069,154.287
1783748505.650212,154.287
1783748505.670352,154.287
1783748505.690486,154.287
1783748505.710623,154.412
1783748505.730763,154.412
1783748505.750903,154.412
1783748505.771040,154.412
1783748505.791177,154.412
1783748505.811313,154.342
1783748505.831454,154.342
1783748505.851591,154.342
1783748505.871805,154.342
1783748505.891938,154.342
1783748505.912082,154.498
1783748505.932219,154.498
1783748505.952357,154.498
1783748505.972494,154.498
1783748505.992635,154.498
1783748506.012779,154.892
1783748506.032914,154.892
1783748506.053052,154.892
1783748506.073191,154.892
1783748506.093336,154.892
1783748506.113469,154.822
1783748506.133610,154.822
1783748506.153759,154.822
1783748506.173899,154.822
1783748506.194032,154.822
1783748506.214170,154.873
1783748506.234309,154.873
1783748506.254451,154.873
1783748506.274588,154.873
1783748506.294771,154.873
1783748506.314909,155.042
1783748506.335052,155.042
1783748506.355190,155.042
1783748506.375326,155.042
1783748506.395464,155.042
1783748506.415603,154.821
1783748506.435781,154.821
1783748506.455920,154.821
1783748506.476058,154.821
1783748506.496209,154.821
1783748506.516353,155.098
1783748506.536489,155.098
1783748506.556626,155.098
1783748506.576769,155.098
1783748506.596907,155.098
1783748506.617042,155.240
1783748506.637183,155.240
1783748506.657329,155.240
1783748506.677500,155.240
1783748506.697631,155.002
1783748506.717766,155.002
1783748506.737901,155.002
1783748506.758038,155.002
1783748506.778171,155.002
1783748506.798304,154.663
1783748506.818436,154.663
1783748506.838573,154.663
1783748506.858708,154.663
1783748506.878887,154.663
1783748506.899049,154.798
1783748506.919188,154.798
1783748506.939292,154.798
1783748506.959424,154.798
1783748506.979557,154.798
1783748506.999691,154.491
1783748507.019859,154.491
1783748507.039994,154.491
1783748507.060126,154.491
1783748507.080261,154.491
1783748507.100395,154.757
1783748507.120529,154.757
1783748507.140662,154.757
1783748507.160798,154.757
1783748507.180934,154.757
1783748507.201065,154.774
1783748507.221200,154.774
1783748507.241335,154.774
1783748507.261475,154.774
1783748507.281610,154.774
1783748507.301788,154.830
1783748507.321923,154.830
1783748507.342071,154.830
1783748507.362209,154.830
1783748507.382344,154.830
1783748507.402478,154.531
1783748507.422613,154.531
1783748507.442753,154.531
1783748507.462888,154.531
1783748507.483022,154.531
1783748507.503155,154.500
1783748507.523288,154.500
1783748507.543424,154.500
1783748507.563558,154.500
1783748507.583697,154.500
1783748507.603887,154.200
1783748507.624022,154.200
1783748507.644154,154.200
1783748507.664289,154.200
1783748507.684426,154.200
1783748507.704557,154.286
1783748507.724692,154.286
1783748507.744857,154.286
1783748507.764993,154.286
1783748507.785130,154.286
1783748507.805264,154.626
1783748507.825397,154.626
1783748507.845534,154.626
1783748507.865671,154.626
1783748507.885805,154.626
1783748507.905940,154.460
1783748507.926084,154.460
1783748507.946255,154.460
1783748507.966390,154.460
1783748507.986525,154.460
1783748508.006663,154.752
1783748508.026804,154.752
1783748508.046938,154.752
1783748508.067071,154.752
1783748508.087215,154.752
1783748508.107351,154.604
1783748508.127483,154.604
1783748508.147615,154.604
1783748508.167752,154.604
1783748508.187919,154.604
1783748508.208050,154.295
1783748508.228184,154.295
1783748508.248319,154.295
1783748508.268459,154.295
1783748508.288593,154.295
1783748508.308778,154.263
1783748508.328913,154.263
1783748508.349050,154.263
1783748508.369188,154.263
1783748508.389321,154.263
1783748508.409455,154.793
1783748508.429597,154.793
1783748508.449767,154.793
1783748508.469903,154.793
1783748508.490039,154.793
1783748508.510178,154.708
1783748508.530315,154.708
1783748508.550448,154.708
1783748508.570582,154.708
1783748508.590770,154.708
1783748508.610907,154.785
1783748508.631040,154.785
1783748508.651179,154.785
1783748508.671322,154.785
1783748508.691460,154.785
1783748508.711591,154.652
1783748508.731771,154.652
1783748508.751907,154.652
1783748508.772048,154.652
1783748508.792183,154.652
1783748508.812318,154.707
1783748508.832452,154.707
1783748508.852590,154.707
1783748508.872771,154.707
1783748508.892905,154.707
1783748508.913067,154.921
1783748508.933203,154.921
1783748508.953339,154.921
1783748508.973473,154.921
1783748508.993608,154.921
1783748509.013758,154.508
1783748509.033900,154.508
1783748509.054035,154.508
1783748509.074170,154.508
1783748509.094315,154.508
1783748509.114452,154.484
1783748509.134586,154.484
1783748509.154719,154.484
1783748509.174895,154.484
1783748509.195033,154.484
1783748509.215164,154.834
1783748509.235333,154.834
1783748509.255470,154.834
1783748509.275606,154.834
1783748509.295782,154.834
1783748509.315916,155.228
1783748509.336051,155.228
1783748509.356188,155.228
1783748509.376324,155.228
1783748509.396460,155.228
1783748509.416593,155.122
1783748509.436778,155.122
1783748509.456917,155.122
1783748509.477081,155.122
1783748509.497215,155.122
1783748509.517354,155.262
1783748509.537489,155.262
1783748509.557628,155.262
1783748509.577764,155.262
1783748509.597902,155.262
1783748509.618036,155.416
1783748509.638167,155.416
1783748509.658300,155.416
1783748509.678436,155.416
1783748509.698568,155.246
1783748509.718698,155.246
1783748509.738870,155.246
1783748509.759006,155.246
1783748509.779143,155.246
1783748509.799273,155.283
1783748509.819408,155.283
1783748509.839543,155.283
1783748509.859676,155.283
1783748509.879811,155.283
1783748509.899943,154.999
1783748509.920078,154.999
1783748509.940216,154.999
1783748509.960354,154.999
1783748509.980490,154.999
1783748510.000624,155.106
1783748510.020766,155.106
1783748510.040906,155.106
1783748510.061050,155.106
1783748510.081188,155.106
1783748510.101337,155.156
1783748510.121477,155.156
1783748510.141612,155.156
1783748510.161754,155.156
1783748510.181897,155.156
1783748510.202033,155.301
1783748510.222168,155.301
1783748510.242305,155.301
1783748510.262440,155.301
1783748510.282547,155.301
1783748510.302649,154.751
1783748510.322752,154.751
1783748510.342853,154.751
1783748510.362956,154.751
1783748510.383057,154.751
1783748510.403196,154.826
1783748510.423330,154.826
1783748510.443470,154.826
1783748510.463603,154.826
1783748510.483778,154.826
1783748510.503911,154.706
1783748510.524080,154.706
1783748510.544219,154.706
1783748510.564352,154.706
1783748510.584483,154.706
1783748510.604625,154.660
1783748510.624768,154.660
1783748510.644902,154.660
1783748510.665019,154.660
1783748510.685153,154.660
1783748510.705288,154.937
1783748510.725419,154.937
1783748510.745589,154.937
1783748510.765762,154.937
1783748510.785900,154.937
1783748510.806032,154.962
1783748510.826167,154.962
1783748510.846303,154.962
1783748510.866438,154.962
1783748510.886571,154.962
1783748510.906706,154.830
1783748510.926893,154.830
1783748510.947033,154.830
1783748510.967166,154.830
1783748510.987299,154.830
1783748511.007432,154.967
1783748511.027569,154.967
1783748511.047704,154.967
1783748511.067882,154.967
1783748511.088014,154.967
1783748511.108149,155.126
1783748511.128283,155.126
1783748511.148415,155.126
1783748511.168548,155.126
1783748511.188684,155.126
1783748511.208827,154.850
1783748511.228961,154.850
1783748511.249106,154.850
1783748511.269248,154.850
1783748511.289387,154.850
1783748511.309520,155.143
1783748511.329656,155.143
1783748511.349792,155.143
1783748511.369929,155.143
1783748511.390063,155.143
1783748511.410198,154.894
1783748511.430330,154.894
1783748511.450465,154.894
1783748511.470601,154.894
1783748511.490777,154.894
1783748511.510911,154.803
1783748511.531051,154.803
1783748511.551193,154.803
1783748511.571328,154.803
1783748511.591462,154.803
1783748511.611608,154.924
1783748511.631792,154.924
1783748511.651924,154.924
1783748511.672058,154.924
1783748511.692194,154.924
1783748511.712332,154.909
1783748511.732464,154.909
1783748511.752602,154.909
1783748511.772791,154.909
1783748511.792930,154.909
1783748511.813093,154.530
1783748511.833228,154.530
1783748511.853363,154.530
1783748511.873502,154.530
1783748511.893639,154.530
1783748511.913773,154.814
1783748511.933908,154.814
1783748511.954053,154.814
1783748511.974189,154.814
1783748511.994324,154.814
1783748512.014459,154.771
1783748512.034628,154.771
1783748512.054764,154.771
1783748512.074898,154.771
1783748512.095031,154.771
1783748512.115167,154.777
1783748512.135304,154.777
1783748512.155435,154.777
1783748512.175568,154.777
1783748512.195710,154.777
1783748512.215902,154.357
1783748512.236036,154.357
1783748512.256175,154.357
1783748512.276321,154.357
1783748512.296459,154.357
1783748512.316593,154.431
1783748512.336776,154.431
1783748512.356911,154.431
1783748512.377047,154.431
1783748512.397182,154.431
1783748512.417316,154.540
1783748512.437449,154.540
1783748512.457589,154.540
1783748512.477769,154.540
1783748512.497903,154.540
1783748512.518034,154.824
1783748512.538169,154.824
1783748512.558312,154.824
1783748512.578447,154.824
1783748512.598581,154.824
1783748512.618769,154.682
1783748512.638907,154.682
1783748512.659040,154.682
1783748512.679172,154.682
1783748512.699310,154.757
1783748512.719445,154.757
1783748512.739578,154.757
1783748512.759718,154.757
1783748512.779902,154.757
1783748512.800037,154.549
1783748512.820170,154.549
1783748512.840305,154.549
1783748512.860440,154.549
1783748512.880574,154.549
1783748512.900712,154.290
1783748512.920883,154.290
1783748512.941018,154.290
1783748512.961160,154.290
1783748512.981296,154.290
1783748513.001430,154.437
1783748513.021564,154.437
1783748513.041708,154.437
1783748513.061886,154.437
1783748513.082049,154.437
1783748513.102185,154.663
1783748513.122326,154.663
1783748513.142468,154.663
1783748513.162602,154.663
1783748513.182782,154.663
1783748513.202923,155.105
1783748513.223062,155.105
1783748513.243195,155.105
1783748513.263330,155.105
1783748513.283477,155.105
1783748513.303619,155.018
1783748513.323784,155.018
1783748513.343922,155.018
1783748513.364059,155.018
1783748513.384198,155.018
1783748513.404335,155.189
1783748513.424472,155.189
1783748513.444609,155.189
1783748513.464754,155.189
1783748513.484891,155.189
1783748513.505030,154.873
1783748513.525165,154.873
1783748513.545304,154.873
1783748513.565440,154.873
1783748513.585576,154.873
1783748513.605712,154.911
1783748513.625892,154.911
1783748513.646035,154.911
1783748513.666170,154.911
1783748513.686306,154.911
1783748513.706445,154.947
1783748513.726583,154.947
1783748513.746716,154.947
1783748513.766895,154.947
1783748513.787041,154.947
1783748513.807181,154.749
1783748513.827314,154.749
1783748513.847451,154.749
1783748513.867589,154.749
1783748513.887785,154.749
1783748513.907922,155.057
1783748513.928058,155.057
1783748513.948194,155.057
1783748513.968335,155.057
1783748513.988470,155.057
1783748514.008580,154.779
1783748514.028716,154.779
1783748514.048902,154.779
1783748514.069041,154.779
1783748514.089177,154.779
1783748514.109313,154.971
1783748514.129454,154.971
1783748514.149598,154.971
1783748514.169770,154.971
1783748514.189906,154.971
1783748514.210045,154.619
1783748514.230184,154.619
1783748514.250318,154.619
1783748514.270453,154.619
1783748514.290593,154.619
1783748514.310778,154.669
1783748514.330912,154.669
1783748514.351049,154.669
1783748514.371193,154.669
1783748514.391333,154.669
1783748514.411468,154.727
1783748514.431602,154.727
1783748514.451782,154.727
1783748514.471921,154.727
1783748514.492055,154.727
1783748514.512191,154.591
1783748514.532326,154.591
1783748514.552464,154.591
1783748514.572600,154.591
1783748514.592773,154.591
1783748514.612938,154.552
1783748514.633082,154.552
1783748514.653219,154.552
1783748514.673357,154.552
1783748514.693495,154.552
1783748514.713637,154.656
1783748514.733776,154.656
1783748514.753910,154.656
1783748514.774049,154.656
1783748514.794191,154.656
1783748514.814333,154.481
1783748514.834468,154.481
1783748514.854605,154.481
1783748514.874801,154.481
1783748514.894941,154.481
1783748514.915074,154.603
1783748514.935211,154.603
1783748514.955348,154.603
1783748514.975487,154.603
1783748514.995623,154.603
1783748515.015760,154.587
1783748515.035896,154.587
1783748515.056034,154.587
1783748515.076182,154.587
1783748515.096321,154.587
1783748515.116457,154.577
1783748515.136606,154.577
1783748515.156755,154.577
1783748515.176891,154.577
1783748515.197028,154.577
1783748515.217170,154.730
1783748515.237309,154.730
1783748515.257443,154.730
1783748515.277577,154.730
1783748515.297719,154.730
1783748515.317906,154.847
1783748515.338039,154.847
1783748515.358176,154.847
1783748515.378312,154.847
1783748515.398454,154.847
1783748515.418590,154.538
1783748515.438766,154.538
1783748515.458903,154.538
1783748515.479045,154.538
1783748515.499185,154.538
1783748515.519321,154.442
1783748515.539457,154.442
1783748515.559601,154.442
1783748515.579784,154.442
1783748515.599919,154.442
1783748515.620055,154.721
1783748515.640197,154.721
1783748515.660372,154.721
1783748515.680507,154.721
1783748515.700644,154.662
1783748515.720788,154.662
1783748515.740925,154.662
1783748515.761058,154.662
1783748515.781194,154.662
1783748515.801340,154.814
1783748515.821482,154.814
1783748515.841616,154.814
1783748515.861755,154.814
1783748515.881923,154.814
1783748515.902066,155.024
1783748515.922200,155.024
1783748515.942337,155.024
1783748515.962474,155.024
1783748515.982615,155.024
1783748516.002754,154.723
1783748516.022892,154.723
1783748516.043024,154.723
1783748516.063164,154.723
1783748516.083302,154.723
1783748516.103437,154.965
1783748516.123573,154.965
1783748516.143722,154.965
1783748516.163956,154.965
1783748516.184091,154.965
1783748516.204227,154.974
1783748516.224375,154.974
1783748516.244513,154.974
1783748516.264648,154.974
1783748516.284789,154.974
1783748516.304934,154.810
1783748516.325073,154.810
1783748516.345206,154.810
1783748516.365343,154.810
1783748516.385481,154.810
1783748516.405620,154.888
1783748516.425753,154.888
1783748516.445890,154.888
1783748516.466027,154.888
1783748516.486165,154.888
1783748516.506305,155.032
1783748516.526443,155.032
1783748516.546578,155.032
1783748516.566764,155.032
1783748516.586900,155.032
1783748516.607038,154.865
1783748516.627174,154.865
1783748516.647314,154.865
1783748516.667458,154.865
1783748516.687594,154.865
1783748516.707777,154.948
1783748516.727923,154.948
1783748516.748062,154.948
1783748516.768196,154.948
1783748516.788332,154.948
1783748516.808472,155.093
1783748516.828610,155.093
1783748516.848789,155.093
1783748516.868925,155.093
1783748516.889066,155.093
1783748516.909206,154.852
1783748516.929341,154.852
1783748516.949512,154.852
1783748516.969649,154.852
1783748516.989790,154.852
1783748517.009929,154.851
1783748517.030037,154.851
1783748517.050181,154.851
1783748517.070325,154.851
1783748517.090467,154.851
1783748517.110604,155.043
1783748517.130804,155.043
1783748517.150944,155.043
1783748517.171116,155.043
1783748517.191252,155.043
1783748517.211388,154.885
1783748517.231531,154.885
1783748517.251671,154.885
1783748517.271808,154.885
1783748517.291945,154.885
1783748517.312085,154.750
1783748517.332225,154.750
1783748517.352366,154.750
1783748517.372509,154.750
1783748517.392618,154.750
1783748517.412761,155.043
1783748517.432896,155.043
1783748517.453032,155.043
1783748517.473172,155.043
1783748517.493312,155.043
1783748517.513449,155.052
1783748517.533587,155.052
1783748517.553707,155.052
1783748517.573890,155.052
1783748517.594025,155.052
1783748517.614162,155.127
1783748517.634299,155.127
1783748517.654438,155.127
1783748517.674577,155.127
1783748517.694712,155.127
1783748517.714886,155.183
1783748517.735028,155.183
1783748517.755167,155.183
1783748517.775302,155.183
1783748517.795438,155.183
1783748517.815579,155.003
1783748517.835719,155.003
1783748517.855889,155.003
1783748517.876030,155.003
1783748517.896174,155.003
1783748517.916311,155.015
1783748517.936442,155.015
1783748517.956580,155.015
1783748517.976716,155.015
1783748517.996906,155.015
1783748518.017042,154.903
1783748518.037179,154.903
1783748518.057314,154.903
1783748518.077455,154.903
1783748518.097597,154.903
1783748518.117773,154.781
1783748518.137910,154.781
1783748518.158051,154.781
1783748518.178189,154.781
1783748518.198324,154.781
1783748518.218493,154.729
1783748518.238639,154.729
1783748518.258777,154.729
1783748518.278912,154.729
1783748518.299049,154.729
1783748518.319190,154.974
1783748518.339329,154.974
1783748518.359465,154.974
1783748518.379607,154.974
1783748518.399753,154.974
1783748518.419895,154.421
1783748518.440028,154.421
1783748518.460199,154.421
1783748518.480337,154.421
1783748518.500477,154.421
1783748518.520614,154.805
1783748518.540751,154.805
1783748518.560886,154.805
1783748518.581028,154.805
1783748518.601166,154.920
1783748518.621302,154.920
1783748518.641438,154.920
1783748518.661577,154.920
1783748518.681712,154.920
1783748518.701893,154.532
1783748518.722027,154.532
1783748518.742201,154.532
1783748518.762340,154.532
1783748518.782473,154.532
1783748518.802610,154.927
1783748518.822752,154.927
1783748518.842891,154.927
1783748518.863024,154.927
1783748518.883167,154.927
1783748518.903313,155.322
1783748518.923456,155.322
1783748518.943590,155.322
1783748518.963815,155.322
1783748518.983954,155.322
1783748519.004093,155.030
1783748519.024230,155.030
1783748519.044365,155.030
1783748519.064503,155.030
1783748519.084647,155.030
1783748519.104781,155.283
1783748519.124916,155.283
1783748519.145054,155.283
1783748519.165193,155.283
1783748519.185335,155.283
1783748519.205467,155.540
1783748519.225599,155.540
1783748519.245784,155.540
1783748519.265919,155.540
1783748519.286052,155.540
1783748519.306184,155.451
1783748519.326317,155.451
1783748519.346454,155.451
1783748519.366585,155.451
1783748519.386717,155.451
1783748519.406885,155.705
1783748519.427021,155.705
1783748519.447153,155.705
1783748519.467288,155.705
1783748519.487422,155.705
1783748519.507588,155.182
1783748519.527769,155.182
1783748519.547903,155.182
1783748519.568036,155.182
1783748519.588176,155.182
1783748519.608312,155.019
1783748519.628448,155.019
1783748519.648583,155.019
1783748519.668771,155.019
1783748519.688909,155.019
1783748519.709044,155.126
1783748519.729176,155.126
1783748519.749354,155.126
1783748519.769443,155.126
1783748519.789523,155.126
1783748519.809644,155.423
1783748519.829791,155.423
1783748519.849929,155.423
1783748519.870095,155.423
1783748519.890234,155.423
1783748519.910377,155.084
1783748519.930517,155.084
1783748519.950651,155.084
1783748519.970787,155.084
1783748519.990920,155.084
1783748520.011058,154.947
1783748520.031194,154.947
1783748520.051330,154.947
1783748520.071461,154.947
1783748520.091597,154.947
1783748520.111783,154.829
1783748520.131923,154.829
1783748520.152057,154.829
1783748520.172200,154.829
1783748520.192344,154.829
1783748520.212479,154.768
1783748520.232614,154.768
1783748520.252751,154.768
1783748520.272892,154.768
1783748520.293026,154.768
1783748520.313162,154.849
1783748520.333300,154.849
1783748520.353438,154.849
1783748520.373570,154.849
1783748520.393713,154.849
1783748520.413897,154.734
1783748520.434033,154.734
1783748520.454165,154.734
1783748520.474303,154.734
1783748520.494443,154.734
1783748520.514581,155.125
1783748520.534720,155.125
1783748520.554901,155.125
1783748520.575035,155.125
1783748520.595174,155.125
1783748520.615309,155.200
1783748520.635445,155.200
1783748520.655578,155.200
1783748520.675718,155.200
1783748520.695902,155.200
1783748520.716037,155.044
1783748520.736171,155.044
1783748520.756311,155.044
1783748520.776451,155.044
1783748520.796611,155.044
1783748520.816752,154.830
1783748520.836889,154.830
1783748520.857027,154.830
1783748520.877160,154.830
1783748520.897294,154.830
1783748520.917438,155.266
1783748520.937576,155.266
1783748520.957710,155.266
1783748520.977886,155.266
1783748520.998020,155.266
1783748521.018186,155.272
1783748521.038322,155.272
1783748521.058457,155.272
1783748521.078589,155.272
1783748521.098776,155.272
1783748521.118912,154.875
1783748521.139047,154.875
1783748521.159180,154.875
1783748521.179316,154.875
1783748521.199452,154.875
1783748521.219588,155.378
1783748521.239721,155.378
1783748521.259898,155.378
1783748521.280035,155.378
1783748521.300169,155.378
1783748521.320301,155.109
1783748521.340437,155.109
1783748521.360573,155.109
1783748521.380706,155.109
1783748521.400874,155.109
1783748521.421011,155.138
1783748521.441154,155.138
1783748521.461286,155.138
1783748521.481421,155.138
1783748521.501560,155.138
1783748521.521696,155.140
1783748521.541874,155.140
1783748521.562008,155.140
1783748521.582140,155.140
1783748521.602287,155.184
1783748521.622424,155.184
1783748521.642560,155.184
1783748521.662694,155.184
1783748521.682868,155.184
1783748521.703002,154.890
1783748521.723137,154.890
1783748521.743273,154.890
1783748521.763410,154.890
1783748521.783551,154.890
1783748521.803686,155.049
1783748521.823821,155.049
1783748521.843956,155.049
1783748521.864091,155.049
1783748521.884223,155.049
1783748521.904357,154.998
1783748521.924495,154.998
1783748521.944633,154.998
1783748521.964767,154.998
1783748521.984907,154.998
1783748522.005047,154.887
1783748522.025187,154.887
1783748522.045325,154.887
1783748522.065461,154.887
1783748522.085624,154.887
1783748522.105771,154.886
1783748522.125909,154.886
1783748522.146045,154.886
1783748522.166180,154.886
1783748522.186324,154.886
1783748522.206462,155.024
1783748522.226599,155.024
1783748522.246839,155.024
1783748522.266975,155.024
1783748522.287117,155.024
1783748522.307280,154.953
1783748522.327417,154.953
1783748522.347560,154.953
1783748522.367698,154.953
1783748522.387863,154.953
1783748522.407999,155.268
1783748522.428141,155.268
1783748522.448280,155.268
1783748522.468413,155.268
1783748522.488548,155.268
1783748522.508686,155.303
1783748522.528826,155.303
1783748522.548960,155.303
1783748522.569092,155.303
1783748522.589224,155.303
1783748522.609359,155.554
1783748522.629495,155.554
1783748522.649628,155.554
1783748522.669767,155.554
1783748522.689909,155.554
1783748522.710044,155.539
1783748522.730178,155.539
1783748522.750310,155.539
1783748522.770446,155.539
1783748522.790586,155.539
1783748522.810719,155.800
1783748522.830902,155.800
1783748522.851040,155.800
1783748522.871173,155.800
1783748522.891305,155.800
1783748522.911437,155.645
1783748522.931573,155.645
1783748522.951706,155.645
1783748522.971888,155.645
1783748522.992020,155.645
1783748523.012160,155.891
1783748523.032300,155.891
1783748523.052437,155.891
1783748523.072574,155.891
1783748523.092708,155.891
1783748523.112894,156.132
1783748523.133032,156.132
1783748523.153166,156.132
1783748523.173299,156.132
1783748523.193439,156.132
1783748523.213574,156.065
1783748523.233710,156.065
1783748523.253886,156.065
1783748523.274022,156.065
1783748523.294157,156.065
1783748523.314291,155.900
1783748523.334424,155.900
1783748523.354615,155.900
1783748523.374755,155.900
1783748523.394887,155.900
1783748523.415026,155.919
1783748523.435165,155.919
1783748523.455301,155.919
1783748523.475434,155.919
1783748523.495569,155.919
1783748523.515706,155.731
1783748523.535889,155.731
1783748523.556020,155.731
1783748523.576156,155.731
1783748523.596316,155.731
1783748523.616453,154.887
1783748523.636592,154.887
1783748523.656774,154.887
1783748523.676908,154.887
1783748523.697046,154.887
1783748523.717186,155.046
1783748523.737321,155.046
1783748523.757455,155.046
1783748523.777595,155.046
1783748523.797781,155.046
1783748523.817916,154.791
1783748523.838052,154.791
1783748523.858196,154.791
1783748523.878333,154.791
1783748523.898466,154.791
1783748523.918599,154.874
1783748523.938781,154.874
1783748523.958918,154.874
1783748523.979048,154.874
1783748523.999184,154.874
1783748524.019323,154.700
1783748524.039459,154.700
1783748524.059592,154.700
1783748524.079771,154.700
1783748524.099904,154.700
1783748524.120042,154.487
1783748524.140179,154.487
1783748524.160315,154.487
1783748524.180447,154.487
1783748524.200590,154.487
1783748524.220776,154.426
1783748524.240911,154.426
1783748524.261044,154.426
1783748524.281183,154.426
1783748524.301323,154.426
1783748524.321459,154.365
1783748524.341594,154.365
1783748524.361771,154.365
1783748524.381908,154.365
1783748524.402039,154.365
1783748524.422172,154.682
1783748524.442309,154.682
1783748524.462448,154.682
1783748524.482579,154.682
1783748524.502717,154.731
1783748524.522899,154.731
1783748524.543038,154.731
1783748524.563169,154.731
1783748524.583305,154.731
1783748524.603441,155.575
1783748524.623577,155.575
1783748524.643791,155.575
1783748524.663924,155.575
1783748524.684058,155.575
1783748524.704195,155.237
1783748524.724329,155.237
1783748524.744464,155.237
1783748524.764596,155.237
1783748524.784779,155.237
1783748524.804916,155.244
1783748524.825051,155.244
1783748524.845183,155.244
1783748524.865319,155.244
1783748524.885488,155.244
1783748524.905621,155.263
1783748524.925756,155.263
1783748524.945892,155.263
1783748524.966027,155.263
1783748524.986167,155.263
1783748525.006301,155.022
1783748525.026442,155.022
1783748525.046582,155.022
1783748525.066715,155.022
1783748525.086910,155.022
1783748525.107045,155.399
1783748525.127182,155.399
1783748525.147315,155.399
1783748525.167450,155.399
1783748525.187583,155.399
1783748525.207778,155.302
1783748525.227913,155.302
1783748525.248048,155.302
1783748525.268183,155.302
1783748525.288318,155.302
1783748525.308458,155.354
1783748525.328592,155.354
1783748525.348772,155.354
1783748525.368914,155.354
1783748525.389052,155.354
1783748525.409183,155.492
1783748525.429316,155.492
1783748525.449454,155.492
1783748525.469603,155.492
1783748525.489769,155.492
1783748525.509902,155.108
1783748525.530049,155.108
1783748525.550191,155.108
1783748525.570323,155.108
1783748525.590461,155.108
1783748525.610599,155.003
1783748525.630780,155.003
1783748525.650918,155.003
1783748525.671055,155.003
1783748525.691192,155.003
1783748525.711335,155.246
1783748525.731474,155.246
1783748525.751610,155.246
1783748525.771752,155.246
1783748525.791892,155.246
1783748525.812027,155.146
1783748525.832163,155.146
1783748525.852299,155.146
1783748525.872442,155.146
1783748525.892580,155.146
1783748525.912713,155.083
1783748525.932984,155.083
1783748525.953130,155.083
1783748525.973270,155.083
1783748525.993403,155.083
1783748526.013544,155.316
1783748526.033690,155.316
1783748526.053875,155.316
1783748526.074008,155.316
1783748526.094145,155.316
1783748526.114282,155.066
1783748526.134423,155.066
1783748526.154592,155.066
1783748526.174767,155.066
1783748526.194903,155.066
1783748526.215043,155.038
1783748526.235180,155.038
1783748526.255317,155.038
1783748526.275453,155.038
1783748526.295597,155.038
1783748526.315785,155.136
1783748526.335922,155.136
1783748526.356058,155.136
1783748526.376204,155.136
1783748526.396376,155.136
1783748526.416511,154.993
1783748526.436648,154.993
1783748526.456789,154.993
1783748526.476929,154.993
1783748526.497062,154.993
1783748526.517200,155.223
1783748526.537345,155.223
1783748526.557483,155.223
1783748526.577615,155.223
1783748526.597754,155.223
1783748526.617892,155.314
1783748526.638035,155.314
1783748526.658175,155.314
1783748526.678312,155.314
1783748526.698449,155.314
1783748526.718591,155.127
1783748526.738771,155.127
1783748526.758909,155.127
1783748526.779046,155.127
1783748526.799187,155.127
1783748526.819327,155.576
1783748526.839464,155.576
1783748526.859600,155.576
1783748526.879772,155.576
1783748526.899913,155.576
1783748526.920046,155.264
1783748526.940182,155.264
1783748526.960323,155.264
1783748526.980462,155.264
1783748527.000596,155.264
1783748527.020784,155.334
1783748527.040931,155.334
1783748527.061072,155.334
1783748527.081204,155.334
1783748527.101342,155.334
1783748527.121480,155.438
1783748527.141621,155.438
1783748527.161758,155.438
1783748527.181893,155.438
1783748527.202030,155.438
1783748527.222202,155.540
1783748527.242339,155.540
1783748527.262476,155.540
1783748527.282614,155.540
1783748527.302756,155.540
1783748527.322894,155.260
1783748527.343035,155.260
1783748527.363172,155.260
1783748527.383321,155.260
1783748527.403463,155.260
1783748527.423595,155.453
1783748527.443770,155.453
1783748527.463877,155.453
1783748527.484013,155.453
1783748527.504147,155.307
1783748527.524288,155.307
1783748527.544436,155.307
1783748527.564576,155.307
1783748527.584709,155.307
1783748527.604887,155.207
1783748527.625024,155.207
1783748527.645162,155.207
1783748527.665297,155.207
1783748527.685431,155.207
1783748527.705571,154.341
1783748527.725711,154.341
1783748527.745890,154.341
1783748527.766026,154.341
1783748527.786162,154.341
1783748527.806304,154.323
1783748527.826441,154.323
1783748527.846577,154.323
1783748527.866714,154.323
1783748527.886907,154.323
1783748527.907049,154.809
1783748527.927185,154.809
1783748527.947322,154.809
1783748527.967461,154.809
1783748527.987601,154.809
1783748528.007777,154.595
1783748528.027912,154.595
1783748528.048056,154.595
1783748528.068195,154.595
1783748528.088328,154.595
1783748528.108465,155.041
1783748528.128603,155.041
1783748528.148780,155.041
1783748528.168917,155.041
1783748528.189052,155.041
1783748528.209189,154.757
1783748528.229329,154.757
1783748528.249466,154.757
1783748528.269601,154.757
1783748528.289775,154.757
1783748528.309914,154.682
1783748528.330052,154.682
1783748528.350186,154.682
1783748528.370321,154.682
1783748528.390459,154.682
1783748528.410597,154.759
1783748528.430780,154.759
1783748528.450917,154.759
1783748528.471059,154.759
1783748528.491227,154.759
1783748528.511364,154.759
1783748528.531500,154.759
1783748528.551647,154.759
1783748528.571787,154.759
1783748528.591921,154.759
1783748528.612059,154.972
1783748528.632199,154.972
1783748528.652340,154.972
1783748528.672476,154.972
1783748528.692613,154.972
1783748528.712750,155.686
1783748528.732925,155.686
1783748528.753061,155.686
1783748528.773198,155.686
1783748528.793334,155.686
1783748528.813482,155.923
1783748528.833620,155.923
1783748528.853757,155.923
1783748528.873893,155.923
1783748528.894038,155.923
1783748528.914182,155.665
1783748528.934318,155.665
1783748528.954453,155.665
1783748528.974596,155.665
1783748528.994776,155.665
1783748529.014910,155.708
1783748529.035045,155.708
1783748529.055184,155.708
1783748529.075324,155.708
1783748529.095456,155.708
1783748529.115592,155.525
1783748529.135780,155.525
1783748529.155923,155.525
1783748529.176060,155.525
1783748529.196196,155.525
1783748529.216334,155.190
1783748529.236478,155.190
1783748529.256618,155.190
1783748529.276753,155.190
1783748529.296889,155.190
1783748529.317034,155.322
1783748529.337170,155.322
1783748529.357305,155.322
1783748529.377440,155.322
1783748529.397582,155.322
1783748529.417719,155.155
1783748529.437897,155.155
1783748529.458035,155.155
1783748529.478179,155.155
1783748529.498318,155.155
1783748529.518453,155.366
1783748529.538594,155.366
1783748529.558785,155.366
1783748529.578923,155.366
1783748529.599055,155.366
1783748529.619193,155.533
1783748529.639331,155.533
1783748529.659473,155.533
1783748529.679608,155.533
1783748529.699783,155.533
1783748529.719918,155.362
1783748529.740060,155.362
1783748529.760198,155.362
1783748529.780368,155.362
1783748529.800503,155.362
1783748529.820642,155.204
1783748529.840780,155.204
1783748529.860917,155.204
1783748529.881052,155.204
1783748529.901201,155.204
1783748529.921342,155.646
1783748529.941479,155.646
1783748529.961616,155.646
1783748529.981764,155.646
1783748530.001903,155.646
1783748530.022068,155.525
1783748530.042205,155.525
1783748530.062345,155.525
1783748530.082484,155.525
1783748530.102616,155.525
1783748530.122753,155.656
1783748530.142893,155.656
1783748530.163031,155.656
1783748530.183166,155.656
1783748530.203301,155.656
1783748530.223438,155.627
1783748530.243582,155.627
1783748530.263721,155.627
1783748530.283902,155.627
1783748530.304038,155.627
1783748530.324184,155.885
1783748530.344322,155.885
1783748530.364460,155.885
1783748530.384597,155.885
1783748530.404776,155.889
1783748530.424913,155.889
1783748530.445047,155.889
1783748530.465183,155.889
1783748530.485327,155.889
1783748530.505463,155.969
1783748530.525598,155.969
1783748530.545773,155.969
1783748530.565917,155.969
1783748530.586057,155.969
1783748530.606189,155.889
1783748530.626330,155.889
1783748530.646470,155.889
1783748530.666611,155.889
1783748530.686752,155.889
1783748530.706889,155.821
1783748530.727027,155.821
1783748530.747165,155.821
1783748530.767304,155.821
1783748530.787442,155.821
1783748530.807578,156.120
1783748530.827718,156.120
1783748530.847906,156.120
1783748530.868043,156.120
1783748530.888178,156.120
1783748530.908318,155.788
1783748530.928464,155.788
1783748530.948601,155.788
1783748530.968782,155.788
1783748530.988929,155.788
1783748531.009069,155.574
1783748531.029204,155.574
1783748531.049340,155.574
1783748531.069509,155.574
1783748531.089649,155.574
1783748531.109782,155.442
1783748531.129924,155.442
1783748531.150064,155.442
1783748531.170205,155.442
1783748531.190339,155.442
1783748531.210476,155.745
1783748531.230613,155.745
1783748531.250752,155.745
1783748531.270889,155.745
1783748531.291059,155.745
1783748531.311195,155.423
1783748531.331336,155.423
1783748531.351473,155.423
1783748531.371610,155.423
1783748531.391781,155.423
1783748531.411919,155.464
1783748531.432052,155.464
1783748531.452186,155.464
1783748531.472318,155.464
1783748531.492452,155.464
1783748531.512586,155.521
1783748531.532717,155.521
1783748531.552885,155.521
1783748531.573021,155.521
1783748531.593155,155.521
1783748531.613286,155.496
1783748531.633416,155.496
1783748531.653554,155.496
1783748531.673688,155.496
1783748531.693818,155.496
1783748531.713951,155.474
1783748531.734082,155.474
1783748531.754214,155.474
1783748531.774347,155.474
1783748531.794485,155.474
1783748531.814618,155.504
1783748531.834756,155.504
1783748531.854892,155.504
1783748531.875026,155.504
1783748531.895160,155.504
1783748531.915296,155.682
1783748531.935428,155.682
1783748531.955561,155.682
1783748531.975696,155.682
1783748531.995917,155.682
1783748532.016056,155.753
1783748532.036195,155.753
1783748532.056330,155.753
1783748532.076472,155.753
1783748532.096611,155.753
1783748532.116780,155.611
1783748532.136917,155.611
1783748532.157057,155.611
1783748532.177199,155.611
1783748532.197334,155.611
1783748532.217470,155.425
1783748532.237608,155.425
1783748532.257753,155.425
1783748532.277890,155.425
1783748532.298028,155.425
1783748532.318164,155.486
1783748532.338302,155.486
1783748532.358481,155.486
1783748532.378619,155.486
1783748532.398763,155.486
1783748532.418902,155.567
1783748532.439044,155.567
1783748532.459179,155.567
1783748532.479313,155.567
1783748532.499461,155.567
1783748532.519598,155.559
1783748532.539776,155.559
1783748532.559911,155.559
1783748532.580081,155.559
1783748532.600221,155.559
1783748532.620355,155.605
1783748532.640491,155.605
1783748532.660630,155.605
1783748532.680767,155.605
1783748532.700902,155.605
1783748532.721038,155.417
1783748532.741173,155.417
1783748532.761314,155.417
1783748532.781452,155.417
1783748532.801586,155.417
1783748532.821722,155.344
1783748532.841934,155.344
1783748532.862069,155.344
1783748532.882205,155.344
1783748532.902340,155.344
1783748532.922478,155.333
1783748532.942616,155.333
1783748532.962752,155.333
1783748532.982887,155.333
1783748533.003023,155.333
1783748533.023160,155.350
1783748533.043293,155.350
1783748533.063432,155.350
1783748533.083574,155.350
1783748533.103713,155.350
1783748533.123890,155.194
1783748533.144032,155.194
1783748533.164175,155.194
1783748533.184315,155.194
1783748533.204451,155.194
1783748533.224584,155.326
1783748533.244721,155.326
1783748533.264902,155.326
1783748533.285039,155.326
1783748533.305178,155.326
1783748533.325313,155.233
1783748533.345451,155.233
1783748533.365586,155.233
1783748533.385722,155.233
1783748533.405903,155.032
1783748533.426046,155.032
1783748533.446187,155.032
1783748533.466322,155.032
1783748533.486427,155.032
1783748533.506570,155.119
1783748533.526711,155.119
1783748533.546893,155.119
1783748533.567030,155.119
1783748533.587136,155.119
1783748533.607272,155.257
1783748533.627434,155.257
1783748533.647574,155.257
1783748533.667717,155.257
1783748533.687872,155.257
1783748533.708006,155.084
1783748533.728143,155.084
1783748533.748279,155.084
1783748533.768416,155.084
1783748533.788522,155.084
1783748533.808656,155.608
1783748533.828792,155.608
1783748533.848936,155.608
1783748533.869106,155.608
1783748533.889239,155.608
1783748533.909375,155.427
1783748533.929519,155.427
1783748533.949656,155.427
1783748533.969792,155.427
1783748533.989926,155.427
1783748534.010065,155.451
1783748534.030207,155.451
1783748534.050341,155.451
1783748534.070474,155.451
1783748534.090611,155.451
1783748534.110751,155.704
1783748534.130881,155.704
1783748534.151021,155.704
1783748534.171166,155.704
1783748534.191305,155.704
1783748534.211437,155.412
1783748534.231574,155.412
1783748534.251710,155.412
1783748534.271896,155.412
1783748534.292035,155.412
1783748534.312170,155.450
1783748534.332306,155.450
1783748534.352446,155.450
1783748534.372595,155.450
1783748534.392787,155.450
1783748534.412923,155.822
1783748534.433065,155.822
1783748534.453204,155.822
1783748534.473340,155.822
1783748534.493476,155.822
1783748534.513616,155.712
1783748534.533761,155.712
1783748534.553894,155.712
1783748534.574032,155.712
1783748534.594171,155.712
1783748534.614311,155.833
1783748534.634444,155.833
1783748534.654582,155.833
1783748534.674770,155.833
1783748534.694911,155.833
1783748534.715045,155.860
1783748534.735183,155.860
1783748534.755320,155.860
1783748534.775459,155.860
1783748534.795594,155.860
1783748534.815768,155.431
1783748534.835903,155.431
1783748534.856039,155.431
1783748534.876175,155.431
1783748534.896311,155.431
1783748534.916477,155.548
1783748534.936611,155.548
1783748534.956752,155.548
1783748534.976885,155.548
1783748534.997017,155.548
1783748535.017150,155.534
1783748535.037284,155.534
1783748535.057416,155.534
1783748535.077547,155.534
1783748535.097680,155.534
1783748535.117815,155.333
1783748535.137947,155.333
1783748535.158110,155.333
1783748535.178250,155.333
1783748535.198386,155.333
1783748535.218522,155.386
1783748535.238654,155.386
1783748535.258787,155.386
1783748535.278926,155.386
1783748535.299061,155.386
1783748535.319194,155.106
1783748535.339328,155.106
1783748535.359467,155.106
1783748535.379604,155.106
1783748535.399776,155.106
1783748535.419910,155.144
1783748535.440051,155.144
1783748535.460187,155.144
1783748535.480324,155.144
1783748535.500459,155.144
1783748535.520595,155.358
1783748535.540777,155.358
1783748535.560913,155.358
1783748535.581047,155.358
1783748535.601182,155.358
1783748535.621317,155.232
1783748535.641450,155.232
1783748535.661589,155.232
1783748535.681775,155.232
1783748535.701912,155.232
1783748535.722044,155.518
1783748535.742180,155.518
1783748535.762317,155.518
1783748535.782456,155.518
1783748535.802591,155.518
1783748535.822772,155.527
1783748535.842906,155.527
1783748535.863044,155.527
1783748535.883178,155.527
1783748535.903313,155.527
1783748535.923445,155.404
1783748535.943590,155.404
1783748535.963782,155.404
1783748535.983917,155.404
1783748536.004053,155.404
1783748536.024201,155.778
1783748536.044345,155.778
1783748536.064481,155.778
1783748536.084615,155.778
1783748536.104753,155.778
1783748536.124892,155.460
1783748536.145025,155.460
1783748536.165159,155.460
1783748536.185298,155.460
1783748536.205465,155.460
1783748536.225596,155.704
1783748536.245770,155.704
1783748536.265905,155.704
1783748536.286046,155.704
1783748536.306182,155.704
1783748536.326318,155.780
1783748536.346453,155.780
1783748536.366595,155.780
1783748536.386776,155.780
1783748536.406910,155.677
1783748536.427072,155.677
1783748536.447214,155.677
1783748536.467349,155.677
1783748536.487485,155.677
1783748536.507619,155.684
1783748536.527758,155.684
1783748536.547896,155.684
1783748536.568030,155.684
1783748536.588165,155.684
1783748536.608308,155.886
1783748536.628445,155.886
1783748536.648582,155.886
1783748536.668722,155.886
1783748536.688908,155.886
1783748536.709046,155.806
1783748536.729179,155.806
1783748536.749314,155.806
1783748536.769450,155.806
1783748536.789590,155.806
1783748536.809758,155.703
1783748536.829893,155.703
1783748536.850029,155.703
1783748536.870169,155.703
1783748536.890308,155.703
1783748536.910442,155.474
1783748536.930577,155.474
1783748536.950714,155.474
1783748536.970907,155.474
1783748536.991042,155.474
1783748537.011176,155.555
1783748537.031323,155.555
1783748537.051466,155.555
1783748537.071600,155.555
1783748537.091774,155.555
1783748537.111920,155.794
1783748537.132057,155.794
1783748537.152190,155.794
1783748537.172325,155.794
1783748537.192464,155.794
1783748537.212603,155.459
1783748537.232773,155.459
1783748537.252909,155.459
1783748537.273045,155.459
1783748537.293185,155.459
1783748537.313316,155.560
1783748537.333451,155.560
1783748537.353584,155.560
1783748537.373769,155.560
1783748537.393909,155.560
1783748537.414043,155.475
1783748537.434177,155.475
1783748537.454320,155.475
1783748537.474427,155.475
1783748537.494591,155.475
1783748537.514775,155.311
1783748537.534914,155.311
1783748537.555054,155.311
1783748537.575189,155.311
1783748537.595323,155.311
1783748537.615467,155.366
1783748537.635604,155.366
1783748537.655777,155.366
1783748537.675913,155.366
1783748537.696048,155.366
1783748537.716219,155.499
1783748537.736348,155.499
1783748537.756482,155.499
1783748537.776622,155.499
1783748537.796763,155.499
1783748537.816896,155.586
1783748537.837031,155.586
1783748537.857169,155.586
1783748537.877307,155.586
1783748537.897443,155.586
1783748537.917580,155.848
1783748537.937717,155.848
1783748537.957914,155.848
1783748537.978049,155.848
1783748537.998186,155.848
1783748538.018323,155.663
1783748538.038464,155.663
1783748538.058603,155.663
1783748538.078780,155.663
1783748538.098917,155.663
1783748538.119063,155.543
1783748538.139202,155.543
1783748538.159334,155.543
1783748538.179469,155.543
1783748538.199610,155.543
1783748538.219749,155.658
1783748538.239880,155.658
1783748538.260021,155.658
1783748538.280161,155.658
1783748538.300301,155.658
1783748538.320436,155.683
1783748538.340575,155.683
1783748538.360713,155.683
1783748538.380892,155.683
1783748538.401026,155.683
1783748538.421163,155.834
1783748538.441298,155.834
1783748538.461439,155.834
1783748538.481578,155.834
1783748538.501715,155.834
1783748538.521896,155.829
1783748538.542035,155.829
1783748538.562173,155.829
1783748538.582307,155.829
1783748538.602441,155.829
1783748538.622579,155.708
1783748538.642716,155.708
1783748538.662895,155.708
1783748538.683032,155.708
1783748538.703171,155.708
1783748538.723310,155.784
1783748538.743443,155.784
1783748538.763612,155.784
1783748538.783754,155.784
1783748538.803896,155.784
1783748538.824029,155.750
1783748538.844167,155.750
1783748538.864308,155.750
1783748538.884442,155.750
1783748538.904585,155.750
1783748538.924722,155.648
1783748538.944908,155.648
1783748538.965054,155.648
1783748538.985189,155.648
1783748539.005346,155.648
1783748539.025482,155.585
1783748539.045624,155.585
1783748539.065768,155.585
1783748539.085903,155.585
1783748539.106040,155.585
1783748539.126179,155.571
1783748539.146317,155.571
1783748539.166451,155.571
1783748539.186598,155.571
1783748539.206786,155.571
1783748539.226925,155.510
1783748539.247058,155.510
1783748539.267195,155.510
1783748539.287342,155.510
1783748539.307484,155.583
1783748539.327618,155.583
1783748539.347756,155.583
1783748539.367893,155.583
1783748539.388032,155.583
1783748539.408170,155.530
1783748539.428280,155.530
1783748539.448416,155.530
1783748539.468558,155.530
1783748539.488697,155.530
1783748539.508877,155.963
1783748539.529014,155.963
1783748539.549160,155.963
1783748539.569305,155.963
1783748539.589442,155.963
1783748539.609577,155.801
1783748539.629768,155.801
1783748539.649907,155.801
1783748539.670040,155.801
1783748539.690177,155.801
1783748539.710317,155.822
1783748539.730456,155.822
1783748539.750590,155.822
1783748539.770776,155.822
1783748539.790923,155.822
1783748539.811063,155.880
1783748539.831195,155.880
1783748539.851330,155.880
1783748539.871468,155.880
1783748539.891613,155.880
1783748539.911752,155.792
1783748539.931890,155.792
1783748539.952027,155.792
1783748539.972166,155.792
1783748539.992304,155.792
1783748540.012441,155.688
1783748540.032577,155.688
1783748540.052789,155.688
1783748540.072926,155.688
1783748540.093060,155.688
1783748540.113194,155.174
1783748540.133333,155.174
1783748540.153473,155.174
1783748540.173608,155.174
1783748540.193788,155.174
1783748540.213927,155.096
1783748540.234065,155.096
1783748540.254169,155.096
1783748540.274311,155.096
1783748540.294477,155.096
1783748540.314620,155.165
1783748540.334753,155.165
1783748540.354892,155.165
1783748540.375030,155.165
1783748540.395139,155.165
1783748540.415236,154.894
1783748540.435362,154.894
1783748540.455505,154.894
1783748540.475649,154.894
1783748540.495787,154.894
1783748540.515923,155.142
1783748540.536058,155.142
1783748540.556198,155.142
1783748540.576338,155.142
1783748540.596479,155.142
1783748540.616617,155.293
1783748540.636765,155.293
1783748540.656906,155.293
1783748540.677012,155.293
1783748540.697111,155.293
1783748540.717242,155.334
1783748540.737379,155.334
1783748540.757510,155.334
1783748540.777648,155.334
1783748540.797794,155.334
1783748540.817933,155.203
1783748540.838065,155.203
1783748540.858204,155.203
1783748540.878341,155.203
1783748540.898481,155.203
1783748540.918616,154.599
1783748540.938753,154.599
1783748540.958889,154.599
1783748540.979026,154.599
1783748540.999164,154.599
1783748541.019301,154.373
1783748541.039437,154.373
1783748541.059579,154.373
1783748541.079719,154.373
1783748541.099945,154.373
1783748541.120078,155.338
1783748541.140221,155.338
1783748541.160363,155.338
1783748541.180498,155.338
1783748541.200635,155.338
1783748541.220775,155.217
1783748541.240915,155.217
1783748541.261049,155.217
1783748541.281186,155.217
1783748541.301325,155.217
1783748541.321463,155.209
1783748541.341629,155.209
1783748541.361767,155.209
1783748541.381902,155.209
1783748541.402036,155.209
1783748541.422172,155.454
1783748541.442309,155.454
1783748541.462445,155.454
1783748541.482582,155.454
1783748541.502714,155.454
1783748541.522894,155.161
1783748541.543030,155.161
1783748541.563199,155.161
1783748541.583338,155.161
1783748541.603474,155.161
1783748541.623611,155.203
1783748541.643751,155.203
1783748541.663895,155.203
1783748541.684030,155.203
1783748541.704164,155.203
1783748541.724303,154.790
1783748541.744438,154.790
1783748541.764569,154.790
1783748541.784710,154.790
1783748541.804898,154.790
1783748541.825039,154.431
1783748541.845170,154.431
1783748541.865304,154.431
1783748541.885442,154.431
1783748541.905579,154.431
1783748541.925714,155.041
1783748541.945885,155.041
1783748541.966022,155.041
1783748541.986164,155.041
1783748542.006301,155.041
1783748542.026469,155.192
1783748542.046605,155.192
1783748542.066792,155.192
1783748542.086930,155.192
1783748542.107065,155.192
1783748542.127199,155.261
1783748542.147339,155.261
1783748542.167482,155.261
1783748542.187617,155.261
1783748542.207752,155.261
1783748542.227890,155.269
1783748542.248028,155.269
1783748542.268162,155.269
1783748542.288299,155.269
1783748542.308439,155.451
1783748542.328578,155.451
1783748542.348711,155.451
1783748542.368893,155.451
1783748542.389032,155.451
1783748542.409171,155.556
1783748542.429306,155.556
1783748542.449439,155.556
1783748542.469571,155.556
1783748542.489708,155.556
1783748542.509889,155.048
1783748542.530023,155.048
1783748542.550158,155.048
1783748542.570304,155.048
1783748542.590441,155.048
1783748542.610579,155.000
1783748542.630782,155.000
1783748542.650926,155.000
1783748542.671071,155.000
1783748542.691208,155.000
1783748542.711345,155.489
1783748542.731485,155.489
1783748542.751625,155.489
1783748542.771759,155.489
1783748542.791893,155.489
1783748542.812035,155.231
1783748542.832171,155.231
1783748542.852320,155.231
1783748542.872457,155.231
1783748542.892595,155.231
1783748542.912780,155.501
1783748542.932918,155.501
1783748542.953054,155.501
1783748542.973191,155.501
1783748542.993333,155.501
1783748543.013471,155.675
1783748543.033608,155.675
1783748543.053788,155.675
1783748543.073932,155.675
1783748543.094069,155.675
1783748543.114207,155.602
1783748543.134343,155.602
1783748543.154484,155.602
1783748543.174622,155.602
1783748543.194758,155.602
1783748543.214895,155.826
1783748543.235037,155.826
1783748543.255176,155.826
1783748543.275310,155.826
1783748543.295450,155.826
1783748543.315597,155.768
1783748543.335784,155.768
1783748543.355917,155.768
1783748543.376055,155.768
1783748543.396194,155.768
1783748543.416335,155.459
1783748543.436469,155.459
1783748543.456606,155.459
1783748543.476784,155.459
1783748543.496924,155.459
1783748543.517063,155.674
1783748543.537199,155.674
1783748543.557339,155.674
1783748543.577485,155.674
1783748543.597626,155.674
1783748543.617767,155.696
1783748543.637904,155.696
1783748543.658051,155.696
1783748543.678191,155.696
1783748543.698327,155.696
1783748543.718458,155.643
1783748543.738598,155.643
1783748543.758777,155.643
1783748543.778910,155.643
1783748543.799042,155.643
1783748543.819176,156.044
1783748543.839312,156.044
1783748543.859443,156.044
1783748543.879575,156.044
1783748543.899764,156.044
1783748543.919900,155.852
1783748543.940035,155.852
1783748543.960168,155.852
1783748543.980298,155.852
1783748544.000437,155.852
1783748544.020576,155.883
1783748544.040709,155.883
1783748544.060894,155.883
1783748544.081034,155.883
1783748544.101169,155.883
1783748544.121304,156.061
1783748544.141467,156.061
1783748544.161604,156.061
1783748544.181784,156.061
1783748544.201918,156.061
1783748544.222052,155.325
1783748544.242197,155.325
1783748544.262333,155.325
1783748544.282465,155.325
1783748544.302604,155.325
1783748544.322781,155.264
1783748544.342921,155.264
1783748544.363041,155.264
1783748544.383177,155.264
1783748544.403282,155.264
1783748544.423423,155.494
1783748544.443556,155.494
1783748544.463692,155.494
1783748544.483850,155.494
1783748544.503987,155.494
1783748544.524127,155.518
1783748544.544262,155.518
1783748544.564396,155.518
1783748544.584534,155.518
1783748544.604669,155.518
1783748544.624810,155.591
1783748544.644945,155.591
1783748544.665084,155.591
1783748544.685223,155.591
1783748544.705327,155.591
1783748544.725462,155.629
1783748544.745614,155.629
1783748544.765752,155.629
1783748544.785885,155.629
1783748544.806019,155.629
1783748544.826157,155.375
1783748544.846295,155.375
1783748544.866427,155.375
1783748544.886564,155.375
1783748544.906701,155.375
1783748544.926880,155.498
1783748544.947013,155.498
1783748544.967149,155.498
1783748544.987283,155.498
1783748545.007422,155.498
1783748545.027564,155.578
1783748545.047698,155.578
1783748545.067878,155.578
1783748545.088021,155.578
1783748545.108157,155.578
1783748545.128295,155.153
1783748545.148431,155.153
1783748545.168572,155.153
1783748545.188751,155.153
1783748545.208885,155.153
1783748545.229022,155.609
1783748545.249166,155.609
1783748545.269303,155.609
1783748545.289436,155.609
1783748545.309571,155.726
1783748545.329713,155.726
1783748545.349884,155.726
1783748545.370016,155.726
1783748545.390153,155.726
1783748545.410260,155.409
1783748545.430429,155.409
1783748545.450562,155.409
1783748545.470699,155.409
1783748545.490873,155.409
1783748545.510978,155.710
1783748545.531115,155.710
1783748545.551255,155.710
1783748545.571389,155.710
1783748545.591526,155.710
1783748545.611631,155.778
1783748545.631765,155.778
1783748545.651899,155.778
1783748545.672039,155.778
1783748545.692174,155.778
1783748545.712278,155.495
1783748545.732412,155.495
1783748545.752549,155.495
1783748545.772687,155.495
1783748545.792821,155.495
1783748545.812961,155.669
1783748545.833098,155.669
1783748545.853238,155.669
1783748545.873370,155.669
1783748545.893508,155.669
1783748545.913643,155.214
1783748545.933780,155.214
1783748545.953914,155.214
1783748545.974050,155.214
1783748545.994184,155.214
1783748546.014325,155.164
1783748546.034463,155.164
1783748546.054597,155.164
1783748546.074778,155.164
1783748546.094923,155.164
1783748546.115061,155.229
1783748546.135196,155.229
1783748546.155332,155.229
1783748546.175472,155.229
1783748546.195614,155.229
1783748546.215750,155.342
1783748546.235886,155.342
1783748546.256031,155.342
1783748546.276168,155.342
1783748546.296301,155.342
1783748546.316437,155.378
1783748546.336575,155.378
1783748546.356712,155.378
1783748546.376888,155.378
1783748546.397028,155.378
1783748546.417165,155.130
1783748546.437304,155.130
1783748546.457437,155.130
1783748546.477606,155.130
1783748546.497781,155.130
1783748546.517919,155.407
1783748546.538056,155.407
1783748546.558190,155.407
1783748546.578325,155.407
1783748546.598465,155.407
1783748546.618603,155.078
1783748546.638775,155.078
1783748546.658911,155.078
1783748546.679050,155.078
1783748546.699219,155.078
1783748546.719355,155.307
1783748546.739492,155.307
1783748546.759640,155.307
1783748546.779779,155.307
1783748546.799914,155.307
1783748546.820058,155.202
1783748546.840203,155.202
1783748546.860344,155.202
1783748546.880479,155.202
1783748546.900622,155.202
1783748546.920765,155.465
1783748546.940937,155.465
1783748546.961071,155.465
1783748546.981221,155.465
1783748547.001360,155.465
1783748547.021500,155.120
1783748547.041636,155.120
1783748547.061773,155.120
1783748547.081911,155.120
1783748547.102054,155.120
1783748547.122191,155.482
1783748547.142328,155.482
1783748547.162464,155.482
1783748547.182607,155.482
1783748547.202756,155.482
1783748547.222892,155.549
1783748547.243027,155.549
1783748547.263169,155.549
1783748547.283303,155.549
1783748547.303436,155.549
1783748547.323569,155.186
1783748547.343706,155.186
1783748547.363883,155.186
1783748547.384015,155.186
1783748547.404116,155.186
1783748547.424252,155.549
1783748547.444390,155.549
1783748547.464523,155.549
1783748547.484658,155.549
1783748547.504791,155.549
1783748547.524931,155.510
1783748547.545067,155.510
1783748547.565200,155.510
1783748547.585330,155.510
1783748547.605464,155.510
1783748547.625600,155.050
1783748547.645780,155.050
1783748547.665913,155.050
1783748547.686051,155.050
1783748547.706185,155.050
1783748547.726321,155.076
1783748547.746456,155.076
1783748547.766624,155.076
1783748547.786767,155.076
1783748547.806898,155.076
1783748547.827035,155.426
1783748547.847177,155.426
1783748547.867315,155.426
1783748547.887446,155.426
1783748547.907584,155.426
1783748547.927795,155.472
1783748547.947936,155.472
1783748547.968069,155.472
1783748547.988235,155.472
1783748548.008373,155.472
1783748548.028513,155.539
1783748548.048648,155.539
1783748548.068785,155.539
1783748548.088919,155.539
1783748548.109057,155.539
1783748548.129195,155.858
1783748548.149331,155.858
1783748548.169466,155.858
1783748548.189605,155.858
1783748548.209789,155.858
1783748548.229925,155.513
1783748548.250060,155.513
1783748548.270204,155.513
1783748548.290343,155.513
1783748548.310477,155.894
1783748548.330615,155.894
1783748548.350754,155.894
1783748548.370891,155.894
1783748548.391025,155.894
1783748548.411165,155.610
1783748548.431308,155.610
1783748548.451446,155.610
1783748548.471579,155.610
1783748548.491714,155.610
1783748548.511893,155.089
1783748548.532032,155.089
1783748548.552167,155.089
1783748548.572302,155.089
1783748548.592437,155.089
1783748548.612576,155.745
1783748548.632715,155.745
1783748548.652884,155.745
1783748548.673020,155.745
1783748548.693162,155.745
1783748548.713300,155.798
1783748548.733440,155.798
1783748548.753576,155.798
1783748548.773712,155.798
1783748548.793900,155.798
1783748548.814032,155.593
1783748548.834169,155.593
1783748548.854306,155.593
1783748548.874444,155.593
1783748548.894577,155.593
1783748548.914713,155.749
1783748548.934885,155.749
1783748548.955021,155.749
1783748548.975151,155.749
1783748548.995289,155.749
1783748549.015425,155.491
1783748549.035595,155.491
1783748549.055779,155.491
1783748549.075915,155.491
1783748549.096047,155.491
1783748549.116183,155.556
1783748549.136318,155.556
1783748549.156452,155.556
1783748549.176587,155.556
1783748549.196791,155.556
1783748549.216926,155.373
1783748549.237066,155.373
1783748549.257200,155.373
1783748549.277371,155.373
1783748549.297512,155.373
1783748549.317652,154.653
1783748549.337787,154.653
1783748549.357924,154.653
1783748549.378060,154.653
1783748549.398195,154.653
1783748549.418328,154.621
1783748549.438473,154.621
1783748549.458611,154.621
1783748549.478789,154.621
1783748549.498926,154.621
1783748549.519062,155.303
1783748549.539200,155.303
1783748549.559335,155.303
1783748549.579470,155.303
1783748549.599605,155.303
1783748549.619772,155.143
1783748549.639908,155.143
1783748549.660043,155.143
1783748549.680176,155.143
1783748549.700320,155.143
1783748549.720458,155.200
1783748549.740593,155.200
1783748549.760772,155.200
1783748549.780915,155.200
1783748549.801055,155.200
1783748549.821191,155.309
1783748549.841328,155.309
1783748549.861466,155.309
1783748549.881604,155.309
1783748549.901788,155.309
1783748549.921924,155.036
1783748549.942061,155.036
1783748549.962201,155.036
1783748549.982332,155.036
1783748550.002467,155.036
1783748550.022600,155.380
1783748550.042784,155.380
1783748550.062914,155.380
1783748550.083050,155.380
1783748550.103154,155.380
1783748550.123294,155.287
1783748550.143432,155.287
1783748550.163569,155.287
1783748550.183706,155.287
1783748550.203893,155.287
1783748550.224031,155.556
1783748550.244169,155.556
1783748550.264307,155.556
1783748550.284446,155.556
1783748550.304582,155.556
1783748550.324756,156.028
1783748550.344894,156.028
1783748550.365034,156.028
1783748550.385174,156.028
1783748550.405279,156.028
1783748550.425419,156.179
1783748550.445567,156.179
1783748550.465708,156.179
1783748550.485893,156.179
1783748550.506029,156.179
1783748550.526168,155.864
1783748550.546308,155.864
1783748550.566476,155.864
1783748550.586613,155.864
1783748550.606751,155.864
1783748550.626891,156.168
1783748550.647028,156.168
1783748550.667162,156.168
1783748550.687301,156.168
1783748550.707449,156.168
1783748550.727594,155.944
1783748550.747767,155.944
1783748550.767905,155.944
1783748550.788056,155.944
1783748550.808200,155.944
1783748550.828335,155.816
1783748550.848472,155.816
1783748550.868613,155.816
1783748550.888752,155.816
1783748550.908889,155.816
1783748550.929025,155.857
1783748550.949166,155.857
1783748550.969306,155.857
1783748550.989439,155.857
1783748551.009577,155.857
1783748551.029714,155.573
1783748551.049915,155.573
1783748551.070053,155.573
1783748551.090189,155.573
1783748551.110326,155.573
1783748551.130470,155.450
1783748551.150608,155.450
1783748551.170789,155.450
1783748551.190925,155.450
1783748551.211071,155.186
1783748551.231209,155.186
1783748551.251346,155.186
1783748551.271481,155.186
1783748551.291622,155.186
1783748551.311767,155.377
1783748551.331900,155.377
1783748551.352035,155.377
1783748551.372210,155.377
1783748551.392317,155.377
1783748551.412451,155.824
1783748551.432565,155.824
1783748551.452711,155.824
1783748551.472896,155.824
1783748551.493029,155.824
1783748551.513165,155.945
1783748551.533305,155.945
1783748551.553446,155.945
1783748551.573581,155.945
1783748551.593718,155.945
1783748551.613930,155.904
1783748551.634072,155.904
1783748551.654209,155.904
1783748551.674348,155.904
1783748551.694484,155.904
1783748551.714592,156.146
1783748551.734774,156.146
1783748551.754909,156.146
1783748551.775047,156.146
1783748551.795187,156.146
1783748551.815332,156.341
1783748551.835500,156.341
1783748551.855638,156.341
1783748551.875786,156.341
1783748551.895925,156.341
1783748551.916060,156.079
1783748551.936198,156.079
1783748551.956340,156.079
1783748551.976479,156.079
1783748551.996612,156.079
1783748552.016755,156.363
1783748552.036895,156.363
1783748552.057038,156.363
1783748552.077173,156.363
1783748552.097311,156.363
1783748552.117447,155.753
1783748552.137591,155.753
1783748552.157780,155.753
1783748552.177917,155.753
1783748552.198054,155.753
1783748552.218194,155.845
1783748552.238332,155.845
1783748552.258470,155.845
1783748552.278607,155.845
1783748552.298797,155.845
1783748552.318936,155.944
1783748552.339074,155.944
1783748552.359211,155.944
1783748552.379359,155.944
1783748552.399499,155.944
1783748552.419633,155.778
1783748552.439770,155.778
1783748552.459910,155.778
1783748552.480050,155.778
1783748552.500183,155.778
1783748552.520320,155.935
1783748552.540460,155.935
1783748552.560599,155.935
1783748552.580774,155.935
1783748552.600910,155.935
1783748552.621047,155.874
1783748552.641186,155.874
1783748552.661323,155.874
1783748552.681463,155.874
1783748552.701598,155.874
1783748552.721772,155.790
1783748552.741909,155.790
1783748552.762050,155.790
1783748552.782187,155.790
1783748552.802325,155.790
1783748552.822464,155.911
1783748552.842602,155.911
1783748552.862781,155.911
1783748552.882930,155.911
1783748552.903102,155.911
1783748552.923238,155.848
1783748552.943376,155.848
1783748552.963523,155.848
1783748552.983663,155.848
1783748553.003798,155.848
1783748553.023939,155.862
1783748553.044079,155.862
1783748553.064221,155.862
1783748553.084354,155.862
1783748553.104493,155.862
1783748553.124676,156.495
1783748553.144814,156.495
1783748553.164952,156.495
1783748553.185088,156.495
1783748553.205226,156.495
1783748553.225373,156.149
1783748553.245512,156.149
1783748553.265648,156.149
1783748553.285784,156.149
1783748553.305927,156.149
1783748553.326071,156.213
1783748553.346208,156.213
1783748553.366345,156.213
1783748553.386493,156.213
1783748553.406634,156.213
1783748553.426769,155.847
1783748553.446905,155.847
1783748553.467046,155.847
1783748553.487185,155.847
1783748553.507318,155.847
1783748553.527455,155.863
1783748553.547605,155.863
1783748553.567781,155.863
1783748553.587917,155.863
1783748553.608056,155.863
1783748553.628194,155.933
1783748553.648336,155.933
1783748553.668472,155.933
1783748553.688608,155.933
1783748553.708787,155.933
1783748553.728929,155.910
1783748553.749066,155.910
1783748553.769203,155.910
1783748553.789340,155.910
1783748553.809481,155.910
1783748553.829619,155.811
1783748553.849755,155.811
1783748553.869892,155.811
1783748553.890032,155.811
1783748553.910172,155.811
1783748553.930306,155.834
1783748553.950448,155.834
1783748553.970596,155.834
1783748553.990788,155.834
1783748554.010922,155.834
1783748554.031064,156.003
1783748554.051208,156.003
1783748554.071351,156.003
1783748554.091486,156.003
1783748554.111624,156.003
1783748554.131763,155.121
1783748554.151903,155.121
1783748554.172071,155.121
1783748554.192208,155.121
1783748554.212345,155.250
1783748554.232489,155.250
1783748554.252627,155.250
1783748554.272771,155.250
1783748554.292910,155.250
1783748554.313059,155.621
1783748554.333202,155.621
1783748554.353338,155.621
1783748554.373476,155.621
1783748554.393625,155.621
1783748554.413797,155.746
1783748554.433932,155.746
1783748554.454070,155.746
1783748554.474210,155.746
1783748554.494346,155.746
1783748554.514481,155.743
1783748554.534621,155.743
1783748554.554767,155.743
1783748554.574908,155.743
1783748554.595042,155.743
1783748554.615177,155.793
1783748554.635316,155.793
1783748554.655456,155.793
1783748554.675594,155.793
1783748554.695772,155.793
1783748554.715915,155.858
1783748554.736063,155.858
1783748554.756201,155.858
1783748554.776337,155.858
1783748554.796474,155.858
1783748554.816618,155.771
1783748554.836756,155.771
1783748554.856889,155.771
1783748554.877026,155.771
1783748554.897167,155.771
1783748554.917307,155.932
1783748554.937441,155.932
1783748554.957577,155.932
1783748554.977717,155.932
1783748554.997933,155.932
1783748555.018073,156.211
1783748555.038215,156.211
1783748555.058362,156.211
1783748555.078502,156.211
1783748555.098635,156.211
1783748555.118774,156.544
1783748555.138913,156.544
1783748555.159053,156.544
1783748555.179191,156.544
1783748555.199328,156.544
1783748555.219464,156.474
1783748555.239608,156.474
1783748555.259782,156.474
1783748555.279919,156.474
1783748555.300056,156.474
1783748555.320199,156.585
1783748555.340337,156.585
1783748555.360472,156.585
1783748555.380607,156.585
1783748555.400756,156.585
1783748555.420897,155.979
1783748555.441031,155.979
1783748555.461197,155.979
1783748555.481337,155.979
1783748555.501476,155.979
1783748555.521610,156.117
1783748555.541753,156.117
1783748555.561900,156.117
1783748555.582039,156.117
1783748555.602172,156.117
1783748555.622309,155.712
1783748555.642448,155.712
1783748555.662587,155.712
1783748555.682767,155.712
1783748555.702933,155.712
1783748555.723070,156.029
1783748555.743211,156.029
1783748555.763348,156.029
1783748555.783484,156.029
1783748555.803620,156.029
1783748555.823763,155.837
1783748555.843902,155.837
1783748555.864038,155.837
1783748555.884173,155.837
1783748555.904313,155.837
1783748555.924459,155.846
1783748555.944594,155.846
1783748555.964769,155.846
1783748555.984910,155.846
1783748556.005049,155.846
1783748556.025182,155.784
1783748556.045317,155.784
1783748556.065456,155.784
1783748556.085593,155.784
1783748556.105774,155.784
1783748556.125907,155.842
1783748556.146045,155.842
1783748556.166178,155.842
1783748556.186315,155.842
1783748556.206447,155.842
1783748556.226578,156.007
1783748556.246715,156.007
1783748556.266891,156.007
1783748556.287024,156.007
1783748556.307156,156.007
1783748556.327294,155.760
1783748556.347428,155.760
1783748556.367563,155.760
1783748556.387694,155.760
1783748556.407857,155.760
1783748556.427995,156.404
1783748556.448128,156.404
1783748556.468261,156.404
1783748556.488398,156.404
1783748556.508535,156.404
1783748556.528667,156.363
1783748556.548806,156.363
1783748556.568948,156.363
1783748556.589087,156.363
1783748556.609217,156.363
1783748556.629352,156.383
1783748556.649489,156.383
1783748556.669628,156.383
1783748556.689766,156.383
1783748556.709900,156.383
1783748556.730036,156.308
1783748556.750207,156.308
1783748556.770342,156.308
1783748556.790476,156.308
1783748556.810611,156.308
1783748556.830756,156.307
1783748556.850893,156.307
1783748556.871027,156.307
1783748556.891161,156.307
1783748556.911306,156.307
1783748556.931448,156.277
1783748556.951582,156.277
1783748556.971752,156.277
1783748556.991889,156.277
1783748557.012026,156.277
1783748557.032157,155.958
1783748557.052292,155.958
1783748557.072431,155.958
1783748557.092567,155.958
1783748557.112698,155.958
1783748557.132893,156.148
1783748557.153029,156.148
1783748557.173168,156.148
1783748557.193303,156.148
1783748557.213435,155.936
1783748557.233571,155.936
1783748557.253712,155.936
1783748557.273896,155.936
1783748557.294031,155.936
1783748557.314165,155.959
1783748557.334307,155.959
1783748557.354444,155.959
1783748557.374579,155.959
1783748557.394713,155.959
1783748557.414899,156.092
1783748557.435035,156.092
1783748557.455171,156.092
1783748557.475307,156.092
1783748557.495442,156.092
1783748557.515581,156.159
1783748557.535715,156.159
1783748557.555889,156.159
1783748557.576034,156.159
1783748557.596174,156.159
1783748557.616307,156.142
1783748557.636444,156.142
1783748557.656581,156.142
1783748557.676721,156.142
1783748557.696896,156.142
1783748557.717032,155.984
1783748557.737166,155.984
1783748557.757304,155.984
1783748557.777440,155.984
1783748557.797575,155.984
1783748557.817708,156.256
1783748557.837885,156.256
1783748557.858019,156.256
1783748557.878155,156.256
1783748557.898291,156.256
1783748557.918429,156.149
1783748557.938573,156.149
1783748557.958709,156.149
1783748557.978879,156.149
1783748557.999018,156.149
1783748558.019154,155.827
1783748558.039323,155.827
1783748558.059461,155.827
1783748558.079599,155.827
1783748558.099777,155.827
1783748558.119907,156.118
1783748558.140043,156.118
1783748558.160181,156.118
1783748558.180320,156.118
1783748558.200452,156.118
1783748558.220586,155.782
1783748558.240721,155.782
1783748558.260932,155.782
1783748558.281066,155.782
1783748558.301202,155.782
1783748558.321338,155.841
1783748558.341483,155.841
1783748558.361620,155.841
1783748558.381756,155.841
1783748558.401891,155.841
1783748558.422030,155.962
1783748558.442172,155.962
1783748558.462306,155.962
1783748558.482441,155.962
1783748558.502583,155.962
1783748558.522721,155.582
1783748558.542898,155.582
1783748558.563032,155.582
1783748558.583168,155.582
1783748558.603303,155.582
1783748558.623439,155.716
1783748558.643574,155.716
1783748558.663710,155.716
1783748558.683894,155.716
1783748558.704028,155.716
1783748558.724163,156.028
1783748558.744297,156.028
1783748558.764435,156.028
1783748558.784573,156.028
1783748558.804708,156.028
1783748558.824879,155.884
1783748558.845017,155.884
1783748558.865152,155.884
1783748558.885290,155.884
1783748558.905424,155.884
1783748558.925560,156.122
1783748558.945697,156.122
1783748558.965871,156.122
1783748558.986005,156.122
1783748559.006145,156.122
1783748559.026283,156.147
1783748559.046419,156.147
1783748559.066554,156.147
1783748559.086694,156.147
1783748559.106875,156.147
1783748559.127008,156.311
1783748559.147146,156.311
1783748559.167286,156.311
1783748559.187429,156.311
1783748559.207563,156.311
1783748559.227701,156.401
1783748559.247878,156.401
1783748559.268017,156.401
1783748559.288154,156.401
1783748559.308320,156.401
1783748559.328454,156.431
1783748559.348593,156.431
1783748559.368773,156.431
1783748559.388910,156.431
1783748559.409045,156.431
1783748559.429184,156.308
1783748559.449322,156.308
1783748559.469457,156.308
1783748559.489593,156.308
1783748559.509784,156.308
1783748559.529924,156.303
1783748559.550090,156.303
1783748559.570225,156.303
1783748559.590368,156.303
1783748559.610504,156.303
1783748559.630640,156.185
1783748559.650778,156.185
1783748559.670915,156.185
1783748559.691053,156.185
1783748559.711187,156.185
1783748559.731321,156.168
1783748559.751454,156.168
1783748559.771593,156.168
1783748559.791774,156.168
1783748559.811906,156.168
1783748559.832038,156.158
1783748559.852180,156.158
1783748559.872315,156.158
1783748559.892450,156.158
1783748559.912581,156.158
1783748559.932714,156.066
1783748559.952891,156.066
1783748559.973025,156.066
1783748559.993155,156.066
1783748560.013289,156.066
1783748560.033426,155.887
1783748560.053560,155.887
1783748560.073699,155.887
1783748560.093883,155.887
1783748560.114021,155.644
1783748560.134155,155.644
1783748560.154296,155.644
1783748560.174436,155.644
1783748560.194577,155.644
1783748560.214710,155.726
1783748560.234894,155.726
1783748560.255033,155.726
1783748560.275172,155.726
1783748560.295310,155.726
1783748560.315444,155.947
1783748560.335580,155.947
1783748560.355720,155.947
1783748560.375897,155.947
1783748560.396033,155.947
1783748560.416171,155.704
1783748560.436317,155.704
1783748560.456462,155.704
1783748560.476598,155.704
1783748560.496772,155.704
1783748560.516918,155.747
1783748560.537053,155.747
1783748560.557187,155.747
1783748560.577322,155.747
1783748560.597490,155.747
1783748560.617630,155.700
1783748560.637764,155.700
1783748560.657904,155.700
1783748560.678043,155.700
1783748560.698178,155.700
1783748560.718311,155.972
1783748560.738446,155.972
1783748560.758582,155.972
1783748560.778721,155.972
1783748560.798904,155.972
1783748560.819040,155.895
1783748560.839207,155.895
1783748560.859347,155.895
1783748560.879482,155.895
1783748560.899617,155.895
1783748560.919753,155.945
1783748560.939894,155.945
1783748560.960034,155.945
1783748560.980170,155.945
1783748561.000305,155.945
1783748561.020446,155.988
1783748561.040611,155.988
1783748561.060752,155.988
1783748561.080886,155.988
1783748561.101024,155.988
1783748561.121162,156.139
1783748561.141296,156.139
1783748561.161436,156.139
1783748561.181576,156.139
1783748561.201716,156.139
1783748561.221891,156.138
1783748561.241999,156.138
1783748561.262136,156.138
1783748561.282274,156.138
1783748561.302411,156.138
1783748561.322544,156.264
1783748561.342678,156.264
1783748561.362818,156.264
1783748561.382955,156.264
1783748561.403090,156.264
1783748561.423225,156.067
1783748561.443359,156.067
1783748561.463500,156.067
1783748561.483634,156.067
1783748561.503768,156.067
1783748561.523913,156.043
1783748561.544051,156.043
1783748561.564185,156.043
1783748561.584321,156.043
1783748561.604459,156.043
1783748561.624599,156.218
1783748561.644767,156.218
1783748561.664907,156.218
1783748561.685049,156.218
1783748561.705188,156.218
1783748561.725321,156.059
1783748561.745454,156.059
1783748561.765587,156.059
1783748561.785770,156.059
1783748561.805905,156.059
1783748561.826041,156.031
1783748561.846213,156.031
1783748561.866359,156.031
1783748561.886523,156.031
1783748561.906659,156.031
1783748561.926794,156.252
1783748561.946933,156.252
1783748561.967069,156.252
1783748561.987202,156.252
1783748562.007337,156.252
1783748562.027485,155.989
1783748562.047622,155.989
1783748562.067755,155.989
1783748562.087888,155.989
1783748562.108048,155.989
1783748562.128186,156.180
1783748562.148319,156.180
1783748562.168458,156.180
1783748562.188601,156.180
1783748562.208799,156.180
1783748562.228933,156.103
1783748562.249069,156.103
1783748562.269206,156.103
1783748562.289343,156.103
1783748562.309480,156.103
1783748562.329616,156.169
1783748562.349752,156.169
1783748562.369893,156.169
1783748562.390029,156.169
1783748562.410163,156.169
1783748562.430298,156.311
1783748562.450437,156.311
1783748562.470574,156.311
1783748562.490708,156.311
1783748562.510885,156.311
1783748562.531021,156.321
1783748562.551160,156.321
1783748562.571294,156.321
1783748562.591428,156.321
1783748562.611566,156.321
1783748562.631704,156.511
1783748562.651883,156.511
1783748562.672018,156.511
1783748562.692154,156.511
1783748562.712289,156.511
1783748562.732419,156.520
1783748562.752556,156.520
1783748562.772695,156.520
1783748562.792876,156.520
1783748562.813013,156.520
1783748562.833150,156.492
1783748562.853287,156.492
1783748562.873426,156.492
1783748562.893562,156.492
1783748562.913697,156.492
1783748562.933877,156.476
1783748562.954014,156.476
1783748562.974154,156.476
1783748562.994294,156.476
1783748563.014431,156.476
1783748563.034570,156.301
1783748563.054719,156.301
1783748563.074889,156.301
1783748563.095028,156.301
1783748563.115169,156.274
1783748563.135309,156.274
1783748563.155444,156.274
1783748563.175611,156.274
1783748563.195754,156.274
1783748563.215894,156.208
1783748563.236028,156.208
1783748563.256170,156.208
1783748563.276308,156.208
1783748563.296447,156.208
1783748563.316586,155.990
1783748563.336767,155.990
1783748563.356902,155.990
1783748563.377044,155.990
1783748563.397213,155.990
1783748563.417351,156.040
1783748563.437488,156.040
1783748563.457632,156.040
1783748563.477770,156.040
1783748563.497907,156.040
1783748563.518044,156.063
1783748563.538183,156.063
1783748563.558325,156.063
1783748563.578458,156.063
1783748563.598596,156.063
1783748563.618781,155.895
1783748563.638921,155.895
1783748563.659057,155.895
1783748563.679199,155.895
1783748563.699346,155.895
1783748563.719488,156.094
1783748563.739621,156.094
1783748563.759760,156.094
1783748563.779898,156.094
1783748563.800038,156.094
1783748563.820173,156.073
1783748563.840310,156.073
1783748563.860445,156.073
1783748563.880586,156.073
1783748563.900805,156.073
1783748563.920942,156.085
1783748563.941079,156.085
1783748563.961225,156.085
1783748563.981381,156.085
1783748564.001518,156.085
1783748564.021656,156.259
1783748564.041804,156.259
1783748564.061947,156.259
1783748564.082084,156.259
1783748564.102221,156.259
1783748564.122359,156.237
1783748564.142497,156.237
1783748564.162632,156.237
1783748564.182768,156.237
1783748564.202907,156.237
1783748564.223045,156.157
1783748564.243179,156.157
1783748564.263315,156.157
1783748564.283453,156.157
1783748564.303599,156.157
1783748564.323772,156.102
1783748564.343906,156.102
1783748564.364044,156.102
1783748564.384189,156.102
1783748564.404327,156.102
1783748564.424464,156.338
1783748564.444631,156.338
1783748564.464777,156.338
1783748564.484915,156.338
1783748564.505053,156.338
1783748564.525188,156.389
1783748564.545331,156.389
1783748564.565470,156.389
1783748564.585606,156.389
1783748564.605785,156.389
1783748564.625924,156.511
1783748564.646062,156.511
1783748564.666198,156.511
1783748564.686375,156.511
1783748564.706518,156.511
1783748564.726657,156.379
1783748564.746790,156.379
1783748564.766925,156.379
1783748564.787058,156.379
1783748564.807194,156.379
1783748564.827328,156.102
1783748564.847461,156.102
1783748564.867594,156.102
1783748564.887764,156.102
1783748564.907901,156.102
1783748564.928034,155.847
1783748564.948165,155.847
1783748564.968301,155.847
1783748564.988434,155.847
1783748565.008572,155.847
1783748565.028706,156.031
1783748565.048896,156.031
1783748565.069039,156.031
1783748565.089173,156.031
1783748565.109307,156.031
1783748565.129447,156.153
1783748565.149583,156.153
1783748565.169718,156.153
1783748565.189891,156.153
1783748565.210032,156.153
1783748565.230171,155.967
1783748565.250273,155.967
1783748565.270407,155.967
1783748565.290542,155.967
1783748565.310681,155.967
1783748565.330815,156.268
1783748565.350919,156.268
1783748565.371053,156.268
1783748565.391189,156.268
1783748565.411328,156.268
1783748565.431463,156.008
1783748565.451565,156.008
1783748565.471706,156.008
1783748565.491881,156.008
1783748565.512017,156.008
1783748565.532152,155.995
1783748565.552260,155.995
1783748565.572401,155.995
1783748565.592536,155.995
1783748565.612672,155.995
1783748565.632812,156.369
1783748565.652950,156.369
1783748565.673084,156.369
1783748565.693218,156.369
1783748565.713354,156.369
1783748565.733526,156.188
1783748565.753659,156.188
1783748565.773795,156.188
1783748565.793932,156.188
1783748565.814072,156.188
1783748565.834207,156.326
1783748565.854344,156.326
1783748565.874478,156.326
1783748565.894617,156.326
1783748565.914757,156.326
1783748565.934891,156.446
1783748565.955024,156.446
1783748565.975189,156.446
1783748565.995325,156.446
1783748566.015461,156.399
1783748566.035595,156.399
1783748566.055787,156.399
1783748566.075923,156.399
1783748566.096059,156.399
1783748566.116196,156.420
1783748566.136340,156.420
1783748566.156479,156.420
1783748566.176613,156.420
1783748566.196753,156.420
1783748566.216890,156.593
1783748566.237025,156.593
1783748566.257156,156.593
1783748566.277295,156.593
1783748566.297431,156.593
1783748566.317569,156.157
1783748566.337703,156.157
1783748566.357879,156.157
1783748566.378011,156.157
1783748566.398146,156.157
1783748566.418290,156.453
1783748566.438427,156.453
1783748566.458566,156.453
1783748566.478709,156.453
1783748566.498887,156.453
1783748566.519024,156.226
1783748566.539160,156.226
1783748566.559299,156.226
1783748566.579438,156.226
1783748566.599575,156.226
1783748566.619709,156.507
1783748566.639900,156.507
1783748566.660037,156.507
1783748566.680168,156.507
1783748566.700306,156.507
1783748566.720447,156.649
1783748566.740587,156.649
1783748566.760719,156.649
1783748566.780894,156.649
1783748566.801032,156.649
1783748566.821173,156.396
1783748566.841308,156.396
1783748566.861443,156.396
1783748566.881576,156.396
1783748566.901717,156.396
1783748566.921905,156.574
1783748566.942039,156.574
1783748566.962172,156.574
1783748566.982315,156.574
1783748567.002452,156.574
1783748567.022620,156.551
1783748567.042757,156.551
1783748567.062896,156.551
1783748567.083034,156.551
1783748567.103170,156.551
1783748567.123304,156.403
1783748567.143441,156.403
1783748567.163578,156.403
1783748567.183711,156.403
1783748567.203884,156.403
1783748567.224027,156.576
1783748567.244195,156.576
1783748567.264330,156.576
1783748567.284469,156.576
1783748567.304608,156.576
1783748567.324750,156.629
1783748567.344882,156.629
1783748567.365017,156.629
1783748567.385153,156.629
1783748567.405290,156.629
1783748567.425427,156.777
1783748567.445561,156.777
1783748567.465695,156.777
1783748567.485872,156.777
1783748567.506007,156.777
1783748567.526142,156.731
1783748567.546274,156.731
1783748567.566414,156.731
1783748567.586555,156.731
1783748567.606692,156.731
1783748567.626863,156.441
1783748567.647012,156.441
1783748567.667152,156.441
1783748567.687287,156.441
1783748567.707424,156.441
1783748567.727564,156.247
1783748567.747700,156.247
1783748567.767874,156.247
1783748567.788016,156.247
1783748567.808154,156.247
1783748567.828290,156.307
1783748567.848423,156.307
1783748567.868560,156.307
1783748567.888699,156.307
1783748567.908891,156.307
1783748567.929028,156.042
1783748567.949166,156.042
1783748567.969304,156.042
1783748567.989450,156.042
1783748568.009587,156.042
1783748568.029767,157.033
1783748568.049903,157.033
1783748568.070044,157.033
1783748568.090179,157.033
1783748568.110313,157.033
1783748568.130447,156.778
1783748568.150587,156.778
1783748568.170773,156.778
1783748568.190906,156.778
1783748568.211039,156.778
1783748568.231172,156.666
1783748568.251307,156.666
1783748568.271442,156.666
1783748568.291579,156.666
1783748568.311755,156.666
1783748568.331892,156.654
1783748568.352023,156.654
1783748568.372159,156.654
1783748568.392291,156.654
1783748568.412392,156.654
1783748568.432527,156.528
1783748568.452661,156.528
1783748568.472795,156.528
1783748568.492932,156.528
1783748568.513066,156.528
1783748568.533233,156.451
1783748568.553368,156.451
1783748568.573508,156.451
1783748568.593633,156.451
1783748568.613762,156.451
1783748568.633897,156.711
1783748568.654045,156.711
1783748568.674185,156.711
1783748568.694320,156.711
1783748568.714456,156.711
1783748568.734596,156.595
1783748568.754779,156.595
1783748568.774915,156.595
1783748568.795056,156.595
1783748568.815202,156.595
1783748568.835346,156.619
1783748568.855479,156.619
1783748568.875618,156.619
1783748568.895756,156.619
1783748568.915895,156.619
1783748568.936032,156.726
1783748568.956173,156.726
1783748568.976311,156.726
1783748568.996454,156.726
1783748569.016591,156.015
1783748569.036771,156.015
1783748569.056909,156.015
1783748569.077051,156.015
1783748569.097189,156.015
1783748569.117324,156.126
1783748569.137460,156.126
1783748569.157607,156.126
1783748569.177779,156.126
1783748569.197913,156.126
1783748569.218049,155.998
1783748569.238186,155.998
1783748569.258293,155.998
1783748569.278420,155.998
1783748569.298552,155.998
1783748569.318691,156.071
1783748569.338875,156.071
1783748569.358976,156.071
1783748569.379111,156.071
1783748569.399247,156.071
1783748569.419387,156.148
1783748569.439524,156.148
1783748569.459629,156.148
1783748569.479764,156.148
1783748569.499904,156.148
1783748569.520039,155.975
1783748569.540170,155.975
1783748569.560274,155.975
1783748569.580437,155.975
1783748569.600571,155.975
1783748569.620704,155.975
1783748569.640879,155.975
1783748569.661016,155.975
1783748569.681151,155.975
1783748569.701285,155.975
1783748569.721421,155.980
1783748569.741568,155.980
1783748569.761706,155.980
1783748569.781883,155.980
1783748569.802023,155.980
1783748569.822197,155.887
1783748569.842335,155.887
1783748569.862467,155.887
1783748569.882601,155.887
1783748569.902784,155.887
1783748569.922923,155.734
1783748569.943056,155.734
1783748569.963190,155.734
1783748569.983326,155.734
1783748570.003466,155.734
1783748570.023602,156.082
1783748570.043781,156.082
1783748570.063916,156.082
1783748570.084059,156.082
1783748570.104203,156.082
1783748570.124339,155.976
1783748570.144475,155.976
1783748570.164623,155.976
1783748570.184762,155.976
1783748570.204895,155.976
1783748570.225030,156.041
1783748570.245164,156.041
1783748570.265303,156.041
1783748570.285435,156.041
1783748570.305574,156.041
1783748570.325719,155.915
1783748570.345905,155.915
1783748570.366039,155.915
1783748570.386173,155.915
1783748570.406309,155.915
1783748570.426450,156.111
1783748570.446587,156.111
1783748570.466763,156.111
1783748570.486899,156.111
1783748570.507044,156.111
1783748570.527181,156.276
1783748570.547313,156.276
1783748570.567449,156.276
1783748570.587591,156.276
1783748570.607772,156.276
1783748570.627906,156.197
1783748570.648040,156.197
1783748570.668177,156.197
1783748570.688318,156.197
1783748570.708452,156.197
1783748570.728587,156.034
1783748570.748769,156.034
1783748570.768907,156.034
1783748570.789041,156.034
1783748570.809181,156.034
1783748570.829323,155.807
1783748570.849463,155.807
1783748570.869631,155.807
1783748570.889766,155.807
1783748570.909905,155.807
1783748570.930042,156.119
1783748570.950181,156.119
1783748570.970315,156.119
1783748570.990449,156.119
1783748571.010588,156.119
1783748571.030776,155.841
1783748571.050914,155.841
1783748571.071047,155.841
1783748571.091187,155.841
1783748571.111356,155.841
1783748571.131495,155.810
1783748571.151630,155.810
1783748571.171778,155.810
1783748571.191921,155.810
1783748571.212054,155.810
1783748571.232192,156.075
1783748571.252329,156.075
1783748571.272467,156.075
1783748571.292599,156.075
1783748571.312783,156.075
1783748571.332927,156.032
1783748571.353066,156.032
1783748571.373199,156.032
1783748571.393335,156.032
1783748571.413469,156.032
1783748571.433582,155.946
1783748571.453714,155.946
1783748571.473887,155.946
1783748571.494018,155.946
1783748571.514150,155.946
1783748571.534281,155.725
1783748571.554414,155.725
1783748571.574548,155.725
1783748571.594683,155.725
1783748571.614815,155.725
1783748571.634952,155.971
1783748571.655089,155.971
1783748571.675225,155.971
1783748571.695361,155.971
1783748571.715498,155.971
1783748571.735605,156.086
1783748571.755777,156.086
1783748571.775917,156.086
1783748571.796051,156.086
1783748571.816189,156.086
1783748571.836330,156.139
1783748571.856468,156.139
1783748571.876601,156.139
1783748571.896777,156.139
1783748571.916913,156.139
1783748571.937049,156.252
1783748571.957182,156.252
1783748571.977315,156.252
1783748571.997448,156.252
1783748572.017585,156.096
1783748572.037718,156.096
1783748572.057898,156.096
1783748572.078031,156.096
1783748572.098172,156.096
1783748572.118306,156.212
1783748572.138441,156.212
1783748572.158596,156.212
1783748572.178765,156.212
1783748572.198896,156.212
1783748572.219030,156.282
1783748572.239165,156.282
1783748572.259299,156.282
1783748572.279435,156.282
1783748572.299566,156.282
1783748572.319702,156.134
1783748572.339880,156.134
1783748572.360016,156.134
1783748572.380169,156.134
1783748572.400305,156.134
1783748572.420442,156.194
1783748572.440580,156.194
1783748572.460713,156.194
1783748572.480889,156.194
1783748572.501024,156.194
1783748572.521160,156.523
1783748572.541290,156.523
1783748572.561426,156.523
1783748572.581559,156.523
1783748572.601695,156.523
1783748572.621867,156.621
1783748572.642001,156.621
1783748572.662136,156.621
1783748572.682271,156.621
1783748572.702407,156.621
1783748572.722541,156.486
1783748572.742677,156.486
1783748572.762814,156.486
1783748572.782951,156.486
1783748572.803084,156.486
1783748572.823220,156.570
1783748572.843365,156.570
1783748572.863501,156.570
1783748572.883632,156.570
1783748572.903769,156.570
1783748572.923905,156.517
1783748572.944042,156.517
1783748572.964175,156.517
1783748572.984308,156.517
1783748573.004445,156.517
1783748573.024582,156.528
1783748573.044715,156.528
1783748573.064890,156.528
1783748573.085026,156.528
1783748573.105165,156.528
1783748573.125298,156.529
1783748573.145432,156.529
1783748573.165567,156.529
1783748573.185704,156.529
1783748573.205881,156.529
1783748573.226016,156.514
1783748573.246153,156.514
1783748573.266262,156.514
1783748573.286396,156.514
1783748573.306529,156.514
1783748573.326663,155.861
1783748573.346804,155.861
1783748573.366915,155.861
1783748573.387048,155.861
1783748573.407185,155.861
1783748573.427324,156.074
1783748573.447488,156.074
1783748573.467594,156.074
1783748573.487700,156.074
1783748573.507832,156.074
1783748573.527953,155.982
1783748573.548094,155.982
1783748573.568197,155.982
1783748573.588331,155.982
1783748573.608513,155.982
1783748573.628647,156.011
1783748573.648782,156.011
1783748573.668940,156.011
1783748573.689072,156.011
1783748573.709206,156.011
1783748573.729338,156.095
1783748573.749470,156.095
1783748573.769606,156.095
1783748573.789783,156.095
1783748573.809912,156.095
1783748573.830047,155.925
1783748573.850179,155.925
1783748573.870313,155.925
1783748573.890444,155.925
1783748573.910580,155.925
1783748573.930713,156.152
1783748573.950902,156.152
1783748573.971035,156.152
1783748573.991167,156.152
1783748574.011300,156.152
1783748574.031434,156.149
1783748574.051606,156.149
1783748574.071780,156.149
1783748574.091912,156.149
1783748574.112054,156.149
1783748574.132190,156.131
1783748574.152326,156.131
1783748574.172461,156.131
1783748574.192598,156.131
1783748574.212784,156.131
1783748574.232917,156.215
1783748574.253050,156.215
1783748574.273192,156.215
1783748574.293327,156.215
1783748574.313460,156.215
1783748574.333594,156.767
1783748574.353771,156.767
1783748574.373909,156.767
1783748574.394040,156.767
1783748574.414173,156.767
1783748574.434312,156.505
1783748574.454452,156.505
1783748574.474589,156.505
1783748574.494765,156.505
1783748574.514900,156.505
1783748574.535041,156.497
1783748574.555180,156.497
1783748574.575315,156.497
1783748574.595449,156.497
1783748574.615591,156.497
1783748574.635767,156.159
1783748574.655902,156.159
1783748574.676035,156.159
1783748574.696171,156.159
1783748574.716338,156.159
1783748574.736471,156.146
1783748574.756609,156.146
1783748574.776756,156.146
1783748574.796893,156.146
1783748574.817025,156.146
1783748574.837163,156.185
1783748574.857307,156.185
1783748574.877445,156.185
1783748574.897577,156.185
1783748574.917713,156.185
1783748574.937911,155.980
1783748574.958083,155.980
1783748574.978219,155.980
1783748574.998355,155.980
1783748575.018488,156.234
1783748575.038628,156.234
1783748575.058766,156.234
1783748575.078902,156.234
1783748575.099036,156.234
1783748575.119180,156.148
1783748575.139344,156.148
1783748575.159481,156.148
1783748575.179618,156.148
1783748575.199758,156.148
1783748575.219900,156.045
1783748575.240036,156.045
1783748575.260171,156.045
1783748575.280316,156.045
1783748575.300452,156.045
1783748575.320585,155.892
1783748575.340720,155.892
1783748575.360908,155.892
1783748575.381048,155.892
1783748575.401180,155.892
1783748575.421316,155.952
1783748575.441452,155.952
1783748575.461588,155.952
1783748575.481766,155.952
1783748575.501902,155.952
1783748575.522034,156.080
1783748575.542176,156.080
1783748575.562311,156.080
1783748575.582446,156.080
1783748575.602581,156.080
1783748575.622768,156.483
1783748575.642903,156.483
1783748575.663041,156.483
1783748575.683177,156.483
1783748575.703316,156.483
1783748575.723454,156.403
1783748575.743591,156.403
1783748575.763772,156.403
1783748575.783910,156.403
1783748575.804047,156.403
1783748575.824178,156.417
1783748575.844317,156.417
1783748575.864461,156.417
1783748575.884601,156.417
1783748575.904807,156.417
1783748575.924947,156.415
1783748575.945086,156.415
1783748575.965227,156.415
1783748575.985363,156.415
1783748576.005530,156.415
1783748576.025666,156.240
1783748576.045802,156.240
1783748576.065938,156.240
1783748576.086074,156.240
1783748576.106209,156.240
1783748576.126347,156.243
1783748576.146482,156.243
1783748576.166615,156.243
1783748576.186757,156.243
1783748576.206898,156.243
1783748576.227040,156.232
1783748576.247210,156.232
1783748576.267346,156.232
1783748576.287494,156.232
1783748576.307632,156.232
1783748576.327765,156.411
1783748576.347901,156.411
1783748576.368038,156.411
1783748576.388177,156.411
1783748576.408309,156.411
1783748576.428449,156.495
1783748576.448590,156.495
1783748576.468775,156.495
1783748576.488908,156.495
1783748576.509044,156.495
1783748576.529179,156.423
1783748576.549318,156.423
1783748576.569459,156.423
1783748576.589597,156.423
1783748576.609776,156.423
1783748576.629917,156.529
1783748576.650056,156.529
1783748576.670193,156.529
1783748576.690331,156.529
1783748576.710471,156.529
1783748576.730610,156.312
1783748576.750754,156.312
1783748576.770890,156.312
1783748576.791037,156.312
1783748576.811176,156.312
1783748576.831310,156.487
1783748576.851447,156.487
1783748576.871589,156.487
1783748576.891776,156.487
1783748576.911908,156.487
1783748576.932051,156.357
1783748576.952196,156.357
1783748576.972335,156.357
1783748576.992470,156.357
1783748577.012604,156.357
1783748577.032785,156.395
1783748577.052890,156.395
1783748577.072998,156.395
1783748577.093103,156.395
1783748577.113205,156.395
1783748577.133315,156.597
1783748577.153422,156.597
1783748577.173524,156.597
1783748577.193623,156.597
1783748577.213765,156.597
1783748577.233868,156.999
1783748577.253971,156.999
1783748577.274078,156.999
1783748577.294243,156.999
1783748577.314377,156.999
1783748577.334509,156.843
1783748577.354641,156.843
1783748577.374760,156.843
1783748577.394894,156.843
1783748577.415027,156.843
1783748577.435166,156.664
1783748577.455307,156.664
1783748577.475412,156.664
1783748577.495544,156.664
1783748577.515710,156.664
1783748577.535891,156.692
1783748577.556029,156.692
1783748577.576136,156.692
1783748577.596270,156.692
1783748577.616408,156.692
1783748577.636554,156.559
1783748577.656693,156.559
1783748577.676878,156.559
1783748577.697011,156.559
1783748577.717154,156.559
1783748577.737299,156.429
1783748577.757435,156.429
1783748577.777570,156.429
1783748577.797720,156.429
1783748577.817905,156.429
1783748577.838040,156.338
1783748577.858179,156.338
1783748577.878319,156.338
1783748577.898459,156.338
1783748577.918592,156.338
1783748577.938773,156.512
1783748577.958915,156.512
1783748577.979058,156.512
1783748577.999192,156.512
1783748578.019330,156.472
1783748578.039470,156.472
1783748578.059611,156.472
1783748578.079752,156.472
1783748578.099888,156.472
1783748578.120024,156.339
1783748578.140166,156.339
1783748578.160305,156.339
1783748578.180441,156.339
1783748578.200576,156.339
1783748578.220713,155.894
1783748578.240893,155.894
1783748578.261029,155.894
1783748578.281162,155.894
1783748578.301298,155.894
1783748578.321440,155.856
1783748578.341575,155.856
1783748578.361716,155.856
1783748578.381907,155.856
1783748578.402048,155.856
1783748578.422151,156.182
1783748578.442292,156.182
1783748578.462435,156.182
1783748578.482574,156.182
1783748578.502707,156.182
1783748578.522882,156.072
1783748578.543018,156.072
1783748578.563155,156.072
1783748578.583324,156.072
1783748578.603459,156.072
1783748578.623593,156.198
1783748578.643778,156.198
1783748578.663913,156.198
1783748578.684053,156.198
1783748578.704190,156.198
1783748578.724332,156.491
1783748578.744470,156.491
1783748578.764603,156.491
1783748578.784781,156.491
1783748578.804947,156.491
1783748578.825083,156.396
1783748578.845217,156.396
1783748578.865351,156.396
1783748578.885489,156.396
1783748578.905627,156.396
1783748578.925769,156.582
1783748578.945909,156.582
1783748578.966052,156.582
1783748578.986193,156.582
1783748579.006325,156.582
1783748579.026459,156.406
1783748579.046595,156.406
1783748579.066782,156.406
1783748579.086920,156.406
1783748579.107056,156.406
1783748579.127191,156.586
1783748579.147334,156.586
1783748579.167470,156.586
1783748579.187605,156.586
1783748579.207786,156.586
1783748579.227928,156.569
1783748579.248064,156.569
1783748579.268199,156.569
1783748579.288334,156.569
1783748579.308471,156.569
1783748579.328613,156.442
1783748579.348748,156.442
1783748579.368882,156.442
1783748579.389017,156.442
1783748579.409156,156.442
1783748579.429290,156.445
1783748579.449429,156.445
1783748579.469573,156.445
1783748579.489715,156.445
1783748579.509893,156.445
1783748579.530028,156.512
1783748579.550165,156.512
1783748579.570303,156.512
1783748579.590442,156.512
1783748579.610577,156.512
1783748579.630712,156.125
1783748579.650886,156.125
1783748579.671023,156.125
1783748579.691159,156.125
1783748579.711294,156.125
1783748579.731431,156.367
1783748579.751569,156.367
1783748579.771703,156.367
1783748579.791878,156.367
1783748579.812023,156.367
1783748579.832166,156.188
1783748579.852335,156.188
1783748579.872471,156.188
1783748579.892608,156.188
1783748579.912836,156.188
1783748579.932969,156.230
1783748579.953107,156.230
1783748579.973252,156.230
1783748579.993391,156.230
1783748580.013496,156.230
1783748580.033629,156.321
1783748580.053766,156.321
1783748580.073903,156.321
1783748580.094070,156.321
1783748580.114205,156.321
1783748580.134340,156.159
1783748580.154482,156.159
1783748580.174620,156.159
1783748580.194756,156.159
1783748580.214890,156.159
1783748580.235029,156.282
1783748580.255167,156.282
1783748580.275303,156.282
1783748580.295439,156.282
1783748580.315578,156.282
1783748580.335721,156.456
1783748580.355902,156.456
1783748580.376034,156.456
1783748580.396169,156.456
1783748580.416305,156.456
1783748580.436439,156.351
1783748580.456574,156.351
1783748580.476715,156.351
1783748580.496897,156.351
1783748580.517030,156.351
1783748580.537169,156.600
1783748580.557306,156.600
1783748580.577446,156.600
1783748580.597585,156.600
1783748580.617767,156.600
1783748580.637908,156.434
1783748580.658053,156.434
1783748580.678195,156.434
1783748580.698333,156.434
1783748580.718468,156.434
1783748580.738608,156.427
1783748580.758780,156.427
1783748580.778919,156.427
1783748580.799052,156.427
1783748580.819192,156.427
1783748580.839305,156.494
1783748580.859410,156.494
1783748580.879515,156.494
1783748580.899624,156.494
1783748580.919768,156.494
1783748580.939872,156.369
1783748580.959979,156.369
1783748580.980089,156.369
1783748581.000198,156.369
1783748581.020301,156.161
1783748581.040406,156.161
1783748581.060513,156.161
1783748581.080618,156.161
1783748581.100722,156.161
1783748581.120866,156.214
1783748581.140994,156.214
1783748581.161102,156.214
1783748581.181207,156.214
1783748581.201311,156.214
1783748581.221416,156.058
1783748581.241524,156.058
1783748581.261631,156.058
1783748581.281797,156.058
1783748581.301930,156.058
1783748581.322064,156.167
1783748581.342200,156.167
1783748581.362334,156.167
1783748581.382502,156.167
1783748581.402641,156.167
1783748581.422776,155.960
1783748581.442909,155.960
1783748581.463046,155.960
1783748581.483187,155.960
1783748581.503326,155.960
1783748581.523428,156.095
1783748581.543561,156.095
1783748581.563699,156.095
1783748581.583880,156.095
1783748581.604014,156.095
1783748581.624152,156.298
1783748581.644289,156.298
1783748581.664432,156.298
1783748581.684567,156.298
1783748581.704703,156.298
1783748581.724879,156.306
1783748581.745022,156.306
1783748581.765158,156.306
1783748581.785295,156.306
1783748581.805432,156.306
1783748581.825573,156.639
1783748581.845715,156.639
1783748581.865899,156.639
1783748581.886035,156.639
1783748581.906173,156.639
1783748581.926310,156.758
1783748581.946445,156.758
1783748581.966582,156.758
1783748581.986770,156.758
1783748582.006905,156.758
1783748582.027040,156.650
1783748582.047179,156.650
1783748582.067318,156.650
1783748582.087459,156.650
1783748582.107594,156.650
1783748582.127771,156.679
1783748582.147909,156.679
1783748582.168050,156.679
1783748582.188186,156.679
1783748582.208322,156.679
1783748582.228457,156.494
1783748582.248602,156.494
1783748582.268780,156.494
1783748582.288914,156.494
1783748582.309048,156.494
1783748582.329185,156.529
1783748582.349327,156.529
1783748582.369462,156.529
1783748582.389598,156.529
1783748582.409784,156.529
1783748582.429949,156.564
1783748582.450082,156.564
1783748582.470219,156.564
1783748582.490362,156.564
1783748582.510496,156.564
1783748582.530627,156.460
1783748582.550761,156.460
1783748582.570894,156.460
1783748582.591032,156.460
1783748582.611164,156.460
1783748582.631267,156.301
1783748582.651423,156.301
1783748582.671557,156.301
1783748582.691691,156.301
1783748582.711822,156.301
1783748582.731955,156.590
1783748582.752092,156.590
1783748582.772225,156.590
1783748582.792358,156.590
1783748582.812492,156.590
1783748582.832633,156.054
1783748582.852774,156.054
1783748582.872908,156.054
1783748582.893042,156.054
1783748582.913183,156.054
1783748582.933321,156.357
1783748582.953454,156.357
1783748582.973590,156.357
1783748582.993778,156.357
1783748583.013914,156.357
1783748583.034046,156.311
1783748583.054181,156.311
1783748583.074317,156.311
1783748583.094456,156.311
1783748583.114591,156.311
1783748583.134770,156.382
1783748583.154903,156.382
1783748583.175043,156.382
1783748583.195180,156.382
1783748583.215315,156.382
1783748583.235449,156.529
1783748583.255591,156.529
1783748583.275767,156.529
1783748583.295901,156.529
1783748583.316036,156.529
1783748583.336175,156.567
1783748583.356311,156.567
1783748583.376445,156.567
1783748583.396578,156.567
1783748583.416721,156.567
1783748583.436908,156.572
1783748583.457040,156.572
1783748583.477178,156.572
1783748583.497321,156.572
1783748583.517459,156.572
1783748583.537592,156.715
1783748583.557777,156.715
1783748583.577914,156.715
1783748583.598055,156.715
1783748583.618189,156.715
1783748583.638324,156.358
1783748583.658457,156.358
1783748583.678593,156.358
1783748583.698774,156.358
1783748583.718959,156.358
1783748583.739091,156.489
1783748583.759227,156.489
1783748583.779363,156.489
1783748583.799498,156.489
1783748583.819633,156.489
1783748583.839772,156.377
1783748583.859915,156.377
1783748583.880051,156.377
1783748583.900186,156.377
1783748583.920330,156.377
1783748583.940497,156.322
1783748583.960632,156.322
1783748583.980767,156.322
1783748584.000905,156.322
1783748584.021044,156.394
1783748584.041175,156.394
1783748584.061309,156.394
1783748584.081444,156.394
1783748584.101581,156.394
1783748584.121712,156.229
1783748584.141923,156.229
1783748584.162057,156.229
1783748584.182195,156.229
1783748584.202332,156.229
1783748584.222468,156.143
1783748584.242602,156.143
1783748584.262783,156.143
1783748584.282917,156.143
1783748584.303052,156.143
1783748584.323183,156.195
1783748584.343321,156.195
1783748584.363456,156.195
1783748584.383589,156.195
1783748584.403764,156.195
1783748584.423907,156.112
1783748584.444045,156.112
1783748584.464177,156.112
1783748584.484313,156.112
1783748584.504450,156.112
1783748584.524598,156.395
1783748584.544773,156.395
1783748584.564910,156.395
1783748584.585047,156.395
1783748584.605184,156.395
1783748584.625317,156.279
1783748584.645451,156.279
1783748584.665583,156.279
1783748584.685720,156.279
1783748584.705900,156.279
1783748584.726035,156.194
1783748584.746168,156.194
1783748584.766306,156.194
1783748584.786442,156.194
1783748584.806576,156.194
1783748584.826706,156.454
1783748584.846886,156.454
1783748584.867022,156.454
1783748584.887161,156.454
1783748584.907293,156.454
1783748584.927428,156.441
1783748584.947563,156.441
1783748584.967694,156.441
1783748584.987908,156.441
1783748585.008049,156.441
1783748585.028184,156.284
1783748585.048321,156.284
1783748585.068462,156.284
1783748585.088600,156.284
1783748585.108779,156.284
1783748585.128913,156.427
1783748585.149050,156.427
1783748585.169184,156.427
1783748585.189317,156.427
1783748585.209456,156.427
1783748585.229621,156.345
1783748585.249757,156.345
1783748585.269902,156.345
1783748585.290037,156.345
1783748585.310172,156.345
1783748585.330310,156.389
1783748585.350452,156.389
1783748585.370596,156.389
1783748585.390773,156.389
1783748585.410910,156.389
1783748585.431058,156.479
1783748585.451197,156.479
1783748585.471331,156.479
1783748585.491468,156.479
1783748585.511609,156.479
1783748585.531754,156.459
1783748585.551890,156.459
1783748585.572031,156.459
1783748585.592175,156.459
1783748585.612316,156.459
1783748585.632422,156.539
1783748585.652559,156.539
1783748585.672699,156.539
1783748585.692881,156.539
1783748585.713020,156.539
1783748585.733155,156.468
1783748585.753291,156.468
1783748585.773432,156.468
1783748585.793569,156.468
1783748585.813704,156.468
1783748585.833886,156.316
1783748585.854025,156.316
1783748585.874160,156.316
1783748585.894294,156.316
1783748585.914429,156.316
1783748585.934569,156.402
1783748585.954705,156.402
1783748585.974900,156.402
1783748585.995032,156.402
1783748586.015172,156.402
1783748586.035308,156.550
1783748586.055441,156.550
1783748586.075579,156.550
1783748586.095720,156.550
1783748586.115902,156.550
1783748586.136036,156.550
1783748586.156171,156.550
1783748586.176305,156.550
1783748586.196439,156.550
1783748586.216574,156.550
1783748586.236708,156.448
1783748586.256879,156.448
1783748586.277059,156.448
1783748586.297195,156.448
1783748586.317331,156.448
1783748586.337468,156.381
1783748586.357609,156.381
1783748586.377753,156.381
1783748586.397888,156.381
1783748586.418023,156.381
1783748586.438170,156.404
1783748586.458307,156.404
1783748586.478442,156.404
1783748586.498579,156.404
1783748586.518752,156.404
1783748586.538891,156.302
1783748586.559025,156.302
1783748586.579162,156.302
1783748586.599303,156.302
1783748586.619442,156.302
1783748586.639575,156.210
1783748586.659713,156.210
1783748586.679895,156.210
1783748586.700036,156.210
1783748586.720174,156.210
1783748586.740312,156.158
1783748586.760449,156.158
1783748586.780592,156.158
1783748586.800773,156.158
1783748586.820909,156.158
1783748586.841045,155.976
1783748586.861185,155.976
1783748586.881322,155.976
1783748586.901491,155.976
1783748586.921625,155.976
1783748586.941761,156.334
1783748586.961896,156.334
1783748586.982029,156.334
1783748587.002164,156.334
1783748587.022301,156.324
1783748587.042437,156.324
1783748587.062569,156.324
1783748587.082710,156.324
1783748587.102908,156.324
1783748587.123047,156.211
1783748587.143180,156.211
1783748587.163315,156.211
1783748587.183452,156.211
1783748587.203589,156.211
1783748587.223768,156.754
1783748587.243903,156.754
1783748587.264037,156.754
1783748587.284172,156.754
1783748587.304304,156.754
1783748587.324438,156.424
1783748587.344574,156.424
1783748587.364716,156.424
1783748587.384898,156.424
1783748587.405030,156.424
1783748587.425163,156.406
1783748587.445308,156.406
1783748587.465450,156.406
1783748587.485583,156.406
1783748587.505716,156.406
1783748587.525900,156.464
1783748587.546036,156.464
1783748587.566200,156.464
1783748587.586334,156.464
1783748587.606475,156.464
1783748587.626612,156.340
1783748587.646785,156.340
1783748587.666917,156.340
1783748587.687059,156.340
1783748587.707156,156.340
1783748587.727242,156.214
1783748587.747321,156.214
1783748587.767412,156.214
1783748587.787554,156.214
1783748587.807660,156.214
1783748587.827751,156.250
1783748587.847856,156.250
1783748587.867964,156.250
1783748587.888068,156.250
1783748587.908171,156.250
1783748587.928304,156.129
1783748587.948410,156.129
1783748587.968518,156.129
1783748587.988623,156.129
1783748588.008763,156.129
1783748588.028870,156.343
1783748588.048980,156.343
1783748588.069109,156.343
1783748588.089250,156.343
1783748588.109388,156.343
1783748588.129524,156.451
1783748588.149655,156.451
1783748588.169792,156.451
1783748588.189927,156.451
1783748588.210060,156.451
1783748588.230193,156.244
1783748588.250328,156.244
1783748588.270467,156.244
1783748588.290611,156.244
1783748588.310752,156.244
1783748588.330887,156.419
1783748588.351023,156.419
1783748588.371162,156.419
1783748588.391298,156.419
1783748588.411431,156.419
1783748588.431565,156.415
1783748588.451710,156.415
1783748588.471898,156.415
1783748588.492030,156.415
1783748588.512164,156.415
1783748588.532300,156.341
1783748588.552436,156.341
1783748588.572569,156.341
1783748588.592708,156.341
1783748588.612884,156.341
1783748588.632993,156.752
1783748588.653126,156.752
1783748588.673263,156.752
1783748588.693397,156.752
1783748588.713532,156.752
1783748588.733665,156.538
1783748588.753752,156.538
1783748588.773888,156.538
1783748588.794033,156.538
1783748588.814167,156.538
1783748588.834302,156.778
1783748588.854474,156.778
1783748588.874619,156.778
1783748588.894762,156.778
1783748588.914896,156.778
1783748588.935030,156.765
1783748588.955175,156.765
1783748588.975317,156.765
1783748588.995450,156.765
1783748589.015585,156.765
1783748589.035722,156.504
1783748589.055915,156.504
1783748589.076079,156.504
1783748589.096213,156.504
1783748589.116349,156.504
1783748589.136489,156.264
1783748589.156623,156.264
1783748589.176759,156.264
1783748589.196896,156.264
1783748589.217032,156.264
1783748589.237198,156.236
1783748589.257336,156.236
1783748589.277472,156.236
1783748589.297616,156.236
1783748589.317753,156.236
1783748589.337889,156.045
1783748589.358026,156.045
1783748589.378166,156.045
1783748589.398309,156.045
1783748589.418447,156.045
1783748589.438584,155.946
1783748589.458764,155.946
1783748589.478906,155.946
1783748589.499040,155.946
1783748589.519178,155.946
1783748589.539320,155.944
1783748589.559460,155.944
1783748589.579594,155.944
1783748589.599776,155.944
1783748589.619924,155.944
1783748589.640065,155.924
1783748589.660200,155.924
1783748589.680337,155.924
1783748589.700476,155.924
1783748589.720616,155.924
1783748589.740753,155.923
1783748589.760889,155.923
1783748589.780993,155.923
1783748589.801131,155.923
1783748589.821269,155.923
1783748589.841405,155.863
1783748589.861541,155.863
1783748589.881689,155.863
1783748589.901853,155.863
1783748589.921991,155.863
1783748589.942128,155.847
1783748589.962277,155.847
1783748589.982421,155.847
1783748590.002556,155.847
1783748590.022691,155.885
1783748590.042831,155.885
1783748590.062969,155.885
1783748590.083100,155.885
1783748590.103242,155.885
1783748590.123419,155.867
1783748590.143559,155.867
1783748590.163694,155.867
1783748590.183878,155.867
1783748590.204017,155.867
1783748590.224157,156.156
1783748590.244292,156.156
1783748590.264430,156.156
1783748590.284567,156.156
1783748590.304713,156.156
1783748590.324899,155.994
1783748590.345036,155.994
1783748590.365202,155.994
1783748590.385348,155.994
1783748590.405487,155.994
1783748590.425625,156.191
1783748590.445770,156.191
1783748590.465913,156.191
1783748590.486057,156.191
1783748590.506192,156.191
1783748590.526330,156.095
1783748590.546468,156.095
1783748590.566607,156.095
1783748590.586781,156.095
1783748590.606916,156.095
1783748590.627061,156.168
1783748590.647202,156.168
1783748590.667334,156.168
1783748590.687473,156.168
1783748590.707613,156.168
1783748590.727754,156.170
1783748590.747888,156.170
1783748590.768025,156.170
1783748590.788162,156.170
1783748590.808306,156.170
1783748590.828443,156.074
1783748590.848580,156.074
1783748590.868714,156.074
1783748590.888905,156.074
1783748590.909043,156.074
1783748590.929180,156.099
1783748590.949317,156.099
1783748590.969460,156.099
1783748590.989604,156.099
1783748591.009790,156.099
1783748591.029928,156.050
1783748591.050070,156.050
1783748591.070210,156.050
1783748591.090344,156.050
1783748591.110484,156.050
1783748591.130631,156.139
1783748591.150771,156.139
1783748591.170904,156.139
1783748591.191040,156.139
1783748591.211176,156.139
1783748591.231320,156.257
1783748591.251454,156.257
1783748591.271589,156.257
1783748591.291722,156.257
1783748591.311897,156.257
1783748591.332033,156.118
1783748591.352168,156.118
1783748591.372301,156.118
1783748591.392439,156.118
1783748591.412606,156.118
1783748591.432783,156.131
1783748591.452919,156.131
1783748591.473051,156.131
1783748591.493189,156.131
1783748591.513323,156.131
1783748591.533454,156.468
1783748591.553592,156.468
1783748591.573775,156.468
1783748591.593904,156.468
1783748591.614033,156.468
1783748591.634174,156.363
1783748591.654309,156.363
1783748591.674409,156.363
1783748591.694512,156.363
1783748591.714615,156.363
1783748591.734720,156.526
1783748591.754861,156.526
1783748591.774967,156.526
1783748591.795069,156.526
1783748591.815176,156.526
1783748591.835280,156.438
1783748591.855432,156.438
1783748591.875571,156.438
1783748591.895713,156.438
1783748591.915907,156.438
1783748591.936043,156.428
1783748591.956177,156.428
1783748591.976314,156.428
1783748591.996448,156.428
1783748592.016581,156.428
1783748592.036720,156.343
1783748592.056906,156.343
1783748592.077043,156.343
1783748592.097175,156.343
1783748592.117310,156.343
1783748592.137447,156.323
1783748592.157588,156.323
1783748592.177764,156.323
1783748592.197901,156.323
1783748592.218038,156.323
1783748592.238180,156.334
1783748592.258316,156.334
1783748592.278452,156.334
1783748592.298556,156.334
1783748592.318663,156.334
1783748592.338756,156.585
1783748592.358859,156.585
1783748592.378961,156.585
1783748592.399065,156.585
1783748592.419208,156.585
1783748592.439342,157.159
1783748592.459478,157.159
1783748592.479626,157.159
1783748592.499771,157.159
1783748592.519906,157.159
1783748592.540041,156.997
1783748592.560183,156.997
1783748592.580319,156.997
1783748592.600452,156.997
1783748592.620585,156.997
1783748592.640774,156.926
1783748592.660913,156.926
1783748592.681042,156.926
1783748592.701214,156.926
1783748592.721348,156.926
1783748592.741487,156.827
1783748592.761620,156.827
1783748592.781755,156.827
1783748592.801889,156.827
1783748592.822027,156.827
1783748592.842165,156.861
1783748592.862300,156.861
1783748592.882434,156.861
1783748592.902575,156.861
1783748592.922793,156.861
1783748592.942928,156.630
1783748592.963062,156.630
1783748592.983199,156.630
1783748593.003341,156.630
1783748593.023476,156.630
1783748593.043611,156.924
1783748593.063756,156.924
1783748593.083893,156.924
1783748593.104027,156.924
1783748593.124160,156.706
1783748593.144300,156.706
1783748593.164439,156.706
1783748593.184571,156.706
1783748593.204705,156.706
1783748593.224882,156.868
1783748593.245021,156.868
1783748593.265155,156.868
1783748593.285291,156.868
1783748593.305426,156.868
1783748593.325561,156.816
1783748593.345699,156.816
1783748593.365883,156.816
1783748593.386017,156.816
1783748593.406155,156.816
1783748593.426292,156.319
1783748593.446427,156.319
1783748593.466561,156.319
1783748593.486696,156.319
1783748593.506885,156.319
1783748593.527018,156.282
1783748593.547153,156.282
1783748593.567297,156.282
1783748593.587434,156.282
1783748593.607567,156.282
1783748593.627706,156.418
1783748593.647897,156.418
1783748593.668035,156.418
1783748593.688167,156.418
1783748593.708303,156.418
1783748593.728440,156.594
1783748593.748577,156.594
1783748593.768710,156.594
1783748593.788882,156.594
1783748593.809014,156.594
1783748593.829149,156.514
1783748593.849283,156.514
1783748593.869417,156.514
1783748593.889551,156.514
1783748593.909690,156.514
1783748593.929826,156.394
1783748593.949961,156.394
1783748593.970097,156.394
1783748593.990283,156.394
1783748594.010426,156.394
1783748594.030560,156.404
1783748594.050693,156.404
1783748594.070760,156.404
1783748594.090896,156.404
1783748594.111027,156.404
1783748594.131160,156.417
1783748594.151297,156.417
1783748594.171432,156.417
1783748594.191561,156.417
1783748594.211716,156.417
1783748594.231899,156.380
1783748594.252038,156.380
1783748594.272171,156.380
1783748594.292308,156.380
1783748594.312445,156.380
1783748594.332586,156.379
1783748594.352769,156.379
1783748594.372870,156.379
1783748594.392968,156.379
1783748594.413066,156.379
1783748594.433187,156.306
1783748594.453325,156.306
1783748594.473428,156.306
1783748594.493532,156.306
1783748594.513652,156.306
1783748594.533795,156.412
1783748594.553937,156.412
1783748594.574085,156.412
1783748594.594220,156.412
1783748594.614326,156.412
1783748594.634467,156.417
1783748594.654609,156.417
1783748594.674756,156.417
1783748594.694890,156.417
1783748594.715027,156.417
1783748594.735132,156.049
1783748594.755269,156.049
1783748594.775373,156.049
1783748594.795475,156.049
1783748594.815574,156.049
1783748594.835679,156.402
1783748594.855752,156.402
1783748594.875854,156.402
1783748594.895960,156.402
1783748594.916065,156.402
1783748594.936168,156.334
1783748594.956272,156.334
1783748594.976372,156.334
1783748594.996476,156.334
1783748595.016581,156.334
1783748595.036685,156.251
1783748595.056753,156.251
1783748595.076858,156.251
1783748595.096961,156.251
1783748595.117061,156.251
1783748595.137213,156.710
1783748595.157352,156.710
1783748595.177488,156.710
1783748595.197618,156.710
1783748595.217752,156.710
1783748595.237889,156.580
1783748595.258062,156.580
1783748595.278198,156.580
1783748595.298334,156.580
1783748595.318469,156.580
1783748595.338608,156.629
1783748595.358753,156.629
1783748595.378888,156.629
1783748595.399024,156.629
1783748595.419168,156.629
1783748595.439304,156.748
1783748595.459442,156.748
1783748595.479578,156.748
1783748595.499800,156.748
1783748595.519937,156.748
1783748595.540074,156.557
1783748595.560212,156.557
1783748595.580359,156.557
1783748595.600498,156.557
1783748595.620632,156.557
1783748595.640774,156.368
1783748595.660921,156.368
1783748595.681062,156.368
1783748595.701194,156.368
1783748595.721331,156.368
1783748595.741471,156.314
1783748595.761614,156.314
1783748595.781748,156.314
1783748595.801884,156.314
1783748595.822021,156.314
1783748595.842160,156.384
1783748595.862299,156.384
1783748595.882433,156.384
1783748595.902567,156.384
1783748595.922701,156.384
1783748595.942882,156.298
1783748595.963018,156.298
1783748595.983153,156.298
1783748596.003299,156.298
1783748596.023441,156.298
1783748596.043576,156.366
1783748596.063709,156.366
1783748596.083900,156.366
1783748596.104037,156.366
1783748596.124171,156.366
1783748596.144306,156.341
1783748596.164444,156.341
1783748596.184581,156.341
1783748596.204712,156.341
1783748596.224887,156.492
1783748596.245024,156.492
1783748596.265161,156.492
1783748596.285294,156.492
1783748596.305429,156.492
1783748596.325562,156.323
1783748596.345703,156.323
1783748596.365889,156.323
1783748596.386024,156.323
1783748596.406156,156.323
1783748596.426300,156.313
1783748596.446435,156.313
1783748596.466571,156.313
1783748596.486706,156.313
1783748596.506881,156.313
1783748596.527018,156.083
1783748596.547183,156.083
1783748596.567317,156.083
1783748596.587459,156.083
1783748596.607595,156.083
1783748596.627768,156.487
1783748596.647898,156.487
1783748596.668042,156.487
1783748596.688179,156.487
1783748596.708312,156.487
1783748596.728451,156.499
1783748596.748590,156.499
1783748596.768760,156.499
1783748596.788947,156.499
1783748596.809083,156.499
1783748596.829217,156.203
1783748596.849355,156.203
1783748596.869493,156.203
1783748596.889628,156.203
1783748596.909764,156.203
1783748596.929903,156.293
1783748596.950039,156.293
1783748596.970175,156.293
1783748596.990309,156.293
1783748597.010451,156.293
1783748597.030589,156.031
1783748597.050799,156.031
1783748597.070934,156.031
1783748597.091079,156.031
1783748597.111215,156.031
1783748597.131348,156.184
1783748597.151481,156.184
1783748597.171620,156.184
1783748597.191758,156.184
1783748597.211890,156.184
1783748597.232029,155.872
1783748597.252167,155.872
1783748597.272307,155.872
1783748597.292441,155.872
1783748597.312577,155.872
1783748597.332712,156.008
1783748597.352889,156.008
1783748597.373024,156.008
1783748597.393160,156.008
1783748597.413295,156.008
1783748597.433434,155.902
1783748597.453569,155.902
1783748597.473704,155.902
1783748597.493880,155.902
1783748597.514017,155.902
1783748597.534153,156.264
1783748597.554289,156.264
1783748597.574423,156.264
1783748597.594563,156.264
1783748597.614702,156.264
1783748597.634877,156.132
1783748597.655012,156.132
1783748597.675149,156.132
1783748597.695283,156.132
1783748597.715414,156.132
1783748597.735548,156.061
1783748597.755695,156.061
1783748597.775868,156.061
1783748597.796000,156.061
1783748597.816137,156.061
1783748597.836305,156.300
1783748597.856441,156.300
1783748597.876576,156.300
1783748597.896710,156.300
1783748597.916892,156.300
1783748597.937030,156.438
1783748597.957170,156.438
1783748597.977305,156.438
1783748597.997439,156.438
1783748598.017576,156.438
1783748598.037711,156.350
1783748598.057914,156.350
1783748598.078047,156.350
1783748598.098180,156.350
1783748598.118317,156.350
1783748598.138449,156.293
1783748598.158587,156.293
1783748598.178770,156.293
1783748598.198909,156.293
1783748598.219040,156.293
1783748598.239180,157.085
1783748598.259327,157.085
1783748598.279467,157.085
1783748598.299601,157.085
1783748598.319778,157.085
1783748598.339916,157.293
1783748598.360054,157.293
1783748598.380187,157.293
1783748598.400325,157.293
1783748598.420461,157.293
1783748598.440601,157.034
1783748598.460783,157.034
1783748598.480922,157.034
1783748598.501058,157.034
1783748598.521196,157.034
1783748598.541335,156.894
1783748598.561471,156.894
1783748598.581606,156.894
1783748598.601787,156.894
1783748598.621927,156.894
1783748598.642061,156.856
1783748598.662197,156.856
1783748598.682334,156.856
1783748598.702471,156.856
1783748598.722604,156.856
1783748598.742782,156.856
1783748598.762922,156.856
1783748598.783061,156.856
1783748598.803196,156.856
1783748598.823331,156.856
1783748598.843471,156.848
1783748598.863614,156.848
1783748598.883761,156.848
1783748598.903896,156.848
1783748598.924033,156.848
1783748598.944180,156.623
1783748598.964316,156.623
1783748598.984452,156.623
1783748599.004587,156.623
1783748599.024782,156.623
1783748599.044922,156.610
1783748599.065059,156.610
1783748599.085195,156.610
1783748599.105335,156.610
1783748599.125510,156.375
1783748599.145644,156.375
1783748599.165784,156.375
1783748599.185923,156.375
1783748599.206061,156.375
1783748599.226194,156.173
1783748599.246334,156.173
1783748599.266479,156.173
1783748599.286618,156.173
1783748599.306754,156.173
1783748599.326889,155.947
1783748599.347047,155.947
1783748599.367184,155.947
1783748599.387322,155.947
1783748599.407459,155.947
1783748599.427596,156.008
1783748599.447765,156.008
1783748599.467900,156.008
1783748599.488037,156.008
1783748599.508174,156.008
1783748599.528317,155.803
1783748599.548456,155.803
1783748599.568591,155.803
1783748599.588761,155.803
1783748599.608907,155.803
1783748599.629052,155.882
1783748599.649185,155.882
1783748599.669320,155.882
1783748599.689461,155.882
1783748599.709599,155.882
1783748599.729770,155.698
1783748599.749912,155.698
1783748599.770057,155.698
1783748599.790198,155.698
1783748599.810331,155.698
1783748599.830469,155.895
1783748599.850605,155.895
1783748599.870817,155.895
1783748599.890956,155.895
1783748599.911091,155.895
1783748599.931227,156.197
1783748599.951370,156.197
1783748599.971508,156.197
1783748599.991646,156.197
1783748600.011783,156.197
1783748600.031928,156.161
1783748600.052068,156.161
1783748600.072204,156.161
1783748600.092341,156.161
1783748600.112486,156.161
1783748600.132628,156.472
1783748600.152764,156.472
1783748600.172899,156.472
1783748600.193036,156.472
1783748600.213175,156.472
1783748600.233308,156.414
1783748600.253441,156.414
1783748600.273576,156.414
1783748600.293711,156.414
1783748600.313886,156.414
1783748600.333989,156.592
1783748600.354084,156.592
1783748600.374168,156.592
1783748600.394285,156.592
1783748600.414404,156.592
1783748600.434540,156.692
1783748600.454679,156.692
1783748600.474814,156.692
1783748600.494948,156.692
1783748600.515080,156.692
1783748600.535219,156.849
1783748600.555355,156.849
1783748600.575489,156.849
1783748600.595621,156.849
1783748600.615758,156.849
1783748600.635930,156.718
1783748600.656064,156.718
1783748600.676197,156.718
1783748600.696331,156.718
1783748600.716467,156.718
1783748600.736600,156.706
1783748600.756777,156.706
1783748600.776916,156.706
1783748600.797055,156.706
1783748600.817188,156.706
1783748600.837325,157.066
1783748600.857461,157.066
1783748600.877596,157.066
1783748600.897778,157.066
1783748600.917913,157.066
1783748600.938047,156.970
1783748600.958185,156.970
1783748600.978319,156.970
1783748600.998452,156.970
1783748601.018585,156.970
1783748601.038720,156.990
1783748601.058896,156.990
1783748601.079032,156.990
1783748601.099168,156.990
1783748601.119303,156.990
1783748601.139441,156.938
1783748601.159575,156.938
1783748601.179714,156.938
1783748601.199895,156.938
1783748601.220031,156.938
1783748601.240164,156.960
1783748601.260298,156.960
1783748601.280436,156.960
1783748601.300575,156.960
1783748601.320707,156.960
1783748601.340890,156.959
1783748601.361027,156.959
1783748601.381165,156.959
1783748601.401302,156.959
1783748601.421438,156.959
1783748601.441572,156.799
1783748601.461712,156.799
1783748601.481899,156.799
1783748601.502034,156.799
1783748601.522167,156.799
1783748601.542272,156.914
1783748601.562406,156.914
1783748601.582542,156.914
1783748601.602676,156.914
1783748601.622815,156.914
1783748601.642956,156.883
1783748601.663091,156.883
1783748601.683261,156.883
1783748601.703398,156.883
1783748601.723539,156.883
1783748601.743672,156.849
1783748601.763804,156.849
1783748601.783943,156.849
1783748601.804112,156.849
1783748601.824244,156.849
1783748601.844378,156.445
1783748601.864513,156.445
1783748601.884651,156.445
1783748601.904786,156.445
1783748601.924956,156.445
1783748601.945091,156.563
1783748601.965230,156.563
1783748601.985363,156.563
1783748602.005499,156.563
1783748602.025633,156.563
1783748602.045769,156.369
1783748602.065904,156.369
1783748602.086040,156.369
1783748602.106179,156.369
1783748602.126315,156.369
1783748602.146458,156.793
1783748602.166593,156.793
1783748602.186777,156.793
1783748602.206915,156.793
1783748602.227052,156.602
1783748602.247187,156.602
1783748602.267324,156.602
1783748602.287469,156.602
1783748602.307607,156.602
1783748602.327780,156.583
1783748602.347914,156.583
1783748602.368052,156.583
1783748602.388191,156.583
1783748602.408325,156.583
1783748602.428459,156.290
1783748602.448592,156.290
1783748602.468779,156.290
1783748602.488918,156.290
1783748602.509053,156.290
1783748602.529188,156.275
1783748602.549329,156.275
1783748602.569463,156.275
1783748602.589600,156.275
1783748602.609775,156.275
1783748602.629913,156.106
1783748602.650055,156.106
1783748602.670190,156.106
1783748602.690325,156.106
1783748602.710465,156.106
1783748602.730602,156.206
1783748602.750775,156.206
1783748602.770909,156.206
1783748602.791046,156.206
1783748602.811185,156.206
1783748602.831318,156.470
1783748602.851452,156.470
1783748602.871591,156.470
1783748602.891774,156.470
1783748602.911909,156.470
1783748602.932045,156.348
1783748602.952179,156.348
1783748602.972349,156.348
1783748602.992489,156.348
1783748603.012625,156.348
1783748603.032759,156.302
1783748603.052897,156.302
1783748603.073033,156.302
1783748603.093169,156.302
1783748603.113304,156.302
1783748603.133440,156.091
1783748603.153578,156.091
1783748603.173712,156.091
1783748603.193915,156.091
1783748603.214061,156.091
1783748603.234200,156.112
1783748603.254333,156.112
1783748603.274474,156.112
1783748603.294621,156.112
1783748603.314763,156.112
1783748603.334928,156.047
1783748603.355064,156.047
1783748603.375203,156.047
1783748603.395344,156.047
1783748603.415480,156.047
1783748603.435616,156.766
1783748603.455751,156.766
1783748603.475892,156.766
1783748603.496027,156.766
1783748603.516167,156.766
1783748603.536303,156.987
1783748603.556446,156.987
1783748603.576584,156.987
1783748603.596719,156.987
1783748603.616902,156.987
1783748603.637039,156.882
1783748603.657183,156.882
1783748603.677316,156.882
1783748603.697449,156.882
1783748603.717592,156.882
1783748603.737766,156.760
1783748603.757900,156.760
1783748603.778031,156.760
1783748603.798164,156.760
1783748603.818300,156.760
1783748603.838428,156.630
1783748603.858562,156.630
1783748603.878700,156.630
1783748603.898877,156.630
1783748603.919011,156.630
1783748603.939146,156.832
1783748603.959278,156.832
1783748603.979416,156.832
1783748603.999552,156.832
1783748604.019687,156.832
1783748604.039818,156.549
1783748604.059953,156.549
1783748604.080088,156.549
1783748604.100219,156.549
1783748604.120353,156.549
1783748604.140491,156.562
1783748604.160627,156.562
1783748604.180768,156.562
1783748604.200873,156.562
1783748604.221011,156.562
1783748604.241148,156.646
1783748604.261328,156.646
1783748604.281464,156.646
1783748604.301602,156.646
1783748604.321782,156.646
1783748604.341916,156.894
1783748604.362021,156.894
1783748604.382119,156.894
1783748604.402245,156.894
1783748604.422381,156.894
1783748604.442519,156.158
1783748604.462656,156.158
1783748604.482826,156.158
1783748604.502969,156.158
1783748604.523106,156.158
1783748604.543243,156.051
1783748604.563386,156.051
1783748604.583524,156.051
1783748604.603660,156.051
1783748604.623798,156.051
1783748604.643940,156.277
1783748604.664084,156.277
1783748604.684219,156.277
1783748604.704356,156.277
1783748604.724494,156.277
1783748604.744629,156.142
1783748604.764772,156.142
1783748604.784907,156.142
1783748604.805047,156.142
1783748604.825185,156.142
1783748604.845317,156.083
1783748604.865455,156.083
1783748604.885591,156.083
1783748604.905786,156.083
1783748604.925920,156.083
1783748604.946055,156.064
1783748604.966191,156.064
1783748604.986358,156.064
1783748605.006496,156.064
1783748605.026633,156.064
1783748605.046766,156.105
1783748605.066905,156.105
1783748605.087042,156.105
1783748605.107177,156.105
1783748605.127311,156.105
1783748605.147448,156.033
1783748605.167583,156.033
1783748605.187717,156.033
1783748605.207895,156.033
1783748605.228037,156.087
1783748605.248175,156.087
1783748605.268308,156.087
1783748605.288445,156.087
1783748605.308583,156.087
1783748605.328720,156.357
1783748605.348902,156.357
1783748605.369041,156.357
1783748605.389180,156.357
1783748605.409316,156.357
1783748605.429450,156.243
1783748605.449584,156.243
1783748605.469717,156.243
1783748605.489894,156.243
1783748605.510028,156.243
1783748605.530194,156.323
1783748605.550328,156.323
1783748605.570470,156.323
1783748605.590606,156.323
1783748605.610787,156.323
1783748605.630919,156.350
1783748605.651062,156.350
1783748605.671197,156.350
1783748605.691330,156.350
1783748605.711466,156.350
1783748605.731601,156.363
1783748605.751771,156.363
1783748605.771931,156.363
1783748605.792072,156.363
1783748605.812217,156.363
1783748605.832355,156.380
1783748605.852489,156.380
1783748605.872631,156.380
1783748605.892775,156.380
1783748605.912917,156.380
1783748605.933050,156.455
1783748605.953185,156.455
1783748605.973289,156.455
1783748605.993394,156.455
1783748606.013499,156.455
1783748606.033602,156.356
1783748606.053705,156.356
1783748606.073850,156.356
1783748606.093953,156.356
1783748606.114088,156.356
1783748606.134221,156.436
1783748606.154363,156.436
1783748606.174505,156.436
1783748606.194641,156.436
1783748606.214777,156.436
1783748606.234921,156.320
1783748606.255059,156.320
1783748606.275192,156.320
1783748606.295329,156.320
1783748606.315466,156.320
1783748606.335575,156.007
1783748606.355678,156.007
1783748606.375761,156.007
1783748606.395871,156.007
1783748606.415980,156.007
1783748606.436082,156.116
1783748606.456217,156.116
1783748606.476352,156.116
1783748606.496492,156.116
1783748606.516632,156.116
1783748606.536767,156.347
1783748606.556902,156.347
1783748606.577046,156.347
1783748606.597183,156.347
1783748606.617318,156.347
1783748606.637452,155.954
1783748606.657590,155.954
1783748606.677773,155.954
1783748606.697877,155.954
1783748606.717981,155.954
1783748606.738093,156.272
1783748606.758201,156.272
1783748606.778305,156.272
1783748606.798409,156.272
1783748606.818583,156.272
1783748606.838719,156.160
1783748606.858885,156.160
1783748606.879025,156.160
1783748606.899165,156.160
1783748606.919304,156.160
1783748606.939438,156.279
1783748606.959574,156.279
1783748606.979711,156.279
1783748606.999888,156.279
1783748607.020024,156.279
1783748607.040159,156.392
1783748607.060316,156.392
1783748607.080428,156.392
1783748607.100534,156.392
1783748607.120641,156.392
1783748607.140755,156.545
1783748607.160855,156.545
1783748607.180942,156.545
1783748607.201017,156.545
1783748607.221137,156.545
1783748607.241281,156.538
1783748607.261422,156.538
1783748607.281520,156.538
1783748607.301610,156.538
1783748607.321786,156.538
1783748607.341929,156.603
1783748607.362062,156.603
1783748607.382201,156.603
1783748607.402341,156.603
1783748607.422483,156.603
1783748607.442618,156.556
1783748607.462765,156.556
1783748607.482873,156.556
1783748607.502984,156.556
1783748607.523091,156.556
1783748607.543196,156.569
1783748607.563304,156.569
1783748607.583450,156.569
1783748607.603596,156.569
1783748607.623776,156.569
1783748607.643912,156.878
1783748607.664053,156.878
1783748607.684197,156.878
1783748607.704334,156.878
1783748607.724471,156.878
1783748607.744619,156.857
1783748607.764759,156.857
1783748607.784891,156.857
1783748607.805026,156.857
1783748607.825168,156.857
1783748607.845307,157.051
1783748607.865441,157.051
1783748607.885581,157.051
1783748607.905722,157.051
1783748607.925924,157.051
1783748607.946057,156.375
1783748607.966196,156.375
1783748607.986335,156.375
1783748608.006474,156.375
1783748608.026614,156.375
1783748608.046753,156.161
1783748608.066888,156.161
1783748608.087030,156.161
1783748608.107205,156.161
1783748608.127343,156.161
1783748608.147479,156.480
1783748608.167620,156.480
1783748608.187760,156.480
1783748608.207896,156.480
1783748608.228033,156.480
1783748608.248172,156.424
1783748608.268311,156.424
1783748608.288445,156.424
1783748608.308581,156.424
1783748608.328753,156.474
1783748608.348891,156.474
1783748608.369022,156.474
1783748608.389160,156.474
1783748608.409307,156.474
1783748608.429447,156.604
1783748608.449580,156.604
1783748608.469718,156.604
1783748608.489897,156.604
1783748608.510035,156.604
1783748608.530172,156.440
1783748608.550278,156.440
1783748608.570413,156.440
1783748608.590557,156.440
1783748608.610695,156.440
1783748608.630874,156.509
1783748608.651011,156.509
1783748608.671158,156.509
1783748608.691302,156.509
1783748608.711439,156.509
1783748608.731575,156.251
1783748608.751768,156.251
1783748608.771907,156.251
1783748608.792041,156.251
1783748608.812178,156.251
1783748608.832319,156.205
1783748608.852460,156.205
1783748608.872593,156.205
1783748608.892824,156.205
1783748608.912968,156.205
1783748608.933107,156.604
1783748608.953239,156.604
1783748608.973376,156.604
1783748608.993513,156.604
1783748609.013652,156.604
1783748609.033790,156.688
1783748609.053926,156.688
1783748609.074067,156.688
1783748609.094210,156.688
1783748609.114348,156.688
1783748609.134483,156.950
1783748609.154618,156.950
1783748609.174758,156.950
1783748609.194894,156.950
1783748609.215026,156.950
1783748609.235159,156.445
1783748609.255295,156.445
1783748609.275431,156.445
1783748609.295565,156.445
1783748609.315700,156.445
1783748609.335875,156.721
1783748609.356010,156.721
1783748609.376142,156.721
1783748609.396316,156.721
1783748609.416457,156.721
1783748609.436594,156.616
1783748609.456759,156.616
1783748609.476892,156.616
1783748609.497027,156.616
1783748609.517162,156.616
1783748609.537299,156.795
1783748609.557433,156.795
1783748609.577542,156.795
1783748609.597684,156.795
1783748609.617887,156.795
1783748609.638021,156.855
1783748609.658154,156.855
1783748609.678293,156.855
1783748609.698431,156.855
1783748609.718564,156.855
1783748609.738698,156.679
1783748609.758888,156.679
1783748609.779030,156.679
1783748609.799163,156.679
1783748609.819295,156.679
1783748609.839432,156.774
1783748609.859540,156.774
1783748609.879643,156.774
1783748609.899756,156.774
1783748609.919869,156.774
1783748609.939977,156.323
1783748609.960080,156.323
1783748609.980186,156.323
1783748610.000290,156.323
1783748610.020396,156.323
1783748610.040503,156.644
1783748610.060608,156.644
1783748610.080712,156.644
1783748610.100863,156.644
1783748610.120968,156.644
1783748610.141071,156.531
1783748610.161172,156.531
1783748610.181278,156.531
1783748610.201385,156.531
1783748610.221489,156.531
1783748610.241591,156.913
1783748610.261765,156.913
1783748610.281901,156.913
1783748610.302033,156.913
1783748610.322169,156.913
1783748610.342304,156.873
1783748610.362441,156.873
1783748610.382572,156.873
1783748610.402704,156.873
1783748610.422898,156.873
1783748610.443036,156.714
1783748610.463168,156.714
1783748610.483304,156.714
1783748610.503440,156.714
1783748610.523579,156.714
1783748610.543715,156.615
1783748610.563894,156.615
1783748610.584029,156.615
1783748610.604168,156.615
1783748610.624304,156.615
1783748610.644439,156.507
1783748610.664605,156.507
1783748610.684791,156.507
1783748610.704927,156.507
1783748610.725061,156.507
1783748610.745193,156.379
1783748610.765327,156.379
1783748610.785469,156.379
1783748610.805603,156.379
1783748610.825782,156.379
1783748610.845920,156.367
1783748610.866057,156.367
1783748610.886189,156.367
1783748610.906359,156.367
1783748610.926500,156.367
1783748610.946638,156.734
1783748610.966770,156.734
1783748610.986906,156.734
1783748611.007041,156.734
1783748611.027179,156.734
1783748611.047314,156.425
1783748611.067449,156.425
1783748611.087583,156.425
1783748611.107720,156.425
1783748611.127899,156.425
1783748611.148039,156.500
1783748611.168173,156.500
1783748611.188315,156.500
1783748611.208450,156.500
1783748611.228585,156.500
1783748611.248718,156.578
1783748611.268906,156.578
1783748611.289046,156.578
1783748611.309179,156.578
1783748611.329313,156.555
1783748611.349450,156.555
1783748611.369587,156.555
1783748611.389720,156.555
1783748611.409897,156.555
1783748611.430035,156.572
1783748611.450174,156.572
1783748611.470306,156.572
1783748611.490439,156.572
1783748611.510578,156.572
1783748611.530711,156.766
1783748611.550887,156.766
1783748611.571021,156.766
1783748611.591155,156.766
1783748611.611294,156.766
1783748611.631429,156.815
1783748611.651565,156.815
1783748611.671699,156.815
1783748611.691883,156.815
1783748611.712022,156.815
1783748611.732157,156.653
1783748611.752292,156.653
1783748611.772428,156.653
1783748611.792569,156.653
1783748611.812701,156.653
1783748611.832880,155.769
1783748611.853016,155.769
1783748611.873157,155.769
1783748611.893289,155.769
1783748611.913422,155.769
1783748611.933561,156.037
1783748611.953808,156.037
1783748611.973940,156.037
1783748611.994078,156.037
1783748612.014217,156.037
1783748612.034356,156.237
1783748612.054491,156.237
1783748612.074627,156.237
1783748612.094766,156.237
1783748612.114904,156.237
1783748612.135045,156.289
1783748612.155181,156.289
1783748612.175319,156.289
1783748612.195503,156.289
1783748612.215641,156.289
1783748612.235783,156.309
1783748612.255920,156.309
1783748612.276069,156.309
1783748612.296214,156.309
1783748612.316350,156.309
1783748612.336488,156.017
1783748612.356628,156.017
1783748612.376767,156.017
1783748612.396901,156.017
1783748612.417043,156.017
1783748612.437181,155.802
1783748612.457289,155.802
1783748612.477421,155.802
1783748612.497557,155.802
1783748612.517692,155.802
1783748612.537857,156.017
1783748612.557992,156.017
1783748612.578123,156.017
1783748612.598255,156.017
1783748612.618392,156.017
1783748612.638526,155.705
1783748612.658660,155.705
1783748612.678792,155.705
1783748612.698930,155.705
1783748612.719064,155.705
1783748612.739196,155.720
1783748612.759330,155.720
1783748612.779465,155.720
1783748612.799607,155.720
1783748612.819777,155.720
1783748612.839908,156.545
1783748612.860044,156.545
1783748612.880179,156.545
1783748612.900312,156.545
1783748612.920446,156.545
1783748612.940590,156.409
1783748612.960774,156.409
1783748612.980907,156.409
1783748613.001044,156.409
1783748613.021180,156.409
1783748613.041317,156.521
1783748613.061451,156.521
1783748613.081586,156.521
1783748613.101719,156.521
1783748613.121904,156.521
1783748613.142040,156.259
1783748613.162175,156.259
1783748613.182308,156.259
1783748613.202446,156.259
1783748613.222582,156.259
1783748613.242753,156.363
1783748613.262886,156.363
1783748613.283024,156.363
1783748613.303159,156.363
1783748613.323298,156.363
1783748613.343433,156.583
1783748613.363568,156.583
1783748613.383703,156.583
1783748613.403872,156.583
1783748613.424005,156.583
1783748613.444142,156.739
1783748613.464309,156.739
1783748613.484440,156.739
1783748613.504579,156.739
1783748613.524714,156.739
1783748613.544897,156.763
1783748613.565034,156.763
1783748613.585169,156.763
1783748613.605303,156.763
1783748613.625442,156.763
1783748613.645578,156.963
1783748613.665711,156.963
1783748613.685888,156.963
1783748613.706032,156.963
1783748613.726170,156.963
1783748613.746306,157.144
1783748613.766440,157.144
1783748613.786583,157.144
1783748613.806774,157.144
1783748613.826908,157.144
1783748613.847043,157.107
1783748613.867185,157.107
1783748613.887322,157.107
1783748613.907454,157.107
1783748613.927589,157.107
1783748613.947778,156.904
1783748613.967915,156.904
1783748613.988045,156.904
1783748614.008152,156.904
1783748614.028286,156.904
1783748614.048425,157.058
1783748614.068559,157.058
1783748614.088695,157.058
1783748614.108829,157.058
1783748614.128970,157.058
1783748614.149106,156.909
1783748614.169242,156.909
1783748614.189377,156.909
1783748614.209519,156.909
1783748614.229656,156.909
1783748614.249789,156.904
1783748614.269923,156.904
1783748614.290060,156.904
1783748614.310198,156.904
1783748614.330331,157.066
1783748614.350465,157.066
1783748614.370603,157.066
1783748614.390783,157.066
1783748614.410916,157.066
1783748614.431054,156.874
1783748614.451195,156.874
1783748614.471333,156.874
1783748614.491466,156.874
1783748614.511602,156.874
1783748614.531770,156.961
1783748614.551910,156.961
1783748614.572042,156.961
1783748614.592180,156.961
1783748614.612313,156.961
1783748614.632451,157.023
1783748614.652588,157.023
1783748614.672721,157.023
1783748614.692897,157.023
1783748614.713035,157.023
1783748614.733174,156.944
1783748614.753344,156.944
1783748614.773478,156.944
1783748614.793618,156.944
1783748614.813761,156.944
1783748614.833895,156.580
1783748614.854028,156.580
1783748614.874173,156.580
1783748614.894310,156.580
1783748614.914442,156.580
1783748614.934577,156.647
1783748614.954714,156.647
1783748614.974909,156.647
1783748614.995041,156.647
1783748615.015176,156.647
1783748615.035313,156.751
1783748615.055451,156.751
1783748615.075584,156.751
1783748615.095719,156.751
1783748615.115891,156.751
1783748615.136028,156.838
1783748615.156166,156.838
1783748615.176302,156.838
1783748615.196436,156.838
1783748615.216573,156.838
1783748615.236708,156.666
1783748615.256885,156.666
1783748615.277019,156.666
1783748615.297156,156.666
1783748615.317293,156.666
1783748615.337430,156.642
1783748615.357566,156.642
1783748615.377711,156.642
1783748615.397897,156.642
1783748615.418032,156.642
1783748615.438166,156.702
1783748615.458305,156.702
1783748615.478444,156.702
1783748615.498573,156.702
1783748615.518711,156.702
1783748615.538896,156.614
1783748615.559006,156.614
1783748615.579138,156.614
1783748615.599274,156.614
1783748615.619414,156.614
1783748615.639556,156.643
1783748615.659697,156.643
1783748615.679868,156.643
1783748615.700005,156.643
1783748615.720146,156.643
1783748615.740283,156.587
1783748615.760418,156.587
1783748615.780555,156.587
1783748615.800767,156.587
1783748615.820904,156.587
1783748615.841019,156.743
1783748615.861155,156.743
1783748615.881301,156.743
1783748615.901441,156.743
1783748615.921575,156.743
1783748615.941715,156.994
1783748615.961894,156.994
1783748615.982032,156.994
1783748616.002166,156.994
1783748616.022308,156.994
1783748616.042450,157.070
1783748616.062589,157.070
1783748616.082764,157.070
1783748616.102901,157.070
1783748616.123038,157.070
1783748616.143175,156.779
1783748616.163310,156.779
1783748616.183448,156.779
1783748616.203590,156.779
1783748616.223770,156.779
1783748616.243906,156.854
1783748616.264042,156.854
1783748616.284179,156.854
1783748616.304319,156.854
1783748616.324458,156.854
1783748616.344595,156.857
1783748616.364773,156.857
1783748616.384913,156.857
1783748616.405053,156.857
1783748616.425185,156.857
1783748616.445322,156.924
1783748616.465462,156.924
1783748616.485601,156.924
1783748616.505772,156.924
1783748616.525909,156.924
1783748616.546050,156.838
1783748616.566192,156.838
1783748616.586325,156.838
1783748616.606464,156.838
1783748616.626601,156.838
1783748616.646784,156.814
1783748616.666924,156.814
1783748616.687061,156.814
1783748616.707199,156.814
1783748616.727342,156.814
1783748616.747479,156.711
1783748616.767617,156.711
1783748616.787754,156.711
1783748616.807894,156.711
1783748616.828033,156.711
1783748616.848170,156.669
1783748616.868306,156.669
1783748616.888445,156.669
1783748616.908584,156.669
1783748616.928720,156.669
1783748616.948934,156.592
1783748616.969080,156.592
1783748616.989220,156.592
1783748617.009352,156.592
1783748617.029495,156.592
1783748617.049638,156.644
1783748617.069777,156.644
1783748617.089940,156.644
1783748617.110077,156.644
1783748617.130215,156.644
1783748617.150355,156.290
1783748617.170492,156.290
1783748617.190629,156.290
1783748617.210766,156.290
1783748617.230906,156.290
1783748617.251044,156.489
1783748617.271180,156.489
1783748617.291316,156.489
1783748617.311455,156.489
1783748617.331630,156.535
1783748617.351765,156.535
1783748617.371898,156.535
1783748617.392041,156.535
1783748617.412176,156.535
1783748617.432603,156.851
1783748617.452783,156.851
1783748617.472914,156.851
1783748617.493049,156.851
1783748617.513181,156.851
1783748617.533319,156.882
1783748617.553460,156.882
1783748617.573597,156.882
1783748617.593774,156.882
1783748617.613907,156.882
1783748617.634038,156.887
1783748617.654172,156.887
1783748617.674307,156.887
1783748617.694442,156.887
1783748617.714574,156.887
1783748617.734718,157.176
1783748617.754900,157.176
1783748617.775035,157.176
1783748617.795169,157.176
1783748617.815311,157.176
1783748617.835448,157.122
1783748617.855583,157.122
1783748617.875716,157.122
1783748617.895901,157.122
1783748617.916042,157.122
1783748617.936174,156.819
1783748617.956306,156.819
1783748617.976441,156.819
1783748617.996578,156.819
1783748618.016710,156.819
1783748618.036893,156.975
1783748618.057031,156.975
1783748618.077170,156.975
1783748618.097303,156.975
1783748618.117438,156.975
1783748618.137574,156.838
1783748618.157712,156.838
1783748618.177883,156.838
1783748618.198019,156.838
1783748618.218154,156.838
1783748618.238294,156.896
1783748618.258430,156.896
1783748618.278565,156.896
1783748618.298699,156.896
1783748618.318891,156.896
1783748618.339028,156.772
1783748618.359161,156.772
1783748618.379322,156.772
1783748618.399463,156.772
1783748618.419606,156.772
1783748618.439772,156.723
1783748618.459908,156.723
1783748618.480046,156.723
1783748618.500184,156.723
1783748618.520316,156.723
1783748618.540452,156.868
1783748618.560634,156.868
1783748618.580770,156.868
1783748618.600924,156.868
1783748618.621062,156.868
1783748618.641196,156.874
1783748618.661337,156.874
1783748618.681472,156.874
1783748618.701606,156.874
1783748618.721784,156.874
1783748618.741905,156.951
1783748618.762040,156.951
1783748618.782175,156.951
1783748618.802310,156.951
1783748618.822453,156.951
1783748618.842588,156.738
1783748618.862815,156.738
1783748618.882949,156.738
1783748618.903085,156.738
1783748618.923191,156.738
1783748618.943322,156.175
1783748618.963454,156.175
1783748618.983590,156.175
1783748619.003768,156.175
1783748619.023903,156.175
1783748619.044034,156.496
1783748619.064171,156.496
1783748619.084307,156.496
1783748619.104443,156.496
1783748619.124577,156.496
1783748619.144712,156.675
1783748619.164889,156.675
1783748619.185022,156.675
1783748619.205156,156.675
1783748619.225288,156.675
1783748619.245429,156.672
1783748619.265565,156.672
1783748619.285699,156.672
1783748619.305876,156.672
1783748619.326015,156.672
1783748619.346152,156.587
1783748619.366287,156.587
1783748619.386423,156.587
1783748619.406562,156.587
1783748619.426703,156.587
1783748619.446872,156.640
1783748619.467004,156.640
1783748619.487139,156.640
1783748619.507276,156.640
1783748619.527408,156.640
1783748619.547540,156.536
1783748619.567680,156.536
1783748619.587817,156.536
1783748619.607947,156.536
1783748619.628083,156.536
1783748619.648221,156.251
1783748619.668420,156.251
1783748619.688552,156.251
1783748619.708687,156.251
1783748619.728820,156.251
1783748619.748954,156.216
1783748619.769088,156.216
1783748619.789222,156.216
1783748619.809355,156.216
1783748619.829491,156.216
1783748619.849627,156.336
1783748619.869768,156.336
1783748619.889931,156.336
1783748619.910069,156.336
1783748619.930211,156.336
1783748619.950344,156.785
1783748619.970478,156.785
1783748619.990615,156.785
1783748620.010753,156.785
1783748620.030887,156.785
1783748620.051025,156.587
1783748620.071170,156.587
1783748620.091307,156.587
1783748620.111440,156.587
1783748620.131576,156.587
1783748620.151711,156.568
1783748620.171892,156.568
1783748620.192027,156.568
1783748620.212163,156.568
1783748620.232298,156.757
1783748620.252436,156.757
1783748620.272573,156.757
1783748620.292707,156.757
1783748620.312886,156.757
1783748620.333032,156.584
1783748620.353169,156.584
1783748620.373305,156.584
1783748620.393442,156.584
1783748620.413586,156.584
1783748620.433773,156.463
1783748620.453909,156.463
1783748620.474045,156.463
1783748620.494189,156.463
1783748620.514328,156.463
1783748620.534464,156.505
1783748620.554599,156.505
1783748620.574778,156.505
1783748620.594919,156.505
1783748620.615051,156.505
1783748620.635186,156.812
1783748620.655326,156.812
1783748620.675470,156.812
1783748620.695607,156.812
1783748620.715787,156.812
1783748620.735921,157.146
1783748620.756059,157.146
1783748620.776196,157.146
1783748620.796329,157.146
1783748620.816461,157.146
1783748620.836601,156.868
1783748620.856784,156.868
1783748620.876923,156.868
1783748620.897055,156.868
1783748620.917192,156.868
1783748620.937360,157.095
1783748620.957493,157.095
1783748620.977624,157.095
1783748620.997761,157.095
1783748621.017896,157.095
1783748621.038030,157.290
1783748621.058166,157.290
1783748621.078300,157.290
1783748621.098439,157.290
1783748621.118570,157.290
1783748621.138703,156.770
1783748621.158881,156.770
1783748621.179050,156.770
1783748621.199181,156.770
1783748621.219316,156.770
1783748621.239450,156.783
1783748621.259587,156.783
1783748621.279766,156.783
1783748621.299901,156.783
1783748621.320036,156.783
1783748621.340173,156.862
1783748621.360310,156.862
1783748621.380443,156.862
1783748621.400577,156.862
1783748621.420715,156.862
1783748621.440896,156.822
1783748621.461031,156.822
1783748621.481165,156.822
1783748621.501311,156.822
1783748621.521448,156.822
1783748621.541582,156.506
1783748621.561717,156.506
1783748621.581897,156.506
1783748621.602035,156.506
1783748621.622167,156.506
1783748621.642302,156.377
1783748621.662440,156.377
1783748621.682575,156.377
1783748621.702706,156.377
1783748621.722885,156.377
1783748621.743017,156.435
1783748621.763155,156.435
1783748621.783292,156.435
1783748621.803425,156.435
1783748621.823559,156.435
1783748621.843699,156.317
1783748621.863883,156.317
1783748621.884028,156.317
1783748621.904163,156.317
1783748621.924269,156.317
1783748621.944404,156.237
1783748621.964537,156.237
1783748621.984670,156.237
1783748622.004814,156.237
1783748622.024930,156.237
1783748622.045032,156.175
1783748622.065134,156.175
1783748622.085234,156.175
1783748622.105351,156.175
1783748622.125485,156.175
1783748622.145625,156.412
1783748622.165769,156.412
1783748622.185909,156.412
1783748622.206044,156.412
1783748622.226216,156.412
1783748622.246353,156.180
1783748622.266498,156.180
1783748622.286638,156.180
1783748622.306776,156.180
1783748622.326914,156.180
1783748622.347052,156.297
1783748622.367189,156.297
1783748622.387325,156.297
1783748622.407465,156.297
1783748622.427602,156.297
1783748622.447782,156.307
1783748622.467949,156.307
1783748622.488083,156.307
1783748622.508229,156.307
1783748622.528365,156.307
1783748622.548497,156.631
1783748622.568632,156.631
1783748622.588768,156.631
1783748622.608906,156.631
1783748622.629038,156.631
1783748622.649176,156.596
1783748622.669312,156.596
1783748622.689449,156.596
1783748622.709580,156.596
1783748622.729716,156.596
1783748622.749903,156.521
1783748622.770041,156.521
1783748622.790175,156.521
1783748622.810311,156.521
1783748622.830446,156.521
1783748622.850581,156.594
1783748622.870716,156.594
1783748622.890890,156.594
1783748622.911024,156.594
1783748622.931161,156.594
1783748622.951295,156.569
1783748622.971429,156.569
1783748622.991563,156.569
1783748623.011703,156.569
1783748623.031900,156.569
1783748623.052031,156.586
1783748623.072166,156.586
1783748623.092305,156.586
1783748623.112442,156.586
1783748623.132573,156.586
1783748623.152708,156.620
1783748623.172892,156.620
1783748623.193027,156.620
1783748623.213159,156.620
1783748623.233293,156.895
1783748623.253426,156.895
1783748623.273563,156.895
1783748623.293701,156.895
1783748623.313886,156.895
1783748623.334022,156.833
1783748623.354164,156.833
1783748623.374301,156.833
1783748623.394436,156.833
1783748623.414569,156.833
1783748623.434704,156.791
1783748623.454880,156.791
1783748623.475015,156.791
1783748623.495149,156.791
1783748623.515314,156.791
1783748623.535450,157.429
1783748623.555582,157.429
1783748623.575720,157.429
1783748623.595902,157.429
1783748623.616038,157.429
1783748623.636170,157.396
1783748623.656311,157.396
1783748623.676454,157.396
1783748623.696596,157.396
1783748623.716774,157.396
1783748623.736942,157.400
1783748623.757080,157.400
1783748623.777218,157.400
1783748623.797354,157.400
1783748623.817491,157.400
1783748623.837627,157.189
1783748623.857769,157.189
1783748623.877905,157.189
1783748623.898040,157.189
1783748623.918178,157.189
1783748623.938318,157.192
1783748623.958459,157.192
1783748623.978595,157.192
1783748623.998784,157.192
1783748624.018931,157.192
1783748624.039071,156.852
1783748624.059206,156.852
1783748624.079343,156.852
1783748624.099484,156.852
1783748624.119627,156.852
1783748624.139760,156.713
1783748624.159900,156.713
1783748624.180046,156.713
1783748624.200157,156.713
1783748624.220286,156.713
1783748624.240423,156.741
1783748624.260560,156.741
1783748624.280702,156.741
1783748624.300888,156.741
1783748624.321023,156.741
1783748624.341159,156.702
1783748624.361306,156.702
1783748624.381444,156.702
1783748624.401581,156.702
1783748624.421718,156.702
1783748624.441901,156.759
1783748624.462041,156.759
1783748624.482177,156.759
1783748624.502313,156.759
1783748624.522456,156.759
1783748624.542596,156.141
1783748624.562769,156.141
1783748624.582907,156.141
1783748624.603045,156.141
1783748624.623185,156.141
1783748624.643319,156.096
1783748624.663462,156.096
1783748624.683609,156.096
1783748624.703753,156.096
1783748624.723888,156.096
1783748624.744024,156.385
1783748624.764163,156.385
1783748624.784303,156.385
1783748624.804475,156.385
1783748624.824612,156.385
1783748624.844750,156.282
1783748624.864895,156.282
1783748624.885029,156.282
1783748624.905165,156.282
1783748624.925271,156.282
1783748624.945412,156.382
1783748624.965551,156.382
1783748624.985686,156.382
1783748625.005823,156.382
1783748625.025996,156.382
1783748625.046137,156.675
1783748625.066272,156.675
1783748625.086409,156.675
1783748625.106550,156.675
1783748625.126690,156.675
1783748625.146825,156.712
1783748625.166964,156.712
1783748625.187111,156.712
1783748625.207251,156.712
1783748625.227384,156.712
1783748625.247522,156.854
1783748625.267661,156.854
1783748625.287801,156.854
1783748625.307938,156.854
1783748625.328078,156.854
1783748625.348214,156.713
1783748625.368355,156.713
1783748625.388491,156.713
1783748625.408628,156.713
1783748625.428765,156.713
1783748625.448911,156.964
1783748625.469052,156.964
1783748625.489189,156.964
1783748625.509325,156.964
1783748625.529473,156.964
1783748625.549615,157.139
1783748625.569720,157.139
1783748625.589896,157.139
1783748625.610066,157.139
1783748625.630205,157.139
1783748625.650339,156.943
1783748625.670475,156.943
1783748625.690614,156.943
1783748625.710751,156.943
1783748625.730883,156.943
1783748625.751020,157.024
1783748625.771155,157.024
1783748625.791290,157.024
1783748625.811425,157.024
1783748625.831560,157.024
1783748625.851692,156.769
1783748625.871846,156.769
1783748625.891979,156.769
1783748625.912113,156.769
1783748625.932244,156.769
1783748625.952383,156.672
1783748625.972517,156.672
1783748625.992650,156.672
1783748626.012782,156.672
1783748626.032916,156.672
1783748626.053057,156.704
1783748626.073223,156.704
1783748626.093356,156.704
1783748626.113491,156.704
1783748626.133631,156.704
1783748626.153764,156.729
1783748626.173897,156.729
1783748626.194036,156.729
1783748626.214175,156.729
1783748626.234307,156.805
1783748626.254442,156.805
1783748626.274576,156.805
1783748626.294712,156.805
1783748626.314916,156.805
1783748626.335052,156.711
1783748626.355184,156.711
1783748626.375320,156.711
1783748626.395455,156.711
1783748626.415588,156.711
1783748626.435722,156.708
1783748626.455901,156.708
1783748626.476035,156.708
1783748626.496169,156.708
1783748626.516303,156.708
1783748626.536445,156.724
1783748626.556582,156.724
1783748626.576720,156.724
1783748626.596895,156.724
1783748626.617033,156.724
1783748626.637169,156.702
1783748626.657301,156.702
1783748626.677432,156.702
1783748626.697570,156.702
1783748626.717706,156.702
1783748626.737886,156.777
1783748626.758022,156.777
1783748626.778158,156.777
1783748626.798295,156.777
1783748626.818431,156.777
1783748626.838566,157.023
1783748626.858700,157.023
1783748626.878878,157.023
1783748626.899013,157.023
1783748626.919147,157.023
1783748626.939281,157.002
1783748626.959420,157.002
1783748626.979554,157.002
1783748626.999689,157.002
1783748627.019823,157.002
1783748627.039963,157.207
1783748627.060100,157.207
1783748627.080235,157.207
1783748627.100370,157.207
1783748627.120509,157.207
1783748627.140647,157.002
1783748627.160781,157.002
1783748627.180917,157.002
1783748627.201056,157.002
1783748627.221191,157.002
1783748627.241323,157.125
1783748627.261458,157.125
1783748627.281594,157.125
1783748627.301769,157.125
1783748627.321903,157.125
1783748627.342042,156.955
1783748627.362206,156.955
1783748627.382345,156.955
1783748627.402481,156.955
1783748627.422620,156.955
1783748627.442753,156.987
1783748627.462896,156.987
1783748627.483037,156.987
1783748627.503173,156.987
1783748627.523305,156.987
1783748627.543452,156.889
1783748627.563593,156.889
1783748627.583768,156.889
1783748627.603922,156.889
1783748627.624059,156.889
1783748627.644196,156.760
1783748627.664330,156.760
1783748627.684464,156.760
1783748627.704602,156.760
1783748627.724776,156.760
1783748627.744906,156.704
1783748627.765043,156.704
1783748627.785176,156.704
1783748627.805312,156.704
1783748627.825444,156.704
1783748627.845577,156.309
1783748627.865712,156.309
1783748627.885894,156.309
1783748627.906032,156.309
1783748627.926166,156.309
1783748627.946299,156.300
1783748627.966440,156.300
1783748627.986576,156.300
1783748628.006711,156.300
1783748628.026894,156.300
1783748628.047030,156.307
1783748628.067173,156.307
1783748628.087307,156.307
1783748628.107442,156.307
1783748628.127579,156.307
1783748628.147715,156.265
1783748628.167900,156.265
1783748628.188033,156.265
1783748628.208178,156.265
1783748628.228321,156.265
1783748628.248454,156.460
1783748628.268591,156.460
1783748628.288756,156.460
1783748628.308898,156.460
1783748628.329035,156.460
1783748628.349169,156.458
1783748628.369303,156.458
1783748628.389442,156.458
1783748628.409578,156.458
1783748628.429712,156.458
1783748628.449892,156.512
1783748628.470033,156.512
1783748628.490170,156.512
1783748628.510307,156.512
1783748628.530410,156.512
1783748628.550520,156.556
1783748628.570627,156.556
1783748628.590763,156.556
1783748628.610902,156.556
1783748628.631047,156.556
1783748628.651216,156.498
1783748628.671322,156.498
1783748628.691464,156.498
1783748628.711610,156.498
1783748628.731754,156.498
1783748628.751886,156.548
1783748628.772025,156.548
1783748628.792165,156.548
1783748628.812308,156.548
1783748628.832444,156.548
1783748628.852579,156.692
1783748628.872774,156.692
1783748628.892887,156.692
1783748628.913025,156.692
1783748628.933128,156.692
1783748628.953234,156.730
1783748628.973342,156.730
1783748628.993448,156.730
1783748629.013551,156.730
1783748629.033684,156.730
1783748629.053836,156.845
1783748629.073945,156.845
1783748629.094043,156.845
1783748629.114138,156.845
1783748629.134231,156.845
1783748629.154317,157.009
1783748629.174437,157.009
1783748629.194575,157.009
1783748629.214718,157.009
1783748629.234904,156.766
1783748629.255035,156.766
1783748629.275137,156.766
1783748629.295271,156.766
1783748629.315408,156.766
1783748629.335545,157.332
1783748629.355679,157.332
1783748629.375811,157.332
1783748629.395947,157.332
1783748629.416051,157.332
1783748629.436183,157.300
1783748629.456317,157.300
1783748629.476427,157.300
1783748629.496528,157.300
1783748629.516616,157.300
1783748629.536700,157.279
1783748629.556831,157.279
1783748629.576929,157.279
1783748629.597050,157.279
1783748629.617188,157.279
1783748629.637323,157.368
1783748629.657461,157.368
1783748629.677596,157.368
1783748629.697776,157.368
1783748629.717914,157.368
1783748629.738051,157.526
1783748629.758184,157.526
1783748629.778319,157.526
1783748629.798423,157.526
1783748629.818558,157.526
1783748629.838691,157.636
1783748629.858824,157.636
1783748629.878959,157.636
1783748629.899065,157.636
1783748629.919202,157.636
1783748629.939370,157.511
1783748629.959505,157.511
1783748629.979642,157.511
1783748629.999751,157.511
1783748630.019858,157.511
1783748630.039989,157.483
1783748630.060127,157.483
1783748630.080264,157.483
1783748630.100397,157.483
1783748630.120531,157.483
1783748630.140666,157.365
1783748630.160765,157.365
1783748630.180898,157.365
1783748630.201028,157.365
1783748630.221168,157.365
1783748630.241302,157.537
1783748630.261433,157.537
1783748630.281568,157.537
1783748630.301702,157.537
1783748630.321878,157.537
1783748630.342011,156.972
1783748630.362145,156.972
1783748630.382277,156.972
1783748630.402415,156.972
1783748630.422549,156.972
1783748630.442683,156.815
1783748630.462815,156.815
1783748630.482956,156.815
1783748630.503090,156.815
1783748630.523225,156.815
1783748630.543360,156.936
1783748630.563499,156.936
1783748630.583637,156.936
1783748630.603770,156.936
1783748630.623905,156.936
1783748630.644040,156.929
1783748630.664178,156.929
1783748630.684309,156.929
1783748630.704445,156.929
1783748630.724582,156.929
1783748630.744718,156.941
1783748630.764895,156.941
1783748630.785035,156.941
1783748630.805174,156.941
1783748630.825310,156.941
1783748630.845446,156.829
1783748630.865580,156.829
1783748630.885715,156.829
1783748630.905884,156.829
1783748630.925991,156.829
1783748630.946122,156.657
1783748630.966255,156.657
1783748630.986391,156.657
1783748631.006526,156.657
1783748631.026661,156.657
1783748631.046792,156.649
1783748631.066928,156.649
1783748631.087065,156.649
1783748631.107200,156.649
1783748631.127335,156.649
1783748631.147470,156.690
1783748631.167607,156.690
1783748631.187778,156.690
1783748631.207943,156.690
1783748631.228079,156.690
1783748631.248215,156.284
1783748631.268347,156.284
1783748631.288484,156.284
1783748631.308621,156.284
1783748631.328761,156.284
1783748631.348897,156.306
1783748631.369035,156.306
1783748631.389170,156.306
1783748631.409307,156.306
1783748631.429415,156.306
1783748631.449587,156.599
1783748631.469721,156.599
1783748631.489908,156.599
1783748631.510044,156.599
1783748631.530207,156.599
1783748631.550343,156.467
1783748631.570481,156.467
1783748631.590624,156.467
1783748631.610759,156.467
1783748631.630893,156.467
1783748631.651037,156.455
1783748631.671174,156.455
1783748631.691308,156.455
1783748631.711443,156.455
1783748631.731593,156.455
1783748631.751774,156.600
1783748631.771907,156.600
1783748631.792042,156.600
1783748631.812178,156.600
1783748631.832319,156.600
1783748631.852453,156.150
1783748631.872589,156.150
1783748631.892722,156.150
1783748631.912910,156.150
1783748631.933046,156.150
1783748631.953179,156.596
1783748631.973314,156.596
1783748631.993452,156.596
1783748632.013586,156.596
1783748632.033722,156.596
1783748632.053897,156.670
1783748632.074035,156.670
1783748632.094178,156.670
1783748632.114315,156.670
1783748632.134455,156.670
1783748632.154603,156.544
1783748632.174777,156.544
1783748632.194908,156.544
1783748632.215051,156.544
1783748632.235196,156.544
1783748632.255335,157.112
1783748632.275467,157.112
1783748632.295604,157.112
1783748632.315780,157.112
1783748632.335920,157.044
1783748632.356055,157.044
1783748632.376194,157.044
1783748632.396330,157.044
1783748632.416470,157.044
1783748632.436607,157.149
1783748632.456781,157.149
1783748632.476918,157.149
1783748632.497085,157.149
1783748632.517223,157.149
1783748632.537361,156.369
1783748632.557497,156.369
1783748632.577606,156.369
1783748632.597755,156.369
1783748632.617893,156.369
1783748632.638028,156.413
1783748632.658167,156.413
1783748632.678304,156.413
1783748632.698439,156.413
1783748632.718576,156.413
1783748632.738762,156.221
1783748632.758903,156.221
1783748632.779032,156.221
1783748632.799167,156.221
1783748632.819307,156.221
1783748632.839446,156.112
1783748632.859578,156.112
1783748632.879715,156.112
1783748632.899887,156.112
1783748632.920034,156.112
1783748632.940170,156.361
1783748632.960306,156.361
1783748632.980442,156.361
1783748633.000582,156.361
1783748633.020720,156.361
1783748633.040895,156.253
1783748633.061032,156.253
1783748633.081174,156.253
1783748633.101312,156.253
1783748633.121449,156.253
1783748633.141587,156.106
1783748633.161782,156.106
1783748633.181919,156.106
1783748633.202052,156.106
1783748633.222188,156.106
1783748633.242335,155.934
1783748633.262477,155.934
1783748633.282609,155.934
1783748633.302790,155.934
1783748633.322931,155.934
1783748633.343074,155.812
1783748633.363208,155.812
1783748633.383345,155.812
1783748633.403483,155.812
1783748633.423620,155.812
1783748633.443757,155.754
1783748633.463893,155.754
1783748633.484029,155.754
1783748633.504169,155.754
1783748633.524304,155.754
1783748633.544437,156.487
1783748633.564573,156.487
1783748633.584711,156.487
1783748633.604894,156.487
1783748633.625028,156.487
1783748633.645166,156.708
1783748633.665305,156.708
1783748633.685441,156.708
1783748633.705575,156.708
1783748633.725710,156.708
1783748633.745883,156.787
1783748633.766023,156.787
1783748633.786187,156.787
1783748633.806328,156.787
1783748633.826469,156.787
1783748633.846609,156.845
1783748633.866786,156.845
1783748633.886923,156.845
1783748633.907060,156.845
1783748633.927198,156.845
1783748633.947334,156.850
1783748633.967471,156.850
1783748633.987607,156.850
1783748634.007781,156.850
1783748634.027915,156.850
1783748634.048052,156.671
1783748634.068186,156.671
1783748634.088321,156.671
1783748634.108462,156.671
1783748634.128597,156.671
1783748634.148779,157.045
1783748634.168921,157.045
1783748634.189056,157.045
1783748634.209190,157.045
1783748634.229321,157.045
1783748634.249454,157.086
1783748634.269589,157.086
1783748634.289720,157.086
1783748634.309893,157.086
1783748634.330038,157.086
1783748634.350174,157.200
1783748634.370278,157.200
1783748634.390411,157.200
1783748634.410541,157.200
1783748634.430677,157.200
1783748634.450811,157.298
1783748634.470946,157.298
1783748634.491077,157.298
1783748634.511213,157.298
1783748634.531348,157.298
1783748634.551484,157.181
1783748634.571618,157.181
1783748634.591755,157.181
1783748634.611889,157.181
1783748634.632024,157.181
1783748634.652158,157.097
1783748634.672303,157.097
1783748634.692440,157.097
1783748634.712573,157.097
1783748634.732708,157.097
1783748634.752893,156.989
1783748634.773030,156.989
1783748634.793161,156.989
1783748634.813299,156.989
1783748634.833443,156.989
1783748634.853579,156.953
1783748634.873711,156.953
1783748634.893887,156.953
1783748634.914022,156.953
1783748634.934158,156.953
1783748634.954292,156.770
1783748634.974425,156.770
1783748634.994560,156.770
1783748635.014696,156.770
1783748635.034884,156.770
1783748635.055019,156.977
1783748635.075184,156.977
1783748635.095321,156.977
1783748635.115455,156.977
1783748635.135590,156.977
1783748635.155769,157.707
1783748635.175906,157.707
1783748635.196040,157.707
1783748635.216172,157.707
1783748635.236308,157.707
1783748635.256446,157.356
1783748635.276589,157.356
1783748635.296753,157.356
1783748635.316887,157.356
1783748635.337026,157.242
1783748635.357162,157.242
1783748635.377295,157.242
1783748635.397430,157.242
1783748635.417564,157.242
1783748635.437703,157.138
1783748635.457871,157.138
1783748635.478007,157.138
1783748635.498143,157.138
1783748635.518284,157.138
1783748635.538420,157.088
1783748635.558554,157.088
1783748635.578690,157.088
1783748635.598827,157.088
1783748635.618963,157.088
1783748635.639099,156.972
1783748635.659231,156.972
1783748635.679368,156.972
1783748635.699506,156.972
1783748635.719638,156.972
1783748635.739777,157.086
1783748635.759913,157.086
1783748635.780051,157.086
1783748635.800184,157.086
1783748635.820324,157.086
1783748635.840469,157.232
1783748635.860610,157.232
1783748635.880787,157.232
1783748635.900921,157.232
1783748635.921056,157.232
1783748635.941194,157.120
1783748635.961328,157.120
1783748635.981464,157.120
1783748636.001598,157.120
1783748636.021773,157.120
1783748636.041908,157.149
1783748636.062043,157.149
1783748636.082178,157.149
1783748636.102322,157.149
1783748636.122465,157.149
1783748636.142601,156.344
1783748636.162777,156.344
1783748636.182921,156.344
1783748636.203060,156.344
1783748636.223193,156.344
1783748636.243329,156.680
1783748636.263466,156.680
1783748636.283601,156.680
1783748636.303777,156.680
1783748636.323915,156.680
1783748636.344090,156.750
1783748636.364228,156.750
1783748636.384361,156.750
1783748636.404496,156.750
1783748636.424632,156.750
1783748636.444773,156.858
1783748636.464910,156.858
1783748636.485046,156.858
1783748636.505180,156.858
1783748636.525320,156.858
1783748636.545456,156.934
1783748636.565592,156.934
1783748636.585756,156.934
1783748636.605897,156.934
1783748636.626033,156.934
1783748636.646167,156.977
1783748636.666301,156.977
1783748636.686438,156.977
1783748636.706580,156.977
1783748636.726714,156.977
1783748636.746884,156.927
1783748636.767022,156.927
1783748636.787159,156.927
1783748636.807293,156.927
1783748636.827432,156.927
1783748636.847576,156.886
1783748636.867715,156.886
1783748636.887893,156.886
1783748636.908027,156.886
1783748636.928163,156.886
1783748636.948300,156.788
1783748636.968434,156.788
1783748636.988569,156.788
1783748637.008704,156.788
1783748637.028882,156.788
1783748637.048988,156.807
1783748637.069087,156.807
1783748637.089212,156.807
1783748637.109347,156.807
1783748637.129486,156.807
1783748637.149625,156.855
1783748637.169768,156.855
1783748637.189920,156.855
1783748637.210064,156.855
1783748637.230201,156.855
1783748637.250342,156.827
1783748637.270485,156.827
1783748637.290629,156.827
1783748637.310766,156.827
1783748637.330906,156.827
1783748637.351054,156.985
1783748637.371194,156.985
1783748637.391328,156.985
1783748637.411471,156.985
1783748637.431607,156.985
1783748637.451781,156.954
1783748637.471915,156.954
1783748637.492048,156.954
1783748637.512180,156.954
1783748637.532316,156.954
1783748637.552454,156.650
1783748637.572588,156.650
1783748637.592721,156.650
1783748637.612905,156.650
1783748637.633091,156.650
1783748637.653225,156.628
1783748637.673359,156.628
1783748637.693500,156.628
1783748637.713639,156.628
1783748637.733773,156.628
1783748637.753904,156.116
1783748637.774039,156.116
1783748637.794175,156.116
1783748637.814306,156.116
1783748637.834439,156.116
1783748637.854578,156.379
1783748637.874800,156.379
1783748637.894932,156.379
1783748637.915066,156.379
1783748637.935200,156.379
1783748637.955336,156.314
1783748637.975472,156.314
1783748637.995607,156.314
1783748638.015786,156.314
1783748638.035928,156.314
1783748638.056065,156.732
1783748638.076203,156.732
1783748638.096338,156.732
1783748638.116482,156.732
1783748638.136621,156.732
1783748638.156760,156.650
1783748638.176896,156.650
1783748638.197037,156.650
1783748638.217181,156.650
1783748638.237316,156.650
1783748638.257452,156.516
1783748638.277593,156.516
1783748638.297765,156.516
1783748638.317899,156.516
1783748638.338034,156.638
1783748638.358177,156.638
1783748638.378317,156.638
1783748638.398449,156.638
1783748638.418587,156.638
1783748638.438757,156.520
1783748638.458897,156.520
1783748638.479034,156.520
1783748638.499170,156.520
1783748638.519305,156.520
1783748638.539443,156.913
1783748638.559579,156.913
1783748638.579715,156.913
1783748638.599895,156.913
1783748638.620032,156.913
1783748638.640166,156.857
1783748638.660304,156.857
1783748638.680438,156.857
1783748638.700572,156.857
1783748638.720708,156.857
1783748638.740885,157.487
1783748638.761019,157.487
1783748638.781157,157.487
1783748638.801294,157.487
1783748638.821426,157.487
1783748638.841562,157.391
1783748638.861700,157.391
1783748638.881881,157.391
1783748638.902012,157.391
1783748638.922176,157.391
1783748638.942292,157.260
1783748638.962431,157.260
1783748638.982565,157.260
1783748639.002704,157.260
1783748639.022877,157.260
1783748639.043022,156.485
1783748639.063161,156.485
1783748639.083296,156.485
1783748639.103430,156.485
1783748639.123575,156.485
1783748639.143753,156.464
1783748639.163888,156.464
1783748639.184023,156.464
1783748639.204164,156.464
1783748639.224303,156.464
1783748639.244437,156.486
1783748639.264573,156.486
1783748639.284714,156.486
1783748639.304904,156.486
1783748639.325038,156.486
1783748639.345173,156.602
1783748639.365312,156.602
1783748639.385450,156.602
1783748639.405583,156.602
1783748639.425719,156.602
1783748639.445893,156.694
1783748639.466033,156.694
1783748639.486168,156.694
1783748639.506304,156.694
1783748639.526438,156.694
1783748639.546578,156.699
1783748639.566717,156.699
1783748639.586895,156.699
1783748639.607028,156.699
1783748639.627169,156.699
1783748639.647306,156.626
1783748639.667442,156.626
1783748639.687577,156.626
1783748639.707713,156.626
1783748639.727892,156.626
1783748639.748027,156.750
1783748639.768161,156.750
1783748639.788301,156.750
1783748639.808437,156.750
1783748639.828571,156.750
1783748639.848710,156.613
1783748639.868909,156.613
1783748639.889047,156.613
1783748639.909179,156.613
1783748639.929314,156.613
1783748639.949452,156.613
1783748639.969593,156.613
1783748639.989774,156.613
1783748640.009908,156.613
1783748640.030043,156.613
1783748640.050180,157.283
1783748640.070319,157.283
1783748640.090455,157.283
1783748640.110586,157.283
1783748640.130781,157.283
1783748640.150916,157.072
1783748640.171052,157.072
1783748640.191184,157.072
1783748640.211365,157.072
1783748640.231508,157.072
1783748640.251644,156.897
1783748640.271780,156.897
1783748640.291925,156.897
1783748640.312063,156.897
1783748640.332197,156.897
1783748640.352332,155.991
1783748640.372470,155.991
1783748640.392606,155.991
1783748640.412785,155.991
1783748640.432953,155.991
1783748640.453091,156.078
1783748640.473231,156.078
1783748640.493365,156.078
1783748640.513499,156.078
1783748640.533634,156.078
1783748640.553777,156.033
1783748640.573916,156.033
1783748640.594054,156.033
1783748640.614189,156.033
1783748640.634334,156.033
1783748640.654471,156.188
1783748640.674606,156.188
1783748640.694777,156.188
1783748640.714917,156.188
1783748640.735056,156.188
1783748640.755190,156.335
1783748640.775323,156.335
1783748640.795467,156.335
1783748640.815604,156.335
1783748640.835697,156.335
1783748640.855743,156.305
1783748640.875835,156.305
1783748640.895957,156.305
1783748640.916093,156.305
1783748640.936230,156.305
1783748640.956370,156.336
1783748640.976512,156.336
1783748640.996644,156.336
1783748641.016780,156.336
1783748641.036882,156.336
1783748641.057008,156.406
1783748641.077143,156.406
1783748641.097279,156.406
1783748641.117415,156.406
1783748641.137556,156.406
1783748641.157665,156.495
1783748641.177800,156.495
1783748641.197937,156.495
1783748641.218075,156.495
1783748641.238219,156.495
1783748641.258326,156.635
1783748641.278427,156.635
1783748641.298560,156.635
1783748641.318701,156.635
1783748641.338882,157.357
1783748641.359018,157.357
1783748641.379128,157.357
1783748641.399264,157.357
1783748641.419399,157.357
1783748641.439536,157.248
1783748641.459677,157.248
1783748641.479892,157.248
1783748641.499998,157.248
1783748641.520132,157.248
1783748641.540270,157.338
1783748641.560410,157.338
1783748641.580548,157.338
1783748641.600687,157.338
1783748641.620752,157.338
1783748641.640891,157.199
1783748641.661029,157.199
1783748641.681167,157.199
1783748641.701301,157.199
1783748641.721477,157.199
1783748641.741590,156.923
1783748641.761770,156.923
1783748641.781907,156.923
1783748641.802051,156.923
1783748641.822191,156.923
1783748641.842326,156.963
1783748641.862433,156.963
1783748641.882572,156.963
1783748641.902711,156.963
1783748641.922888,156.963
1783748641.943026,156.729
1783748641.963138,156.729
1783748641.983236,156.729
1783748642.003355,156.729
1783748642.023494,156.729
1783748642.043638,156.748
1783748642.063777,156.748
1783748642.083887,156.748
1783748642.104021,156.748
1783748642.124158,156.748
1783748642.144300,157.007
1783748642.164437,157.007
1783748642.184574,157.007
1783748642.204680,157.007
1783748642.224782,157.007
1783748642.244905,157.208
1783748642.265041,157.208
1783748642.285177,157.208
1783748642.305316,157.208
1783748642.325426,157.208
1783748642.345559,156.692
1783748642.365702,156.692
1783748642.385897,156.692
1783748642.406008,156.692
1783748642.426142,156.692
1783748642.446253,156.910
1783748642.466389,156.910
1783748642.486529,156.910
1783748642.506665,156.910
1783748642.526803,156.910
1783748642.546941,156.641
1783748642.567053,156.641
1783748642.587192,156.641
1783748642.607329,156.641
1783748642.627464,156.641
1783748642.647611,156.483
1783748642.667750,156.483
1783748642.687888,156.483
1783748642.708024,156.483
1783748642.728166,156.483
1783748642.748281,156.402
1783748642.768396,156.402
1783748642.788518,156.402
1783748642.808668,156.402
1783748642.828807,156.402
1783748642.848940,156.584
1783748642.869074,156.584
1783748642.889212,156.584
1783748642.909349,156.584
1783748642.929481,156.584
1783748642.949618,156.597
1783748642.969754,156.597
1783748642.989891,156.597
1783748643.010062,156.597
1783748643.030196,156.597
1783748643.050328,156.510
1783748643.070463,156.510
1783748643.090600,156.510
1783748643.110782,156.510
1783748643.130913,156.510
1783748643.151051,156.344
1783748643.171185,156.344
1783748643.191319,156.344
1783748643.211450,156.344
1783748643.231584,156.344
1783748643.251720,156.073
1783748643.271901,156.073
1783748643.292033,156.073
1783748643.312168,156.073
1783748643.332303,156.073
1783748643.352437,156.703
1783748643.372576,156.703
1783748643.392719,156.703
1783748643.412903,156.703
1783748643.433034,156.703
1783748643.453172,156.662
1783748643.473311,156.662
1783748643.493448,156.662
1783748643.513580,156.662
1783748643.533714,156.662
1783748643.553893,156.737
1783748643.574028,156.737
1783748643.594163,156.737
1783748643.614297,156.737
1783748643.634432,156.737
1783748643.654570,156.882
1783748643.674705,156.882
1783748643.694891,156.882
1783748643.715025,156.882
1783748643.735171,156.882
1783748643.755314,156.860
1783748643.775449,156.860
1783748643.795583,156.860
1783748643.815769,156.860
1783748643.835905,156.860
1783748643.856037,156.749
1783748643.876172,156.749
1783748643.896308,156.749
1783748643.916445,156.749
1783748643.936577,156.749
1783748643.956716,156.867
1783748643.976904,156.867
1783748643.997038,156.867
1783748644.017171,156.867
1783748644.037306,156.867
1783748644.057470,156.880
1783748644.077610,156.880
1783748644.097750,156.880
1783748644.117887,156.880
1783748644.138020,156.880
1783748644.158163,157.037
1783748644.178299,157.037
1783748644.198433,157.037
1783748644.218568,157.037
1783748644.238708,157.037
1783748644.258884,156.938
1783748644.279051,156.938
1783748644.299185,156.938
1783748644.319329,156.938
1783748644.339466,156.937
1783748644.359600,156.937
1783748644.379773,156.937
1783748644.399909,156.937
1783748644.420046,156.937
1783748644.440177,156.955
1783748644.460318,156.955
1783748644.480461,156.955
1783748644.500600,156.955
1783748644.520771,156.955
1783748644.540907,156.825
1783748644.561043,156.825
1783748644.581180,156.825
1783748644.601313,156.825
1783748644.621446,156.825
1783748644.641580,157.182
1783748644.661722,157.182
1783748644.681902,157.182
1783748644.702037,157.182
1783748644.722170,157.182
1783748644.742306,157.146
1783748644.762441,157.146
1783748644.782574,157.146
1783748644.802708,157.146
1783748644.822892,157.146
1783748644.843029,157.147
1783748644.863161,157.147
1783748644.883296,157.147
1783748644.903433,157.147
1783748644.923570,157.147
1783748644.943702,157.134
1783748644.963887,157.134
1783748644.984029,157.134
1783748645.004164,157.134
1783748645.024296,157.134
1783748645.044431,157.060
1783748645.064566,157.060
1783748645.084701,157.060
1783748645.104876,157.060
1783748645.125011,157.060
1783748645.145145,157.297
1783748645.165283,157.297
1783748645.185418,157.297
1783748645.205554,157.297
1783748645.225689,157.297
1783748645.245826,157.252
1783748645.265964,157.252
1783748645.286099,157.252
1783748645.306234,157.252
1783748645.326369,157.252
1783748645.346538,157.372
1783748645.366671,157.372
1783748645.386804,157.372
1783748645.406911,157.372
1783748645.427048,157.372
1783748645.447181,157.420
1783748645.467314,157.420
1783748645.487453,157.420
1783748645.507589,157.420
1783748645.527721,157.420
1783748645.547899,156.471
1783748645.568063,156.471
1783748645.588200,156.471
1783748645.608334,156.471
1783748645.628496,156.471
1783748645.648629,156.615
1783748645.668767,156.615
1783748645.688903,156.615
1783748645.709038,156.615
1783748645.729170,156.615
1783748645.749309,156.638
1783748645.769445,156.638
1783748645.789581,156.638
1783748645.809714,156.638
1783748645.829891,156.638
1783748645.850032,156.682
1783748645.870163,156.682
1783748645.890301,156.682
1783748645.910440,156.682
1783748645.930579,156.682
1783748645.950711,156.521
1783748645.970893,156.521
1783748645.991040,156.521
1783748646.011183,156.521
1783748646.031317,156.521
1783748646.051454,156.363
1783748646.071592,156.363
1783748646.091773,156.363
1783748646.111907,156.363
1783748646.132052,156.363
1783748646.152188,156.202
1783748646.172331,156.202
1783748646.192468,156.202
1783748646.212602,156.202
1783748646.232769,156.202
1783748646.252911,156.222
1783748646.273048,156.222
1783748646.293184,156.222
1783748646.313317,156.222
1783748646.333452,156.222
1783748646.353593,156.084
1783748646.373764,156.084
1783748646.393896,156.084
1783748646.414029,156.084
1783748646.434162,156.084
1783748646.454295,156.061
1783748646.474431,156.061
1783748646.494571,156.061
1783748646.514706,156.061
1783748646.534881,156.061
1783748646.555014,156.942
1783748646.575147,156.942
1783748646.595282,156.942
1783748646.615447,156.942
1783748646.635579,156.942
1783748646.655710,156.562
1783748646.675889,156.562
1783748646.696022,156.562
1783748646.716157,156.562
1783748646.736290,156.562
1783748646.756434,156.791
1783748646.776577,156.791
1783748646.796711,156.791
1783748646.816884,156.791
1783748646.837029,156.791
1783748646.857201,156.629
1783748646.877336,156.629
1783748646.897472,156.629
1783748646.917607,156.629
1783748646.937797,156.629
1783748646.957930,156.938
1783748646.978070,156.938
1783748646.998214,156.938
1783748647.018352,156.938
1783748647.038485,156.938
1783748647.058619,156.872
1783748647.078755,156.872
1783748647.098892,156.872
1783748647.119027,156.872
1783748647.139161,156.872
1783748647.159296,157.029
1783748647.179443,157.029
1783748647.199581,157.029
1783748647.219716,157.029
1783748647.239891,157.029
1783748647.260032,157.110
1783748647.280169,157.110
1783748647.300302,157.110
1783748647.320433,157.110
1783748647.340572,156.910
1783748647.360715,156.910
1783748647.380890,156.910
1783748647.401025,156.910
1783748647.421161,156.910
1783748647.441299,157.197
1783748647.461433,157.197
1783748647.481567,157.197
1783748647.501704,157.197
1783748647.521885,157.197
1783748647.542018,156.964
1783748647.562153,156.964
1783748647.582287,156.964
1783748647.602424,156.964
1783748647.622558,156.964
1783748647.642693,157.261
1783748647.662857,157.261
1783748647.682996,157.261
1783748647.703132,157.261
1783748647.723268,157.261
1783748647.743403,157.071
1783748647.763546,157.071
1783748647.783682,157.071
1783748647.803817,157.071
1783748647.823950,157.071
1783748647.844087,157.071
1783748647.864223,157.071
1783748647.884357,157.071
1783748647.904516,157.071
1783748647.924652,157.071
1783748647.944791,157.284
1783748647.964926,157.284
1783748647.985065,157.284
1783748648.005211,157.284
1783748648.025355,157.284
1783748648.045489,157.255
1783748648.065625,157.255
1783748648.085762,157.255
1783748648.105902,157.255
1783748648.126038,157.255
1783748648.146209,157.145
1783748648.166344,157.145
1783748648.186482,157.145
1783748648.206620,157.145
1783748648.226757,157.145
1783748648.246892,156.901
1783748648.267036,156.901
1783748648.287172,156.901
1783748648.307307,156.901
1783748648.327446,156.901
1783748648.347590,157.002
1783748648.367775,157.002
1783748648.387913,157.002
1783748648.408046,157.002
1783748648.428188,157.002
1783748648.448326,156.899
1783748648.468460,156.899
1783748648.488595,156.899
1783748648.508779,156.899
1783748648.528919,156.899
1783748648.549050,156.854
1783748648.569189,156.854
1783748648.589325,156.854
1783748648.609463,156.854
1783748648.629598,156.854
1783748648.649776,156.899
1783748648.669909,156.899
1783748648.690047,156.899
1783748648.710187,156.899
1783748648.730324,156.899
1783748648.750458,156.580
1783748648.770565,156.580
1783748648.790699,156.580
1783748648.810874,156.580
1783748648.831010,156.580
1783748648.851149,156.734
1783748648.871289,156.734
1783748648.891424,156.734
1783748648.911561,156.734
1783748648.931705,156.734
1783748648.951883,156.683
1783748648.972014,156.683
1783748648.992149,156.683
1783748649.012287,156.683
1783748649.032425,156.683
1783748649.052563,156.787
1783748649.072699,156.787
1783748649.092874,156.787
1783748649.113014,156.787
1783748649.133150,156.787
1783748649.153286,156.524
1783748649.173420,156.524
1783748649.193592,156.524
1783748649.213772,156.524
1783748649.233908,156.524
1783748649.254045,156.717
1783748649.274184,156.717
1783748649.294322,156.717
1783748649.314459,156.717
1783748649.334597,156.717
1783748649.354771,156.594
1783748649.374910,156.594
1783748649.395048,156.594
1783748649.415214,156.594
1783748649.435363,156.594
1783748649.455504,156.697
1783748649.475638,156.697
1783748649.495776,156.697
1783748649.515916,156.697
1783748649.536059,156.697
1783748649.556192,156.409
1783748649.576331,156.409
1783748649.596471,156.409
1783748649.616610,156.409
1783748649.636791,156.409
1783748649.656926,156.548
1783748649.677063,156.548
1783748649.697202,156.548
1783748649.717336,156.548
1783748649.737472,156.548
1783748649.757610,156.926
1783748649.777756,156.926
1783748649.797894,156.926
1783748649.818029,156.926
1783748649.838167,156.926
1783748649.858306,156.845
1783748649.878443,156.845
1783748649.898581,156.845
1783748649.918717,156.845
1783748649.938930,156.845
1783748649.959069,156.843
1783748649.979204,156.843
1783748649.999341,156.843
1783748650.019486,156.843
1783748650.039624,156.843
1783748650.059761,156.109
1783748650.079901,156.109
1783748650.100041,156.109
1783748650.120179,156.109
1783748650.140315,156.109
1783748650.160454,156.254
1783748650.180592,156.254
1783748650.200778,156.254
1783748650.220914,156.254
1783748650.241052,156.254
1783748650.261189,156.656
1783748650.281329,156.656
1783748650.301466,156.656
1783748650.321601,156.656
1783748650.341785,156.476
1783748650.361927,156.476
1783748650.382035,156.476
1783748650.402169,156.476
1783748650.422304,156.476
1783748650.442445,156.671
1783748650.462586,156.671
1783748650.482754,156.671
1783748650.502891,156.671
1783748650.523032,156.671
1783748650.543173,156.672
1783748650.563307,156.672
1783748650.583450,156.672
1783748650.603592,156.672
1783748650.623772,156.672
1783748650.643907,156.675
1783748650.664045,156.675
1783748650.684183,156.675
1783748650.704353,156.675
1783748650.724493,156.675
1783748650.744631,156.523
1783748650.764768,156.523
1783748650.784909,156.523
1783748650.805047,156.523
1783748650.825181,156.523
1783748650.845321,156.246
1783748650.865472,156.246
1783748650.885615,156.246
1783748650.905753,156.246
1783748650.925888,156.246
1783748650.946037,156.136
1783748650.966174,156.136
1783748650.986309,156.136
1783748651.006447,156.136
1783748651.026588,156.136
1783748651.046770,156.879
1783748651.066905,156.879
1783748651.087048,156.879
1783748651.107192,156.879
1783748651.127333,156.879
1783748651.147467,156.887
1783748651.167604,156.887
1783748651.187783,156.887
1783748651.207922,156.887
1783748651.228061,156.887
1783748651.248199,156.699
1783748651.268337,156.699
1783748651.288480,156.699
1783748651.308617,156.699
1783748651.328755,156.699
1783748651.348892,156.801
1783748651.369037,156.801
1783748651.389179,156.801
1783748651.409315,156.801
1783748651.429452,156.801
1783748651.449601,156.960
1783748651.469781,156.960
1783748651.489916,156.960
1783748651.510054,156.960
1783748651.530194,156.960
1783748651.550333,156.644
1783748651.570466,156.644
1783748651.590609,156.644
1783748651.610759,156.644
1783748651.630903,156.644
1783748651.651038,156.666
1783748651.671177,156.666
1783748651.691315,156.666
1783748651.711456,156.666
1783748651.731596,156.666
1783748651.751762,156.794
1783748651.771900,156.794
1783748651.792046,156.794
1783748651.812185,156.794
1783748651.832323,156.794
1783748651.852458,157.039
1783748651.872600,157.039
1783748651.892786,157.039
1783748651.912923,157.039
1783748651.933059,157.039
1783748651.953208,156.670
1783748651.973348,156.670
1783748651.993514,156.670
1783748652.013653,156.670
1783748652.033794,156.670
1783748652.053931,156.741
1783748652.074066,156.741
1783748652.094208,156.741
1783748652.114356,156.741
1783748652.134499,156.741
1783748652.154631,156.953
1783748652.174772,156.953
1783748652.194909,156.953
1783748652.215049,156.953
1783748652.235188,156.953
1783748652.255327,157.119
1783748652.275464,157.119
1783748652.295604,157.119
1783748652.315793,157.119
1783748652.335931,157.119
1783748652.356068,157.109
1783748652.376211,157.109
1783748652.396353,157.109
1783748652.416489,157.109
1783748652.436628,157.109
1783748652.456771,157.099
1783748652.476909,157.099
1783748652.497047,157.099
1783748652.517185,157.099
1783748652.537325,157.099
1783748652.557465,157.031
1783748652.577600,157.031
1783748652.597780,157.031
1783748652.617922,157.031
1783748652.638064,157.031
1783748652.658197,157.116
1783748652.678334,157.116
1783748652.698473,157.116
1783748652.718613,157.116
1783748652.738753,157.116
1783748652.758889,157.148
1783748652.779026,157.148
1783748652.799167,157.148
1783748652.819303,157.148
1783748652.839441,157.148
1783748652.859579,157.124
1783748652.879721,157.124
1783748652.899910,157.124
1783748652.920045,157.124
1783748652.940183,157.124
1783748652.960322,157.566
1783748652.980465,157.566
1783748653.000599,157.566
1783748653.020786,157.566
1783748653.040964,157.566
1783748653.061103,157.266
1783748653.081235,157.266
1783748653.101372,157.266
1783748653.121517,157.266
1783748653.141658,157.266
1783748653.161793,157.175
1783748653.181932,157.175
1783748653.202073,157.175
1783748653.222212,157.175
1783748653.242351,157.106
1783748653.262488,157.106
1783748653.282656,157.106
1783748653.302797,157.106
1783748653.322934,157.106
1783748653.343073,157.118
1783748653.363209,157.118
1783748653.383354,157.118
1783748653.403496,157.118
1783748653.423633,157.118
1783748653.443770,157.218
1783748653.463913,157.218
1783748653.484057,157.218
1783748653.504192,157.218
1783748653.524329,157.218
1783748653.544471,157.119
1783748653.564609,157.119
1783748653.584782,157.119
1783748653.604918,157.119
1783748653.625059,157.119
1783748653.645200,156.988
1783748653.665334,156.988
1783748653.685471,156.988
1783748653.705608,156.988
1783748653.725749,156.988
1783748653.745886,157.174
1783748653.766024,157.174
1783748653.786162,157.174
1783748653.806301,157.174
1783748653.826438,157.174
1783748653.846576,156.845
1783748653.866712,156.845
1783748653.886896,156.845
1783748653.907034,156.845
1783748653.927171,156.845
1783748653.947309,156.685
1783748653.967447,156.685
1783748653.987592,156.685
1783748654.007698,156.685
1783748654.027835,156.685
1783748654.047974,156.625
1783748654.068109,156.625
1783748654.088240,156.625
1783748654.108373,156.625
1783748654.128477,156.625
1783748654.148611,156.763
1783748654.168780,156.763
1783748654.188916,156.763
1783748654.209048,156.763
1783748654.229152,156.763
1783748654.249285,156.858
1783748654.269416,156.858
1783748654.289548,156.858
1783748654.309687,156.858
1783748654.329871,156.858
1783748654.350004,156.727
1783748654.370136,156.727
1783748654.390276,156.727
1783748654.410412,156.727
1783748654.430547,156.727
1783748654.450680,156.454
1783748654.470819,156.454
1783748654.490956,156.454
1783748654.511091,156.454
1783748654.531224,156.454
1783748654.551390,156.612
1783748654.571527,156.612
1783748654.591662,156.612
1783748654.611800,156.612
1783748654.631942,156.612
1783748654.652079,156.639
1783748654.672213,156.639
1783748654.692348,156.639
1783748654.712484,156.639
1783748654.732623,156.639
1783748654.752762,156.702
1783748654.772867,156.702
1783748654.793002,156.702
1783748654.813141,156.702
1783748654.833278,156.702
1783748654.853413,157.097
1783748654.873548,157.097
1783748654.893694,157.097
1783748654.913891,157.097
1783748654.934027,157.097
1783748654.954161,157.252
1783748654.974307,157.252
1783748654.994451,157.252
1783748655.014585,157.252
1783748655.034720,157.252
1783748655.054906,157.235
1783748655.075042,157.235
1783748655.095177,157.235
1783748655.115314,157.235
1783748655.135451,157.235
1783748655.155588,157.140
1783748655.175720,157.140
1783748655.195899,157.140
1783748655.216035,157.140
1783748655.236175,157.140
1783748655.256312,157.034
1783748655.276448,157.034
1783748655.296581,157.034
1783748655.316763,157.034
1783748655.336902,157.034
1783748655.357036,157.188
1783748655.377171,157.188
1783748655.397316,157.188
1783748655.417451,157.188
1783748655.437587,157.188
1783748655.457768,157.247
1783748655.477906,157.247
1783748655.498048,157.247
1783748655.518183,157.247
1783748655.538319,157.247
1783748655.558461,157.344
1783748655.578596,157.344
1783748655.598768,157.344
1783748655.618938,157.344
1783748655.639084,157.344
1783748655.659223,157.336
1783748655.679356,157.336
1783748655.699493,157.336
1783748655.719631,157.336
1783748655.739774,157.336
1783748655.759907,157.022
1783748655.780042,157.022
1783748655.800175,157.022
1783748655.820315,157.022
1783748655.840491,157.022
1783748655.860626,156.999
1783748655.880762,156.999
1783748655.900898,156.999
1783748655.921036,156.999
1783748655.941171,156.999
1783748655.961312,157.168
1783748655.981452,157.168
1783748656.001595,157.168
1783748656.021779,157.168
1783748656.041915,157.168
1783748656.062059,156.907
1783748656.082196,156.907
1783748656.102331,156.907
1783748656.122435,156.907
1783748656.142572,156.907
1783748656.162710,157.003
1783748656.182882,157.003
1783748656.203017,157.003
1783748656.223155,157.003
1783748656.243297,157.124
1783748656.263430,157.124
1783748656.283566,157.124
1783748656.303701,157.124
1783748656.323852,157.124
1783748656.343988,157.182
1783748656.364123,157.182
1783748656.384256,157.182
1783748656.404394,157.182
1783748656.424531,157.182
1783748656.444666,157.218
1783748656.464802,157.218
1783748656.484938,157.218
1783748656.505075,157.218
1783748656.525178,157.218
1783748656.545313,156.885
1783748656.565454,156.885
1783748656.585589,156.885
1783748656.605695,156.885
1783748656.625830,156.885
1783748656.645968,156.561
1783748656.666108,156.561
1783748656.686239,156.561
1783748656.706375,156.561
1783748656.726511,156.561
1783748656.746650,156.668
1783748656.766784,156.668
1783748656.786921,156.668
1783748656.807055,156.668
1783748656.827190,156.668
1783748656.847333,156.686
1783748656.867471,156.686
1783748656.887634,156.686
1783748656.907754,156.686
1783748656.927893,156.686
1783748656.948033,156.419
1783748656.968169,156.419
1783748656.988309,156.419
1783748657.008445,156.419
1783748657.028582,156.419
1783748657.048720,156.681
1783748657.068903,156.681
1783748657.089011,156.681
1783748657.109145,156.681
1783748657.129315,156.681
1783748657.149454,156.497
1783748657.169594,156.497
1783748657.189764,156.497
1783748657.209902,156.497
1783748657.230042,156.497
1783748657.250183,156.613
1783748657.270317,156.613
1783748657.290453,156.613
1783748657.310588,156.613
1783748657.330769,156.613
1783748657.350906,156.409
1783748657.371041,156.409
1783748657.391173,156.409
1783748657.411306,156.409
1783748657.431445,156.409
1783748657.451577,156.377
1783748657.471711,156.377
1783748657.491896,156.377
1783748657.512031,156.377
1783748657.532164,156.377
1783748657.552298,156.773
1783748657.572442,156.773
1783748657.592578,156.773
1783748657.612710,156.773
1783748657.632885,156.773
1783748657.653023,156.813
1783748657.673158,156.813
1783748657.693290,156.813
1783748657.713426,156.813
1783748657.733561,156.813
1783748657.753700,156.729
1783748657.773875,156.729
1783748657.794013,156.729
1783748657.814146,156.729
1783748657.834284,156.729
1783748657.854419,156.836
1783748657.874554,156.836
1783748657.894689,156.836
1783748657.914862,156.836
1783748657.934997,156.836
1783748657.955134,157.092
1783748657.975271,157.092
1783748657.995409,157.092
1783748658.015550,157.092
1783748658.035695,157.092
1783748658.055871,156.906
1783748658.076016,156.906
1783748658.096153,156.906
1783748658.116285,156.906
1783748658.136419,156.906
1783748658.156554,157.038
1783748658.176722,157.038
1783748658.196898,157.038
1783748658.217037,157.038
1783748658.237175,157.038
1783748658.257312,156.991
1783748658.277447,156.991
1783748658.297585,156.991
1783748658.317720,156.991
1783748658.337875,156.991
1783748658.358010,156.930
1783748658.378147,156.930
1783748658.398283,156.930
1783748658.418455,156.930
1783748658.438591,156.930
1783748658.458772,156.802
1783748658.478907,156.802
1783748658.499046,156.802
1783748658.519181,156.802
1783748658.539317,156.802
1783748658.559452,156.743
1783748658.579589,156.743
1783748658.599766,156.743
1783748658.619898,156.743
1783748658.640032,156.743
1783748658.660174,156.854
1783748658.680342,156.854
1783748658.700475,156.854
1783748658.720616,156.854
1783748658.740759,156.854
1783748658.760899,157.017
1783748658.781002,157.017
1783748658.801135,157.017
1783748658.821273,157.017
1783748658.841412,157.017
1783748658.861547,156.955
1783748658.881683,156.955
1783748658.901817,156.955
1783748658.921955,156.955
1783748658.942090,156.955
1783748658.962225,156.713
1783748658.982358,156.713
1783748659.002494,156.713
1783748659.022632,156.713
1783748659.042773,156.713
1783748659.062909,156.881
1783748659.083055,156.881
1783748659.103195,156.881
1783748659.123328,156.881
1783748659.143465,156.881
1783748659.163602,156.804
1783748659.183771,156.804
1783748659.203902,156.804
1783748659.224040,156.804
1783748659.244182,156.672
1783748659.264321,156.672
1783748659.284453,156.672
1783748659.304590,156.672
1783748659.324755,156.672
1783748659.344893,156.529
1783748659.365027,156.529
1783748659.385163,156.529
1783748659.405299,156.529
1783748659.425439,156.529
1783748659.445577,156.950
1783748659.465782,156.950
1783748659.485917,156.950
1783748659.506052,156.950
1783748659.526189,156.950
1783748659.546325,156.869
1783748659.566458,156.869
1783748659.586602,156.869
1783748659.606778,156.869
1783748659.626912,156.869
1783748659.647047,156.860
1783748659.667186,156.860
1783748659.687353,156.860
1783748659.707486,156.860
1783748659.727649,156.860
1783748659.747792,156.687
1783748659.767929,156.687
1783748659.788063,156.687
1783748659.808203,156.687
1783748659.828337,156.687
1783748659.848475,156.467
1783748659.868609,156.467
1783748659.888795,156.467
1783748659.908931,156.467
1783748659.929069,156.467
1783748659.949205,156.833
1783748659.969342,156.833
1783748659.989476,156.833
1783748660.009614,156.833
1783748660.029752,156.833
1783748660.049889,156.740
1783748660.070024,156.740
1783748660.090162,156.740
1783748660.110302,156.740
1783748660.130435,156.740
1783748660.150569,156.624
1783748660.170710,156.624
1783748660.190894,156.624
1783748660.211025,156.624
1783748660.231159,156.624
1783748660.251297,156.814
1783748660.271441,156.814
1783748660.291574,156.814
1783748660.311713,156.814
1783748660.331901,156.814
1783748660.352046,156.713
1783748660.372182,156.713
1783748660.392287,156.713
1783748660.412424,156.713
1783748660.432565,156.713
1783748660.452699,156.545
1783748660.472872,156.545
1783748660.493007,156.545
1783748660.513148,156.545
1783748660.533283,156.545
1783748660.553417,156.604
1783748660.573556,156.604
1783748660.593703,156.604
1783748660.613897,156.604
1783748660.634031,156.604
1783748660.654168,156.662
1783748660.674308,156.662
1783748660.694444,156.662
1783748660.714577,156.662
1783748660.734713,156.662
1783748660.754915,157.152
1783748660.775052,157.152
1783748660.795186,157.152
1783748660.815322,157.152
1783748660.835460,157.152
1783748660.855599,157.045
1783748660.875770,157.045
1783748660.895903,157.045
1783748660.916039,157.045
1783748660.936175,157.045
1783748660.956308,157.169
1783748660.976468,157.169
1783748660.996603,157.169
1783748661.016780,157.169
1783748661.036916,157.169
1783748661.057054,156.943
1783748661.077190,156.943
1783748661.097327,156.943
1783748661.117470,156.943
1783748661.137606,156.943
1783748661.157780,157.052
1783748661.177926,157.052
1783748661.198062,157.052
1783748661.218194,157.052
1783748661.238328,157.052
1783748661.258473,157.159
1783748661.278610,157.159
1783748661.298785,157.159
1783748661.318922,157.159
1783748661.339061,157.159
1783748661.359201,157.244
1783748661.379334,157.244
1783748661.399468,157.244
1783748661.419603,157.244
1783748661.439781,157.244
1783748661.459916,157.247
1783748661.480051,157.247
1783748661.500186,157.247
1783748661.520326,157.247
1783748661.540461,157.247
1783748661.560597,157.164
1783748661.580773,157.164
1783748661.600914,157.164
1783748661.621054,157.164
1783748661.641188,157.164
1783748661.661325,157.359
1783748661.681463,157.359
1783748661.701600,157.359
1783748661.721776,157.359
1783748661.741912,157.359
1783748661.762051,157.147
1783748661.782190,157.147
1783748661.802326,157.147
1783748661.822464,157.147
1783748661.842600,157.147
1783748661.862777,157.105
1783748661.882910,157.105
1783748661.903044,157.105
1783748661.923180,157.105
1783748661.943340,157.105
1783748661.963475,156.934
1783748661.983611,156.934
1783748662.003748,156.934
1783748662.023919,156.934
1783748662.044055,156.934
1783748662.064190,157.022
1783748662.084322,157.022
1783748662.104456,157.022
1783748662.124597,157.022
1783748662.144771,156.875
1783748662.164908,156.875
1783748662.185044,156.875
1783748662.205180,156.875
1783748662.225312,156.875
1783748662.245445,156.894
1783748662.265613,156.894
1783748662.285751,156.894
1783748662.305881,156.894
1783748662.326016,156.894
1783748662.346152,156.817
1783748662.366289,156.817
1783748662.386420,156.817
1783748662.406555,156.817
1783748662.426694,156.817
1783748662.446878,156.796
1783748662.467025,156.796
1783748662.487164,156.796
1783748662.507316,156.796
1783748662.527459,156.796
1783748662.547595,156.787
1783748662.567773,156.787
1783748662.587914,156.787
1783748662.608051,156.787
1783748662.628188,156.787
1783748662.648324,156.767
1783748662.668436,156.767
1783748662.688575,156.767
1783748662.708715,156.767
1783748662.728867,156.767
1783748662.749008,156.943
1783748662.769153,156.943
1783748662.789294,156.943
1783748662.809425,156.943
1783748662.829562,156.943
1783748662.849702,156.938
1783748662.869900,156.938
1783748662.890036,156.938
1783748662.910172,156.938
1783748662.930309,156.938
1783748662.950449,156.915
1783748662.970584,156.915
1783748662.990720,156.915
1783748663.010903,156.915
1783748663.031043,156.915
1783748663.051182,156.567
1783748663.071320,156.567
1783748663.091459,156.567
1783748663.111599,156.567
1783748663.131782,156.567
1783748663.151918,157.043
1783748663.172055,157.043
1783748663.192201,157.043
1783748663.212341,157.043
1783748663.232476,157.043
1783748663.252616,156.743
1783748663.272759,156.743
1783748663.292898,156.743
1783748663.313081,156.743
1783748663.333216,156.743
1783748663.353356,156.936
1783748663.373498,156.936
1783748663.393632,156.936
1783748663.413772,156.936
1783748663.433882,156.936
1783748663.454023,157.159
1783748663.474163,157.159
1783748663.494299,157.159
1783748663.514436,157.159
1783748663.534582,157.159
1783748663.554756,156.885
1783748663.574891,156.885
1783748663.595027,156.885
1783748663.615167,156.885
1783748663.635304,156.885
1783748663.655441,156.955
1783748663.675579,156.955
1783748663.695719,156.955
1783748663.715891,156.955
1783748663.736022,156.955
1783748663.756160,156.874
1783748663.776300,156.874
1783748663.796441,156.874
1783748663.816574,156.874
1783748663.836711,156.874
1783748663.856894,156.802
1783748663.877036,156.802
1783748663.897171,156.802
1783748663.917309,156.802
1783748663.937445,156.802
1783748663.957586,156.974
1783748663.977768,156.974
1783748663.997906,156.974
1783748664.018041,156.974
1783748664.038181,156.974
1783748664.058319,156.817
1783748664.078426,156.817
1783748664.098562,156.817
1783748664.118702,156.817
1783748664.138892,156.817
1783748664.159032,156.762
1783748664.179169,156.762
1783748664.199318,156.762
1783748664.219458,156.762
1783748664.239593,156.762
1783748664.259774,156.556
1783748664.279923,156.556
1783748664.300060,156.556
1783748664.320192,156.556
1783748664.340330,156.556
1783748664.360470,156.563
1783748664.380611,156.563
1783748664.400795,156.563
1783748664.420933,156.563
1783748664.441071,156.563
1783748664.461212,156.606
1783748664.481351,156.606
1783748664.501488,156.606
1783748664.521624,156.606
1783748664.541770,156.606
1783748664.561909,156.700
1783748664.582046,156.700
1783748664.602213,156.700
1783748664.622353,156.700
1783748664.642498,156.700
1783748664.662636,156.686
1783748664.682772,156.686
1783748664.702921,156.686
1783748664.723061,156.686
1783748664.743195,156.686
1783748664.763334,156.634
1783748664.783476,156.634
1783748664.803617,156.634
1783748664.823782,156.634
1783748664.843925,156.634
1783748664.864066,156.819
1783748664.884205,156.819
1783748664.904340,156.819
1783748664.924479,156.819
1783748664.944616,156.819
1783748664.964757,157.097
1783748664.984896,157.097
1783748665.005034,157.097
1783748665.025172,157.097
1783748665.045314,157.097
1783748665.065454,156.997
1783748665.085589,156.997
1783748665.105766,156.997
1783748665.125905,156.997
1783748665.146043,157.061
1783748665.166180,157.061
1783748665.186316,157.061
1783748665.206460,157.061
1783748665.226598,157.061
1783748665.246767,156.822
1783748665.266904,156.822
1783748665.287040,156.822
1783748665.307176,156.822
1783748665.327307,156.822
1783748665.347446,156.861
1783748665.367583,156.861
1783748665.387718,156.861
1783748665.407900,156.861
1783748665.428034,156.861
1783748665.448135,156.746
1783748665.468269,156.746
1783748665.488403,156.746
1783748665.508538,156.746
1783748665.528668,156.746
1783748665.548803,156.903
1783748665.568938,156.903
1783748665.589073,156.903
1783748665.609203,156.903
1783748665.629337,156.903
1783748665.649474,156.945
1783748665.669615,156.945
1783748665.689749,156.945
1783748665.709894,156.945
1783748665.730031,156.945
1783748665.750164,156.894
1783748665.770303,156.894
1783748665.790445,156.894
1783748665.810582,156.894
1783748665.830715,156.894
1783748665.850895,156.719
1783748665.871037,156.719
1783748665.891203,156.719
1783748665.911337,156.719
1783748665.931473,156.719
1783748665.951578,156.763
1783748665.971713,156.763
1783748665.991905,156.763
1783748666.012039,156.763
1783748666.032172,156.763
1783748666.052281,156.607
1783748666.072416,156.607
1783748666.092552,156.607
1783748666.112720,156.607
1783748666.132906,156.607
1783748666.153014,156.528
1783748666.173147,156.528
1783748666.193282,156.528
1783748666.213425,156.528
1783748666.233562,156.528
1783748666.253665,156.574
1783748666.273799,156.574
1783748666.293936,156.574
1783748666.314073,156.574
1783748666.334207,156.574
1783748666.354311,156.769
1783748666.374450,156.769
1783748666.394590,156.769
1783748666.414769,156.769
1783748666.434907,156.769
1783748666.455041,156.838
1783748666.475178,156.838
1783748666.495316,156.838
1783748666.515452,156.838
1783748666.535589,156.838
1783748666.555764,156.944
1783748666.575899,156.944
1783748666.596034,156.944
1783748666.616168,156.944
1783748666.636307,156.944
1783748666.656444,156.693
1783748666.676579,156.693
1783748666.696713,156.693
1783748666.716885,156.693
1783748666.737022,156.693
1783748666.757157,156.825
1783748666.777289,156.825
1783748666.797428,156.825
1783748666.817565,156.825
1783748666.837697,156.825
1783748666.857914,156.792
1783748666.878058,156.792
1783748666.898196,156.792
1783748666.918327,156.792
1783748666.938463,156.792
1783748666.958599,157.162
1783748666.978777,157.162
1783748666.998912,157.162
1783748667.019048,157.162
1783748667.039183,157.162
1783748667.059290,157.203
1783748667.079385,157.203
1783748667.099467,157.203
1783748667.119629,157.203
1783748667.139766,157.203
1783748667.159937,157.286
1783748667.180071,157.286
1783748667.200205,157.286
1783748667.220342,157.286
1783748667.240478,157.286
1783748667.260612,157.519
1783748667.280752,157.519
1783748667.300890,157.519
1783748667.321031,157.519
1783748667.341164,157.519
1783748667.361303,157.192
1783748667.381448,157.192
1783748667.401616,157.192
1783748667.421749,157.192
1783748667.441883,157.192
1783748667.462017,157.136
1783748667.482157,157.136
1783748667.502295,157.136
1783748667.522429,157.136
1783748667.542564,157.136
1783748667.562709,156.977
1783748667.582884,156.977
1783748667.603020,156.977
1783748667.623154,156.977
1783748667.643292,156.977
1783748667.663428,157.083
1783748667.683563,157.083
1783748667.703697,157.083
1783748667.723872,157.083
1783748667.744009,157.083
1783748667.764139,157.344
1783748667.784273,157.344
1783748667.804415,157.344
1783748667.824553,157.344
1783748667.844685,157.344
1783748667.864824,157.238
1783748667.884970,157.238
1783748667.905110,157.238
1783748667.925242,157.238
1783748667.945377,157.238
1783748667.965523,156.946
1783748667.985660,156.946
1783748668.005795,156.946
1783748668.025932,156.946
1783748668.046065,156.946
1783748668.066204,157.283
1783748668.086339,157.283
1783748668.106474,157.283
1783748668.126594,157.283
1783748668.146721,157.271
1783748668.166895,157.271
1783748668.187030,157.271
1783748668.207167,157.271
1783748668.227310,157.271
1783748668.247451,157.149
1783748668.267585,157.149
1783748668.287721,157.149
1783748668.307909,157.149
1783748668.328048,157.149
1783748668.348182,157.038
1783748668.368318,157.038
1783748668.388464,157.038
1783748668.408605,157.038
1783748668.428782,157.038
1783748668.448968,157.328
1783748668.469105,157.328
1783748668.489241,157.328
1783748668.509377,157.328
1783748668.529514,157.328
1783748668.549650,157.390
1783748668.569788,157.390
1783748668.589923,157.390
1783748668.610057,157.390
1783748668.630191,157.390
1783748668.650332,156.963
1783748668.670469,156.963
1783748668.690634,156.963
1783748668.710767,156.963
1783748668.730901,156.963
1783748668.751042,157.054
1783748668.771173,157.054
1783748668.791304,157.054
1783748668.811406,157.054
1783748668.831541,157.054
1783748668.851673,157.052
1783748668.871801,157.052
1783748668.891941,157.052
1783748668.912075,157.052
1783748668.932208,157.052
1783748668.952343,157.005
1783748668.972477,157.005
1783748668.992611,157.005
1783748669.012796,157.005
1783748669.032929,157.005
1783748669.053062,156.803
1783748669.073199,156.803
1783748669.093333,156.803
1783748669.113470,156.803
1783748669.133604,156.803
1783748669.153796,156.785
1783748669.173934,156.785
1783748669.194070,156.785
1783748669.214207,156.785
1783748669.234354,156.785
1783748669.254498,156.677
1783748669.274631,156.677
1783748669.294768,156.677
1783748669.314908,156.677
1783748669.335047,156.677
1783748669.355181,156.802
1783748669.375323,156.802
1783748669.395470,156.802
1783748669.415609,156.802
1783748669.435796,156.802
1783748669.455933,156.926
1783748669.476072,156.926
1783748669.496211,156.926
1783748669.516346,156.926
1783748669.536482,156.926
1783748669.556618,156.888
1783748669.576758,156.888
1783748669.596895,156.888
1783748669.617030,156.888
1783748669.637166,156.888
1783748669.657309,156.876
1783748669.677447,156.876
1783748669.697582,156.876
1783748669.717718,156.876
1783748669.737929,156.876
1783748669.758070,156.899
1783748669.778205,156.899
1783748669.798340,156.899
1783748669.818476,156.899
1783748669.838585,156.899
1783748669.858681,157.019
1783748669.878763,157.019
1783748669.898888,157.019
1783748669.919031,157.019
1783748669.939165,157.019
1783748669.959335,157.038
1783748669.979476,157.038
1783748669.999614,157.038
1783748670.019750,157.038
1783748670.039885,157.038
1783748670.060016,157.179
1783748670.080155,157.179
1783748670.100289,157.179
1783748670.120423,157.179
1783748670.140556,157.179
1783748670.160694,157.123
1783748670.180829,157.123
1783748670.200963,157.123
1783748670.221098,157.123
1783748670.241236,157.123
1783748670.261375,156.998
1783748670.281508,156.998
1783748670.301641,156.998
1783748670.321777,156.998
1783748670.341913,156.998
1783748670.362046,157.244
1783748670.382179,157.244
1783748670.402316,157.244
1783748670.422451,157.244
1783748670.442582,157.244
1783748670.462716,157.033
1783748670.482896,157.033
1783748670.503037,157.033
1783748670.523173,157.033
1783748670.543308,157.033
1783748670.563447,157.003
1783748670.583554,157.003
1783748670.603647,157.003
1783748670.623756,157.003
1783748670.643836,157.003
1783748670.663925,157.286
1783748670.684005,157.286
1783748670.704114,157.286
1783748670.724209,157.286
1783748670.744298,157.286
1783748670.764396,156.865
1783748670.784498,156.865
1783748670.804600,156.865
1783748670.824692,156.865
1783748670.844750,156.865
1783748670.864840,157.499
1783748670.884928,157.499
1783748670.905022,157.499
1783748670.925104,157.499
1783748670.945183,157.499
1783748670.965259,157.199
1783748670.985381,157.199
1783748671.005524,157.199
1783748671.025693,157.199
1783748671.045856,157.199
1783748671.065991,157.439
1783748671.086129,157.439
1783748671.106267,157.439
1783748671.126401,157.439
1783748671.146538,157.439
1783748671.166678,157.257
1783748671.186817,157.257
1783748671.206952,157.257
1783748671.227085,157.257
1783748671.247250,157.257
1783748671.267388,157.505
1783748671.287493,157.505
1783748671.307626,157.505
1783748671.327764,157.505
1783748671.347872,157.570
1783748671.367972,157.570
1783748671.388053,157.570
1783748671.408133,157.570
1783748671.428214,157.570
1783748671.448298,157.318
1783748671.468385,157.318
1783748671.488464,157.318
1783748671.508585,157.318
1783748671.528763,157.318
1783748671.548898,157.703
1783748671.569031,157.703
1783748671.589169,157.703
1783748671.609273,157.703
1783748671.629369,157.703
1783748671.649455,157.406
1783748671.669548,157.406
1783748671.689643,157.406
1783748671.709754,157.406
1783748671.729861,157.406
1783748671.749968,157.639
1783748671.770073,157.639
1783748671.790175,157.639
1783748671.810276,157.639
1783748671.830373,157.639
1783748671.850455,157.003
1783748671.870532,157.003
1783748671.890627,157.003
1783748671.910776,157.003
1783748671.930883,157.003
1783748671.950984,157.134
1783748671.971087,157.134
1783748671.991189,157.134
1783748672.011292,157.134
1783748672.031392,157.134
1783748672.051494,157.045
1783748672.071598,157.045
1783748672.091706,157.045
1783748672.111846,157.045
1783748672.131979,157.045
1783748672.152112,157.019
1783748672.172259,157.019
1783748672.192397,157.019
1783748672.212531,157.019
1783748672.232668,157.019
1783748672.252818,156.962
1783748672.272959,156.962
1783748672.293127,156.962
1783748672.313267,156.962
1783748672.333415,156.962
1783748672.353557,156.936
1783748672.373692,156.936
1783748672.393862,156.936
1783748672.414001,156.936
1783748672.434142,156.936
1783748672.454278,156.976
1783748672.474415,156.976
1783748672.494554,156.976
1783748672.514695,156.976
1783748672.534897,156.976
1783748672.555032,156.953
1783748672.575137,156.953
1783748672.595276,156.953
1783748672.615414,156.953
1783748672.635549,156.953
1783748672.655685,156.807
1783748672.675759,156.807
1783748672.695903,156.807
1783748672.716040,156.807
1783748672.736178,156.807
1783748672.756327,156.471
1783748672.776438,156.471
1783748672.796570,156.471
1783748672.816706,156.471
1783748672.836894,156.471
1783748672.857034,156.350
1783748672.877136,156.350
1783748672.897276,156.350
1783748672.917420,156.350
1783748672.937561,156.350
1783748672.957694,156.287
1783748672.977874,156.287
1783748672.997983,156.287
1783748673.018092,156.287
1783748673.038201,156.287
1783748673.058307,156.368
1783748673.078411,156.368
1783748673.098520,156.368
1783748673.118628,156.368
1783748673.138770,156.368
1783748673.158876,156.408
1783748673.178987,156.408
1783748673.199095,156.408
1783748673.219201,156.408
1783748673.239308,156.408
1783748673.259419,156.679
1783748673.279530,156.679
1783748673.299637,156.679
1783748673.319755,156.679
1783748673.339865,156.679
1783748673.359973,156.656
1783748673.380075,156.656
1783748673.400214,156.656
1783748673.420358,156.656
1783748673.440502,156.656
1783748673.460636,156.073
1783748673.480771,156.073
1783748673.500909,156.073
1783748673.521018,156.073
1783748673.541125,156.073
1783748673.561234,156.053
1783748673.581376,156.053
1783748673.601485,156.053
1783748673.621591,156.053
1783748673.641774,156.053
1783748673.661912,156.045
1783748673.682059,156.045
1783748673.702203,156.045
1783748673.722340,156.045
1783748673.742472,156.045
1783748673.762618,156.618
1783748673.782757,156.618
1783748673.802891,156.618
1783748673.823083,156.618
1783748673.843225,156.618
1783748673.863365,156.449
1783748673.883498,156.449
1783748673.903640,156.449
1783748673.923780,156.449
1783748673.943922,156.449
1783748673.964024,156.469
1783748673.984128,156.469
1783748674.004236,156.469
1783748674.024377,156.469
1783748674.044517,156.469
1783748674.064655,156.506
1783748674.084791,156.506
1783748674.104936,156.506
1783748674.125075,156.506
1783748674.145212,156.506
1783748674.165351,156.563
1783748674.185493,156.563
1783748674.205637,156.563
1783748674.225773,156.563
1783748674.245881,156.563
1783748674.265997,156.608
1783748674.286106,156.608
1783748674.306210,156.608
1783748674.326314,156.608
1783748674.346422,156.608
1783748674.366530,156.569
1783748674.386663,156.569
1783748674.406803,156.569
1783748674.426944,156.569
1783748674.447085,156.569
1783748674.467220,157.008
1783748674.487357,157.008
1783748674.507496,157.008
1783748674.527636,157.008
1783748674.547771,157.008
1783748674.567906,157.158
1783748674.588042,157.158
1783748674.608151,157.158
1783748674.628257,157.158
1783748674.648362,157.158
1783748674.668466,157.198
1783748674.688576,157.198
1783748674.708684,157.198
1783748674.728792,157.198
1783748674.748935,157.541
1783748674.769082,157.541
1783748674.789222,157.541
1783748674.809358,157.541
1783748674.829496,157.541
1783748674.849635,157.453
1783748674.869802,157.453
1783748674.889937,157.453
1783748674.910079,157.453
1783748674.930219,157.453
1783748674.950358,157.484
1783748674.970494,157.484
1783748674.990632,157.484
1783748675.010772,157.484
1783748675.030913,157.484
1783748675.051054,157.574
1783748675.071191,157.574
1783748675.091356,157.574
1783748675.111507,157.574
1783748675.131645,157.574
1783748675.151780,157.308
1783748675.171918,157.308
1783748675.192061,157.308
1783748675.212207,157.308
1783748675.232345,157.308
1783748675.252483,157.485
1783748675.272632,157.485
1783748675.292772,157.485
1783748675.312906,157.485
1783748675.333043,157.485
1783748675.353186,157.458
1783748675.373327,157.458
1783748675.393461,157.458
1783748675.413601,157.458
1783748675.433795,157.458
1783748675.453934,157.410
1783748675.474067,157.410
1783748675.494205,157.410
1783748675.514345,157.410
1783748675.534486,157.410
1783748675.554626,157.556
1783748675.574763,157.556
1783748675.594901,157.556
1783748675.615045,157.556
1783748675.635184,157.556
1783748675.655319,157.356
1783748675.675456,157.356
1783748675.695567,157.356
1783748675.715678,157.356
1783748675.735754,157.356
1783748675.755861,156.752
1783748675.775974,156.752
1783748675.796083,156.752
1783748675.816187,156.752
1783748675.836292,156.752
1783748675.856401,156.972
1783748675.876509,156.972
1783748675.896612,156.972
1783748675.916760,156.972
1783748675.936872,156.972
1783748675.956984,156.952
1783748675.977088,156.952
1783748675.997194,156.952
1783748676.017301,156.952
1783748676.037410,156.952
1783748676.057513,156.882
1783748676.077619,156.882
1783748676.097780,156.882
1783748676.117924,156.882
1783748676.138061,156.882
1783748676.158234,157.139
1783748676.178374,157.139
1783748676.198526,157.139
1783748676.218669,157.139
1783748676.238804,157.139
1783748676.258941,157.079
1783748676.279089,157.079
1783748676.299229,157.079
1783748676.319363,157.079
1783748676.339471,157.079
1783748676.359613,157.090
1783748676.379790,157.090
1783748676.399922,157.090
1783748676.420063,157.090
1783748676.440201,157.090
1783748676.460340,157.101
1783748676.480473,157.101
1783748676.500609,157.101
1783748676.520751,157.101
1783748676.540893,157.101
1783748676.561031,157.178
1783748676.581169,157.178
1783748676.601305,157.178
1783748676.621452,157.178
1783748676.641590,157.178
1783748676.661773,157.298
1783748676.681911,157.298
1783748676.702050,157.298
1783748676.722192,157.298
1783748676.742327,157.298
1783748676.762465,157.548
1783748676.782613,157.548
1783748676.802765,157.548
1783748676.822869,157.548
1783748676.842972,157.548
1783748676.863079,157.331
1783748676.883217,157.331
1783748676.903356,157.331
1783748676.923494,157.331
1783748676.943631,157.331
1783748676.963771,157.454
1783748676.983904,157.454
1783748677.004038,157.454
1783748677.024171,157.454
1783748677.044306,157.454
1783748677.064442,157.294
1783748677.084574,157.294
1783748677.104676,157.294
1783748677.124752,157.294
1783748677.144855,157.294
1783748677.164959,157.487
1783748677.185059,157.487
1783748677.205165,157.487
1783748677.225310,157.487
1783748677.245443,157.487
1783748677.265576,157.534
1783748677.285717,157.534
1783748677.305905,157.534
1783748677.326037,157.534
1783748677.346169,157.534
1783748677.366306,157.505
1783748677.386442,157.505
1783748677.406574,157.505
1783748677.426786,157.505
1783748677.446923,157.505
1783748677.467060,157.266
1783748677.487192,157.266
1783748677.507329,157.266
1783748677.527464,157.266
1783748677.547599,157.266
1783748677.567780,157.075
1783748677.587914,157.075
1783748677.608050,157.075
1783748677.628187,157.075
1783748677.648321,157.075
1783748677.668489,156.712
1783748677.688621,156.712
1783748677.708759,156.712
1783748677.728894,156.712
1783748677.749028,156.712
1783748677.769162,156.763
1783748677.789303,156.763
1783748677.809440,156.763
1783748677.829573,156.763
1783748677.849707,156.687
1783748677.869894,156.687
1783748677.890032,156.687
1783748677.910164,156.687
1783748677.930269,156.687
1783748677.950405,156.688
1783748677.970542,156.688
1783748677.990674,156.688
1783748678.010808,156.688
1783748678.030944,156.688
1783748678.051086,156.889
1783748678.071222,156.889
1783748678.091362,156.889
1783748678.111497,156.889
1783748678.131640,156.889
1783748678.151776,156.960
1783748678.171911,156.960
1783748678.192045,156.960
1783748678.212182,156.960
1783748678.232318,156.960
1783748678.252453,156.865
1783748678.272585,156.865
1783748678.292720,156.865
1783748678.312907,156.865
1783748678.333040,156.865
1783748678.353174,156.884
1783748678.373313,156.884
1783748678.393451,156.884
1783748678.413583,156.884
1783748678.433768,156.884
1783748678.453907,156.882
1783748678.474046,156.882
1783748678.494178,156.882
1783748678.514313,156.882
1783748678.534448,156.882
1783748678.554584,156.203
1783748678.574720,156.203
1783748678.594905,156.203
1783748678.615038,156.203
1783748678.635175,156.203
1783748678.655310,156.104
1783748678.675452,156.104
1783748678.695558,156.104
1783748678.715696,156.104
1783748678.735842,156.104
1783748678.755949,156.171
1783748678.776054,156.171
1783748678.796161,156.171
1783748678.816268,156.171
1783748678.836371,156.171
1783748678.856475,156.393
1783748678.876581,156.393
1783748678.896688,156.393
1783748678.916755,156.393
1783748678.936857,156.393
1783748678.956995,156.352
1783748678.977106,156.352
1783748678.997256,156.352
1783748679.017397,156.352
1783748679.037534,156.352
1783748679.057673,156.152
1783748679.077784,156.152
1783748679.097918,156.152
1783748679.118051,156.152
1783748679.138193,156.152
1783748679.158328,156.187
1783748679.178462,156.187
1783748679.198595,156.187
1783748679.218783,156.187
1783748679.238921,156.187
1783748679.259055,156.129
1783748679.279190,156.129
1783748679.299330,156.129
1783748679.319465,156.129
1783748679.339597,156.129
1783748679.359784,156.013
1783748679.379922,156.013
1783748679.400058,156.013
1783748679.420191,156.013
1783748679.440329,156.013
1783748679.460470,156.001
1783748679.480609,156.001
1783748679.500788,156.001
1783748679.520925,156.001
1783748679.541062,156.001
1783748679.561200,156.879
1783748679.581337,156.879
1783748679.601472,156.879
1783748679.621607,156.879
1783748679.641787,156.879
1783748679.661923,157.015
1783748679.682059,157.015
1783748679.702192,157.015
1783748679.722334,157.015
1783748679.742475,157.015
1783748679.762609,156.961
1783748679.782792,156.961
1783748679.802935,156.961
1783748679.823071,156.961
1783748679.843201,156.961
1783748679.863338,156.780
1783748679.883480,156.780
1783748679.903620,156.780
1783748679.923754,156.780
1783748679.943895,156.780
1783748679.964043,156.640
1783748679.984182,156.640
1783748680.004344,156.640
1783748680.024480,156.640
1783748680.044618,156.640
1783748680.064758,156.718
1783748680.084897,156.718
1783748680.105031,156.718
1783748680.125167,156.718
1783748680.145314,156.718
1783748680.165452,156.672
1783748680.185590,156.672
1783748680.205783,156.672
1783748680.225953,156.672
1783748680.246105,156.672
1783748680.266241,156.647
1783748680.286377,156.647
1783748680.306521,156.647
1783748680.326659,156.647
1783748680.346791,156.647
1783748680.366924,156.770
1783748680.387062,156.770
1783748680.407197,156.770
1783748680.427329,156.770
1783748680.447464,156.770
1783748680.467605,156.710
1783748680.487788,156.710
1783748680.507920,156.710
1783748680.528055,156.710
1783748680.548190,156.710
1783748680.568328,156.827
1783748680.588465,156.827
1783748680.608600,156.827
1783748680.628774,156.827
1783748680.648914,156.827
1783748680.669050,156.766
1783748680.689183,156.766
1783748680.709317,156.766
1783748680.729456,156.766
1783748680.749593,156.766
1783748680.769774,156.832
1783748680.789913,156.832
1783748680.810051,156.832
1783748680.830191,156.832
1783748680.850326,156.832
1783748680.870463,156.939
1783748680.890604,156.939
1783748680.910784,156.939
1783748680.930917,156.939
1783748680.951020,156.856
1783748680.971162,156.856
1783748680.991301,156.856
1783748681.011434,156.856
1783748681.031570,156.856
1783748681.051705,156.791
1783748681.071894,156.791
1783748681.092028,156.791
1783748681.112162,156.791
1783748681.132297,156.791
1783748681.152436,157.017
1783748681.172573,157.017
1783748681.192709,157.017
1783748681.212891,157.017
1783748681.233032,157.017
1783748681.253168,157.161
1783748681.273304,157.161
1783748681.293477,157.161
1783748681.313612,157.161
1783748681.333754,157.161
1783748681.353888,157.192
1783748681.374023,157.192
1783748681.394163,157.192
1783748681.414273,157.192
1783748681.434405,157.192
1783748681.454510,157.298
1783748681.474647,157.298
1783748681.494786,157.298
1783748681.514948,157.298
1783748681.535084,157.298
1783748681.555190,157.251
1783748681.575299,157.251
1783748681.595407,157.251
1783748681.615509,157.251
1783748681.635614,157.251
1783748681.655763,157.415
1783748681.675871,157.415
1783748681.695975,157.415
1783748681.716080,157.415
1783748681.736188,157.415
1783748681.756296,157.411
1783748681.776400,157.411
1783748681.796506,157.411
1783748681.816611,157.411
1783748681.836718,157.411
1783748681.856884,157.263
1783748681.876987,157.263
1783748681.897091,157.263
1783748681.917196,157.263
1783748681.937299,157.263
1783748681.957400,157.400
1783748681.977560,157.400
1783748681.997703,157.400
1783748682.017889,157.400
1783748682.038032,157.400
1783748682.058182,157.388
1783748682.078290,157.388
1783748682.098389,157.388
1783748682.118759,157.388
1783748682.138849,157.388
1783748682.158933,157.175
1783748682.179024,157.175
1783748682.199136,157.175
1783748682.219246,157.175
1783748682.239353,157.175
1783748682.259482,157.073
1783748682.279619,157.073
1783748682.299755,157.073
1783748682.319900,157.073
1783748682.340042,157.073
1783748682.360176,157.107
1783748682.380310,157.107
1783748682.400446,157.107
1783748682.420585,157.107
1783748682.440717,157.107
1783748682.460871,156.548
1783748682.480982,156.548
1783748682.501119,156.548
1783748682.521250,156.548
1783748682.541385,156.548
1783748682.561555,156.180
1783748682.581693,156.180
1783748682.601905,156.180
1783748682.622037,156.180
1783748682.642172,156.180
1783748682.662316,156.203
1783748682.682451,156.203
1783748682.702586,156.203
1783748682.722721,156.203
1783748682.742910,156.203
1783748682.763048,156.133
1783748682.783182,156.133
1783748682.803348,156.133
1783748682.823487,156.133
1783748682.843627,156.133
1783748682.863761,156.185
1783748682.883896,156.185
1783748682.904033,156.185
1783748682.924172,156.185
1783748682.944304,156.185
1783748682.964444,156.285
1783748682.984588,156.285
1783748683.004772,156.285
1783748683.024907,156.285
1783748683.045043,156.285
1783748683.065178,156.357
1783748683.085317,156.357
1783748683.105454,156.357
1783748683.125589,156.357
1783748683.145761,156.357
1783748683.165898,156.401
1783748683.186000,156.401
1783748683.206103,156.401
1783748683.226207,156.401
1783748683.246321,156.401
1783748683.266429,156.282
1783748683.286531,156.282
1783748683.306636,156.282
1783748683.326759,156.282
1783748683.346869,156.282
1783748683.367003,156.239
1783748683.387109,156.239
1783748683.407248,156.239
1783748683.427362,156.239
1783748683.447495,156.239
1783748683.467637,156.984
1783748683.487755,156.984
1783748683.507894,156.984
1783748683.528028,156.984
1783748683.548166,156.984
1783748683.568274,156.795
1783748683.588371,156.795
1783748683.608490,156.795
1783748683.628628,156.795
1783748683.648767,156.795
1783748683.668878,157.000
1783748683.688984,157.000
1783748683.709088,157.000
1783748683.729248,157.000
1783748683.749394,157.000
1783748683.769534,157.663
1783748683.789672,157.663
1783748683.809807,157.663
1783748683.829917,157.663
1783748683.850091,157.663
1783748683.870226,157.645
1783748683.890361,157.645
1783748683.910499,157.645
1783748683.930638,157.645
1783748683.950748,157.645
1783748683.970856,157.799
1783748683.990970,157.799
1783748684.011079,157.799
1783748684.031183,157.799
1783748684.051287,157.799
1783748684.071396,157.668
1783748684.091575,157.668
1783748684.111697,157.668
1783748684.131872,157.668
1783748684.152005,157.397
1783748684.172143,157.397
1783748684.192280,157.397
1783748684.212418,157.397
1783748684.232552,157.397
1783748684.252694,157.284
1783748684.272883,157.284
1783748684.293018,157.284
1783748684.313153,157.284
1783748684.333269,157.284
1783748684.353378,157.359
1783748684.373483,157.359
1783748684.393590,157.359
1783748684.413699,157.359
1783748684.433852,157.359
1783748684.453953,157.387
1783748684.474092,157.387
1783748684.494238,157.387
1783748684.514381,157.387
1783748684.534515,157.387
1783748684.554652,157.438
1783748684.574791,157.438
1783748684.594929,157.438
1783748684.615066,157.438
1783748684.635200,157.438
1783748684.655336,157.274
1783748684.675478,157.274
1783748684.695585,157.274
1783748684.715691,157.274
1783748684.735776,157.274
1783748684.755885,156.682
1783748684.775996,156.682
1783748684.796101,156.682
1783748684.816207,156.682
1783748684.836353,156.682
1783748684.856493,156.931
1783748684.876627,156.931
1783748684.896764,156.931
1783748684.916904,156.931
1783748684.937044,156.931
1783748684.957175,156.926
1783748684.977315,156.926
1783748684.997461,156.926
1783748685.017599,156.926
1783748685.037769,156.926
1783748685.057906,157.172
1783748685.078044,157.172
1783748685.098156,157.172
1783748685.118260,157.172
1783748685.138397,157.172
1783748685.158505,157.093
1783748685.178617,157.093
1783748685.198752,157.093
1783748685.218861,157.093
1783748685.238969,157.093
1783748685.259079,157.236
1783748685.279188,157.236
1783748685.299292,157.236
1783748685.319394,157.236
1783748685.339500,157.236
1783748685.359641,157.393
1783748685.379758,157.393
1783748685.399864,157.393
1783748685.419972,157.393
1783748685.440080,157.393
1783748685.460210,157.207
1783748685.480321,157.207
1783748685.500433,157.207
1783748685.520540,157.207
1783748685.540674,157.207
1783748685.560813,157.072
1783748685.580951,157.072
1783748685.601090,157.072
1783748685.621228,157.072
1783748685.641364,157.072
1783748685.661500,157.105
1783748685.681647,157.105
1783748685.701783,157.105
1783748685.721919,157.105
1783748685.742055,157.105
1783748685.762196,157.187
1783748685.782305,157.187
1783748685.802409,157.187
1783748685.822515,157.187
1783748685.842627,157.187
1783748685.862783,156.931
1783748685.882886,156.931
1783748685.903021,156.931
1783748685.923166,156.931
1783748685.943311,156.931
1783748685.963444,157.169
1783748685.983585,157.169
1783748686.003779,157.169
1783748686.023923,157.169
1783748686.044059,157.169
1783748686.064197,157.098
1783748686.084335,157.098
1783748686.104475,157.098
1783748686.124614,157.098
1783748686.144751,157.098
1783748686.164888,156.815
1783748686.185033,156.815
1783748686.205141,156.815
1783748686.225245,156.815
1783748686.245351,156.815
1783748686.265458,156.975
1783748686.285566,156.975
1783748686.305700,156.975
1783748686.325881,156.975
1783748686.346027,156.975
1783748686.366167,157.162
1783748686.386301,157.162
1783748686.406437,157.162
1783748686.426608,157.162
1783748686.446775,157.162
1783748686.466908,157.050
1783748686.487044,157.050
1783748686.507187,157.050
1783748686.527330,157.050
1783748686.547434,157.050
1783748686.567540,157.353
1783748686.587647,157.353
1783748686.607756,157.353
1783748686.627861,157.353
1783748686.648000,157.353
1783748686.668105,157.016
1783748686.688245,157.016
1783748686.708383,157.016
1783748686.728519,157.016
1783748686.748654,157.016
1783748686.768792,157.234
1783748686.788930,157.234
1783748686.809063,157.234
1783748686.829200,157.234
1783748686.849338,157.234
1783748686.869477,157.301
1783748686.889611,157.301
1783748686.909718,157.301
1783748686.929863,157.301
1783748686.949972,157.301
1783748686.970074,157.303
1783748686.990179,157.303
1783748687.010294,157.303
1783748687.030441,157.303
1783748687.050577,157.303
1783748687.070714,157.481
1783748687.090893,157.481
1783748687.111031,157.481
1783748687.131170,157.481
1783748687.151305,157.481
1783748687.171443,157.710
1783748687.191590,157.710
1783748687.211764,157.710
1783748687.231901,157.710
1783748687.252037,157.710
1783748687.272149,157.537
1783748687.292258,157.537
1783748687.312362,157.537
1783748687.332468,157.537
1783748687.352576,157.111
1783748687.372687,157.111
1783748687.392764,157.111
1783748687.412903,157.111
1783748687.433043,157.111
1783748687.453182,157.237
1783748687.473344,157.237
1783748687.493485,157.237
1783748687.513629,157.237
1783748687.533772,157.237
1783748687.553907,157.151
1783748687.574041,157.151
1783748687.594179,157.151
1783748687.614318,157.151
1783748687.634455,157.151
1783748687.654561,157.486
1783748687.674665,157.486
1783748687.694831,157.486
1783748687.714936,157.486
1783748687.735040,157.486
1783748687.755145,157.462
1783748687.775290,157.462
1783748687.795399,157.462
1783748687.815531,157.462
1783748687.835668,157.462
1783748687.855816,157.512
1783748687.875955,157.512
1783748687.896058,157.512
1783748687.916219,157.512
1783748687.936388,157.512
1783748687.956527,157.266
1783748687.976631,157.266
1783748687.996773,157.266
1783748688.016885,157.266
1783748688.036992,157.266
1783748688.057093,157.265
1783748688.077198,157.265
1783748688.097298,157.265
1783748688.117434,157.265
1783748688.137570,157.265
1783748688.157703,157.124
1783748688.177878,157.124
1783748688.198015,157.124
1783748688.218148,157.124
1783748688.238281,157.124
1783748688.258412,156.437
1783748688.278548,156.437
1783748688.298684,156.437
1783748688.318815,156.437
1783748688.338946,156.437
1783748688.359055,156.805
1783748688.379160,156.805
1783748688.399262,156.805
1783748688.419363,156.805
1783748688.439467,156.805
1783748688.459571,157.105
1783748688.479701,157.105
1783748688.499895,157.105
1783748688.520028,157.105
1783748688.540165,157.105
1783748688.560297,157.106
1783748688.580430,157.106
1783748688.600564,157.106
1783748688.620699,157.106
1783748688.640872,157.106
1783748688.661006,156.972
1783748688.681140,156.972
1783748688.701249,156.972
1783748688.721354,156.972
1783748688.741457,156.972
1783748688.761560,157.214
1783748688.781669,157.214
1783748688.801752,157.214
1783748688.821856,157.214
1783748688.841987,157.214
1783748688.862132,157.137
1783748688.882270,157.137
1783748688.902401,157.137
1783748688.922541,157.137
1783748688.942682,157.137
1783748688.962819,156.831
1783748688.982983,156.831
1783748689.003123,156.831
1783748689.023259,156.831
1783748689.043398,156.831
1783748689.063503,157.222
1783748689.083608,157.222
1783748689.103712,157.222
1783748689.123852,157.222
1783748689.143957,157.222
1783748689.164061,157.134
1783748689.184164,157.134
1783748689.204304,157.134
1783748689.224473,157.134
1783748689.244606,157.134
1783748689.264785,157.291
1783748689.284925,157.291
1783748689.305068,157.291
1783748689.325201,157.291
1783748689.345335,157.291
1783748689.365481,157.105
1783748689.385617,157.105
1783748689.405751,157.105
1783748689.425855,157.105
1783748689.445961,157.105
1783748689.466067,157.111
1783748689.486168,157.111
1783748689.506276,157.111
1783748689.526382,157.111
1783748689.546488,157.111
1783748689.566621,157.161
1783748689.586756,157.161
1783748689.606890,157.161
1783748689.627027,157.161
1783748689.647162,157.161
1783748689.667293,157.158
1783748689.687397,157.158
1783748689.707501,157.158
1783748689.727604,157.158
1783748689.747707,157.158
1783748689.767847,156.907
1783748689.787953,156.907
1783748689.808058,156.907
1783748689.828160,156.907
1783748689.848263,156.907
1783748689.868373,156.872
1783748689.888479,156.872
1783748689.908587,156.872
1783748689.928697,156.872
1783748689.948841,156.872
1783748689.968951,156.891
1783748689.989054,156.891
1783748690.009192,156.891
1783748690.029328,156.891
1783748690.049469,156.891
1783748690.069605,156.851
1783748690.089778,156.851
1783748690.109911,156.851
1783748690.130051,156.851
1783748690.150196,156.851
1783748690.170300,157.165
1783748690.190405,157.165
1783748690.210513,157.165
1783748690.230620,157.165
1783748690.250767,157.165
1783748690.270897,157.348
1783748690.291042,157.348
1783748690.311176,157.348
1783748690.331310,157.348
1783748690.351443,157.348
1783748690.371587,157.132
1783748690.391761,157.132
1783748690.411894,157.132
1783748690.432034,157.132
1783748690.452178,157.132
1783748690.472316,157.204
1783748690.492479,157.204
1783748690.512615,157.204
1783748690.532754,157.204
1783748690.552893,157.204
1783748690.573028,157.411
1783748690.593161,157.411
1783748690.613293,157.411
1783748690.633431,157.411
1783748690.653569,157.148
1783748690.673702,157.148
1783748690.693882,157.148
1783748690.714022,157.148
1783748690.734158,157.148
1783748690.754294,157.368
1783748690.774429,157.368
1783748690.794568,157.368
1783748690.814711,157.368
1783748690.834882,157.368
1783748690.855015,157.471
1783748690.875161,157.471
1783748690.895298,157.471
1783748690.915431,157.471
1783748690.935564,157.471
1783748690.955670,157.411
1783748690.975753,157.411
1783748690.995854,157.411
1783748691.015956,157.411
1783748691.036094,157.411
1783748691.056199,157.698
1783748691.076299,157.698
1783748691.096433,157.698
1783748691.116538,157.698
1783748691.136648,157.698
1783748691.156756,157.306
1783748691.176859,157.306
1783748691.196964,157.306
1783748691.217074,157.306
1783748691.237179,157.306
1783748691.257284,157.331
1783748691.277390,157.331
1783748691.297499,157.331
1783748691.317612,157.331
1783748691.337715,157.331
1783748691.357861,157.177
1783748691.377978,157.177
1783748691.398086,157.177
1783748691.418190,157.177
1783748691.438294,157.177
1783748691.458404,157.236
1783748691.478513,157.236
1783748691.498616,157.236
1783748691.518721,157.236
1783748691.538870,157.236
1783748691.559015,157.229
1783748691.579117,157.229
1783748691.599220,157.229
1783748691.619322,157.229
1783748691.639425,157.229
1783748691.659564,157.255
1783748691.679702,157.255
1783748691.699882,157.255
1783748691.719989,157.255
1783748691.740092,157.255
1783748691.760194,157.298
1783748691.780330,157.298
1783748691.800434,157.298
1783748691.820540,157.298
1783748691.840642,157.298
1783748691.860790,156.988
1783748691.880928,156.988
1783748691.901064,156.988
1783748691.921198,156.988
1783748691.941338,156.988
1783748691.961480,157.153
1783748691.981621,157.153
1783748692.001756,157.153
1783748692.021889,157.153
1783748692.042023,157.153
1783748692.062163,157.115
1783748692.082298,157.115
1783748692.102432,157.115
1783748692.122567,157.115
1783748692.142679,157.115
1783748692.162755,156.357
1783748692.182861,156.357
1783748692.202965,156.357
1783748692.223072,156.357
1783748692.243179,156.357
1783748692.263284,156.372
1783748692.283419,156.372
1783748692.303568,156.372
1783748692.323712,156.372
1783748692.343886,156.372
1783748692.364023,156.382
1783748692.384162,156.382
1783748692.404271,156.382
1783748692.424403,156.382
1783748692.444544,156.382
1783748692.464691,156.529
1783748692.484873,156.529
1783748692.504973,156.529
1783748692.525079,156.529
1783748692.545185,156.529
1783748692.565293,156.390
1783748692.585398,156.390
1783748692.605499,156.390
1783748692.625605,156.390
1783748692.645712,156.390
1783748692.665896,156.475
1783748692.686032,156.475
1783748692.706134,156.475
1783748692.726274,156.475
1783748692.746412,156.475
1783748692.766547,156.423
1783748692.786682,156.423
1783748692.806755,156.423
1783748692.826923,156.423
1783748692.847057,156.423
1783748692.867191,156.331
1783748692.887327,156.331
1783748692.907435,156.331
1783748692.927535,156.331
1783748692.947635,156.331
1783748692.967749,156.443
1783748692.987855,156.443
1783748693.007955,156.443
1783748693.028054,156.443
1783748693.048158,156.443
1783748693.068355,156.406
1783748693.088494,156.406
1783748693.108629,156.406
1783748693.128765,156.406
1783748693.148904,156.406
1783748693.169042,157.168
1783748693.189177,157.168
1783748693.209313,157.168
1783748693.229456,157.168
1783748693.249594,157.168
1783748693.269773,157.128
1783748693.289910,157.128
1783748693.310018,157.128
1783748693.330133,157.128
1783748693.350236,157.128
1783748693.370339,156.939
1783748693.390446,156.939
1783748693.410551,156.939
1783748693.430652,156.939
1783748693.450766,156.939
1783748693.470873,156.802
1783748693.490980,156.802
1783748693.511083,156.802
1783748693.531186,156.802
1783748693.551293,156.802
1783748693.571402,156.698
1783748693.591506,156.698
1783748693.611608,156.698
1783748693.631711,156.698
1783748693.651858,156.698
1783748693.671999,156.597
1783748693.692134,156.597
1783748693.712268,156.597
1783748693.732405,156.597
1783748693.752543,156.597
1783748693.772679,156.683
1783748693.792814,156.683
1783748693.812954,156.683
1783748693.833095,156.683
1783748693.853230,156.683
1783748693.873366,157.015
1783748693.893503,157.015
1783748693.913611,157.015
1783748693.933715,157.015
1783748693.953851,157.015
1783748693.973963,156.677
1783748693.994072,156.677
1783748694.014176,156.677
1783748694.034279,156.677
1783748694.054385,156.677
1783748694.074492,156.567
1783748694.094597,156.567
1783748694.114762,156.567
1783748694.134866,156.567
1783748694.154975,155.922
1783748694.175081,155.922
1783748694.195185,155.922
1783748694.215288,155.922
1783748694.235398,155.922
1783748694.255504,155.970
1783748694.275608,155.970
1783748694.295711,155.970
1783748694.315858,155.970
1783748694.335987,155.970
1783748694.356152,156.163
1783748694.376287,156.163
1783748694.396425,156.163
1783748694.416563,156.163
1783748694.436699,156.163
1783748694.456873,156.178
1783748694.477016,156.178
1783748694.497157,156.178
1783748694.517290,156.178
1783748694.537423,156.178
1783748694.557560,156.312
1783748694.577698,156.312
1783748694.597882,156.312
1783748694.618016,156.312
1783748694.638150,156.312
1783748694.658288,156.262
1783748694.678424,156.262
1783748694.698560,156.262
1783748694.718696,156.262
1783748694.738881,156.262
1783748694.759018,156.299
1783748694.779157,156.299
1783748694.799291,156.299
1783748694.819425,156.299
1783748694.839567,156.299
1783748694.859700,156.204
1783748694.879877,156.204
1783748694.900013,156.204
1783748694.920150,156.204
1783748694.940282,156.204
1783748694.960418,156.522
1783748694.980560,156.522
1783748695.000700,156.522
1783748695.020871,156.522
1783748695.041007,156.522
1783748695.061146,156.396
1783748695.081286,156.396
1783748695.101424,156.396
1783748695.121561,156.396
1783748695.141697,156.396
1783748695.161880,157.229
1783748695.182021,157.229
1783748695.202160,157.229
1783748695.222296,157.229
1783748695.242441,157.229
1783748695.262582,157.204
1783748695.282720,157.204
1783748695.302899,157.204
1783748695.323046,157.204
1783748695.343192,157.204
1783748695.363328,157.190
1783748695.383465,157.190
1783748695.403636,157.190
1783748695.423776,157.190
1783748695.443911,157.190
1783748695.464046,157.113
1783748695.484185,157.113
1783748695.504324,157.113
1783748695.524458,157.113
1783748695.544593,157.113
1783748695.564778,157.064
1783748695.584919,157.064
1783748695.605057,157.064
1783748695.625224,157.064
1783748695.645362,157.064
1783748695.665504,156.942
1783748695.685640,156.942
1783748695.705776,156.942
1783748695.725912,156.942
1783748695.746055,156.942
1783748695.766194,156.904
1783748695.786330,156.904
1783748695.806469,156.904
1783748695.826607,156.904
1783748695.846783,156.904
1783748695.866918,156.827
1783748695.887053,156.827
1783748695.907192,156.827
1783748695.927331,156.827
1783748695.947466,156.827
1783748695.967606,156.781
1783748695.987757,156.781
1783748696.007896,156.781
1783748696.028030,156.781
1783748696.048167,156.781
1783748696.068305,157.085
1783748696.088445,157.085
1783748696.108581,157.085
1783748696.128716,157.085
1783748696.148899,157.085
1783748696.169038,157.223
1783748696.189175,157.223
1783748696.209311,157.223
1783748696.229444,157.223
1783748696.249557,157.223
1783748696.269665,157.104
1783748696.289753,157.104
1783748696.309860,157.104
1783748696.329969,157.104
1783748696.350086,157.104
1783748696.370193,157.058
1783748696.390299,157.058
1783748696.410408,157.058
1783748696.430517,157.058
1783748696.450620,157.058
1783748696.470776,157.114
1783748696.490884,157.114
1783748696.510995,157.114
1783748696.531098,157.114
1783748696.551203,157.114
1783748696.571337,157.197
1783748696.591445,157.197
1783748696.611551,157.197
1783748696.631655,157.197
1783748696.651749,157.197
1783748696.671856,157.259
1783748696.691993,157.259
1783748696.712097,157.259
1783748696.732200,157.259
1783748696.752311,157.259
1783748696.772418,157.217
1783748696.792521,157.217
1783748696.812626,157.217
1783748696.832769,157.217
1783748696.852881,157.217
1783748696.872985,157.283
1783748696.893089,157.283
1783748696.913232,157.283
1783748696.933339,157.283
1783748696.953439,157.283
1783748696.973542,157.233
1783748696.993650,157.233
1783748697.013770,157.233
1783748697.033878,157.233
1783748697.053993,157.233
1783748697.074095,157.248
1783748697.094202,157.248
1783748697.114291,157.248
1783748697.134415,157.248
1783748697.154558,157.248
1783748697.174702,157.250
1783748697.194889,157.250
1783748697.214995,157.250
1783748697.235132,157.250
1783748697.255275,157.250
1783748697.275419,157.285
1783748697.295556,157.285
1783748697.315663,157.285
1783748697.335809,157.285
1783748697.355954,156.979
1783748697.376090,156.979
1783748697.396228,156.979
1783748697.416337,156.979
1783748697.436476,156.979
1783748697.456609,157.103
1783748697.476757,157.103
1783748697.496903,157.103
1783748697.517044,157.103
1783748697.537177,157.103
1783748697.557312,156.785
1783748697.577451,156.785
1783748697.597589,156.785
1783748697.617768,156.785
1783748697.637904,156.785
1783748697.658040,156.871
1783748697.678188,156.871
1783748697.698326,156.871
1783748697.718462,156.871
1783748697.738598,156.871
1783748697.758790,156.958
1783748697.778976,156.958
1783748697.799113,156.958
1783748697.819248,156.958
1783748697.839388,156.958
1783748697.859533,156.792
1783748697.879668,156.792
1783748697.899806,156.792
1783748697.919945,156.792
1783748697.940085,156.792
1783748697.960246,156.599
1783748697.980385,156.599
1783748698.000531,156.599
1783748698.020674,156.599
1783748698.040808,156.599
1783748698.060945,156.443
1783748698.081084,156.443
1783748698.101224,156.443
1783748698.121362,156.443
1783748698.141498,156.443
1783748698.161634,156.527
1783748698.181778,156.527
1783748698.201945,156.527
1783748698.222083,156.527
1783748698.242218,156.527
1783748698.262360,156.470
1783748698.282497,156.470
1783748698.302632,156.470
1783748698.322768,156.470
1783748698.342907,156.470
1783748698.363050,156.567
1783748698.383185,156.567
1783748698.403322,156.567
1783748698.423461,156.567
1783748698.443600,156.567
1783748698.463771,156.497
1783748698.483912,156.497
1783748698.504059,156.497
1783748698.524200,156.497
1783748698.544333,156.497
1783748698.564470,156.656
1783748698.584608,156.656
1783748698.604789,156.656
1783748698.624924,156.656
1783748698.645059,156.656
1783748698.665194,156.595
1783748698.685333,156.595
1783748698.705471,156.595
1783748698.725607,156.595
1783748698.745784,156.595
1783748698.765929,156.701
1783748698.786067,156.701
1783748698.806204,156.701
1783748698.826337,156.701
1783748698.846484,156.701
1783748698.866629,156.730
1783748698.886765,156.730
1783748698.906902,156.730
1783748698.927037,156.730
1783748698.947173,156.730
1783748698.967305,156.933
1783748698.987439,156.933
1783748699.007579,156.933
1783748699.027717,156.933
1783748699.047899,156.933
1783748699.068037,157.084
1783748699.088175,157.084
1783748699.108315,157.084
1783748699.128421,157.084
1783748699.148527,157.084
1783748699.168631,156.844
1783748699.188750,156.844
1783748699.208856,156.844
1783748699.228961,156.844
1783748699.249091,156.844
1783748699.269205,157.029
1783748699.289312,157.029
1783748699.309417,157.029
1783748699.329525,157.029
1783748699.349636,157.029
1783748699.369765,157.087
1783748699.389868,157.087
1783748699.409975,157.087
1783748699.430084,157.087
1783748699.450191,157.087
1783748699.470293,157.080
1783748699.490428,157.080
1783748699.510537,157.080
1783748699.530647,157.080
1783748699.550754,157.080
1783748699.570858,157.194
1783748699.590993,157.194
1783748699.611137,157.194
1783748699.631274,157.194
1783748699.651411,157.194
1783748699.671548,157.036
1783748699.691689,157.036
1783748699.711826,157.036
1783748699.731963,157.036
1783748699.752099,157.036
1783748699.772239,157.271
1783748699.792379,157.271
1783748699.812515,157.271
1783748699.832651,157.271
1783748699.852792,157.271
1783748699.872935,157.125
1783748699.893070,157.125
1783748699.913205,157.125
1783748699.933341,157.125
1783748699.953482,157.125
1783748699.973616,156.747
1783748699.993749,156.747
1783748700.013887,156.747
1783748700.034022,156.747
1783748700.054154,156.747
1783748700.074289,156.803
1783748700.094423,156.803
1783748700.114556,156.803
1783748700.134690,156.803
1783748700.154824,156.803
1783748700.174955,156.842
1783748700.195089,156.842
1783748700.215224,156.842
1783748700.235356,156.842
1783748700.255490,156.842
1783748700.275624,156.877
1783748700.295768,156.877
1783748700.315902,156.877
1783748700.336033,156.877
1783748700.356173,156.877
1783748700.376317,156.727
1783748700.396451,156.727
1783748700.416585,156.727
1783748700.436769,156.727
1783748700.456908,156.784
1783748700.477043,156.784
1783748700.497176,156.784
1783748700.517316,156.784
1783748700.537465,156.784
1783748700.557600,156.679
1783748700.577783,156.679
1783748700.597919,156.679
1783748700.618057,156.679
1783748700.638193,156.679
1783748700.658329,156.941
1783748700.678463,156.941
1783748700.698603,156.941
1783748700.718776,156.941
1783748700.738907,156.941
1783748700.759070,156.826
1783748700.779211,156.826
1783748700.799349,156.826
1783748700.819485,156.826
1783748700.839620,156.826
1783748700.859759,156.666
1783748700.879894,156.666
1783748700.900028,156.666
1783748700.920167,156.666
1783748700.940305,156.666
1783748700.960443,156.921
1783748700.980577,156.921
1783748701.000715,156.921
1783748701.020913,156.921
1783748701.041051,156.921
1783748701.061184,157.119
1783748701.081321,157.119
1783748701.101460,157.119
1783748701.121598,157.119
1783748701.141777,157.119
1783748701.161913,157.199
1783748701.182045,157.199
1783748701.202183,157.199
1783748701.222317,157.199
1783748701.242451,157.199
1783748701.262586,157.101
1783748701.282771,157.101
1783748701.302912,157.101
1783748701.323047,157.101
1783748701.343183,157.101
1783748701.363330,157.375
1783748701.383472,157.375
1783748701.403607,157.375
1783748701.423784,157.375
1783748701.443925,157.375
1783748701.464063,157.494
1783748701.484196,157.494
1783748701.504331,157.494
1783748701.524468,157.494
1783748701.544606,157.494
1783748701.564776,157.497
1783748701.584913,157.497
1783748701.605048,157.497
1783748701.625187,157.497
1783748701.645323,157.497
1783748701.665457,157.460
1783748701.685593,157.460
1783748701.705788,157.460
1783748701.725926,157.460
1783748701.746063,157.460
1783748701.766197,157.366
1783748701.786341,157.366
1783748701.806477,157.366
1783748701.826646,157.366
1783748701.846782,157.366
1783748701.866922,156.644
1783748701.887061,156.644
1783748701.907197,156.644
1783748701.927333,156.644
1783748701.947474,156.644
1783748701.967613,156.686
1783748701.987751,156.686
1783748702.007920,156.686
1783748702.028065,156.686
1783748702.048233,156.686
1783748702.068362,156.821
1783748702.088497,156.821
1783748702.108634,156.821
1783748702.128772,156.821
1783748702.148868,156.821
1783748702.168957,156.447
1783748702.189040,156.447
1783748702.209122,156.447
1783748702.229208,156.447
1783748702.249280,156.447
1783748702.269355,156.445
1783748702.289481,156.445
1783748702.309623,156.445
1783748702.329760,156.445
1783748702.349895,156.445
1783748702.370030,156.495
1783748702.390164,156.495
1783748702.410297,156.495
1783748702.430432,156.495
1783748702.450568,156.495
1783748702.470673,156.020
1783748702.490770,156.020
1783748702.510891,156.020
1783748702.531002,156.020
1783748702.551138,156.020
1783748702.571235,156.001
1783748702.591326,156.001
1783748702.611422,156.001
1783748702.631545,156.001
1783748702.651653,156.001
1783748702.671788,155.812
1783748702.691921,155.812
1783748702.712031,155.812
1783748702.732128,155.812
1783748702.752208,155.812
1783748702.772286,155.956
1783748702.792400,155.956
1783748702.812544,155.956
1783748702.832679,155.956
1783748702.852816,155.956
1783748702.872955,156.666
1783748702.893096,156.666
1783748702.913230,156.666
1783748702.933365,156.666
1783748702.953503,156.666
1783748702.973641,156.656
1783748702.993775,156.656
1783748703.013909,156.656
1783748703.034048,156.656
1783748703.054184,156.656
1783748703.074316,156.547
1783748703.094486,156.547
1783748703.114624,156.547
1783748703.134769,156.547
1783748703.154902,156.547
1783748703.175036,157.204
1783748703.195176,157.204
1783748703.215282,157.204
1783748703.235371,157.204
1783748703.255473,157.204
1783748703.275567,157.153
1783748703.295685,157.153
1783748703.315748,157.153
1783748703.335858,157.153
1783748703.355939,157.153
1783748703.376019,157.036
1783748703.396111,157.036
1783748703.416191,157.036
1783748703.436268,157.036
1783748703.456394,157.036
1783748703.476535,157.479
1783748703.496638,157.479
1783748703.518156,157.479
1783748703.538443,157.479
1783748703.558529,157.343
1783748703.578611,157.343
1783748703.598693,157.343
1783748703.618742,157.343
1783748703.638822,157.343
1783748703.658941,157.538
1783748703.679080,157.538
1783748703.699211,157.538
1783748703.719314,157.538
1783748703.739445,157.538
1783748703.759579,157.381
1783748703.779710,157.381
1783748703.799883,157.381
1783748703.820019,157.381
1783748703.840124,157.381
1783748703.860256,157.411
1783748703.880405,157.411
1783748703.900543,157.411
1783748703.920677,157.411
1783748703.940812,157.411
1783748703.960958,157.389
1783748703.981096,157.389
1783748704.001229,157.389
1783748704.021365,157.389
1783748704.041507,157.389
1783748704.061646,157.299
1783748704.081779,157.299
1783748704.101916,157.299
1783748704.122057,157.299
1783748704.142167,157.299
1783748704.162300,157.004
1783748704.182438,157.004
1783748704.202575,157.004
1783748704.222718,157.004
1783748704.242905,157.004
1783748704.263041,157.037
1783748704.283176,157.037
1783748704.303316,157.037
1783748704.323453,157.037
1783748704.343591,157.037
1783748704.363768,156.920
1783748704.383904,156.920
1783748704.403992,156.920
1783748704.424068,156.920
1783748704.444140,156.920
1783748704.464221,156.703
1783748704.484293,156.703
1783748704.504363,156.703
1783748704.524435,156.703
1783748704.544517,156.703
1783748704.564639,156.849
1783748704.584778,156.849
1783748704.604882,156.849
1783748704.625012,156.849
1783748704.645103,156.849
1783748704.665223,156.789
1783748704.685330,156.789
1783748704.705428,156.789
1783748704.725515,156.789
1783748704.745595,156.789
1783748704.765674,156.693
1783748704.785743,156.693
1783748704.805828,156.693
1783748704.825947,156.693
1783748704.846088,156.693
1783748704.866221,156.853
1783748704.886363,156.853
1783748704.906508,156.853
1783748704.926643,156.853
1783748704.946781,156.853
1783748704.966917,156.752
1783748704.987055,156.752
1783748705.007189,156.752
1783748705.027323,156.752
1783748705.047461,156.752
1783748705.067595,156.759
1783748705.087779,156.759
1783748705.107910,156.759
1783748705.128042,156.759
1783748705.148175,156.759
1783748705.168288,156.802
1783748705.188423,156.802
1783748705.208537,156.802
1783748705.228666,156.802
1783748705.248802,156.802
1783748705.268935,156.800
1783748705.289070,156.800
1783748705.309207,156.800
1783748705.329341,156.800
1783748705.349475,156.800
1783748705.369608,157.015
1783748705.389786,157.015
1783748705.409929,157.015
1783748705.430062,157.015
1783748705.450197,157.015
1783748705.470332,157.064
1783748705.490466,157.064
1783748705.510597,157.064
1783748705.530701,157.064
1783748705.550881,157.064
1783748705.571018,157.034
1783748705.591150,157.034
1783748705.611286,157.034
1783748705.631423,157.034
1783748705.651561,157.034
1783748705.671763,156.993
1783748705.691901,156.993
1783748705.712036,156.993
1783748705.732173,156.993
1783748705.752309,156.993
1783748705.772442,157.144
1783748705.792575,157.144
1783748705.812713,157.144
1783748705.832859,157.144
1783748705.852995,157.144
1783748705.873130,157.104
1783748705.893299,157.104
1783748705.913439,157.104
1783748705.933574,157.104
1783748705.953708,157.104
1783748705.973891,157.061
1783748705.994026,157.061
1783748706.014160,157.061
1783748706.034292,157.061
1783748706.054429,157.061
1783748706.074566,156.950
1783748706.094699,156.950
1783748706.114881,156.950
1783748706.135019,156.950
1783748706.155158,156.950
1783748706.175291,156.880
1783748706.195393,156.880
1783748706.215528,156.880
1783748706.235666,156.880
1783748706.255802,156.880
1783748706.275935,157.077
1783748706.296070,157.077
1783748706.316205,157.077
1783748706.336340,157.077
1783748706.356474,157.077
1783748706.376606,157.859
1783748706.396775,157.859
1783748706.416908,157.859
1783748706.437041,157.859
1783748706.457176,157.859
1783748706.477315,157.408
1783748706.497450,157.408
1783748706.517584,157.408
1783748706.537718,157.408
1783748706.557889,157.408
1783748706.578023,157.233
1783748706.598155,157.233
1783748706.618290,157.233
1783748706.638426,157.233
1783748706.658566,157.382
1783748706.678698,157.382
1783748706.698870,157.382
1783748706.719005,157.382
1783748706.739138,157.382
1783748706.759274,157.360
1783748706.779410,157.360
1783748706.799546,157.360
1783748706.819690,157.360
1783748706.839854,157.360
1783748706.859988,157.336
1783748706.880124,157.336
1783748706.900263,157.336
1783748706.920400,157.336
1783748706.940536,157.336
1783748706.960672,157.587
1783748706.980819,157.587
1783748707.000958,157.587
1783748707.021092,157.587
1783748707.041234,157.587
1783748707.061381,157.388
1783748707.081489,157.388
1783748707.101618,157.388
1783748707.121756,157.388
1783748707.141895,157.388
1783748707.162039,157.352
1783748707.182230,157.352
1783748707.202366,157.352
1783748707.222506,157.352
1783748707.242646,157.352
1783748707.262787,156.938
1783748707.282922,156.938
1783748707.303075,156.938
1783748707.323211,156.938
1783748707.343348,156.938
1783748707.363483,156.462
1783748707.383616,156.462
1783748707.403757,156.462
1783748707.423902,156.462
1783748707.444038,156.462
1783748707.464178,156.684
1783748707.484285,156.684
1783748707.504409,156.684
1783748707.524544,156.684
1783748707.544679,156.684
1783748707.564824,156.873
1783748707.584962,156.873
1783748707.605099,156.873
1783748707.625234,156.873
1783748707.645372,156.873
1783748707.665484,156.756
1783748707.685615,156.756
1783748707.705752,156.756
1783748707.725885,156.756
1783748707.746024,156.756
1783748707.766161,156.736
1783748707.786297,156.736
1783748707.806433,156.736
1783748707.826570,156.736
1783748707.846708,156.736
1783748707.866876,156.683
1783748707.886984,156.683
1783748707.907127,156.683
1783748707.927263,156.683
1783748707.947369,156.683
1783748707.967505,156.732
1783748707.987652,156.732
1783748708.007791,156.732
1783748708.027923,156.732
1783748708.048027,156.732
1783748708.068136,156.657
1783748708.088277,156.657
1783748708.108399,156.657
1783748708.128537,156.657
1783748708.148676,156.657
1783748708.168755,156.711
1783748708.188860,156.711
1783748708.208991,156.711
1783748708.229157,156.711
1783748708.249301,156.711
1783748708.269408,156.994
1783748708.289540,156.994
1783748708.309676,156.994
1783748708.329818,156.994
1783748708.349949,156.994
1783748708.370084,156.792
1783748708.390220,156.792
1783748708.410329,156.792
1783748708.430440,156.792
1783748708.450559,156.792
1783748708.470721,156.647
1783748708.490908,156.647
1783748708.511044,156.647
1783748708.531174,156.647
1783748708.551310,156.647
1783748708.571449,156.868
1783748708.591585,156.868
1783748708.611717,156.868
1783748708.631890,156.868
1783748708.652029,156.868
1783748708.672167,156.919
1783748708.692299,156.919
1783748708.712435,156.919
1783748708.732570,156.919
1783748708.752711,156.919
1783748708.772883,157.002
1783748708.793015,157.002
1783748708.813149,157.002
1783748708.833289,157.002
1783748708.853427,157.002
1783748708.873562,156.785
1783748708.893697,156.785
1783748708.913875,156.785
1783748708.934013,156.785
1783748708.954148,156.785
1783748708.974284,156.900
1783748708.997867,156.900
1783748709.018208,156.900
1783748709.038290,156.900
1783748709.058370,156.900
1783748709.078453,156.864
1783748709.098537,156.864
1783748709.118622,156.864
1783748709.138716,156.864
1783748709.158838,156.864
1783748709.178926,156.932
1783748709.199014,156.932
1783748709.219114,156.932
1783748709.239207,156.932
1783748709.259331,156.932
1783748709.279473,156.893
1783748709.299610,156.893
1783748709.319752,156.893
1783748709.339861,156.893
1783748709.359957,156.893
1783748709.380044,157.378
1783748709.400137,157.378
1783748709.420226,157.378
1783748709.440347,157.378
1783748709.460454,157.378
1783748709.480553,157.239
1783748709.500690,157.239
1783748709.520855,157.239
1783748709.540990,157.239
1783748709.561128,157.239
1783748709.581270,156.940
1783748709.601376,156.940
1783748709.621471,156.940
1783748709.641564,156.940
1783748709.661704,156.998
1783748709.681895,156.998
1783748709.702025,156.998
1783748709.722161,156.998
1783748709.742270,156.998
1783748709.762404,156.898
1783748709.782499,156.898
1783748709.802603,156.898
1783748709.822710,156.898
1783748709.842855,156.898
1783748709.862962,156.955
1783748709.883065,156.955
1783748709.903200,156.955
1783748709.923310,156.955
1783748709.943448,156.955
1783748709.963582,157.178
1783748709.983721,157.178
1783748710.003906,157.178
1783748710.024044,157.178
1783748710.044178,157.178
1783748710.064314,157.390
1783748710.084450,157.390
1783748710.104590,157.390
1783748710.124697,157.390
1783748710.144837,157.390
1783748710.164948,157.193
1783748710.185057,157.193
1783748710.205160,157.193
1783748710.225266,157.193
1783748710.245373,157.193
1783748710.265484,157.170
1783748710.285586,157.170
1783748710.305721,157.170
1783748710.325894,157.170
1783748710.346033,157.170
1783748710.366172,157.282
1783748710.386307,157.282
1783748710.406411,157.282
1783748710.426553,157.282
1783748710.446668,157.282
1783748710.466743,157.379
1783748710.486868,157.379
1783748710.507008,157.379
1783748710.527148,157.379
1783748710.547251,157.379
1783748710.567352,157.384
1783748710.587479,157.384
1783748710.607587,157.384
1783748710.627761,157.384
1783748710.647872,157.384
1783748710.667978,157.457
1783748710.688102,157.457
1783748710.708205,157.457
1783748710.728302,157.457
1783748710.748427,157.457
1783748710.768569,157.628
1783748710.788705,157.628
1783748710.808911,157.628
1783748710.829047,157.628
1783748710.849185,157.628
1783748710.869292,157.544
1783748710.889397,157.544
1783748710.909533,157.544
1783748710.929673,157.544
1783748710.949809,157.544
1783748710.969945,157.441
1783748710.990083,157.441
1783748711.010219,157.441
1783748711.030391,157.441
1783748711.050524,157.441
1783748711.070632,157.302
1783748711.090762,157.302
1783748711.110850,157.302
1783748711.130943,157.302
1783748711.151048,157.302
1783748711.171183,157.557
1783748711.191294,157.557
1783748711.211435,157.557
1783748711.231572,157.557
1783748711.251678,157.557
1783748711.271815,157.727
1783748711.291948,157.727
1783748711.312053,157.727
1783748711.332189,157.727
1783748711.352327,157.727
1783748711.372409,157.420
1783748711.392508,157.420
1783748711.412599,157.420
1783748711.432776,157.420
1783748711.452919,157.420
1783748711.473058,157.422
1783748711.493195,157.422
1783748711.513338,157.422
1783748711.533480,157.422
1783748711.553587,157.422
1783748711.573764,157.365
1783748711.593905,157.365
1783748711.614043,157.365
1783748711.634178,157.365
1783748711.654314,157.365
1783748711.674456,157.237
1783748711.694565,157.237
1783748711.714668,157.237
1783748711.734755,157.237
1783748711.754861,157.237
1783748711.774966,157.270
1783748711.795101,157.270
1783748711.815234,157.270
1783748711.835338,157.270
1783748711.855472,157.270
1783748711.875607,157.076
1783748711.895776,157.076
1783748711.915907,157.076
1783748711.936015,157.076
1783748711.956117,157.076
1783748711.976215,157.056
1783748711.996306,157.056
1783748712.016389,157.056
1783748712.036479,157.056
1783748712.056583,157.056
1783748712.076682,157.245
1783748712.096757,157.245
1783748712.116859,157.245
1783748712.136947,157.245
1783748712.157025,157.245
1783748712.177110,156.864
1783748712.197229,156.864
1783748712.217363,156.864
1783748712.237467,156.864
1783748712.257600,156.864
1783748712.277766,157.194
1783748712.297902,157.194
1783748712.318069,157.194
1783748712.338174,157.194
1783748712.358276,157.194
1783748712.378375,157.153
1783748712.398468,157.153
1783748712.418586,157.153
1783748712.438764,157.153
1783748712.458902,157.153
1783748712.479035,157.055
1783748712.499138,157.055
1783748712.519272,157.055
1783748712.539411,157.055
1783748712.559544,157.055
1783748712.579676,157.195
1783748712.599810,157.195
1783748712.619943,157.195
1783748712.640077,157.195
1783748712.660184,157.195
1783748712.680322,157.111
1783748712.700457,157.111
1783748712.720589,157.111
1783748712.740761,157.111
1783748712.760899,157.111
1783748712.781005,157.237
1783748712.801107,157.237
1783748712.821210,157.237
1783748712.841346,157.237
1783748712.861482,157.237
1783748712.881615,157.295
1783748712.901748,157.295
1783748712.921882,157.295
1783748712.942017,157.295
1783748712.962152,157.295
1783748712.982285,157.384
1783748713.002416,157.384
1783748713.022552,157.384
1783748713.042692,157.384
1783748713.062847,157.337
1783748713.082980,157.337
1783748713.103113,157.337
1783748713.123251,157.337
1783748713.143383,157.337
1783748713.163513,157.599
1783748713.183620,157.599
1783748713.203716,157.599
1783748713.223827,157.599
1783748713.243903,157.599
1783748713.263973,157.065
1783748713.284043,157.065
1783748713.304112,157.065
1783748713.324180,157.065
1783748713.344249,157.065
1783748713.364356,157.038
1783748713.384424,157.038
1783748713.404496,157.038
1783748713.424570,157.038
1783748713.444691,157.038
1783748713.464871,156.292
1783748713.485006,156.292
1783748713.505141,156.292
1783748713.525284,156.292
1783748713.545398,156.292
1783748713.565532,156.324
1783748713.585667,156.324
1783748713.605870,156.324
1783748713.626009,156.324
1783748713.646116,156.324
1783748713.666252,156.352
1783748713.686396,156.352
1783748713.706534,156.352
1783748713.726667,156.352
1783748713.746759,156.352
1783748713.766893,156.286
1783748713.787032,156.286
1783748713.807168,156.286
1783748713.827310,156.286
1783748713.847413,156.286
1783748713.867558,156.169
1783748713.887694,156.169
1783748713.907831,156.169
1783748713.927967,156.169
1783748713.948075,156.169
1783748713.968209,156.131
1783748713.988312,156.131
1783748714.008448,156.131
1783748714.028591,156.131
1783748714.048698,156.131
1783748714.068860,156.146
1783748714.088994,156.146
1783748714.109118,156.146
1783748714.129228,156.146
1783748714.149329,156.146
1783748714.169431,156.235
1783748714.189604,156.235
1783748714.209790,156.235
1783748714.229924,156.235
1783748714.250058,156.235
1783748714.270194,155.770
1783748714.290301,155.770
1783748714.310440,155.770
1783748714.330573,155.770
1783748714.350706,155.770
1783748714.370881,155.889
1783748714.391017,155.889
1783748714.411120,155.889
1783748714.431225,155.889
1783748714.451331,155.889
1783748714.471437,156.548
1783748714.491542,156.548
1783748714.511647,156.548
1783748714.531754,156.548
1783748714.551887,156.548
1783748714.572019,156.435
1783748714.592157,156.435
1783748714.612294,156.435
1783748714.632432,156.435
1783748714.652590,156.435
1783748714.672702,156.662
1783748714.692842,156.662
1783748714.712934,156.662
1783748714.733069,156.662
1783748714.753209,156.662
1783748714.773350,156.649
1783748714.793493,156.649
1783748714.813635,156.649
1783748714.833775,156.649
1783748714.853914,156.649
1783748714.874056,156.805
1783748714.894227,156.805
1783748714.914362,156.805
1783748714.934468,156.805
1783748714.954610,156.805
1783748714.974754,156.893
1783748714.994890,156.893
1783748715.015027,156.893
1783748715.035174,156.893
1783748715.055312,156.893
1783748715.075445,156.664
1783748715.095582,156.664
1783748715.115690,156.664
1783748715.135742,156.664
1783748715.155855,156.664
1783748715.175967,157.287
1783748715.196081,157.287
1783748715.216188,157.287
1783748715.236290,157.287
1783748715.256393,157.287
1783748715.276530,157.133
1783748715.296664,157.133
1783748715.316799,157.133
1783748715.336932,157.133
1783748715.357064,157.133
1783748715.377205,157.558
1783748715.397339,157.558
1783748715.417470,157.558
1783748715.437601,157.558
1783748715.457779,157.558
1783748715.477914,157.365
1783748715.498047,157.365
1783748715.518179,157.365
1783748715.538313,157.365
1783748715.558447,157.365
1783748715.578577,157.478
1783748715.598707,157.478
1783748715.618907,157.478
1783748715.639041,157.478
1783748715.659174,157.478
1783748715.679312,157.457
1783748715.699455,157.457
1783748715.719594,157.457
1783748715.739765,157.457
1783748715.759901,157.457
1783748715.780037,157.123
1783748715.800173,157.123
1783748715.820309,157.123
1783748715.840443,157.123
1783748715.860576,157.123
1783748715.880714,156.869
1783748715.900904,156.869
1783748715.921038,156.869
1783748715.941175,156.869
1783748715.961280,156.869
1783748715.981385,156.816
1783748716.001486,156.816
1783748716.021618,156.816
1783748716.041755,156.816
1783748716.061892,156.816
1783748716.082026,156.908
1783748716.102216,156.908
1783748716.122352,156.908
1783748716.142490,156.908
1783748716.162650,156.908
1783748716.182785,156.682
1783748716.202927,156.682
1783748716.223064,156.682
1783748716.243165,156.682
1783748716.263267,156.682
1783748716.283368,156.824
1783748716.303475,156.824
1783748716.323581,156.824
1783748716.343687,156.824
1783748716.363797,156.533
1783748716.383946,156.533
1783748716.404083,156.533
1783748716.424218,156.533
1783748716.444324,156.533
1783748716.464458,156.557
1783748716.484596,156.557
1783748716.504686,156.557
1783748716.524819,156.557
1783748716.544956,156.557
1783748716.565061,156.634
1783748716.585164,156.634
1783748716.605267,156.634
1783748716.625373,156.634
1783748716.645477,156.634
1783748716.665579,156.648
1783748716.685685,156.648
1783748716.705794,156.648
1783748716.725910,156.648
1783748716.746005,156.648
1783748716.766126,156.295
1783748716.786230,156.295
1783748716.806368,156.295
1783748716.826502,156.295
1783748716.846635,156.295
1783748716.866768,156.272
1783748716.886911,156.272
1783748716.907017,156.272
1783748716.927119,156.272
1783748716.947222,156.272
1783748716.967329,156.290
1783748716.987437,156.290
1783748717.007541,156.290
1783748717.027645,156.290
1783748717.047789,156.290
1783748717.067932,156.480
1783748717.088063,156.480
1783748717.108202,156.480
1783748717.128339,156.480
1783748717.148475,156.480
1783748717.168605,156.606
1783748717.188784,156.606
1783748717.208920,156.606
1783748717.229093,156.606
1783748717.249226,156.606
1783748717.269360,156.766
1783748717.289496,156.766
1783748717.309632,156.766
1783748717.329767,156.766
1783748717.349900,156.766
1783748717.370034,156.881
1783748717.390171,156.881
1783748717.410305,156.881
1783748717.430436,156.881
1783748717.450596,156.881
1783748717.470766,156.775
1783748717.490906,156.775
1783748717.511039,156.775
1783748717.531181,156.775
1783748717.551326,156.775
1783748717.571462,156.896
1783748717.591595,156.896
1783748717.611767,156.896
1783748717.631902,156.896
1783748717.652039,156.896
1783748717.672170,156.792
1783748717.692303,156.792
1783748717.712441,156.792
1783748717.732574,156.792
1783748717.752706,156.792
1783748717.772878,157.408
1783748717.793015,157.408
1783748717.813156,157.408
1783748717.833291,157.408
1783748717.853426,157.408
1783748717.873559,157.485
1783748717.893703,157.485
1783748717.913892,157.485
1783748717.934027,157.485
1783748717.954160,157.485
1783748717.974299,157.499
1783748717.994434,157.499
1783748718.014566,157.499
1783748718.034701,157.499
1783748718.054883,157.499
1783748718.075018,157.586
1783748718.095148,157.586
1783748718.115281,157.586
1783748718.135420,157.586
1783748718.155559,157.586
1783748718.175690,157.525
1783748718.195832,157.525
1783748718.215977,157.525
1783748718.236119,157.525
1783748718.256252,157.525
1783748718.276386,157.400
1783748718.296524,157.400
1783748718.316664,157.400
1783748718.336798,157.400
1783748718.356934,157.400
1783748718.377069,157.606
1783748718.397241,157.606
1783748718.417379,157.606
1783748718.437514,157.606
1783748718.457650,157.606
1783748718.477789,157.461
1783748718.497960,157.461
1783748718.518096,157.461
1783748718.538232,157.461
1783748718.558374,157.461
1783748718.578510,157.431
1783748718.598644,157.431
1783748718.618782,157.431
1783748718.638923,157.431
1783748718.659064,157.431
1783748718.679195,157.463
1783748718.699337,157.463
1783748718.719484,157.463
1783748718.739653,157.463
1783748718.759784,157.463
1783748718.779922,157.381
1783748718.800061,157.381
1783748718.820199,157.381
1783748718.840334,157.381
1783748718.860469,157.381
1783748718.880606,157.370
1783748718.900791,157.370
1783748718.920926,157.370
1783748718.941062,157.370
1783748718.961198,157.370
1783748718.981339,157.527
1783748719.001477,157.527
1783748719.021612,157.527
1783748719.041750,157.527
1783748719.061889,157.527
1783748719.082028,156.974
1783748719.102161,156.974
1783748719.122298,156.974
1783748719.142437,156.974
1783748719.162578,156.974
1783748719.182711,157.030
1783748719.202884,157.030
1783748719.223025,157.030
1783748719.243165,157.030
1783748719.263296,157.030
1783748719.283432,157.129
1783748719.303569,157.129
1783748719.323709,157.129
1783748719.343880,157.129
1783748719.364017,157.129
1783748719.384153,157.205
1783748719.404297,157.205
1783748719.424431,157.205
1783748719.444574,157.205
1783748719.464680,156.954
1783748719.484820,156.954
1783748719.504955,156.954
1783748719.525089,156.954
1783748719.545193,156.954
1783748719.565331,156.795
1783748719.585471,156.795
1783748719.605605,156.795
1783748719.625790,156.795
1783748719.645931,156.795
1783748719.666041,156.774
1783748719.686173,156.774
1783748719.706309,156.774
1783748719.726449,156.774
1783748719.746559,156.774
1783748719.766659,156.817
1783748719.786822,156.817
1783748719.806960,156.817
1783748719.827101,156.817
1783748719.847236,156.817
1783748719.867340,156.852
1783748719.887476,156.852
1783748719.907615,156.852
1783748719.927756,156.852
1783748719.947893,156.852
1783748719.967999,156.546
1783748719.988141,156.546
1783748720.008279,156.546
1783748720.028445,156.546
1783748720.048582,156.546
1783748720.068761,156.736
1783748720.088898,156.736
1783748720.109031,156.736
1783748720.129166,156.736
1783748720.149305,156.736
1783748720.169444,156.808
1783748720.189578,156.808
1783748720.209715,156.808
1783748720.229901,156.808
1783748720.250040,156.808
1783748720.270172,156.838
1783748720.290312,156.838
1783748720.310450,156.838
1783748720.330590,156.838
1783748720.350779,156.838
1783748720.370915,157.078
1783748720.391052,157.078
1783748720.411194,157.078
1783748720.431331,157.078
1783748720.451467,157.078
1783748720.471603,157.046
1783748720.491779,157.046
1783748720.511919,157.046
1783748720.532054,157.046
1783748720.552191,157.046
1783748720.572330,156.809
1783748720.592473,156.809
1783748720.612606,156.809
1783748720.632776,156.809
1783748720.652920,156.809
1783748720.673060,156.702
1783748720.693192,156.702
1783748720.713329,156.702
1783748720.733476,156.702
1783748720.753618,156.702
1783748720.773753,156.660
1783748720.793890,156.660
1783748720.814029,156.660
1783748720.834167,156.660
1783748720.854306,156.660
1783748720.874442,156.497
1783748720.894579,156.497
1783748720.914770,156.497
1783748720.934907,156.497
1783748720.955044,156.497
1783748720.975180,156.888
1783748720.995321,156.888
1783748721.015458,156.888
1783748721.035598,156.888
1783748721.055777,156.888
1783748721.075956,156.667
1783748721.096101,156.667
1783748721.116235,156.667
1783748721.136372,156.667
1783748721.156511,156.667
1783748721.176651,156.591
1783748721.196784,156.591
1783748721.216926,156.591
1783748721.237072,156.591
1783748721.257212,156.591
1783748721.277345,156.711
1783748721.297509,156.711
1783748721.317615,156.711
1783748721.337754,156.711
1783748721.357858,156.711
1783748721.377994,156.831
1783748721.398129,156.831
1783748721.418269,156.831
1783748721.438406,156.831
1783748721.458542,156.831
1783748721.478678,156.922
1783748721.498823,156.922
1783748721.518961,156.922
1783748721.539096,156.922
1783748721.559233,156.922
1783748721.579370,156.931
1783748721.599514,156.931
1783748721.619647,156.931
1783748721.639784,156.931
1783748721.659924,156.931
1783748721.680064,156.935
1783748721.700197,156.935
1783748721.720333,156.935
1783748721.740480,156.935
1783748721.760623,156.935
1783748721.780758,157.138
1783748721.800893,157.138
1783748721.821032,157.138
1783748721.841141,157.138
1783748721.861276,157.138
1783748721.881412,157.586
1783748721.901549,157.586
1783748721.921692,157.586
1783748721.941874,157.586
1783748721.962010,157.586
1783748721.982146,157.174
1783748722.002289,157.174
1783748722.022427,157.174
1783748722.042562,157.174
1783748722.062670,157.174
1783748722.082757,157.305
1783748722.102900,157.305
1783748722.123034,157.305
1783748722.143172,157.305
1783748722.163284,157.305
1783748722.183424,157.342
1783748722.203557,157.342
1783748722.223694,157.342
1783748722.243883,157.342
1783748722.264022,157.342
1783748722.284155,157.311
1783748722.304291,157.311
1783748722.324431,157.311
1783748722.344569,157.311
1783748722.364772,157.311
1783748722.384908,157.221
1783748722.405045,157.221
1783748722.425186,157.221
1783748722.445323,157.221
1783748722.465430,157.341
1783748722.485570,157.341
1783748722.505710,157.341
1783748722.525894,157.341
1783748722.546028,157.341
1783748722.566167,157.674
1783748722.586332,157.674
1783748722.606470,157.674
1783748722.626604,157.674
1783748722.646710,157.674
1783748722.666889,157.525
1783748722.687028,157.525
1783748722.707161,157.525
1783748722.727299,157.525
1783748722.747441,157.525
1783748722.767588,157.619
1783748722.787766,157.619
1783748722.807913,157.619
1783748722.828053,157.619
1783748722.848193,157.619
1783748722.868332,157.487
1783748722.888468,157.487
1783748722.908605,157.487
1783748722.928784,157.487
1783748722.948891,157.487
1783748722.969023,157.491
1783748722.989161,157.491
1783748723.009306,157.491
1783748723.029443,157.491
1783748723.049577,157.491
1783748723.069711,157.580
1783748723.089888,157.580
1783748723.110030,157.580
1783748723.130163,157.580
1783748723.150294,157.580
1783748723.170428,157.632
1783748723.190565,157.632
1783748723.210696,157.632
1783748723.230862,157.632
1783748723.251009,157.632
1783748723.271143,157.482
1783748723.291276,157.482
1783748723.311409,157.482
1783748723.331541,157.482
1783748723.351677,157.482
1783748723.371812,157.557
1783748723.391944,157.557
1783748723.412076,157.557
1783748723.432211,157.557
1783748723.452346,157.557
1783748723.472477,157.271
1783748723.492610,157.271
1783748723.512784,157.271
1783748723.532918,157.271
1783748723.553051,157.271
1783748723.573184,157.002
1783748723.593325,157.002
1783748723.613464,157.002
1783748723.633628,157.002
1783748723.653765,157.002
1783748723.673914,156.905
1783748723.694054,156.905
1783748723.714186,156.905
1783748723.734319,156.905
1783748723.754458,156.905
1783748723.774594,157.143
1783748723.794793,157.143
1783748723.814928,157.143
1783748723.835064,157.143
1783748723.855202,157.143
1783748723.875369,156.887
1783748723.895470,156.887
1783748723.915565,156.887
1783748723.935704,156.887
1783748723.955889,156.887
1783748723.975993,157.079
1783748723.996126,157.079
1783748724.016263,157.079
1783748724.036400,157.079
1783748724.056534,157.079
1783748724.076669,156.994
1783748724.096806,156.994
1783748724.116947,156.994
1783748724.137081,156.994
1783748724.157218,156.994
1783748724.177358,156.948
1783748724.197495,156.948
1783748724.217628,156.948
1783748724.237768,156.948
1783748724.257911,156.948
1783748724.278048,157.104
1783748724.298180,157.104
1783748724.318315,157.104
1783748724.338452,157.104
1783748724.358590,157.104
1783748724.378762,156.972
1783748724.398898,156.972
1783748724.419032,156.972
1783748724.439171,156.972
1783748724.459310,156.972
1783748724.479443,156.804
1783748724.499575,156.804
1783748724.519711,156.804
1783748724.539884,156.804
1783748724.560020,156.804
1783748724.580154,156.815
1783748724.600291,156.815
1783748724.620435,156.815
1783748724.640565,156.815
1783748724.660701,156.815
1783748724.680884,156.737
1783748724.701017,156.737
1783748724.721147,156.737
1783748724.741287,156.737
1783748724.761432,156.737
1783748724.781569,156.784
1783748724.801701,156.784
1783748724.821876,156.784
1783748724.842013,156.784
1783748724.862130,156.784
1783748724.882262,156.756
1783748724.902397,156.756
1783748724.922561,156.756
1783748724.942699,156.756
1783748724.962878,156.756
1783748724.983011,156.920
1783748725.003145,156.920
1783748725.023285,156.920
1783748725.043421,156.920
1783748725.063555,156.920
1783748725.083688,156.776
1783748725.103825,156.776
1783748725.123967,156.776
1783748725.144100,156.776
1783748725.164268,156.776
1783748725.184406,156.796
1783748725.204544,156.796
1783748725.224677,156.796
1783748725.244811,156.796
1783748725.264946,156.796
1783748725.285054,156.826
1783748725.305155,156.826
1783748725.325257,156.826
1783748725.345362,156.826
1783748725.365501,156.826
1783748725.385634,156.883
1783748725.405769,156.883
1783748725.425902,156.883
1783748725.446038,156.883
1783748725.466145,157.399
1783748725.486278,157.399
1783748725.506412,157.399
1783748725.526550,157.399
1783748725.546685,157.399
1783748725.566818,157.337
1783748725.586921,157.337
1783748725.607026,157.337
1783748725.627132,157.337
1783748725.647234,157.337
1783748725.667337,157.357
1783748725.687445,157.357
1783748725.707565,157.357
1783748725.727701,157.357
1783748725.747934,157.357
1783748725.768071,157.397
1783748725.788210,157.397
1783748725.808311,157.397
1783748725.828406,157.397
1783748725.848526,157.397
1783748725.868637,157.537
1783748725.888761,157.537
1783748725.908848,157.537
1783748725.928986,157.537
1783748725.949124,157.537
1783748725.969235,157.251
1783748725.989370,157.251
1783748726.009465,157.251
1783748726.029554,157.251
1783748726.049644,157.251
1783748726.069770,157.352
1783748726.089907,157.352
1783748726.110056,157.352
1783748726.130197,157.352
1783748726.150331,157.352
1783748726.170441,157.458
1783748726.190555,157.458
1783748726.210667,157.458
1783748726.230759,157.458
1783748726.250894,157.458
1783748726.271035,157.182
1783748726.291144,157.182
1783748726.311246,157.182
1783748726.331352,157.182
1783748726.351460,157.182
1783748726.371570,157.218
1783748726.391708,157.218
1783748726.411885,157.218
1783748726.432043,157.218
1783748726.452185,157.218
1783748726.472325,157.343
1783748726.492460,157.343
1783748726.512594,157.343
1783748726.532779,157.343
1783748726.552915,157.343
1783748726.573048,157.030
1783748726.593183,157.030
1783748726.613320,157.030
1783748726.633461,157.030
1783748726.653594,157.030
1783748726.673769,156.954
1783748726.693909,156.954
1783748726.714042,156.954
1783748726.734174,156.954
1783748726.754305,156.954
1783748726.774446,157.226
1783748726.794585,157.226
1783748726.814715,157.226
1783748726.834896,157.226
1783748726.855027,157.226
1783748726.875163,156.712
1783748726.895296,156.712
1783748726.915429,156.712
1783748726.935560,156.712
1783748726.955695,156.712
1783748726.975846,156.818
1783748726.995948,156.818
1783748727.016051,156.818
1783748727.036154,156.818
1783748727.056259,156.818
1783748727.076362,156.897
1783748727.096452,156.897
1783748727.116534,156.897
1783748727.136632,156.897
1783748727.156765,156.897
1783748727.176850,156.687
1783748727.196934,156.687
1783748727.217015,156.687
1783748727.237134,156.687
1783748727.257278,156.687
1783748727.277415,156.804
1783748727.297554,156.804
1783748727.317685,156.804
1783748727.337821,156.804
1783748727.357956,156.804
1783748727.378095,156.693
1783748727.398231,156.693
1783748727.418364,156.693
1783748727.438496,156.693
1783748727.458633,156.693
1783748727.478768,156.677
1783748727.498933,156.677
1783748727.519066,156.677
1783748727.539212,156.677
1783748727.559346,156.677
1783748727.579479,156.928
1783748727.599612,156.928
1783748727.619752,156.928
1783748727.639893,156.928
1783748727.660027,156.928
1783748727.680161,156.708
1783748727.700304,156.708
1783748727.720470,156.708
1783748727.740603,156.708
1783748727.760783,156.708
1783748727.780921,156.877
1783748727.801059,156.877
1783748727.821190,156.877
1783748727.841324,156.877
1783748727.861459,156.877
1783748727.881596,157.221
1783748727.901771,157.221
1783748727.921903,157.221
1783748727.942039,157.221
1783748727.962181,157.221
1783748727.982287,156.957
1783748728.002420,156.957
1783748728.022554,156.957
1783748728.042691,156.957
1783748728.062853,156.957
1783748728.082956,156.900
1783748728.103091,156.900
1783748728.123230,156.900
1783748728.143368,156.900
1783748728.163502,156.900
1783748728.183605,156.857
1783748728.203783,156.857
1783748728.223917,156.857
1783748728.244050,156.857
1783748728.264189,156.857
1783748728.284294,156.984
1783748728.304430,156.984
1783748728.324530,156.984
1783748728.344662,156.984
1783748728.364763,156.984
1783748728.384899,157.610
1783748728.405031,157.610
1783748728.425166,157.610
1783748728.445299,157.610
1783748728.465435,157.610
1783748728.485570,157.682
1783748728.505704,157.682
1783748728.525881,157.682
1783748728.546018,157.682
1783748728.566154,157.682
1783748728.586289,157.727
1783748728.606425,157.727
1783748728.626564,157.727
1783748728.646704,157.727
1783748728.666884,157.727
1783748728.687018,157.737
1783748728.707186,157.737
1783748728.727323,157.737
1783748728.747455,157.737
1783748728.767617,157.578
1783748728.787754,157.578
1783748728.807892,157.578
1783748728.828021,157.578
1783748728.848124,157.578
1783748728.868259,157.429
1783748728.888398,157.429
1783748728.908531,157.429
1783748728.928665,157.429
1783748728.948798,157.429
1783748728.968933,157.481
1783748728.989069,157.481
1783748729.009230,157.481
1783748729.029365,157.481
1783748729.049500,157.481
1783748729.069637,157.292
1783748729.089774,157.292
1783748729.109910,157.292
1783748729.130046,157.292
1783748729.150181,157.292
1783748729.170315,157.473
1783748729.190450,157.473
1783748729.210589,157.473
1783748729.230768,157.473
1783748729.250901,157.473
1783748729.271035,156.763
1783748729.291173,156.763
1783748729.311310,156.763
1783748729.331441,156.763
1783748729.351575,156.763
1783748729.371680,156.377
1783748729.391815,156.377
1783748729.411943,156.377
1783748729.432076,156.377
1783748729.452212,156.377
1783748729.472349,155.761
1783748729.492486,155.761
1783748729.512590,155.761
1783748729.532762,155.761
1783748729.552901,155.761
1783748729.573038,155.856
1783748729.593176,155.856
1783748729.613314,155.856
1783748729.633453,155.856
1783748729.653563,155.856
1783748729.673695,155.957
1783748729.693867,155.957
1783748729.714007,155.957
1783748729.734144,155.957
1783748729.754277,155.957
1783748729.774421,155.946
1783748729.794568,155.946
1783748729.814706,155.946
1783748729.834872,155.946
1783748729.855007,155.946
1783748729.875144,156.256
1783748729.895289,156.256
1783748729.915422,156.256
1783748729.935558,156.256
1783748729.955662,156.256
1783748729.975802,156.456
1783748729.995942,156.456
1783748730.016076,156.456
1783748730.036212,156.456
1783748730.056381,156.456
1783748730.076516,156.677
1783748730.096652,156.677
1783748730.116786,156.677
1783748730.136922,156.677
1783748730.157066,156.677
1783748730.177201,156.486
1783748730.197365,156.486
1783748730.217512,156.486
1783748730.237650,156.486
1783748730.257783,156.486
1783748730.277919,157.186
1783748730.298097,157.186
1783748730.318237,157.186
1783748730.338369,157.186
1783748730.358505,157.186
1783748730.378614,157.252
1783748730.398754,157.252
1783748730.418884,157.252
1783748730.439020,157.252
1783748730.459157,157.252
1783748730.479266,157.698
1783748730.499401,157.698
1783748730.519542,157.698
1783748730.539677,157.698
1783748730.559822,157.698
1783748730.579929,157.604
1783748730.600065,157.604
1783748730.620200,157.604
1783748730.640342,157.604
1783748730.660486,157.604
1783748730.680592,157.504
1783748730.700767,157.504
1783748730.720912,157.504
1783748730.741050,157.504
1783748730.761184,157.504
1783748730.781320,157.426
1783748730.801461,157.426
1783748730.821601,157.426
1783748730.841764,157.426
1783748730.861902,157.426
1783748730.882041,157.231
1783748730.902181,157.231
1783748730.922287,157.231
1783748730.942424,157.231
1783748730.962562,157.231
1783748730.982702,157.353
1783748731.002878,157.353
1783748731.023013,157.353
1783748731.043150,157.353
1783748731.063295,157.353
1783748731.083433,157.260
1783748731.103571,157.260
1783748731.123707,157.260
1783748731.143893,157.260
1783748731.164032,157.260
1783748731.184166,157.250
1783748731.204304,157.250
1783748731.224445,157.250
1783748731.244582,157.250
1783748731.264715,157.250
1783748731.284895,157.230
1783748731.305038,157.230
1783748731.325178,157.230
1783748731.345339,157.230
1783748731.365480,157.230
1783748731.385619,157.057
1783748731.405762,157.057
1783748731.425867,157.057
1783748731.446008,157.057
1783748731.466146,157.057
1783748731.486282,156.982
1783748731.506419,156.982
1783748731.526555,156.982
1783748731.546692,156.982
1783748731.566905,156.982
1783748731.587036,157.132
1783748731.607171,157.132
1783748731.627306,157.132
1783748731.647449,157.132
1783748731.667588,157.132
1783748731.687765,157.100
1783748731.707901,157.100
1783748731.728047,157.100
1783748731.748187,157.100
1783748731.768321,157.310
1783748731.788456,157.310
1783748731.808596,157.310
1783748731.828778,157.310
1783748731.848911,157.310
1783748731.869051,157.407
1783748731.889161,157.407
1783748731.909270,157.407
1783748731.929404,157.407
1783748731.949541,157.407
1783748731.969679,157.317
1783748731.989751,157.317
1783748732.009889,157.317
1783748732.030026,157.317
1783748732.050162,157.317
1783748732.070304,157.604
1783748732.090439,157.604
1783748732.110574,157.604
1783748732.130711,157.604
1783748732.150894,157.604
1783748732.171030,157.480
1783748732.191163,157.480
1783748732.211269,157.480
1783748732.231410,157.480
1783748732.251550,157.480
1783748732.271684,157.772
1783748732.291822,157.772
1783748732.311962,157.772
1783748732.332102,157.772
1783748732.352233,157.772
1783748732.372339,157.570
1783748732.392453,157.570
1783748732.412595,157.570
1783748732.432768,157.570
1783748732.452906,157.570
1783748732.473044,157.589
1783748732.493183,157.589
1783748732.513320,157.589
1783748732.533456,157.589
1783748732.553593,157.589
1783748732.573772,157.622
1783748732.593910,157.622
1783748732.614043,157.622
1783748732.634179,157.622
1783748732.654319,157.622
1783748732.674457,157.555
1783748732.694592,157.555
1783748732.714768,157.555
1783748732.734915,157.555
1783748732.755053,157.555
1783748732.775188,157.386
1783748732.795323,157.386
1783748732.815464,157.386
1783748732.835604,157.386
1783748732.855771,157.386
1783748732.875913,157.245
1783748732.896059,157.245
1783748732.916200,157.245
1783748732.936303,157.245
1783748732.956439,157.245
1783748732.976578,157.308
1783748732.996716,157.308
1783748733.016902,157.308
1783748733.037040,157.308
1783748733.057181,157.308
1783748733.077317,156.949
1783748733.097454,156.949
1783748733.117587,156.949
1783748733.137762,156.949
1783748733.157874,156.949
1783748733.178013,157.189
1783748733.198147,157.189
1783748733.218282,157.189
1783748733.238421,157.189
1783748733.258564,157.189
1783748733.278698,157.026
1783748733.298872,157.026
1783748733.319012,157.026
1783748733.339152,157.026
1783748733.359288,157.026
1783748733.379426,157.084
1783748733.399570,157.084
1783748733.419709,157.084
1783748733.439893,157.084
1783748733.460030,157.084
1783748733.480168,157.016
1783748733.500312,157.016
1783748733.520416,157.016
1783748733.540550,157.016
1783748733.560686,157.016
1783748733.580825,157.617
1783748733.600963,157.617
1783748733.621099,157.617
1783748733.641234,157.617
1783748733.661371,157.617
1783748733.681505,157.679
1783748733.701642,157.679
1783748733.721779,157.679
1783748733.741919,157.679
1783748733.762057,157.679
1783748733.782189,157.745
1783748733.802326,157.745
1783748733.822468,157.745
1783748733.842607,157.745
1783748733.862776,157.745
1783748733.882917,157.538
1783748733.903100,157.538
1783748733.923242,157.538
1783748733.943375,157.538
1783748733.963513,157.538
1783748733.983654,157.531
1783748734.003797,157.531
1783748734.023934,157.531
1783748734.044073,157.531
1783748734.064211,157.531
1783748734.084354,157.598
1783748734.104492,157.598
1783748734.124629,157.598
1783748734.144784,157.598
1783748734.164925,157.598
1783748734.185063,157.651
1783748734.205200,157.651
1783748734.225336,157.651
1783748734.245474,157.651
1783748734.265614,157.651
1783748734.285749,157.564
1783748734.305886,157.564
1783748734.326026,157.564
1783748734.346164,157.564
1783748734.366268,157.564
1783748734.386408,157.344
1783748734.406548,157.344
1783748734.426685,157.344
1783748734.446817,157.344
1783748734.466948,157.344
1783748734.487080,157.305
1783748734.507217,157.305
1783748734.527350,157.305
1783748734.547482,157.305
1783748734.567613,157.305
1783748734.587754,156.811
1783748734.607888,156.811
1783748734.628021,156.811
1783748734.648154,156.811
1783748734.668292,156.811
1783748734.688425,156.963
1783748734.708557,156.963
1783748734.728688,156.963
1783748734.748830,156.963
1783748734.768968,157.191
1783748734.789097,157.191
1783748734.809227,157.191
1783748734.829365,157.191
1783748734.849500,157.191
1783748734.869632,157.143
1783748734.889765,157.143
1783748734.909903,157.143
1783748734.930037,157.143
1783748734.950170,157.143
1783748734.970304,157.007
1783748734.990439,157.007
1783748735.010575,157.007
1783748735.030710,157.007
1783748735.050879,157.007
1783748735.071012,157.085
1783748735.091151,157.085
1783748735.111286,157.085
1783748735.131421,157.085
1783748735.151555,157.085
1783748735.171695,157.263
1783748735.191908,157.263
1783748735.212043,157.263
1783748735.232178,157.263
1783748735.252315,157.263
1783748735.272454,157.011
1783748735.292587,157.011
1783748735.312720,157.011
1783748735.332899,157.011
1783748735.353035,157.011
1783748735.373166,157.137
1783748735.393299,157.137
1783748735.413435,157.137
1783748735.433604,157.137
1783748735.453773,157.137
1783748735.473906,157.241
1783748735.494040,157.241
1783748735.514175,157.241
1783748735.534308,157.241
1783748735.554443,157.241
1783748735.574582,156.969
1783748735.594720,156.969
1783748735.614890,156.969
1783748735.635024,156.969
1783748735.655159,156.969
1783748735.675298,156.942
1783748735.695432,156.942
1783748735.715566,156.942
1783748735.735701,156.942
1783748735.755885,156.942
1783748735.776024,157.033
1783748735.796158,157.033
1783748735.816293,157.033
1783748735.836430,157.033
1783748735.856568,157.033
1783748735.876699,157.019
1783748735.896901,157.019
1783748735.917038,157.019
1783748735.937142,157.019
1783748735.957273,157.019
1783748735.977408,156.989
1783748735.997543,156.989
1783748736.017679,156.989
1783748736.037814,156.989
1783748736.057948,156.989
1783748736.078082,156.927
1783748736.098218,156.927
1783748736.118352,156.927
1783748736.138489,156.927
1783748736.158623,156.927
1783748736.178763,157.103
1783748736.198897,157.103
1783748736.219030,157.103
1783748736.239164,157.103
1783748736.259301,157.103
1783748736.279441,157.052
1783748736.299574,157.052
1783748736.319708,157.052
1783748736.339887,157.052
1783748736.360023,157.052
1783748736.380154,156.962
1783748736.400287,156.962
1783748736.420425,156.962
1783748736.440563,156.962
1783748736.460696,156.962
1783748736.480904,156.767
1783748736.501039,156.767
1783748736.521174,156.767
1783748736.541308,156.767
1783748736.561443,156.767
1783748736.581576,157.095
1783748736.601716,157.095
1783748736.621884,157.095
1783748736.642019,157.095
1783748736.662151,157.095
1783748736.682292,157.158
1783748736.702461,157.158
1783748736.722594,157.158
1783748736.742774,157.158
1783748736.762909,157.158
1783748736.783044,156.154
1783748736.803179,156.154
1783748736.823314,156.154
1783748736.843451,156.154
1783748736.863585,156.154
1783748736.883716,156.281
1783748736.903945,156.281
1783748736.924087,156.281
1783748736.944225,156.281
1783748736.964357,156.281
1783748736.984493,156.266
1783748737.004630,156.266
1783748737.024768,156.266
1783748737.044904,156.266
1783748737.065038,156.266
1783748737.085170,156.346
1783748737.105306,156.346
1783748737.125441,156.346
1783748737.145576,156.346
1783748737.165711,156.346
1783748737.185882,156.134
1783748737.206018,156.134
1783748737.226153,156.134
1783748737.246284,156.134
1783748737.266429,156.134
1783748737.286573,156.221
1783748737.306709,156.221
1783748737.326880,156.221
1783748737.347016,156.221
1783748737.367154,156.221
1783748737.387289,156.200
1783748737.407425,156.200
1783748737.427562,156.200
1783748737.447701,156.200
1783748737.467869,156.200
1783748737.488005,156.358
1783748737.508140,156.358
1783748737.528280,156.358
1783748737.548413,156.358
1783748737.568550,156.358
1783748737.588687,156.337
1783748737.608825,156.337
1783748737.628962,156.337
1783748737.649097,156.337
1783748737.669232,156.337
1783748737.689374,156.111
1783748737.709508,156.111
1783748737.729643,156.111
1783748737.749778,156.111
1783748737.769932,156.981
1783748737.790069,156.981
1783748737.810205,156.981
1783748737.830335,156.981
1783748737.850470,156.981
1783748737.870603,156.846
1783748737.890811,156.846
1783748737.910944,156.846
1783748737.931085,156.846
1783748737.951222,156.846
1783748737.971353,156.529
1783748737.991517,156.529
1783748738.011651,156.529
1783748738.031787,156.529
1783748738.051921,156.529
1783748738.072053,156.743
1783748738.092186,156.743
1783748738.112325,156.743
1783748738.132461,156.743
1783748738.152593,156.743
1783748738.172771,156.686
1783748738.192908,156.686
1783748738.213041,156.686
1783748738.233175,156.686
1783748738.253309,156.686
1783748738.273445,156.563
1783748738.293584,156.563
1783748738.313718,156.563
1783748738.333899,156.563
1783748738.354040,156.563
1783748738.374176,156.803
1783748738.394308,156.803
1783748738.414445,156.803
1783748738.434583,156.803
1783748738.454719,156.803
1783748738.474889,156.651
1783748738.495022,156.651
1783748738.515158,156.651
1783748738.535296,156.651
1783748738.555428,156.651
1783748738.575563,156.555
1783748738.595697,156.555
1783748738.615865,156.555
1783748738.636001,156.555
1783748738.656137,156.555
1783748738.676270,156.611
1783748738.696404,156.611
1783748738.716539,156.611
1783748738.736674,156.611
1783748738.756809,156.611
1783748738.776943,156.260
1783748738.797080,156.260
1783748738.817213,156.260
1783748738.837347,156.260
1783748738.857491,156.260
1783748738.877628,156.203
1783748738.897764,156.203
1783748738.917899,156.203
1783748738.938004,156.203
1783748738.958137,156.203
1783748738.978267,156.227
1783748738.998402,156.227
1783748739.018538,156.227
1783748739.038706,156.227
1783748739.058884,156.227
1783748739.079017,156.487
1783748739.099150,156.487
1783748739.119287,156.487
1783748739.139424,156.487
1783748739.159558,156.487
1783748739.179693,156.554
1783748739.199868,156.554
1783748739.220003,156.554
1783748739.240137,156.554
1783748739.260271,156.554
1783748739.280436,156.444
1783748739.300572,156.444
1783748739.320707,156.444
1783748739.340880,156.444
1783748739.361024,156.444
1783748739.381160,156.317
1783748739.401290,156.317
1783748739.421425,156.317
1783748739.441566,156.317
1783748739.461701,156.317
1783748739.481874,156.444
1783748739.502009,156.444
1783748739.522144,156.444
1783748739.542281,156.444
1783748739.562416,156.444
1783748739.582551,156.774
1783748739.602683,156.774
1783748739.622821,156.774
1783748739.642957,156.774
1783748739.663091,156.774
1783748739.683225,156.639
1783748739.703361,156.639
1783748739.723496,156.639
1783748739.743632,156.639
1783748739.763766,156.639
1783748739.783935,157.270
1783748739.804070,157.270
1783748739.824206,157.270
1783748739.844339,157.270
1783748739.864483,157.270
1783748739.884619,157.353
1783748739.904751,157.353
1783748739.924886,157.353
1783748739.945022,157.353
1783748739.965158,157.353
1783748739.985288,157.517
1783748740.005422,157.517
1783748740.025564,157.517
1783748740.045703,157.517
1783748740.065931,157.517
1783748740.086036,156.945
1783748740.106172,156.945
1783748740.126307,156.945
1783748740.146442,156.945
1783748740.166573,156.945
1783748740.186704,156.868
1783748740.206884,156.868
1783748740.227018,156.868
1783748740.247152,156.868
1783748740.267284,156.868
1783748740.287418,157.056
1783748740.307552,157.056
1783748740.327713,157.056
1783748740.347893,157.056
1783748740.368030,157.056
1783748740.388166,156.992
1783748740.408298,156.992
1783748740.428431,156.992
1783748740.448569,156.992
1783748740.468705,156.992
1783748740.488885,156.977
1783748740.509018,156.977
1783748740.529155,156.977
1783748740.549292,156.977
1783748740.569454,156.977
1783748740.589590,157.049
1783748740.609763,157.049
1783748740.629898,157.049
1783748740.650015,157.049
1783748740.670146,157.049
1783748740.690283,156.564
1783748740.710424,156.564
1783748740.730561,156.564
1783748740.750698,156.564
1783748740.770874,156.910
1783748740.791013,156.910
1783748740.811151,156.910
1783748740.831284,156.910
1783748740.851424,156.910
1783748740.871572,156.446
1783748740.891710,156.446
1783748740.911887,156.446
1783748740.932022,156.446
1783748740.952163,156.446
1783748740.972303,156.620
1783748740.992435,156.620
1783748741.012576,156.620
1783748741.032717,156.620
1783748741.052897,156.620
1783748741.073029,157.110
1783748741.093166,157.110
1783748741.113302,157.110
1783748741.133440,157.110
1783748741.153574,157.110
1783748741.173709,157.031
1783748741.193881,157.031
1783748741.214018,157.031
1783748741.234151,157.031
1783748741.254287,157.031
1783748741.274423,157.080
1783748741.294562,157.080
1783748741.314694,157.080
1783748741.334872,157.080
1783748741.355009,157.080
1783748741.375149,157.304
1783748741.395287,157.304
1783748741.415420,157.304
1783748741.435555,157.304
1783748741.455671,157.304
1783748741.475762,157.362
1783748741.495892,157.362
1783748741.516024,157.362
1783748741.536163,157.362
1783748741.556300,157.362
1783748741.576434,157.352
1783748741.596570,157.352
1783748741.616770,157.352
1783748741.636910,157.352
1783748741.657046,157.352
1783748741.677182,157.194
1783748741.697283,157.194
1783748741.717388,157.194
1783748741.737476,157.194
1783748741.757595,157.194
1783748741.777763,157.075
1783748741.797903,157.075
1783748741.818039,157.075
1783748741.838209,157.075
1783748741.858344,157.075
1783748741.878482,157.119
1783748741.898617,157.119
1783748741.918748,157.119
1783748741.938851,157.119
1783748741.958987,157.119
1783748741.979122,156.995
1783748741.999222,156.995
1783748742.019326,156.995
1783748742.039428,156.995
1783748742.059529,156.995
1783748742.079617,157.066
1783748742.099709,157.066
1783748742.119841,157.066
1783748742.139941,157.066
1783748742.160031,157.066
1783748742.180173,157.050
1783748742.200310,157.050
1783748742.220444,157.050
1783748742.240578,157.050
1783748742.260713,157.050
1783748742.280885,157.035
1783748742.300991,157.035
1783748742.321090,157.035
1783748742.341211,157.035
1783748742.361348,157.035
1783748742.381484,156.697
1783748742.401618,156.697
1783748742.421750,156.697
1783748742.441883,156.697
1783748742.462028,156.697
1783748742.482164,156.518
1783748742.502295,156.518
1783748742.522435,156.518
1783748742.542575,156.518
1783748742.562714,156.518
1783748742.582869,156.649
1783748742.602969,156.649
1783748742.623068,156.649
1783748742.643189,156.649
1783748742.663323,156.649
1783748742.683458,157.354
1783748742.703593,157.354
1783748742.723773,157.354
1783748742.743878,157.354
1783748742.764009,157.354
1783748742.784145,157.641
1783748742.804284,157.641
1783748742.824425,157.641
1783748742.844558,157.641
1783748742.864694,157.641
1783748742.884841,157.419
1783748742.904971,157.419
1783748742.925096,157.419
1783748742.945235,157.419
1783748742.965377,157.419
1783748742.985516,157.729
1783748743.005621,157.729
1783748743.025762,157.729
1783748743.045902,157.729
1783748743.066043,157.729
1783748743.086176,157.773
1783748743.106276,157.773
1783748743.126403,157.773
1783748743.146527,157.773
1783748743.166664,157.773
1783748743.186751,157.893
1783748743.206851,157.893
1783748743.226978,157.893
1783748743.247118,157.893
1783748743.267254,157.893
1783748743.287392,157.777
1783748743.307534,157.777
1783748743.327677,157.777
1783748743.347812,157.777
1783748743.367949,157.777
1783748743.388096,157.501
1783748743.408233,157.501
1783748743.428337,157.501
1783748743.448473,157.501
1783748743.468612,157.501
1783748743.488719,157.743
1783748743.508878,157.743
1783748743.529020,157.743
1783748743.549158,157.743
1783748743.569299,157.743
1783748743.589432,157.550
1783748743.609571,157.550
1783748743.629709,157.550
1783748743.649881,157.550
1783748743.670019,157.550
1783748743.690156,156.986
1783748743.710292,156.986
1783748743.730438,156.986
1783748743.750574,156.986
1783748743.770676,156.986
1783748743.790746,156.959
1783748743.810875,156.959
1783748743.831014,156.959
1783748743.851149,156.959
1783748743.871285,156.959
1783748743.891425,156.913
1783748743.911564,156.913
1783748743.931696,156.913
1783748743.951903,156.913
1783748743.972047,156.852
1783748743.992167,156.852
1783748744.012301,156.852
1783748744.032440,156.852
1783748744.052581,156.852
1783748744.072718,156.638
1783748744.092890,156.638
1783748744.113023,156.638
1783748744.133159,156.638
1783748744.153311,156.638
1783748744.173440,156.815
1783748744.193544,156.815
1783748744.213648,156.815
1783748744.233757,156.815
1783748744.253862,156.815
1783748744.273966,156.641
1783748744.294098,156.641
1783748744.314202,156.641
1783748744.334298,156.641
1783748744.354390,156.641
1783748744.374497,156.852
1783748744.394612,156.852
1783748744.414758,156.852
1783748744.434862,156.852
1783748744.454966,156.852
1783748744.475077,156.764
1783748744.495186,156.764
1783748744.515290,156.764
1783748744.535399,156.764
1783748744.555509,156.764
1783748744.575621,156.714
1783748744.595778,156.714
1783748744.615880,156.714
1783748744.635977,156.714
1783748744.656098,156.714
1783748744.676234,156.495
1783748744.696370,156.495
1783748744.716510,156.495
1783748744.736649,156.495
1783748744.756786,156.495
1783748744.776923,156.461
1783748744.797062,156.461
1783748744.817201,156.461
1783748744.837342,156.461
1783748744.857477,156.461
1783748744.877614,156.269
1783748744.897760,156.269
1783748744.917866,156.269
1783748744.937961,156.269
1783748744.958081,156.269
1783748744.978221,156.386
1783748744.998361,156.386
1783748745.018493,156.386
1783748745.038630,156.386
1783748745.058771,156.386
1783748745.078911,156.730
1783748745.099044,156.730
1783748745.119181,156.730
1783748745.139318,156.730
1783748745.159459,156.730
1783748745.179597,156.384
1783748745.199774,156.384
1783748745.219912,156.384
1783748745.240050,156.384
1783748745.260186,156.384
1783748745.280321,156.405
1783748745.300458,156.405
1783748745.320851,156.405
1783748745.340995,156.405
1783748745.361131,156.405
1783748745.381268,156.411
1783748745.401414,156.411
1783748745.421553,156.411
1783748745.441686,156.411
1783748745.461907,156.411
1783748745.482017,156.213
1783748745.502118,156.213
1783748745.522238,156.213
1783748745.542378,156.213
1783748745.562516,156.213
1783748745.582655,156.529
1783748745.602787,156.529
1783748745.622921,156.529
1783748745.643057,156.529
1783748745.663194,156.529
1783748745.683329,157.000
1783748745.703497,157.000
1783748745.723629,157.000
1783748745.743769,157.000
1783748745.763902,157.000
1783748745.784034,156.934
1783748745.804165,156.934
1783748745.824300,156.934
1783748745.844432,156.934
1783748745.864564,156.934
1783748745.884694,157.032
1783748745.904854,157.032
1783748745.924988,157.032
1783748745.945121,157.032
1783748745.965257,157.032
1783748745.985398,157.156
1783748746.005533,157.156
1783748746.025663,157.156
1783748746.045800,157.156
1783748746.065941,157.156
1783748746.086077,156.919
1783748746.106209,156.919
1783748746.126344,156.919
1783748746.146479,156.919
1783748746.166615,156.919
1783748746.186750,157.233
1783748746.206883,157.233
1783748746.227017,157.233
1783748746.247156,157.233
1783748746.267293,157.233
1783748746.287424,157.350
1783748746.307559,157.350
1783748746.327700,157.350
1783748746.347877,157.350
1783748746.368009,157.350
1783748746.388140,157.507
1783748746.408281,157.507
1783748746.428418,157.507
1783748746.448551,157.507
1783748746.468685,157.507
1783748746.488821,157.409
1783748746.508957,157.409
1783748746.529061,157.409
1783748746.549170,157.409
1783748746.569281,157.409
1783748746.589389,156.924
1783748746.609491,156.924
1783748746.629595,156.924
1783748746.649766,156.924
1783748746.669904,156.924
1783748746.690040,157.177
1783748746.710174,157.177
1783748746.730307,157.177
1783748746.750479,157.177
1783748746.770617,157.177
1783748746.790755,157.060
1783748746.810902,157.060
1783748746.831041,157.060
1783748746.851179,157.060
1783748746.871313,157.060
1783748746.891448,157.173
1783748746.911589,157.173
1783748746.931759,157.173
1783748746.951890,157.173
1783748746.972048,157.173
1783748746.992182,157.170
1783748747.012316,157.170
1783748747.032449,157.170
1783748747.052587,157.170
1783748747.072770,157.245
1783748747.092911,157.245
1783748747.113042,157.245
1783748747.133177,157.245
1783748747.153312,157.245
1783748747.173447,156.846
1783748747.193586,156.846
1783748747.213721,156.846
1783748747.233860,156.846
1783748747.253966,156.846
1783748747.274070,156.974
1783748747.294172,156.974
1783748747.314274,156.974
1783748747.334379,156.974
1783748747.354485,156.974
1783748747.374586,156.758
1783748747.394687,156.758
1783748747.414762,156.758
1783748747.434869,156.758
1783748747.454971,156.758
1783748747.475074,156.719
1783748747.495179,156.719
1783748747.515284,156.719
1783748747.535384,156.719
1783748747.555492,156.719
1783748747.575598,157.393
1783748747.595704,157.393
1783748747.615845,157.393
1783748747.635947,157.393
1783748747.656051,157.393
1783748747.676158,157.232
1783748747.696265,157.232
1783748747.716369,157.232
1783748747.736472,157.232
1783748747.756578,157.232
1783748747.776688,157.234
1783748747.796764,157.234
1783748747.816866,157.234
1783748747.836970,157.234
1783748747.857075,157.234
1783748747.877177,157.135
1783748747.897282,157.135
1783748747.917406,157.135
1783748747.937543,157.135
1783748747.957678,157.135
1783748747.977820,156.987
1783748747.997957,156.987
1783748748.018094,156.987
1783748748.038257,156.987
1783748748.058393,156.987
1783748748.078529,156.992
1783748748.098669,156.992
1783748748.118804,156.992
1783748748.138939,156.992
1783748748.159072,156.992
1783748748.179212,157.073
1783748748.199349,157.073
1783748748.219483,157.073
1783748748.239617,157.073
1783748748.259783,157.073
1783748748.279917,157.223
1783748748.300053,157.223
1783748748.320186,157.223
1783748748.340322,157.223
1783748748.360458,157.223
1783748748.380593,157.206
1783748748.400759,157.206
1783748748.420897,157.206
1783748748.441031,157.206
1783748748.461162,157.206
1783748748.481296,157.031
1783748748.501403,157.031
1783748748.521505,157.031
1783748748.541628,157.031
1783748748.561768,157.031
1783748748.581908,156.666
1783748748.602048,156.666
1783748748.622185,156.666
1783748748.642321,156.666
1783748748.662460,156.666
1783748748.682600,156.732
1783748748.702779,156.732
1783748748.722914,156.732
1783748748.743051,156.732
1783748748.763190,156.732
1783748748.783326,156.442
1783748748.803464,156.442
1783748748.823599,156.442
1783748748.843826,156.442
1783748748.863964,156.442
1783748748.884099,156.432
1783748748.904237,156.432
1783748748.924384,156.432
1783748748.944522,156.432
1783748748.964654,156.432
1783748748.984788,156.437
1783748749.004933,156.437
1783748749.025070,156.437
1783748749.045201,156.437
1783748749.065337,156.437
1783748749.085471,156.252
1783748749.105608,156.252
1783748749.125779,156.252
1783748749.145912,156.252
1783748749.166042,156.252
1783748749.186174,156.409
1783748749.206306,156.409
1783748749.226439,156.409
1783748749.246570,156.409
1783748749.266710,156.409
1783748749.286895,156.526
1783748749.307065,156.526
1783748749.327214,156.526
1783748749.347346,156.526
1783748749.367485,156.526
1783748749.387618,156.719
1783748749.407750,156.719
1783748749.427889,156.719
1783748749.448025,156.719
1783748749.468155,156.719
1783748749.488288,156.863
1783748749.508424,156.863
1783748749.528562,156.863
1783748749.548699,156.863
1783748749.568844,156.863
1783748749.588953,156.775
1783748749.609061,156.775
1783748749.629164,156.775
1783748749.649303,156.775
1783748749.669437,156.775
1783748749.689541,156.863
1783748749.709632,156.863
1783748749.729708,156.863
1783748749.749749,156.863
1783748749.769889,156.863
1783748749.790025,156.812
1783748749.810159,156.812
1783748749.830294,156.812
1783748749.850433,156.812
1783748749.870571,156.812
1783748749.890709,156.800
1783748749.910880,156.800
1783748749.931023,156.800
1783748749.951153,156.800
1783748749.971285,156.800
1783748749.991421,156.967
1783748750.011557,156.967
1783748750.031693,156.967
1783748750.051823,156.967
1783748750.071960,156.967
1783748750.092095,156.810
1783748750.112232,156.810
1783748750.132349,156.810
1783748750.152477,156.810
1783748750.172613,156.810
1783748750.192753,156.721
1783748750.212890,156.721
1783748750.233025,156.721
1783748750.253158,156.721
1783748750.273263,156.721
1783748750.293367,156.802
1783748750.313472,156.802
1783748750.333574,156.802
1783748750.353678,156.802
1783748750.373757,156.555
1783748750.393891,156.555
1783748750.414026,156.555
1783748750.434173,156.555
1783748750.454311,156.555
1783748750.474414,156.692
1783748750.494529,156.692
1783748750.514656,156.692
1783748750.534795,156.692
1783748750.554925,156.692
1783748750.575058,156.583
1783748750.595226,156.583
1783748750.615335,156.583
1783748750.635438,156.583
1783748750.655541,156.583
1783748750.675643,156.606
1783748750.695758,156.606
1783748750.715862,156.606
1783748750.735966,156.606
1783748750.756099,156.606
1783748750.776236,156.928
1783748750.796371,156.928
1783748750.816505,156.928
1783748750.836670,156.928
1783748750.856806,156.928
1783748750.876942,156.721
1783748750.897075,156.721
1783748750.917207,156.721
1783748750.937341,156.721
1783748750.957477,156.721
1783748750.977579,156.953
1783748750.997682,156.953
1783748751.017753,156.953
1783748751.037858,156.953
1783748751.057961,156.953
1783748751.078064,156.870
1783748751.098209,156.870
1783748751.118355,156.870
1783748751.138492,156.870
1783748751.158627,156.870
1783748751.178762,157.247
1783748751.198902,157.247
1783748751.219040,157.247
1783748751.239174,157.247
1783748751.259308,157.247
1783748751.279451,157.304
1783748751.299587,157.304
1783748751.319764,157.304
1783748751.339900,157.304
1783748751.360039,157.304
1783748751.380177,157.304
1783748751.400313,157.304
1783748751.420446,157.304
1783748751.440580,157.304
1783748751.460720,157.304
1783748751.480893,157.415
1783748751.501031,157.415
1783748751.521168,157.415
1783748751.541307,157.415
1783748751.561440,157.415
1783748751.581575,157.375
1783748751.601712,157.375
1783748751.621891,157.375
1783748751.642026,157.375
1783748751.662162,157.375
1783748751.682296,157.559
1783748751.702434,157.559
1783748751.722571,157.559
1783748751.742704,157.559
1783748751.762878,157.559
1783748751.783016,157.441
1783748751.803152,157.441
1783748751.823287,157.441
1783748751.843418,157.441
1783748751.863554,157.441
1783748751.883718,157.478
1783748751.903894,157.478
1783748751.924028,157.478
1783748751.944171,157.478
1783748751.964311,157.478
1783748751.984446,157.413
1783748752.004583,157.413
1783748752.024765,157.413
1783748752.044907,157.413
1783748752.065041,157.413
1783748752.085181,157.375
1783748752.105353,157.375
1783748752.125494,157.375
1783748752.145628,157.375
1783748752.165771,157.375
1783748752.185909,157.266
1783748752.206049,157.266
1783748752.226187,157.266
1783748752.246324,157.266
1783748752.266463,157.266
1783748752.286610,157.282
1783748752.306754,157.282
1783748752.326892,157.282
1783748752.347029,157.282
1783748752.367172,157.282
1783748752.387316,157.272
1783748752.407454,157.272
1783748752.427589,157.272
1783748752.447780,157.272
1783748752.467921,157.272
1783748752.488057,157.707
1783748752.508193,157.707
1783748752.528338,157.707
1783748752.548480,157.707
1783748752.568613,157.707
1783748752.588756,157.820
1783748752.608896,157.820
1783748752.629035,157.820
1783748752.649170,157.820
1783748752.669306,157.820
1783748752.689442,157.975
1783748752.709583,157.975
1783748752.729720,157.975
1783748752.749892,157.975
1783748752.770027,157.975
1783748752.790167,157.726
1783748752.810305,157.726
1783748752.830442,157.726
1783748752.850579,157.726
1783748752.870718,157.726
1783748752.890899,157.815
1783748752.911036,157.815
1783748752.931173,157.815
1783748752.951319,157.815
1783748752.971457,157.815
1783748752.991590,157.713
1783748753.011799,157.713
1783748753.031938,157.713
1783748753.052078,157.713
1783748753.072213,157.713
1783748753.092354,157.805
1783748753.112499,157.805
1783748753.132642,157.805
1783748753.152774,157.805
1783748753.172930,157.805
1783748753.193069,157.741
1783748753.213210,157.741
1783748753.233346,157.741
1783748753.253482,157.741
1783748753.273617,157.741
1783748753.293765,157.558
1783748753.313905,157.558
1783748753.334041,157.558
1783748753.354178,157.558
1783748753.374319,157.558
1783748753.394494,157.788
1783748753.414630,157.788
1783748753.434766,157.788
1783748753.454911,157.788
1783748753.475050,157.212
1783748753.495186,157.212
1783748753.515323,157.212
1783748753.535463,157.212
1783748753.555600,157.212
1783748753.575772,157.071
1783748753.595908,157.071
1783748753.616047,157.071
1783748753.636189,157.071
1783748753.656322,157.071
1783748753.676458,156.981
1783748753.696597,156.981
1783748753.716768,156.981
1783748753.736903,156.981
1783748753.757038,156.981
1783748753.777175,156.978
1783748753.797317,156.978
1783748753.817456,156.978
1783748753.837593,156.978
1783748753.857769,156.978
1783748753.877904,157.069
1783748753.898044,157.069
1783748753.918179,157.069
1783748753.938314,157.069
1783748753.958455,157.069
1783748753.978594,156.996
1783748753.998772,156.996
1783748754.018909,156.996
1783748754.039016,156.996
1783748754.059122,156.996
1783748754.079227,156.984
1783748754.099332,156.984
1783748754.119446,156.984
1783748754.139557,156.984
1783748754.159658,156.984
1783748754.179754,156.981
1783748754.199863,156.981
1783748754.219973,156.981
1783748754.240082,156.981
1783748754.260190,156.981
1783748754.280295,157.054
1783748754.300406,157.054
1783748754.320513,157.054
1783748754.340619,157.054
1783748754.360763,157.054
1783748754.380870,157.012
1783748754.400977,157.012
1783748754.421082,157.012
1783748754.441218,157.012
1783748754.461326,157.012
1783748754.481469,156.996
1783748754.501603,156.996
1783748754.521777,156.996
1783748754.541917,156.996
1783748754.562057,156.996
1783748754.582190,157.059
1783748754.602331,157.059
1783748754.622477,157.059
1783748754.642615,157.059
1783748754.662752,157.059
1783748754.682913,157.053
1783748754.703053,157.053
1783748754.723197,157.053
1783748754.743335,157.053
1783748754.763471,157.053
1783748754.783609,156.756
1783748754.803756,156.756
1783748754.823896,156.756
1783748754.844031,156.756
1783748754.864167,156.756
1783748754.884306,156.947
1783748754.904446,156.947
1783748754.924583,156.947
1783748754.944717,156.947
1783748754.964900,156.947
1783748754.985038,156.769
1783748755.005172,156.769
1783748755.025315,156.769
1783748755.045456,156.769
1783748755.065596,156.769
1783748755.085772,156.997
1783748755.105914,156.997
1783748755.126060,156.997
1783748755.146203,156.997
1783748755.166334,156.997
1783748755.186472,156.913
1783748755.206610,156.913
1783748755.226755,156.913
1783748755.246855,156.913
1783748755.266953,156.913
1783748755.287041,156.751
1783748755.307169,156.751
1783748755.327312,156.751
1783748755.347449,156.751
1783748755.367582,156.751
1783748755.387721,156.781
1783748755.407917,156.781
1783748755.428029,156.781
1783748755.448166,156.781
1783748755.468308,156.781
1783748755.488449,156.903
1783748755.508583,156.903
1783748755.528720,156.903
1783748755.548867,156.903
1783748755.568963,156.903
1783748755.589044,156.944
1783748755.609170,156.944
1783748755.629319,156.944
1783748755.649461,156.944
1783748755.669593,156.944
1783748755.689769,156.892
1783748755.709906,156.892
1783748755.730071,156.892
1783748755.750207,156.892
1783748755.770342,156.892
1783748755.790480,156.794
1783748755.810628,156.794
1783748755.830767,156.794
1783748755.850901,156.794
1783748755.871036,156.794
1783748755.891137,157.093
1783748755.911239,157.093
1783748755.931324,157.093
1783748755.951443,157.093
1783748755.971611,157.093
1783748755.991754,156.996
1783748756.011889,156.996
1783748756.032025,156.996
1783748756.052165,156.996
1783748756.072305,156.996
1783748756.092438,157.134
1783748756.112575,157.134
1783748756.132717,157.134
1783748756.152890,157.134
1783748756.173025,157.134
1783748756.193161,156.966
1783748756.213300,156.966
1783748756.233440,156.966
1783748756.253577,156.966
1783748756.273713,156.966
1783748756.293885,156.888
1783748756.314029,156.888
1783748756.334165,156.888
1783748756.354302,156.888
1783748756.374439,156.888
1783748756.394579,157.013
1783748756.414716,157.013
1783748756.434895,157.013
1783748756.455032,157.013
1783748756.475171,157.013
1783748756.495309,156.988
1783748756.515445,156.988
1783748756.535580,156.988
1783748756.555719,156.988
1783748756.575898,157.105
1783748756.596032,157.105
1783748756.616173,157.105
1783748756.636311,157.105
1783748756.656451,157.105
1783748756.676584,157.013
1783748756.696720,157.013
1783748756.716894,157.013
1783748756.737031,157.013
1783748756.757138,157.013
1783748756.777274,157.102
1783748756.797409,157.102
1783748756.817551,157.102
1783748756.837683,157.102
1783748756.857815,157.102
1783748756.877951,157.225
1783748756.898093,157.225
1783748756.918232,157.225
1783748756.938370,157.225
1783748756.958505,157.225
1783748756.978640,157.272
1783748756.998779,157.272
1783748757.018936,157.272
1783748757.039075,157.272
1783748757.059207,157.272
1783748757.079342,156.967
1783748757.099472,156.967
1783748757.119601,156.967
1783748757.139778,156.967
1783748757.159912,156.967
1783748757.180015,157.009
1783748757.200116,157.009
1783748757.220218,157.009
1783748757.240357,157.009
1783748757.260465,157.009
1783748757.280568,157.115
1783748757.300699,157.115
1783748757.320881,157.115
1783748757.341015,157.115
1783748757.361147,157.115
1783748757.381279,157.235
1783748757.401419,157.235
1783748757.421554,157.235
1783748757.441688,157.235
1783748757.461823,157.235
1783748757.481964,157.074
1783748757.502101,157.074
1783748757.522232,157.074
1783748757.542366,157.074
1783748757.562504,157.074
1783748757.582640,157.177
1783748757.602772,157.177
1783748757.622904,157.177
1783748757.643039,157.177
1783748757.663174,157.177
1783748757.683306,156.458
1783748757.703441,156.458
1783748757.723576,156.458
1783748757.743712,156.458
1783748757.763887,156.458
1783748757.784020,156.774
1783748757.804155,156.774
1783748757.824294,156.774
1783748757.844431,156.774
1783748757.864565,156.774
1783748757.884701,157.002
1783748757.904878,157.002
1783748757.925013,157.002
1783748757.945147,157.002
1783748757.965282,157.002
1783748757.985416,156.549
1783748758.005554,156.549
1783748758.025687,156.549
1783748758.045821,156.549
1783748758.065957,156.549
1783748758.086095,156.884
1783748758.106226,156.884
1783748758.126360,156.884
1783748758.146498,156.884
1783748758.166636,156.884
1783748758.186769,156.697
1783748758.206902,156.697
1783748758.227038,156.697
1783748758.247176,156.697
1783748758.267311,156.697
1783748758.287444,156.680
1783748758.307612,156.680
1783748758.327751,156.680
1783748758.347886,156.680
1783748758.368018,156.680
1783748758.388182,156.794
1783748758.408324,156.794
1783748758.428459,156.794
1783748758.448592,156.794
1783748758.468770,156.794
1783748758.488879,156.729
1783748758.509018,156.729
1783748758.529182,156.729
1783748758.549316,156.729
1783748758.569452,156.729
1783748758.589589,156.824
1783748758.609722,156.824
1783748758.629894,156.824
1783748758.650037,156.824
1783748758.670174,156.824
1783748758.690309,157.404
1783748758.710443,157.404
1783748758.730578,157.404
1783748758.750716,157.404
1783748758.770895,157.404
1783748758.791029,157.194
1783748758.811164,157.194
1783748758.831310,157.194
1783748758.851446,157.194
1783748758.871580,157.194
1783748758.891714,156.734
1783748758.911906,156.734
1783748758.932039,156.734
1783748758.952172,156.734
1783748758.972305,156.734
1783748758.992443,157.131
1783748759.012585,157.131
1783748759.032720,157.131
1783748759.052895,157.131
1783748759.073028,157.131
1783748759.093163,156.972
1783748759.113294,156.972
1783748759.133426,156.972
1783748759.153571,156.972
1783748759.173710,156.972
1783748759.193907,156.964
1783748759.214042,156.964
1783748759.234144,156.964
1783748759.254280,156.964
1783748759.274414,156.964
1783748759.294548,156.934
1783748759.314682,156.934
1783748759.334821,156.934
1783748759.354929,156.934
1783748759.375061,156.934
1783748759.395192,156.699
1783748759.415331,156.699
1783748759.435466,156.699
1783748759.455600,156.699
1783748759.475772,156.699
1783748759.495909,156.925
1783748759.516044,156.925
1783748759.536181,156.925
1783748759.556316,156.925
1783748759.576487,156.992
1783748759.596624,156.992
1783748759.616757,156.992
1783748759.636919,156.992
1783748759.657058,156.992
1783748759.677194,156.940
1783748759.697325,156.940
1783748759.717460,156.940
1783748759.737595,156.940
1783748759.757766,156.940
1783748759.777901,157.141
1783748759.798035,157.141
1783748759.818198,157.141
1783748759.838335,157.141
1783748759.858470,157.141
1783748759.878604,157.363
1783748759.898782,157.363
1783748759.918925,157.363
1783748759.939060,157.363
1783748759.959196,157.363
1783748759.979332,157.131
1783748759.999473,157.131
1783748760.019615,157.131
1783748760.039751,157.131
1783748760.059886,157.131
1783748760.080025,157.298
1783748760.100164,157.298
1783748760.120298,157.298
1783748760.140432,157.298
1783748760.160574,157.298
1783748760.180713,157.430
1783748760.200888,157.430
1783748760.221026,157.430
1783748760.241163,157.430
1783748760.261302,157.430
1783748760.281435,157.270
1783748760.301569,157.270
1783748760.321707,157.270
1783748760.341874,157.270
1783748760.362010,157.270
1783748760.382141,157.194
1783748760.402274,157.194
1783748760.422413,157.194
1783748760.442547,157.194
1783748760.462677,157.194
1783748760.482810,157.482
1783748760.502942,157.482
1783748760.523081,157.482
1783748760.543213,157.482
1783748760.563345,157.482
1783748760.583478,157.073
1783748760.603613,157.073
1783748760.623787,157.073
1783748760.643919,157.073
1783748760.664060,157.073
1783748760.684194,157.225
1783748760.704326,157.225
1783748760.724459,157.225
1783748760.744592,157.225
1783748760.764772,157.225
1783748760.784907,157.052
1783748760.805043,157.052
1783748760.825177,157.052
1783748760.845313,157.052
1783748760.865476,157.052
1783748760.885610,157.092
1783748760.905806,157.092
1783748760.925942,157.092
1783748760.946079,157.092
1783748760.966213,157.092
1783748760.986346,156.940
1783748761.006484,156.940
1783748761.026621,156.940
1783748761.046755,156.940
1783748761.066889,156.940
1783748761.087026,156.847
1783748761.107194,156.847
1783748761.127327,156.847
1783748761.147458,156.847
1783748761.167594,156.847
1783748761.187771,156.760
1783748761.207903,156.760
1783748761.228037,156.760
1783748761.248172,156.760
1783748761.268311,156.760
1783748761.288442,156.621
1783748761.308577,156.621
1783748761.328710,156.621
1783748761.348892,156.621
1783748761.369029,156.621
1783748761.389160,156.690
1783748761.409292,156.690
1783748761.429428,156.690
1783748761.449563,156.690
1783748761.469696,156.690
1783748761.489873,156.467
1783748761.510011,156.467
1783748761.530147,156.467
1783748761.550281,156.467
1783748761.570415,156.467
1783748761.590556,156.468
1783748761.610693,156.468
1783748761.630853,156.468
1783748761.650985,156.468
1783748761.671124,156.468
1783748761.691263,156.522
1783748761.711395,156.522
1783748761.731528,156.522
1783748761.751667,156.522
1783748761.771809,156.522
1783748761.791945,156.422
1783748761.812080,156.422
1783748761.832214,156.422
1783748761.852351,156.422
1783748761.872490,156.422
1783748761.892625,156.490
1783748761.912758,156.490
1783748761.932896,156.490
1783748761.953033,156.490
1783748761.973168,156.490
1783748761.993301,156.590
1783748762.013437,156.590
1783748762.033573,156.590
1783748762.053707,156.590
1783748762.073885,156.590
1783748762.094031,156.739
1783748762.114169,156.739
1783748762.134303,156.739
1783748762.154473,156.739
1783748762.174611,156.739
1783748762.194756,156.918
1783748762.214888,156.918
1783748762.235023,156.918
1783748762.255159,156.918
1783748762.275298,156.918
1783748762.295431,156.833
1783748762.315567,156.833
1783748762.335702,156.833
1783748762.355879,156.833
1783748762.376047,156.833
1783748762.396182,157.081
1783748762.416317,157.081
1783748762.436462,157.081
1783748762.456600,157.081
1783748762.476771,157.081
1783748762.496904,156.901
1783748762.517043,156.901
1783748762.537186,156.901
1783748762.557321,156.901
1783748762.577455,157.078
1783748762.597599,157.078
1783748762.617780,157.078
1783748762.637914,157.078
1783748762.658049,157.078
1783748762.678186,157.058
1783748762.698325,157.058
1783748762.718457,157.058
1783748762.738590,157.058
1783748762.758758,157.058
1783748762.778900,156.959
1783748762.799034,156.959
1783748762.819168,156.959
1783748762.839302,156.959
1783748762.859440,156.959
1783748762.879579,156.814
1783748762.899714,156.814
1783748762.919888,156.814
1783748762.939995,156.814
1783748762.960128,156.814
1783748762.980263,156.513
1783748763.000397,156.513
1783748763.020534,156.513
1783748763.040672,156.513
1783748763.060807,156.513
1783748763.080942,156.713
1783748763.101077,156.713
1783748763.121213,156.713
1783748763.141347,156.713
1783748763.161480,156.713
1783748763.181618,156.592
1783748763.201757,156.592
1783748763.221888,156.592
1783748763.242024,156.592
1783748763.262162,156.592
1783748763.282298,156.680
1783748763.302431,156.680
1783748763.322567,156.680
1783748763.342704,156.680
1783748763.362891,156.680
1783748763.383027,156.445
1783748763.403163,156.445
1783748763.423298,156.445
1783748763.443472,156.445
1783748763.463610,156.445
1783748763.483781,156.687
1783748763.503917,156.687
1783748763.524057,156.687
1783748763.544197,156.687
1783748763.564331,156.687
1783748763.584468,156.902
1783748763.604617,156.902
1783748763.624757,156.902
1783748763.644892,156.902
1783748763.665056,156.902
1783748763.685196,156.940
1783748763.705335,156.940
1783748763.725469,156.940
1783748763.745609,156.940
1783748763.765753,156.940
1783748763.785895,156.771
1783748763.806028,156.771
1783748763.826164,156.771
1783748763.846301,156.771
1783748763.866444,156.771
1783748763.886581,157.121
1783748763.906718,157.121
1783748763.926898,157.121
1783748763.947035,157.121
1783748763.967174,157.121
1783748763.987311,157.351
1783748764.007448,157.351
1783748764.027587,157.351
1783748764.047771,157.351
1783748764.067906,157.351
1783748764.088043,157.275
1783748764.108191,157.275
1783748764.128331,157.275
1783748764.148465,157.275
1783748764.168602,157.275
1783748764.188788,157.941
1783748764.208927,157.941
1783748764.229061,157.941
1783748764.249196,157.941
1783748764.269341,157.941
1783748764.289484,158.123
1783748764.309618,158.123
1783748764.329754,158.123
1783748764.349893,158.123
1783748764.370033,158.123
1783748764.390172,158.156
1783748764.410308,158.156
1783748764.430446,158.156
1783748764.450588,158.156
1783748764.470771,158.156
1783748764.490905,157.955
1783748764.511041,157.955
1783748764.531179,157.955
1783748764.551316,157.955
1783748764.571451,157.955
1783748764.591587,157.902
1783748764.611763,157.902
1783748764.631903,157.902
1783748764.652038,157.902
1783748764.672172,157.902
1783748764.692312,157.802
1783748764.712482,157.802
1783748764.732616,157.802
1783748764.752759,157.802
1783748764.772903,157.802
1783748764.793045,157.999
1783748764.813179,157.999
1783748764.833315,157.999
1783748764.853453,157.999
1783748764.873593,157.999
1783748764.893700,157.986
1783748764.913843,157.986
1783748764.933949,157.986
1783748764.954091,157.986
1783748764.974196,157.986
1783748764.994302,157.919
1783748765.014407,157.919
1783748765.034513,157.919
1783748765.054621,157.919
1783748765.074764,157.919
1783748765.094870,158.003
1783748765.114980,158.003
1783748765.135088,158.003
1783748765.155192,158.003
1783748765.175299,158.003
1783748765.195409,156.944
1783748765.215519,156.944
1783748765.235621,156.944
1783748765.255767,156.944
1783748765.275879,156.944
1783748765.295989,156.834
1783748765.316095,156.834
1783748765.336201,156.834
1783748765.356344,156.834
1783748765.376488,156.834
1783748765.396626,156.843
1783748765.416768,156.843
1783748765.436905,156.843
1783748765.457051,156.843
1783748765.477189,156.843
1783748765.497323,156.903
1783748765.517459,156.903
1783748765.537601,156.903
1783748765.557785,156.903
1783748765.577893,156.903
1783748765.597999,156.806
1783748765.618111,156.806
1783748765.638220,156.806
1783748765.658324,156.806
1783748765.678428,157.053
1783748765.698585,157.053
1783748765.718762,157.053
1783748765.738896,157.053
1783748765.759037,157.053
1783748765.779181,156.725
1783748765.799323,156.725
1783748765.819458,156.725
1783748765.839595,156.725
1783748765.859773,156.725
1783748765.879914,156.755
1783748765.900053,156.755
1783748765.920190,156.755
1783748765.940295,156.755
1783748765.960437,156.755
1783748765.980575,156.802
1783748766.000788,156.802
1783748766.020925,156.802
1783748766.041064,156.802
1783748766.061206,156.802
1783748766.081342,156.849
1783748766.101480,156.849
1783748766.121623,156.849
1783748766.141763,156.849
1783748766.161898,156.849
1783748766.182034,157.137
1783748766.202175,157.137
1783748766.222315,157.137
1783748766.242481,157.137
1783748766.262623,157.137
1783748766.282775,157.325
1783748766.302917,157.325
1783748766.323052,157.325
1783748766.343189,157.325
1783748766.363326,157.325
1783748766.383465,157.360
1783748766.403601,157.360
1783748766.423778,157.360
1783748766.443915,157.360
1783748766.464054,157.360
1783748766.484190,157.056
1783748766.504327,157.056
1783748766.524464,157.056
1783748766.544605,157.056
1783748766.564798,157.056
1783748766.584935,157.200
1783748766.605071,157.200
1783748766.625218,157.200
1783748766.645358,157.200
1783748766.665493,157.200
1783748766.685630,156.959
1783748766.705770,156.959
1783748766.725910,156.959
1783748766.746045,156.959
1783748766.766179,156.959
1783748766.786318,157.158
1783748766.806466,157.158
1783748766.826600,157.158
1783748766.846775,157.158
1783748766.866914,157.158
1783748766.887054,157.270
1783748766.907190,157.270
1783748766.927327,157.270
1783748766.947464,157.270
1783748766.967606,157.270
1783748766.987778,156.848
1783748767.007914,156.848
1783748767.028051,156.848
1783748767.048192,156.848
1783748767.068330,156.848
1783748767.088467,157.055
1783748767.108603,157.055
1783748767.128787,157.055
1783748767.148931,157.055
1783748767.169065,157.055
1783748767.189200,157.003
1783748767.209340,157.003
1783748767.229481,157.003
1783748767.249614,157.003
1783748767.269757,157.003
1783748767.289933,156.960
1783748767.310078,156.960
1783748767.330213,156.960
1783748767.350350,156.960
1783748767.370461,156.960
1783748767.390596,157.131
1783748767.410771,157.131
1783748767.430910,157.131
1783748767.451049,157.131
1783748767.471157,157.131
1783748767.491262,157.229
1783748767.511397,157.229
1783748767.531533,157.229
1783748767.551674,157.229
1783748767.571810,157.229
1783748767.591951,157.332
1783748767.612087,157.332
1783748767.632226,157.332
1783748767.652337,157.332
1783748767.672442,157.332
1783748767.692534,157.481
1783748767.712642,157.481
1783748767.732781,157.481
1783748767.752913,157.481
1783748767.773054,157.481
1783748767.793194,157.444
1783748767.813333,157.444
1783748767.833466,157.444
1783748767.853600,157.444
1783748767.873780,157.444
1783748767.893916,157.534
1783748767.914051,157.534
1783748767.934187,157.534
1783748767.954331,157.534
1783748767.974444,157.534
1783748767.994550,157.154
1783748768.014652,157.154
1783748768.034751,157.154
1783748768.054874,157.154
1783748768.075011,157.154
1783748768.095114,157.437
1783748768.115211,157.437
1783748768.135306,157.437
1783748768.155417,157.437
1783748768.175520,157.437
1783748768.195622,157.486
1783748768.215771,157.486
1783748768.235880,157.486
1783748768.255980,157.486
1783748768.276115,157.486
1783748768.296252,157.530
1783748768.316388,157.530
